dataset,case,loss,fold,lesion_id,size_vox,dist_to_ventricle_mm,detected
MSLesSeg,P13_T1,CATMIL,0,1,182,32.264531609803356,True
MSLesSeg,P13_T1,CATMIL,0,2,127,25.514701644346147,True
MSLesSeg,P13_T1,CATMIL,0,3,267,7.874007874011811,True
MSLesSeg,P13_T1,CATMIL,0,4,103,18.466185312619388,True
MSLesSeg,P13_T1,CATMIL,0,5,71,2.8284271247461903,True
MSLesSeg,P13_T1,CATMIL,0,6,3187,1.4142135623730951,True
MSLesSeg,P13_T1,CATMIL,0,7,604,1.4142135623730951,True
MSLesSeg,P13_T1,CATMIL,0,8,57,34.36568055487916,True
MSLesSeg,P13_T1,CATMIL,0,9,131,11.445523142259598,True
MSLesSeg,P13_T1,CATMIL,0,10,117,30.4138126514911,True
MSLesSeg,P13_T1,CATMIL,0,11,82,10.677078252031311,True
MSLesSeg,P13_T1,CATMIL,0,12,814,1.4142135623730951,True
MSLesSeg,P13_T1,CATMIL,0,13,697,14.45683229480096,True
MSLesSeg,P13_T1,CATMIL,0,14,3,11.445523142259598,False
MSLesSeg,P13_T1,CATMIL,0,15,59,2.23606797749979,True
MSLesSeg,P13_T1,CATMIL,0,16,20,8.48528137423857,True
MSLesSeg,P13_T1,CATMIL,0,17,140,2.0,True
MSLesSeg,P13_T1,CATMIL,0,18,83,2.23606797749979,True
MSLesSeg,P13_T1,CATMIL,0,19,112,21.563858652847824,True
MSLesSeg,P13_T1,CATMIL,0,20,74,27.294688127912362,True
MSLesSeg,P13_T1,CATMIL,0,21,68,28.30194339616981,True
MSLesSeg,P13_T1,CATMIL,0,22,69,25.65151067676132,True
MSLesSeg,P13_T1,CATMIL,0,23,29,10.198039027185569,True
MSLesSeg,P13_T1,CATMIL,0,24,188,3.7416573867739413,True
MSLesSeg,P13_T1,CATMIL,0,25,64,4.123105625617661,True
MSLesSeg,P13_T1,CATMIL,0,26,506,1.4142135623730951,True
MSLesSeg,P13_T1,CATMIL,0,27,157,2.23606797749979,True
MSLesSeg,P13_T1,CATMIL,0,28,52,2.0,True
MSLesSeg,P13_T1,CATMIL,0,29,700,2.0,True
MSLesSeg,P13_T1,CATMIL,0,30,100,1.4142135623730951,True
MSLesSeg,P13_T1,CATMIL,0,31,57,1.4142135623730951,True
MSLesSeg,P13_T1,CATMIL,0,32,66,7.280109889280518,True
MSLesSeg,P13_T1,CATMIL,0,33,60,8.246211251235321,True
MSLesSeg,P13_T1,CATMIL,0,34,45,10.295630140987,True
MSLesSeg,P13_T1,CATMIL,0,35,59,2.23606797749979,True
MSLesSeg,P13_T1,CATMIL,0,36,284,3.0,True
MSLesSeg,P13_T1,CATMIL,0,37,51,20.0,True
MSLesSeg,P13_T1,CATMIL,0,38,62,30.62678566222711,True
MSLesSeg,P13_T1,CATMIL,0,39,130,31.0322412983658,True
MSLesSeg,P13_T1,CATMIL,1,1,182,32.264531609803356,True
MSLesSeg,P13_T1,CATMIL,1,2,127,25.514701644346147,False
MSLesSeg,P13_T1,CATMIL,1,3,267,7.874007874011811,True
MSLesSeg,P13_T1,CATMIL,1,4,103,18.466185312619388,True
MSLesSeg,P13_T1,CATMIL,1,5,71,2.8284271247461903,True
MSLesSeg,P13_T1,CATMIL,1,6,3187,1.4142135623730951,True
MSLesSeg,P13_T1,CATMIL,1,7,604,1.4142135623730951,True
MSLesSeg,P13_T1,CATMIL,1,8,57,34.36568055487916,True
MSLesSeg,P13_T1,CATMIL,1,9,131,11.445523142259598,True
MSLesSeg,P13_T1,CATMIL,1,10,117,30.4138126514911,True
MSLesSeg,P13_T1,CATMIL,1,11,82,10.677078252031311,True
MSLesSeg,P13_T1,CATMIL,1,12,814,1.4142135623730951,True
MSLesSeg,P13_T1,CATMIL,1,13,697,14.45683229480096,True
MSLesSeg,P13_T1,CATMIL,1,14,3,11.445523142259598,False
MSLesSeg,P13_T1,CATMIL,1,15,59,2.23606797749979,True
MSLesSeg,P13_T1,CATMIL,1,16,20,8.48528137423857,True
MSLesSeg,P13_T1,CATMIL,1,17,140,2.0,True
MSLesSeg,P13_T1,CATMIL,1,18,83,2.23606797749979,True
MSLesSeg,P13_T1,CATMIL,1,19,112,21.563858652847824,True
MSLesSeg,P13_T1,CATMIL,1,20,74,27.294688127912362,True
MSLesSeg,P13_T1,CATMIL,1,21,68,28.30194339616981,True
MSLesSeg,P13_T1,CATMIL,1,22,69,25.65151067676132,True
MSLesSeg,P13_T1,CATMIL,1,23,29,10.198039027185569,True
MSLesSeg,P13_T1,CATMIL,1,24,188,3.7416573867739413,True
MSLesSeg,P13_T1,CATMIL,1,25,64,4.123105625617661,True
MSLesSeg,P13_T1,CATMIL,1,26,506,1.4142135623730951,True
MSLesSeg,P13_T1,CATMIL,1,27,157,2.23606797749979,True
MSLesSeg,P13_T1,CATMIL,1,28,52,2.0,True
MSLesSeg,P13_T1,CATMIL,1,29,700,2.0,True
MSLesSeg,P13_T1,CATMIL,1,30,100,1.4142135623730951,True
MSLesSeg,P13_T1,CATMIL,1,31,57,1.4142135623730951,True
MSLesSeg,P13_T1,CATMIL,1,32,66,7.280109889280518,True
MSLesSeg,P13_T1,CATMIL,1,33,60,8.246211251235321,True
MSLesSeg,P13_T1,CATMIL,1,34,45,10.295630140987,True
MSLesSeg,P13_T1,CATMIL,1,35,59,2.23606797749979,True
MSLesSeg,P13_T1,CATMIL,1,36,284,3.0,True
MSLesSeg,P13_T1,CATMIL,1,37,51,20.0,True
MSLesSeg,P13_T1,CATMIL,1,38,62,30.62678566222711,True
MSLesSeg,P13_T1,CATMIL,1,39,130,31.0322412983658,True
MSLesSeg,P13_T1,CATMIL,2,1,182,32.264531609803356,True
MSLesSeg,P13_T1,CATMIL,2,2,127,25.514701644346147,True
MSLesSeg,P13_T1,CATMIL,2,3,267,7.874007874011811,True
MSLesSeg,P13_T1,CATMIL,2,4,103,18.466185312619388,True
MSLesSeg,P13_T1,CATMIL,2,5,71,2.8284271247461903,True
MSLesSeg,P13_T1,CATMIL,2,6,3187,1.4142135623730951,True
MSLesSeg,P13_T1,CATMIL,2,7,604,1.4142135623730951,True
MSLesSeg,P13_T1,CATMIL,2,8,57,34.36568055487916,True
MSLesSeg,P13_T1,CATMIL,2,9,131,11.445523142259598,True
MSLesSeg,P13_T1,CATMIL,2,10,117,30.4138126514911,False
MSLesSeg,P13_T1,CATMIL,2,11,82,10.677078252031311,True
MSLesSeg,P13_T1,CATMIL,2,12,814,1.4142135623730951,True
MSLesSeg,P13_T1,CATMIL,2,13,697,14.45683229480096,True
MSLesSeg,P13_T1,CATMIL,2,14,3,11.445523142259598,False
MSLesSeg,P13_T1,CATMIL,2,15,59,2.23606797749979,True
MSLesSeg,P13_T1,CATMIL,2,16,20,8.48528137423857,True
MSLesSeg,P13_T1,CATMIL,2,17,140,2.0,True
MSLesSeg,P13_T1,CATMIL,2,18,83,2.23606797749979,True
MSLesSeg,P13_T1,CATMIL,2,19,112,21.563858652847824,True
MSLesSeg,P13_T1,CATMIL,2,20,74,27.294688127912362,True
MSLesSeg,P13_T1,CATMIL,2,21,68,28.30194339616981,True
MSLesSeg,P13_T1,CATMIL,2,22,69,25.65151067676132,True
MSLesSeg,P13_T1,CATMIL,2,23,29,10.198039027185569,True
MSLesSeg,P13_T1,CATMIL,2,24,188,3.7416573867739413,True
MSLesSeg,P13_T1,CATMIL,2,25,64,4.123105625617661,True
MSLesSeg,P13_T1,CATMIL,2,26,506,1.4142135623730951,True
MSLesSeg,P13_T1,CATMIL,2,27,157,2.23606797749979,True
MSLesSeg,P13_T1,CATMIL,2,28,52,2.0,True
MSLesSeg,P13_T1,CATMIL,2,29,700,2.0,True
MSLesSeg,P13_T1,CATMIL,2,30,100,1.4142135623730951,True
MSLesSeg,P13_T1,CATMIL,2,31,57,1.4142135623730951,True
MSLesSeg,P13_T1,CATMIL,2,32,66,7.280109889280518,True
MSLesSeg,P13_T1,CATMIL,2,33,60,8.246211251235321,True
MSLesSeg,P13_T1,CATMIL,2,34,45,10.295630140987,True
MSLesSeg,P13_T1,CATMIL,2,35,59,2.23606797749979,True
MSLesSeg,P13_T1,CATMIL,2,36,284,3.0,True
MSLesSeg,P13_T1,CATMIL,2,37,51,20.0,True
MSLesSeg,P13_T1,CATMIL,2,38,62,30.62678566222711,True
MSLesSeg,P13_T1,CATMIL,2,39,130,31.0322412983658,True
MSLesSeg,P13_T1,CATMIL,3,1,182,32.264531609803356,True
MSLesSeg,P13_T1,CATMIL,3,2,127,25.514701644346147,True
MSLesSeg,P13_T1,CATMIL,3,3,267,7.874007874011811,True
MSLesSeg,P13_T1,CATMIL,3,4,103,18.466185312619388,True
MSLesSeg,P13_T1,CATMIL,3,5,71,2.8284271247461903,True
MSLesSeg,P13_T1,CATMIL,3,6,3187,1.4142135623730951,True
MSLesSeg,P13_T1,CATMIL,3,7,604,1.4142135623730951,True
MSLesSeg,P13_T1,CATMIL,3,8,57,34.36568055487916,True
MSLesSeg,P13_T1,CATMIL,3,9,131,11.445523142259598,True
MSLesSeg,P13_T1,CATMIL,3,10,117,30.4138126514911,True
MSLesSeg,P13_T1,CATMIL,3,11,82,10.677078252031311,True
MSLesSeg,P13_T1,CATMIL,3,12,814,1.4142135623730951,True
MSLesSeg,P13_T1,CATMIL,3,13,697,14.45683229480096,True
MSLesSeg,P13_T1,CATMIL,3,14,3,11.445523142259598,False
MSLesSeg,P13_T1,CATMIL,3,15,59,2.23606797749979,True
MSLesSeg,P13_T1,CATMIL,3,16,20,8.48528137423857,True
MSLesSeg,P13_T1,CATMIL,3,17,140,2.0,True
MSLesSeg,P13_T1,CATMIL,3,18,83,2.23606797749979,True
MSLesSeg,P13_T1,CATMIL,3,19,112,21.563858652847824,True
MSLesSeg,P13_T1,CATMIL,3,20,74,27.294688127912362,True
MSLesSeg,P13_T1,CATMIL,3,21,68,28.30194339616981,True
MSLesSeg,P13_T1,CATMIL,3,22,69,25.65151067676132,True
MSLesSeg,P13_T1,CATMIL,3,23,29,10.198039027185569,True
MSLesSeg,P13_T1,CATMIL,3,24,188,3.7416573867739413,True
MSLesSeg,P13_T1,CATMIL,3,25,64,4.123105625617661,True
MSLesSeg,P13_T1,CATMIL,3,26,506,1.4142135623730951,True
MSLesSeg,P13_T1,CATMIL,3,27,157,2.23606797749979,True
MSLesSeg,P13_T1,CATMIL,3,28,52,2.0,True
MSLesSeg,P13_T1,CATMIL,3,29,700,2.0,True
MSLesSeg,P13_T1,CATMIL,3,30,100,1.4142135623730951,True
MSLesSeg,P13_T1,CATMIL,3,31,57,1.4142135623730951,True
MSLesSeg,P13_T1,CATMIL,3,32,66,7.280109889280518,True
MSLesSeg,P13_T1,CATMIL,3,33,60,8.246211251235321,True
MSLesSeg,P13_T1,CATMIL,3,34,45,10.295630140987,True
MSLesSeg,P13_T1,CATMIL,3,35,59,2.23606797749979,True
MSLesSeg,P13_T1,CATMIL,3,36,284,3.0,True
MSLesSeg,P13_T1,CATMIL,3,37,51,20.0,True
MSLesSeg,P13_T1,CATMIL,3,38,62,30.62678566222711,True
MSLesSeg,P13_T1,CATMIL,3,39,130,31.0322412983658,True
MSLesSeg,P13_T1,CATMIL,4,1,182,32.264531609803356,True
MSLesSeg,P13_T1,CATMIL,4,2,127,25.514701644346147,True
MSLesSeg,P13_T1,CATMIL,4,3,267,7.874007874011811,True
MSLesSeg,P13_T1,CATMIL,4,4,103,18.466185312619388,True
MSLesSeg,P13_T1,CATMIL,4,5,71,2.8284271247461903,True
MSLesSeg,P13_T1,CATMIL,4,6,3187,1.4142135623730951,True
MSLesSeg,P13_T1,CATMIL,4,7,604,1.4142135623730951,True
MSLesSeg,P13_T1,CATMIL,4,8,57,34.36568055487916,True
MSLesSeg,P13_T1,CATMIL,4,9,131,11.445523142259598,True
MSLesSeg,P13_T1,CATMIL,4,10,117,30.4138126514911,True
MSLesSeg,P13_T1,CATMIL,4,11,82,10.677078252031311,True
MSLesSeg,P13_T1,CATMIL,4,12,814,1.4142135623730951,True
MSLesSeg,P13_T1,CATMIL,4,13,697,14.45683229480096,True
MSLesSeg,P13_T1,CATMIL,4,14,3,11.445523142259598,False
MSLesSeg,P13_T1,CATMIL,4,15,59,2.23606797749979,True
MSLesSeg,P13_T1,CATMIL,4,16,20,8.48528137423857,True
MSLesSeg,P13_T1,CATMIL,4,17,140,2.0,True
MSLesSeg,P13_T1,CATMIL,4,18,83,2.23606797749979,True
MSLesSeg,P13_T1,CATMIL,4,19,112,21.563858652847824,True
MSLesSeg,P13_T1,CATMIL,4,20,74,27.294688127912362,True
MSLesSeg,P13_T1,CATMIL,4,21,68,28.30194339616981,True
MSLesSeg,P13_T1,CATMIL,4,22,69,25.65151067676132,True
MSLesSeg,P13_T1,CATMIL,4,23,29,10.198039027185569,True
MSLesSeg,P13_T1,CATMIL,4,24,188,3.7416573867739413,True
MSLesSeg,P13_T1,CATMIL,4,25,64,4.123105625617661,True
MSLesSeg,P13_T1,CATMIL,4,26,506,1.4142135623730951,True
MSLesSeg,P13_T1,CATMIL,4,27,157,2.23606797749979,True
MSLesSeg,P13_T1,CATMIL,4,28,52,2.0,True
MSLesSeg,P13_T1,CATMIL,4,29,700,2.0,True
MSLesSeg,P13_T1,CATMIL,4,30,100,1.4142135623730951,True
MSLesSeg,P13_T1,CATMIL,4,31,57,1.4142135623730951,True
MSLesSeg,P13_T1,CATMIL,4,32,66,7.280109889280518,True
MSLesSeg,P13_T1,CATMIL,4,33,60,8.246211251235321,True
MSLesSeg,P13_T1,CATMIL,4,34,45,10.295630140987,True
MSLesSeg,P13_T1,CATMIL,4,35,59,2.23606797749979,True
MSLesSeg,P13_T1,CATMIL,4,36,284,3.0,True
MSLesSeg,P13_T1,CATMIL,4,37,51,20.0,True
MSLesSeg,P13_T1,CATMIL,4,38,62,30.62678566222711,True
MSLesSeg,P13_T1,CATMIL,4,39,130,31.0322412983658,True
MSLesSeg,P13_T1,DiceCE,0,1,182,32.264531609803356,True
MSLesSeg,P13_T1,DiceCE,0,2,127,25.514701644346147,True
MSLesSeg,P13_T1,DiceCE,0,3,267,7.874007874011811,True
MSLesSeg,P13_T1,DiceCE,0,4,103,18.466185312619388,True
MSLesSeg,P13_T1,DiceCE,0,5,71,2.8284271247461903,True
MSLesSeg,P13_T1,DiceCE,0,6,3187,1.4142135623730951,True
MSLesSeg,P13_T1,DiceCE,0,7,604,1.4142135623730951,True
MSLesSeg,P13_T1,DiceCE,0,8,57,34.36568055487916,True
MSLesSeg,P13_T1,DiceCE,0,9,131,11.445523142259598,True
MSLesSeg,P13_T1,DiceCE,0,10,117,30.4138126514911,True
MSLesSeg,P13_T1,DiceCE,0,11,82,10.677078252031311,True
MSLesSeg,P13_T1,DiceCE,0,12,814,1.4142135623730951,True
MSLesSeg,P13_T1,DiceCE,0,13,697,14.45683229480096,True
MSLesSeg,P13_T1,DiceCE,0,14,3,11.445523142259598,False
MSLesSeg,P13_T1,DiceCE,0,15,59,2.23606797749979,True
MSLesSeg,P13_T1,DiceCE,0,16,20,8.48528137423857,True
MSLesSeg,P13_T1,DiceCE,0,17,140,2.0,True
MSLesSeg,P13_T1,DiceCE,0,18,83,2.23606797749979,True
MSLesSeg,P13_T1,DiceCE,0,19,112,21.563858652847824,True
MSLesSeg,P13_T1,DiceCE,0,20,74,27.294688127912362,True
MSLesSeg,P13_T1,DiceCE,0,21,68,28.30194339616981,True
MSLesSeg,P13_T1,DiceCE,0,22,69,25.65151067676132,True
MSLesSeg,P13_T1,DiceCE,0,23,29,10.198039027185569,True
MSLesSeg,P13_T1,DiceCE,0,24,188,3.7416573867739413,True
MSLesSeg,P13_T1,DiceCE,0,25,64,4.123105625617661,True
MSLesSeg,P13_T1,DiceCE,0,26,506,1.4142135623730951,True
MSLesSeg,P13_T1,DiceCE,0,27,157,2.23606797749979,True
MSLesSeg,P13_T1,DiceCE,0,28,52,2.0,True
MSLesSeg,P13_T1,DiceCE,0,29,700,2.0,True
MSLesSeg,P13_T1,DiceCE,0,30,100,1.4142135623730951,True
MSLesSeg,P13_T1,DiceCE,0,31,57,1.4142135623730951,True
MSLesSeg,P13_T1,DiceCE,0,32,66,7.280109889280518,True
MSLesSeg,P13_T1,DiceCE,0,33,60,8.246211251235321,True
MSLesSeg,P13_T1,DiceCE,0,34,45,10.295630140987,True
MSLesSeg,P13_T1,DiceCE,0,35,59,2.23606797749979,True
MSLesSeg,P13_T1,DiceCE,0,36,284,3.0,True
MSLesSeg,P13_T1,DiceCE,0,37,51,20.0,True
MSLesSeg,P13_T1,DiceCE,0,38,62,30.62678566222711,True
MSLesSeg,P13_T1,DiceCE,0,39,130,31.0322412983658,True
MSLesSeg,P13_T1,DiceCE,1,1,182,32.264531609803356,True
MSLesSeg,P13_T1,DiceCE,1,2,127,25.514701644346147,True
MSLesSeg,P13_T1,DiceCE,1,3,267,7.874007874011811,True
MSLesSeg,P13_T1,DiceCE,1,4,103,18.466185312619388,True
MSLesSeg,P13_T1,DiceCE,1,5,71,2.8284271247461903,True
MSLesSeg,P13_T1,DiceCE,1,6,3187,1.4142135623730951,True
MSLesSeg,P13_T1,DiceCE,1,7,604,1.4142135623730951,True
MSLesSeg,P13_T1,DiceCE,1,8,57,34.36568055487916,True
MSLesSeg,P13_T1,DiceCE,1,9,131,11.445523142259598,True
MSLesSeg,P13_T1,DiceCE,1,10,117,30.4138126514911,False
MSLesSeg,P13_T1,DiceCE,1,11,82,10.677078252031311,True
MSLesSeg,P13_T1,DiceCE,1,12,814,1.4142135623730951,True
MSLesSeg,P13_T1,DiceCE,1,13,697,14.45683229480096,True
MSLesSeg,P13_T1,DiceCE,1,14,3,11.445523142259598,False
MSLesSeg,P13_T1,DiceCE,1,15,59,2.23606797749979,True
MSLesSeg,P13_T1,DiceCE,1,16,20,8.48528137423857,True
MSLesSeg,P13_T1,DiceCE,1,17,140,2.0,True
MSLesSeg,P13_T1,DiceCE,1,18,83,2.23606797749979,True
MSLesSeg,P13_T1,DiceCE,1,19,112,21.563858652847824,True
MSLesSeg,P13_T1,DiceCE,1,20,74,27.294688127912362,True
MSLesSeg,P13_T1,DiceCE,1,21,68,28.30194339616981,True
MSLesSeg,P13_T1,DiceCE,1,22,69,25.65151067676132,False
MSLesSeg,P13_T1,DiceCE,1,23,29,10.198039027185569,True
MSLesSeg,P13_T1,DiceCE,1,24,188,3.7416573867739413,True
MSLesSeg,P13_T1,DiceCE,1,25,64,4.123105625617661,True
MSLesSeg,P13_T1,DiceCE,1,26,506,1.4142135623730951,True
MSLesSeg,P13_T1,DiceCE,1,27,157,2.23606797749979,True
MSLesSeg,P13_T1,DiceCE,1,28,52,2.0,True
MSLesSeg,P13_T1,DiceCE,1,29,700,2.0,True
MSLesSeg,P13_T1,DiceCE,1,30,100,1.4142135623730951,True
MSLesSeg,P13_T1,DiceCE,1,31,57,1.4142135623730951,True
MSLesSeg,P13_T1,DiceCE,1,32,66,7.280109889280518,True
MSLesSeg,P13_T1,DiceCE,1,33,60,8.246211251235321,True
MSLesSeg,P13_T1,DiceCE,1,34,45,10.295630140987,True
MSLesSeg,P13_T1,DiceCE,1,35,59,2.23606797749979,True
MSLesSeg,P13_T1,DiceCE,1,36,284,3.0,True
MSLesSeg,P13_T1,DiceCE,1,37,51,20.0,True
MSLesSeg,P13_T1,DiceCE,1,38,62,30.62678566222711,True
MSLesSeg,P13_T1,DiceCE,1,39,130,31.0322412983658,True
MSLesSeg,P13_T1,DiceCE,2,1,182,32.264531609803356,True
MSLesSeg,P13_T1,DiceCE,2,2,127,25.514701644346147,True
MSLesSeg,P13_T1,DiceCE,2,3,267,7.874007874011811,True
MSLesSeg,P13_T1,DiceCE,2,4,103,18.466185312619388,True
MSLesSeg,P13_T1,DiceCE,2,5,71,2.8284271247461903,True
MSLesSeg,P13_T1,DiceCE,2,6,3187,1.4142135623730951,True
MSLesSeg,P13_T1,DiceCE,2,7,604,1.4142135623730951,True
MSLesSeg,P13_T1,DiceCE,2,8,57,34.36568055487916,True
MSLesSeg,P13_T1,DiceCE,2,9,131,11.445523142259598,True
MSLesSeg,P13_T1,DiceCE,2,10,117,30.4138126514911,True
MSLesSeg,P13_T1,DiceCE,2,11,82,10.677078252031311,True
MSLesSeg,P13_T1,DiceCE,2,12,814,1.4142135623730951,True
MSLesSeg,P13_T1,DiceCE,2,13,697,14.45683229480096,True
MSLesSeg,P13_T1,DiceCE,2,14,3,11.445523142259598,False
MSLesSeg,P13_T1,DiceCE,2,15,59,2.23606797749979,True
MSLesSeg,P13_T1,DiceCE,2,16,20,8.48528137423857,True
MSLesSeg,P13_T1,DiceCE,2,17,140,2.0,True
MSLesSeg,P13_T1,DiceCE,2,18,83,2.23606797749979,True
MSLesSeg,P13_T1,DiceCE,2,19,112,21.563858652847824,True
MSLesSeg,P13_T1,DiceCE,2,20,74,27.294688127912362,True
MSLesSeg,P13_T1,DiceCE,2,21,68,28.30194339616981,True
MSLesSeg,P13_T1,DiceCE,2,22,69,25.65151067676132,False
MSLesSeg,P13_T1,DiceCE,2,23,29,10.198039027185569,True
MSLesSeg,P13_T1,DiceCE,2,24,188,3.7416573867739413,True
MSLesSeg,P13_T1,DiceCE,2,25,64,4.123105625617661,True
MSLesSeg,P13_T1,DiceCE,2,26,506,1.4142135623730951,True
MSLesSeg,P13_T1,DiceCE,2,27,157,2.23606797749979,True
MSLesSeg,P13_T1,DiceCE,2,28,52,2.0,True
MSLesSeg,P13_T1,DiceCE,2,29,700,2.0,True
MSLesSeg,P13_T1,DiceCE,2,30,100,1.4142135623730951,True
MSLesSeg,P13_T1,DiceCE,2,31,57,1.4142135623730951,True
MSLesSeg,P13_T1,DiceCE,2,32,66,7.280109889280518,True
MSLesSeg,P13_T1,DiceCE,2,33,60,8.246211251235321,True
MSLesSeg,P13_T1,DiceCE,2,34,45,10.295630140987,True
MSLesSeg,P13_T1,DiceCE,2,35,59,2.23606797749979,True
MSLesSeg,P13_T1,DiceCE,2,36,284,3.0,True
MSLesSeg,P13_T1,DiceCE,2,37,51,20.0,True
MSLesSeg,P13_T1,DiceCE,2,38,62,30.62678566222711,True
MSLesSeg,P13_T1,DiceCE,2,39,130,31.0322412983658,True
MSLesSeg,P13_T1,DiceCE,3,1,182,32.264531609803356,True
MSLesSeg,P13_T1,DiceCE,3,2,127,25.514701644346147,True
MSLesSeg,P13_T1,DiceCE,3,3,267,7.874007874011811,True
MSLesSeg,P13_T1,DiceCE,3,4,103,18.466185312619388,True
MSLesSeg,P13_T1,DiceCE,3,5,71,2.8284271247461903,True
MSLesSeg,P13_T1,DiceCE,3,6,3187,1.4142135623730951,True
MSLesSeg,P13_T1,DiceCE,3,7,604,1.4142135623730951,True
MSLesSeg,P13_T1,DiceCE,3,8,57,34.36568055487916,True
MSLesSeg,P13_T1,DiceCE,3,9,131,11.445523142259598,True
MSLesSeg,P13_T1,DiceCE,3,10,117,30.4138126514911,True
MSLesSeg,P13_T1,DiceCE,3,11,82,10.677078252031311,True
MSLesSeg,P13_T1,DiceCE,3,12,814,1.4142135623730951,True
MSLesSeg,P13_T1,DiceCE,3,13,697,14.45683229480096,True
MSLesSeg,P13_T1,DiceCE,3,14,3,11.445523142259598,False
MSLesSeg,P13_T1,DiceCE,3,15,59,2.23606797749979,True
MSLesSeg,P13_T1,DiceCE,3,16,20,8.48528137423857,True
MSLesSeg,P13_T1,DiceCE,3,17,140,2.0,True
MSLesSeg,P13_T1,DiceCE,3,18,83,2.23606797749979,True
MSLesSeg,P13_T1,DiceCE,3,19,112,21.563858652847824,True
MSLesSeg,P13_T1,DiceCE,3,20,74,27.294688127912362,True
MSLesSeg,P13_T1,DiceCE,3,21,68,28.30194339616981,True
MSLesSeg,P13_T1,DiceCE,3,22,69,25.65151067676132,False
MSLesSeg,P13_T1,DiceCE,3,23,29,10.198039027185569,True
MSLesSeg,P13_T1,DiceCE,3,24,188,3.7416573867739413,True
MSLesSeg,P13_T1,DiceCE,3,25,64,4.123105625617661,True
MSLesSeg,P13_T1,DiceCE,3,26,506,1.4142135623730951,True
MSLesSeg,P13_T1,DiceCE,3,27,157,2.23606797749979,True
MSLesSeg,P13_T1,DiceCE,3,28,52,2.0,True
MSLesSeg,P13_T1,DiceCE,3,29,700,2.0,True
MSLesSeg,P13_T1,DiceCE,3,30,100,1.4142135623730951,True
MSLesSeg,P13_T1,DiceCE,3,31,57,1.4142135623730951,True
MSLesSeg,P13_T1,DiceCE,3,32,66,7.280109889280518,True
MSLesSeg,P13_T1,DiceCE,3,33,60,8.246211251235321,True
MSLesSeg,P13_T1,DiceCE,3,34,45,10.295630140987,True
MSLesSeg,P13_T1,DiceCE,3,35,59,2.23606797749979,True
MSLesSeg,P13_T1,DiceCE,3,36,284,3.0,True
MSLesSeg,P13_T1,DiceCE,3,37,51,20.0,True
MSLesSeg,P13_T1,DiceCE,3,38,62,30.62678566222711,True
MSLesSeg,P13_T1,DiceCE,3,39,130,31.0322412983658,True
MSLesSeg,P13_T1,DiceCE,4,1,182,32.264531609803356,True
MSLesSeg,P13_T1,DiceCE,4,2,127,25.514701644346147,True
MSLesSeg,P13_T1,DiceCE,4,3,267,7.874007874011811,True
MSLesSeg,P13_T1,DiceCE,4,4,103,18.466185312619388,True
MSLesSeg,P13_T1,DiceCE,4,5,71,2.8284271247461903,True
MSLesSeg,P13_T1,DiceCE,4,6,3187,1.4142135623730951,True
MSLesSeg,P13_T1,DiceCE,4,7,604,1.4142135623730951,True
MSLesSeg,P13_T1,DiceCE,4,8,57,34.36568055487916,True
MSLesSeg,P13_T1,DiceCE,4,9,131,11.445523142259598,True
MSLesSeg,P13_T1,DiceCE,4,10,117,30.4138126514911,True
MSLesSeg,P13_T1,DiceCE,4,11,82,10.677078252031311,True
MSLesSeg,P13_T1,DiceCE,4,12,814,1.4142135623730951,True
MSLesSeg,P13_T1,DiceCE,4,13,697,14.45683229480096,True
MSLesSeg,P13_T1,DiceCE,4,14,3,11.445523142259598,False
MSLesSeg,P13_T1,DiceCE,4,15,59,2.23606797749979,True
MSLesSeg,P13_T1,DiceCE,4,16,20,8.48528137423857,True
MSLesSeg,P13_T1,DiceCE,4,17,140,2.0,True
MSLesSeg,P13_T1,DiceCE,4,18,83,2.23606797749979,True
MSLesSeg,P13_T1,DiceCE,4,19,112,21.563858652847824,True
MSLesSeg,P13_T1,DiceCE,4,20,74,27.294688127912362,True
MSLesSeg,P13_T1,DiceCE,4,21,68,28.30194339616981,True
MSLesSeg,P13_T1,DiceCE,4,22,69,25.65151067676132,True
MSLesSeg,P13_T1,DiceCE,4,23,29,10.198039027185569,True
MSLesSeg,P13_T1,DiceCE,4,24,188,3.7416573867739413,True
MSLesSeg,P13_T1,DiceCE,4,25,64,4.123105625617661,True
MSLesSeg,P13_T1,DiceCE,4,26,506,1.4142135623730951,True
MSLesSeg,P13_T1,DiceCE,4,27,157,2.23606797749979,True
MSLesSeg,P13_T1,DiceCE,4,28,52,2.0,True
MSLesSeg,P13_T1,DiceCE,4,29,700,2.0,True
MSLesSeg,P13_T1,DiceCE,4,30,100,1.4142135623730951,True
MSLesSeg,P13_T1,DiceCE,4,31,57,1.4142135623730951,True
MSLesSeg,P13_T1,DiceCE,4,32,66,7.280109889280518,True
MSLesSeg,P13_T1,DiceCE,4,33,60,8.246211251235321,True
MSLesSeg,P13_T1,DiceCE,4,34,45,10.295630140987,True
MSLesSeg,P13_T1,DiceCE,4,35,59,2.23606797749979,True
MSLesSeg,P13_T1,DiceCE,4,36,284,3.0,True
MSLesSeg,P13_T1,DiceCE,4,37,51,20.0,True
MSLesSeg,P13_T1,DiceCE,4,38,62,30.62678566222711,True
MSLesSeg,P13_T1,DiceCE,4,39,130,31.0322412983658,True
MSLesSeg,P13_T1,Tversky,0,1,182,32.264531609803356,True
MSLesSeg,P13_T1,Tversky,0,2,127,25.514701644346147,True
MSLesSeg,P13_T1,Tversky,0,3,267,7.874007874011811,True
MSLesSeg,P13_T1,Tversky,0,4,103,18.466185312619388,True
MSLesSeg,P13_T1,Tversky,0,5,71,2.8284271247461903,True
MSLesSeg,P13_T1,Tversky,0,6,3187,1.4142135623730951,True
MSLesSeg,P13_T1,Tversky,0,7,604,1.4142135623730951,True
MSLesSeg,P13_T1,Tversky,0,8,57,34.36568055487916,True
MSLesSeg,P13_T1,Tversky,0,9,131,11.445523142259598,True
MSLesSeg,P13_T1,Tversky,0,10,117,30.4138126514911,True
MSLesSeg,P13_T1,Tversky,0,11,82,10.677078252031311,True
MSLesSeg,P13_T1,Tversky,0,12,814,1.4142135623730951,True
MSLesSeg,P13_T1,Tversky,0,13,697,14.45683229480096,True
MSLesSeg,P13_T1,Tversky,0,14,3,11.445523142259598,False
MSLesSeg,P13_T1,Tversky,0,15,59,2.23606797749979,True
MSLesSeg,P13_T1,Tversky,0,16,20,8.48528137423857,True
MSLesSeg,P13_T1,Tversky,0,17,140,2.0,True
MSLesSeg,P13_T1,Tversky,0,18,83,2.23606797749979,True
MSLesSeg,P13_T1,Tversky,0,19,112,21.563858652847824,True
MSLesSeg,P13_T1,Tversky,0,20,74,27.294688127912362,True
MSLesSeg,P13_T1,Tversky,0,21,68,28.30194339616981,True
MSLesSeg,P13_T1,Tversky,0,22,69,25.65151067676132,True
MSLesSeg,P13_T1,Tversky,0,23,29,10.198039027185569,True
MSLesSeg,P13_T1,Tversky,0,24,188,3.7416573867739413,True
MSLesSeg,P13_T1,Tversky,0,25,64,4.123105625617661,True
MSLesSeg,P13_T1,Tversky,0,26,506,1.4142135623730951,True
MSLesSeg,P13_T1,Tversky,0,27,157,2.23606797749979,True
MSLesSeg,P13_T1,Tversky,0,28,52,2.0,True
MSLesSeg,P13_T1,Tversky,0,29,700,2.0,True
MSLesSeg,P13_T1,Tversky,0,30,100,1.4142135623730951,True
MSLesSeg,P13_T1,Tversky,0,31,57,1.4142135623730951,True
MSLesSeg,P13_T1,Tversky,0,32,66,7.280109889280518,True
MSLesSeg,P13_T1,Tversky,0,33,60,8.246211251235321,True
MSLesSeg,P13_T1,Tversky,0,34,45,10.295630140987,True
MSLesSeg,P13_T1,Tversky,0,35,59,2.23606797749979,True
MSLesSeg,P13_T1,Tversky,0,36,284,3.0,True
MSLesSeg,P13_T1,Tversky,0,37,51,20.0,True
MSLesSeg,P13_T1,Tversky,0,38,62,30.62678566222711,True
MSLesSeg,P13_T1,Tversky,0,39,130,31.0322412983658,True
MSLesSeg,P13_T1,Tversky,1,1,182,32.264531609803356,True
MSLesSeg,P13_T1,Tversky,1,2,127,25.514701644346147,True
MSLesSeg,P13_T1,Tversky,1,3,267,7.874007874011811,True
MSLesSeg,P13_T1,Tversky,1,4,103,18.466185312619388,True
MSLesSeg,P13_T1,Tversky,1,5,71,2.8284271247461903,True
MSLesSeg,P13_T1,Tversky,1,6,3187,1.4142135623730951,True
MSLesSeg,P13_T1,Tversky,1,7,604,1.4142135623730951,True
MSLesSeg,P13_T1,Tversky,1,8,57,34.36568055487916,True
MSLesSeg,P13_T1,Tversky,1,9,131,11.445523142259598,True
MSLesSeg,P13_T1,Tversky,1,10,117,30.4138126514911,False
MSLesSeg,P13_T1,Tversky,1,11,82,10.677078252031311,True
MSLesSeg,P13_T1,Tversky,1,12,814,1.4142135623730951,True
MSLesSeg,P13_T1,Tversky,1,13,697,14.45683229480096,True
MSLesSeg,P13_T1,Tversky,1,14,3,11.445523142259598,False
MSLesSeg,P13_T1,Tversky,1,15,59,2.23606797749979,True
MSLesSeg,P13_T1,Tversky,1,16,20,8.48528137423857,True
MSLesSeg,P13_T1,Tversky,1,17,140,2.0,True
MSLesSeg,P13_T1,Tversky,1,18,83,2.23606797749979,True
MSLesSeg,P13_T1,Tversky,1,19,112,21.563858652847824,True
MSLesSeg,P13_T1,Tversky,1,20,74,27.294688127912362,True
MSLesSeg,P13_T1,Tversky,1,21,68,28.30194339616981,True
MSLesSeg,P13_T1,Tversky,1,22,69,25.65151067676132,True
MSLesSeg,P13_T1,Tversky,1,23,29,10.198039027185569,True
MSLesSeg,P13_T1,Tversky,1,24,188,3.7416573867739413,True
MSLesSeg,P13_T1,Tversky,1,25,64,4.123105625617661,True
MSLesSeg,P13_T1,Tversky,1,26,506,1.4142135623730951,True
MSLesSeg,P13_T1,Tversky,1,27,157,2.23606797749979,True
MSLesSeg,P13_T1,Tversky,1,28,52,2.0,True
MSLesSeg,P13_T1,Tversky,1,29,700,2.0,True
MSLesSeg,P13_T1,Tversky,1,30,100,1.4142135623730951,True
MSLesSeg,P13_T1,Tversky,1,31,57,1.4142135623730951,True
MSLesSeg,P13_T1,Tversky,1,32,66,7.280109889280518,True
MSLesSeg,P13_T1,Tversky,1,33,60,8.246211251235321,True
MSLesSeg,P13_T1,Tversky,1,34,45,10.295630140987,True
MSLesSeg,P13_T1,Tversky,1,35,59,2.23606797749979,True
MSLesSeg,P13_T1,Tversky,1,36,284,3.0,True
MSLesSeg,P13_T1,Tversky,1,37,51,20.0,True
MSLesSeg,P13_T1,Tversky,1,38,62,30.62678566222711,True
MSLesSeg,P13_T1,Tversky,1,39,130,31.0322412983658,True
MSLesSeg,P13_T1,Tversky,2,1,182,32.264531609803356,True
MSLesSeg,P13_T1,Tversky,2,2,127,25.514701644346147,True
MSLesSeg,P13_T1,Tversky,2,3,267,7.874007874011811,True
MSLesSeg,P13_T1,Tversky,2,4,103,18.466185312619388,True
MSLesSeg,P13_T1,Tversky,2,5,71,2.8284271247461903,True
MSLesSeg,P13_T1,Tversky,2,6,3187,1.4142135623730951,True
MSLesSeg,P13_T1,Tversky,2,7,604,1.4142135623730951,True
MSLesSeg,P13_T1,Tversky,2,8,57,34.36568055487916,True
MSLesSeg,P13_T1,Tversky,2,9,131,11.445523142259598,True
MSLesSeg,P13_T1,Tversky,2,10,117,30.4138126514911,True
MSLesSeg,P13_T1,Tversky,2,11,82,10.677078252031311,True
MSLesSeg,P13_T1,Tversky,2,12,814,1.4142135623730951,True
MSLesSeg,P13_T1,Tversky,2,13,697,14.45683229480096,True
MSLesSeg,P13_T1,Tversky,2,14,3,11.445523142259598,False
MSLesSeg,P13_T1,Tversky,2,15,59,2.23606797749979,True
MSLesSeg,P13_T1,Tversky,2,16,20,8.48528137423857,True
MSLesSeg,P13_T1,Tversky,2,17,140,2.0,True
MSLesSeg,P13_T1,Tversky,2,18,83,2.23606797749979,True
MSLesSeg,P13_T1,Tversky,2,19,112,21.563858652847824,True
MSLesSeg,P13_T1,Tversky,2,20,74,27.294688127912362,True
MSLesSeg,P13_T1,Tversky,2,21,68,28.30194339616981,True
MSLesSeg,P13_T1,Tversky,2,22,69,25.65151067676132,True
MSLesSeg,P13_T1,Tversky,2,23,29,10.198039027185569,True
MSLesSeg,P13_T1,Tversky,2,24,188,3.7416573867739413,True
MSLesSeg,P13_T1,Tversky,2,25,64,4.123105625617661,True
MSLesSeg,P13_T1,Tversky,2,26,506,1.4142135623730951,True
MSLesSeg,P13_T1,Tversky,2,27,157,2.23606797749979,True
MSLesSeg,P13_T1,Tversky,2,28,52,2.0,True
MSLesSeg,P13_T1,Tversky,2,29,700,2.0,True
MSLesSeg,P13_T1,Tversky,2,30,100,1.4142135623730951,True
MSLesSeg,P13_T1,Tversky,2,31,57,1.4142135623730951,True
MSLesSeg,P13_T1,Tversky,2,32,66,7.280109889280518,True
MSLesSeg,P13_T1,Tversky,2,33,60,8.246211251235321,True
MSLesSeg,P13_T1,Tversky,2,34,45,10.295630140987,True
MSLesSeg,P13_T1,Tversky,2,35,59,2.23606797749979,True
MSLesSeg,P13_T1,Tversky,2,36,284,3.0,True
MSLesSeg,P13_T1,Tversky,2,37,51,20.0,True
MSLesSeg,P13_T1,Tversky,2,38,62,30.62678566222711,True
MSLesSeg,P13_T1,Tversky,2,39,130,31.0322412983658,True
MSLesSeg,P13_T1,Tversky,3,1,182,32.264531609803356,True
MSLesSeg,P13_T1,Tversky,3,2,127,25.514701644346147,True
MSLesSeg,P13_T1,Tversky,3,3,267,7.874007874011811,True
MSLesSeg,P13_T1,Tversky,3,4,103,18.466185312619388,True
MSLesSeg,P13_T1,Tversky,3,5,71,2.8284271247461903,True
MSLesSeg,P13_T1,Tversky,3,6,3187,1.4142135623730951,True
MSLesSeg,P13_T1,Tversky,3,7,604,1.4142135623730951,True
MSLesSeg,P13_T1,Tversky,3,8,57,34.36568055487916,True
MSLesSeg,P13_T1,Tversky,3,9,131,11.445523142259598,True
MSLesSeg,P13_T1,Tversky,3,10,117,30.4138126514911,True
MSLesSeg,P13_T1,Tversky,3,11,82,10.677078252031311,True
MSLesSeg,P13_T1,Tversky,3,12,814,1.4142135623730951,True
MSLesSeg,P13_T1,Tversky,3,13,697,14.45683229480096,True
MSLesSeg,P13_T1,Tversky,3,14,3,11.445523142259598,False
MSLesSeg,P13_T1,Tversky,3,15,59,2.23606797749979,True
MSLesSeg,P13_T1,Tversky,3,16,20,8.48528137423857,True
MSLesSeg,P13_T1,Tversky,3,17,140,2.0,True
MSLesSeg,P13_T1,Tversky,3,18,83,2.23606797749979,True
MSLesSeg,P13_T1,Tversky,3,19,112,21.563858652847824,True
MSLesSeg,P13_T1,Tversky,3,20,74,27.294688127912362,True
MSLesSeg,P13_T1,Tversky,3,21,68,28.30194339616981,True
MSLesSeg,P13_T1,Tversky,3,22,69,25.65151067676132,True
MSLesSeg,P13_T1,Tversky,3,23,29,10.198039027185569,True
MSLesSeg,P13_T1,Tversky,3,24,188,3.7416573867739413,True
MSLesSeg,P13_T1,Tversky,3,25,64,4.123105625617661,True
MSLesSeg,P13_T1,Tversky,3,26,506,1.4142135623730951,True
MSLesSeg,P13_T1,Tversky,3,27,157,2.23606797749979,True
MSLesSeg,P13_T1,Tversky,3,28,52,2.0,True
MSLesSeg,P13_T1,Tversky,3,29,700,2.0,True
MSLesSeg,P13_T1,Tversky,3,30,100,1.4142135623730951,True
MSLesSeg,P13_T1,Tversky,3,31,57,1.4142135623730951,True
MSLesSeg,P13_T1,Tversky,3,32,66,7.280109889280518,True
MSLesSeg,P13_T1,Tversky,3,33,60,8.246211251235321,True
MSLesSeg,P13_T1,Tversky,3,34,45,10.295630140987,True
MSLesSeg,P13_T1,Tversky,3,35,59,2.23606797749979,True
MSLesSeg,P13_T1,Tversky,3,36,284,3.0,True
MSLesSeg,P13_T1,Tversky,3,37,51,20.0,True
MSLesSeg,P13_T1,Tversky,3,38,62,30.62678566222711,True
MSLesSeg,P13_T1,Tversky,3,39,130,31.0322412983658,True
MSLesSeg,P13_T1,Tversky,4,1,182,32.264531609803356,True
MSLesSeg,P13_T1,Tversky,4,2,127,25.514701644346147,True
MSLesSeg,P13_T1,Tversky,4,3,267,7.874007874011811,True
MSLesSeg,P13_T1,Tversky,4,4,103,18.466185312619388,True
MSLesSeg,P13_T1,Tversky,4,5,71,2.8284271247461903,True
MSLesSeg,P13_T1,Tversky,4,6,3187,1.4142135623730951,True
MSLesSeg,P13_T1,Tversky,4,7,604,1.4142135623730951,True
MSLesSeg,P13_T1,Tversky,4,8,57,34.36568055487916,True
MSLesSeg,P13_T1,Tversky,4,9,131,11.445523142259598,True
MSLesSeg,P13_T1,Tversky,4,10,117,30.4138126514911,True
MSLesSeg,P13_T1,Tversky,4,11,82,10.677078252031311,True
MSLesSeg,P13_T1,Tversky,4,12,814,1.4142135623730951,True
MSLesSeg,P13_T1,Tversky,4,13,697,14.45683229480096,True
MSLesSeg,P13_T1,Tversky,4,14,3,11.445523142259598,False
MSLesSeg,P13_T1,Tversky,4,15,59,2.23606797749979,True
MSLesSeg,P13_T1,Tversky,4,16,20,8.48528137423857,True
MSLesSeg,P13_T1,Tversky,4,17,140,2.0,True
MSLesSeg,P13_T1,Tversky,4,18,83,2.23606797749979,True
MSLesSeg,P13_T1,Tversky,4,19,112,21.563858652847824,True
MSLesSeg,P13_T1,Tversky,4,20,74,27.294688127912362,True
MSLesSeg,P13_T1,Tversky,4,21,68,28.30194339616981,True
MSLesSeg,P13_T1,Tversky,4,22,69,25.65151067676132,True
MSLesSeg,P13_T1,Tversky,4,23,29,10.198039027185569,True
MSLesSeg,P13_T1,Tversky,4,24,188,3.7416573867739413,True
MSLesSeg,P13_T1,Tversky,4,25,64,4.123105625617661,True
MSLesSeg,P13_T1,Tversky,4,26,506,1.4142135623730951,True
MSLesSeg,P13_T1,Tversky,4,27,157,2.23606797749979,True
MSLesSeg,P13_T1,Tversky,4,28,52,2.0,True
MSLesSeg,P13_T1,Tversky,4,29,700,2.0,True
MSLesSeg,P13_T1,Tversky,4,30,100,1.4142135623730951,True
MSLesSeg,P13_T1,Tversky,4,31,57,1.4142135623730951,True
MSLesSeg,P13_T1,Tversky,4,32,66,7.280109889280518,True
MSLesSeg,P13_T1,Tversky,4,33,60,8.246211251235321,True
MSLesSeg,P13_T1,Tversky,4,34,45,10.295630140987,True
MSLesSeg,P13_T1,Tversky,4,35,59,2.23606797749979,True
MSLesSeg,P13_T1,Tversky,4,36,284,3.0,True
MSLesSeg,P13_T1,Tversky,4,37,51,20.0,True
MSLesSeg,P13_T1,Tversky,4,38,62,30.62678566222711,True
MSLesSeg,P13_T1,Tversky,4,39,130,31.0322412983658,True
MSLesSeg,P13_T1,FocalTversky,0,1,182,32.264531609803356,True
MSLesSeg,P13_T1,FocalTversky,0,2,127,25.514701644346147,True
MSLesSeg,P13_T1,FocalTversky,0,3,267,7.874007874011811,True
MSLesSeg,P13_T1,FocalTversky,0,4,103,18.466185312619388,True
MSLesSeg,P13_T1,FocalTversky,0,5,71,2.8284271247461903,True
MSLesSeg,P13_T1,FocalTversky,0,6,3187,1.4142135623730951,True
MSLesSeg,P13_T1,FocalTversky,0,7,604,1.4142135623730951,True
MSLesSeg,P13_T1,FocalTversky,0,8,57,34.36568055487916,True
MSLesSeg,P13_T1,FocalTversky,0,9,131,11.445523142259598,True
MSLesSeg,P13_T1,FocalTversky,0,10,117,30.4138126514911,True
MSLesSeg,P13_T1,FocalTversky,0,11,82,10.677078252031311,True
MSLesSeg,P13_T1,FocalTversky,0,12,814,1.4142135623730951,True
MSLesSeg,P13_T1,FocalTversky,0,13,697,14.45683229480096,True
MSLesSeg,P13_T1,FocalTversky,0,14,3,11.445523142259598,False
MSLesSeg,P13_T1,FocalTversky,0,15,59,2.23606797749979,True
MSLesSeg,P13_T1,FocalTversky,0,16,20,8.48528137423857,True
MSLesSeg,P13_T1,FocalTversky,0,17,140,2.0,True
MSLesSeg,P13_T1,FocalTversky,0,18,83,2.23606797749979,True
MSLesSeg,P13_T1,FocalTversky,0,19,112,21.563858652847824,True
MSLesSeg,P13_T1,FocalTversky,0,20,74,27.294688127912362,True
MSLesSeg,P13_T1,FocalTversky,0,21,68,28.30194339616981,True
MSLesSeg,P13_T1,FocalTversky,0,22,69,25.65151067676132,True
MSLesSeg,P13_T1,FocalTversky,0,23,29,10.198039027185569,True
MSLesSeg,P13_T1,FocalTversky,0,24,188,3.7416573867739413,True
MSLesSeg,P13_T1,FocalTversky,0,25,64,4.123105625617661,True
MSLesSeg,P13_T1,FocalTversky,0,26,506,1.4142135623730951,True
MSLesSeg,P13_T1,FocalTversky,0,27,157,2.23606797749979,True
MSLesSeg,P13_T1,FocalTversky,0,28,52,2.0,True
MSLesSeg,P13_T1,FocalTversky,0,29,700,2.0,True
MSLesSeg,P13_T1,FocalTversky,0,30,100,1.4142135623730951,True
MSLesSeg,P13_T1,FocalTversky,0,31,57,1.4142135623730951,True
MSLesSeg,P13_T1,FocalTversky,0,32,66,7.280109889280518,True
MSLesSeg,P13_T1,FocalTversky,0,33,60,8.246211251235321,True
MSLesSeg,P13_T1,FocalTversky,0,34,45,10.295630140987,True
MSLesSeg,P13_T1,FocalTversky,0,35,59,2.23606797749979,True
MSLesSeg,P13_T1,FocalTversky,0,36,284,3.0,True
MSLesSeg,P13_T1,FocalTversky,0,37,51,20.0,True
MSLesSeg,P13_T1,FocalTversky,0,38,62,30.62678566222711,True
MSLesSeg,P13_T1,FocalTversky,0,39,130,31.0322412983658,True
MSLesSeg,P13_T1,FocalTversky,1,1,182,32.264531609803356,True
MSLesSeg,P13_T1,FocalTversky,1,2,127,25.514701644346147,True
MSLesSeg,P13_T1,FocalTversky,1,3,267,7.874007874011811,True
MSLesSeg,P13_T1,FocalTversky,1,4,103,18.466185312619388,True
MSLesSeg,P13_T1,FocalTversky,1,5,71,2.8284271247461903,True
MSLesSeg,P13_T1,FocalTversky,1,6,3187,1.4142135623730951,True
MSLesSeg,P13_T1,FocalTversky,1,7,604,1.4142135623730951,True
MSLesSeg,P13_T1,FocalTversky,1,8,57,34.36568055487916,True
MSLesSeg,P13_T1,FocalTversky,1,9,131,11.445523142259598,True
MSLesSeg,P13_T1,FocalTversky,1,10,117,30.4138126514911,True
MSLesSeg,P13_T1,FocalTversky,1,11,82,10.677078252031311,True
MSLesSeg,P13_T1,FocalTversky,1,12,814,1.4142135623730951,True
MSLesSeg,P13_T1,FocalTversky,1,13,697,14.45683229480096,True
MSLesSeg,P13_T1,FocalTversky,1,14,3,11.445523142259598,False
MSLesSeg,P13_T1,FocalTversky,1,15,59,2.23606797749979,True
MSLesSeg,P13_T1,FocalTversky,1,16,20,8.48528137423857,True
MSLesSeg,P13_T1,FocalTversky,1,17,140,2.0,True
MSLesSeg,P13_T1,FocalTversky,1,18,83,2.23606797749979,True
MSLesSeg,P13_T1,FocalTversky,1,19,112,21.563858652847824,True
MSLesSeg,P13_T1,FocalTversky,1,20,74,27.294688127912362,True
MSLesSeg,P13_T1,FocalTversky,1,21,68,28.30194339616981,True
MSLesSeg,P13_T1,FocalTversky,1,22,69,25.65151067676132,True
MSLesSeg,P13_T1,FocalTversky,1,23,29,10.198039027185569,True
MSLesSeg,P13_T1,FocalTversky,1,24,188,3.7416573867739413,True
MSLesSeg,P13_T1,FocalTversky,1,25,64,4.123105625617661,True
MSLesSeg,P13_T1,FocalTversky,1,26,506,1.4142135623730951,True
MSLesSeg,P13_T1,FocalTversky,1,27,157,2.23606797749979,True
MSLesSeg,P13_T1,FocalTversky,1,28,52,2.0,True
MSLesSeg,P13_T1,FocalTversky,1,29,700,2.0,True
MSLesSeg,P13_T1,FocalTversky,1,30,100,1.4142135623730951,True
MSLesSeg,P13_T1,FocalTversky,1,31,57,1.4142135623730951,True
MSLesSeg,P13_T1,FocalTversky,1,32,66,7.280109889280518,True
MSLesSeg,P13_T1,FocalTversky,1,33,60,8.246211251235321,True
MSLesSeg,P13_T1,FocalTversky,1,34,45,10.295630140987,True
MSLesSeg,P13_T1,FocalTversky,1,35,59,2.23606797749979,True
MSLesSeg,P13_T1,FocalTversky,1,36,284,3.0,True
MSLesSeg,P13_T1,FocalTversky,1,37,51,20.0,True
MSLesSeg,P13_T1,FocalTversky,1,38,62,30.62678566222711,True
MSLesSeg,P13_T1,FocalTversky,1,39,130,31.0322412983658,True
MSLesSeg,P13_T1,FocalTversky,2,1,182,32.264531609803356,True
MSLesSeg,P13_T1,FocalTversky,2,2,127,25.514701644346147,True
MSLesSeg,P13_T1,FocalTversky,2,3,267,7.874007874011811,True
MSLesSeg,P13_T1,FocalTversky,2,4,103,18.466185312619388,True
MSLesSeg,P13_T1,FocalTversky,2,5,71,2.8284271247461903,True
MSLesSeg,P13_T1,FocalTversky,2,6,3187,1.4142135623730951,True
MSLesSeg,P13_T1,FocalTversky,2,7,604,1.4142135623730951,True
MSLesSeg,P13_T1,FocalTversky,2,8,57,34.36568055487916,True
MSLesSeg,P13_T1,FocalTversky,2,9,131,11.445523142259598,True
MSLesSeg,P13_T1,FocalTversky,2,10,117,30.4138126514911,True
MSLesSeg,P13_T1,FocalTversky,2,11,82,10.677078252031311,True
MSLesSeg,P13_T1,FocalTversky,2,12,814,1.4142135623730951,True
MSLesSeg,P13_T1,FocalTversky,2,13,697,14.45683229480096,True
MSLesSeg,P13_T1,FocalTversky,2,14,3,11.445523142259598,False
MSLesSeg,P13_T1,FocalTversky,2,15,59,2.23606797749979,True
MSLesSeg,P13_T1,FocalTversky,2,16,20,8.48528137423857,True
MSLesSeg,P13_T1,FocalTversky,2,17,140,2.0,True
MSLesSeg,P13_T1,FocalTversky,2,18,83,2.23606797749979,True
MSLesSeg,P13_T1,FocalTversky,2,19,112,21.563858652847824,True
MSLesSeg,P13_T1,FocalTversky,2,20,74,27.294688127912362,True
MSLesSeg,P13_T1,FocalTversky,2,21,68,28.30194339616981,True
MSLesSeg,P13_T1,FocalTversky,2,22,69,25.65151067676132,True
MSLesSeg,P13_T1,FocalTversky,2,23,29,10.198039027185569,True
MSLesSeg,P13_T1,FocalTversky,2,24,188,3.7416573867739413,True
MSLesSeg,P13_T1,FocalTversky,2,25,64,4.123105625617661,True
MSLesSeg,P13_T1,FocalTversky,2,26,506,1.4142135623730951,True
MSLesSeg,P13_T1,FocalTversky,2,27,157,2.23606797749979,True
MSLesSeg,P13_T1,FocalTversky,2,28,52,2.0,True
MSLesSeg,P13_T1,FocalTversky,2,29,700,2.0,True
MSLesSeg,P13_T1,FocalTversky,2,30,100,1.4142135623730951,True
MSLesSeg,P13_T1,FocalTversky,2,31,57,1.4142135623730951,True
MSLesSeg,P13_T1,FocalTversky,2,32,66,7.280109889280518,True
MSLesSeg,P13_T1,FocalTversky,2,33,60,8.246211251235321,True
MSLesSeg,P13_T1,FocalTversky,2,34,45,10.295630140987,True
MSLesSeg,P13_T1,FocalTversky,2,35,59,2.23606797749979,True
MSLesSeg,P13_T1,FocalTversky,2,36,284,3.0,True
MSLesSeg,P13_T1,FocalTversky,2,37,51,20.0,True
MSLesSeg,P13_T1,FocalTversky,2,38,62,30.62678566222711,True
MSLesSeg,P13_T1,FocalTversky,2,39,130,31.0322412983658,True
MSLesSeg,P13_T1,FocalTversky,3,1,182,32.264531609803356,True
MSLesSeg,P13_T1,FocalTversky,3,2,127,25.514701644346147,True
MSLesSeg,P13_T1,FocalTversky,3,3,267,7.874007874011811,True
MSLesSeg,P13_T1,FocalTversky,3,4,103,18.466185312619388,True
MSLesSeg,P13_T1,FocalTversky,3,5,71,2.8284271247461903,True
MSLesSeg,P13_T1,FocalTversky,3,6,3187,1.4142135623730951,True
MSLesSeg,P13_T1,FocalTversky,3,7,604,1.4142135623730951,True
MSLesSeg,P13_T1,FocalTversky,3,8,57,34.36568055487916,True
MSLesSeg,P13_T1,FocalTversky,3,9,131,11.445523142259598,True
MSLesSeg,P13_T1,FocalTversky,3,10,117,30.4138126514911,True
MSLesSeg,P13_T1,FocalTversky,3,11,82,10.677078252031311,True
MSLesSeg,P13_T1,FocalTversky,3,12,814,1.4142135623730951,True
MSLesSeg,P13_T1,FocalTversky,3,13,697,14.45683229480096,True
MSLesSeg,P13_T1,FocalTversky,3,14,3,11.445523142259598,False
MSLesSeg,P13_T1,FocalTversky,3,15,59,2.23606797749979,True
MSLesSeg,P13_T1,FocalTversky,3,16,20,8.48528137423857,True
MSLesSeg,P13_T1,FocalTversky,3,17,140,2.0,True
MSLesSeg,P13_T1,FocalTversky,3,18,83,2.23606797749979,True
MSLesSeg,P13_T1,FocalTversky,3,19,112,21.563858652847824,True
MSLesSeg,P13_T1,FocalTversky,3,20,74,27.294688127912362,True
MSLesSeg,P13_T1,FocalTversky,3,21,68,28.30194339616981,True
MSLesSeg,P13_T1,FocalTversky,3,22,69,25.65151067676132,True
MSLesSeg,P13_T1,FocalTversky,3,23,29,10.198039027185569,True
MSLesSeg,P13_T1,FocalTversky,3,24,188,3.7416573867739413,True
MSLesSeg,P13_T1,FocalTversky,3,25,64,4.123105625617661,True
MSLesSeg,P13_T1,FocalTversky,3,26,506,1.4142135623730951,True
MSLesSeg,P13_T1,FocalTversky,3,27,157,2.23606797749979,True
MSLesSeg,P13_T1,FocalTversky,3,28,52,2.0,True
MSLesSeg,P13_T1,FocalTversky,3,29,700,2.0,True
MSLesSeg,P13_T1,FocalTversky,3,30,100,1.4142135623730951,True
MSLesSeg,P13_T1,FocalTversky,3,31,57,1.4142135623730951,True
MSLesSeg,P13_T1,FocalTversky,3,32,66,7.280109889280518,True
MSLesSeg,P13_T1,FocalTversky,3,33,60,8.246211251235321,True
MSLesSeg,P13_T1,FocalTversky,3,34,45,10.295630140987,True
MSLesSeg,P13_T1,FocalTversky,3,35,59,2.23606797749979,True
MSLesSeg,P13_T1,FocalTversky,3,36,284,3.0,True
MSLesSeg,P13_T1,FocalTversky,3,37,51,20.0,True
MSLesSeg,P13_T1,FocalTversky,3,38,62,30.62678566222711,True
MSLesSeg,P13_T1,FocalTversky,3,39,130,31.0322412983658,True
MSLesSeg,P13_T1,FocalTversky,4,1,182,32.264531609803356,True
MSLesSeg,P13_T1,FocalTversky,4,2,127,25.514701644346147,True
MSLesSeg,P13_T1,FocalTversky,4,3,267,7.874007874011811,True
MSLesSeg,P13_T1,FocalTversky,4,4,103,18.466185312619388,True
MSLesSeg,P13_T1,FocalTversky,4,5,71,2.8284271247461903,True
MSLesSeg,P13_T1,FocalTversky,4,6,3187,1.4142135623730951,True
MSLesSeg,P13_T1,FocalTversky,4,7,604,1.4142135623730951,True
MSLesSeg,P13_T1,FocalTversky,4,8,57,34.36568055487916,True
MSLesSeg,P13_T1,FocalTversky,4,9,131,11.445523142259598,True
MSLesSeg,P13_T1,FocalTversky,4,10,117,30.4138126514911,True
MSLesSeg,P13_T1,FocalTversky,4,11,82,10.677078252031311,True
MSLesSeg,P13_T1,FocalTversky,4,12,814,1.4142135623730951,True
MSLesSeg,P13_T1,FocalTversky,4,13,697,14.45683229480096,True
MSLesSeg,P13_T1,FocalTversky,4,14,3,11.445523142259598,False
MSLesSeg,P13_T1,FocalTversky,4,15,59,2.23606797749979,True
MSLesSeg,P13_T1,FocalTversky,4,16,20,8.48528137423857,True
MSLesSeg,P13_T1,FocalTversky,4,17,140,2.0,True
MSLesSeg,P13_T1,FocalTversky,4,18,83,2.23606797749979,True
MSLesSeg,P13_T1,FocalTversky,4,19,112,21.563858652847824,True
MSLesSeg,P13_T1,FocalTversky,4,20,74,27.294688127912362,True
MSLesSeg,P13_T1,FocalTversky,4,21,68,28.30194339616981,True
MSLesSeg,P13_T1,FocalTversky,4,22,69,25.65151067676132,True
MSLesSeg,P13_T1,FocalTversky,4,23,29,10.198039027185569,True
MSLesSeg,P13_T1,FocalTversky,4,24,188,3.7416573867739413,True
MSLesSeg,P13_T1,FocalTversky,4,25,64,4.123105625617661,True
MSLesSeg,P13_T1,FocalTversky,4,26,506,1.4142135623730951,True
MSLesSeg,P13_T1,FocalTversky,4,27,157,2.23606797749979,True
MSLesSeg,P13_T1,FocalTversky,4,28,52,2.0,True
MSLesSeg,P13_T1,FocalTversky,4,29,700,2.0,True
MSLesSeg,P13_T1,FocalTversky,4,30,100,1.4142135623730951,True
MSLesSeg,P13_T1,FocalTversky,4,31,57,1.4142135623730951,True
MSLesSeg,P13_T1,FocalTversky,4,32,66,7.280109889280518,True
MSLesSeg,P13_T1,FocalTversky,4,33,60,8.246211251235321,True
MSLesSeg,P13_T1,FocalTversky,4,34,45,10.295630140987,True
MSLesSeg,P13_T1,FocalTversky,4,35,59,2.23606797749979,True
MSLesSeg,P13_T1,FocalTversky,4,36,284,3.0,True
MSLesSeg,P13_T1,FocalTversky,4,37,51,20.0,True
MSLesSeg,P13_T1,FocalTversky,4,38,62,30.62678566222711,True
MSLesSeg,P13_T1,FocalTversky,4,39,130,31.0322412983658,True
MSLesSeg,P13_T2,CATMIL,0,1,105,16.06237840420901,True
MSLesSeg,P13_T2,CATMIL,0,2,147,31.54362059117501,True
MSLesSeg,P13_T2,CATMIL,0,3,31,15.0,True
MSLesSeg,P13_T2,CATMIL,0,4,44,30.822070014844883,True
MSLesSeg,P13_T2,CATMIL,0,5,82,2.23606797749979,True
MSLesSeg,P13_T2,CATMIL,0,6,36,28.478061731796284,True
MSLesSeg,P13_T2,CATMIL,0,7,325,4.358898943540674,True
MSLesSeg,P13_T2,CATMIL,0,8,57,21.18962010041709,True
MSLesSeg,P13_T2,CATMIL,0,9,81,2.449489742783178,True
MSLesSeg,P13_T2,CATMIL,0,10,24,1.7320508075688772,True
MSLesSeg,P13_T2,CATMIL,0,11,1949,1.7320508075688772,True
MSLesSeg,P13_T2,CATMIL,0,12,86,2.449489742783178,True
MSLesSeg,P13_T2,CATMIL,0,13,45,33.97057550292606,True
MSLesSeg,P13_T2,CATMIL,0,14,92,11.224972160321824,True
MSLesSeg,P13_T2,CATMIL,0,15,225,4.123105625617661,True
MSLesSeg,P13_T2,CATMIL,0,16,2,2.449489742783178,True
MSLesSeg,P13_T2,CATMIL,0,17,528,1.4142135623730951,True
MSLesSeg,P13_T2,CATMIL,0,18,60,10.63014581273465,True
MSLesSeg,P13_T2,CATMIL,0,19,312,14.247806848775006,True
MSLesSeg,P13_T2,CATMIL,0,20,39,2.449489742783178,True
MSLesSeg,P13_T2,CATMIL,0,21,317,1.4142135623730951,True
MSLesSeg,P13_T2,CATMIL,0,22,111,1.7320508075688772,True
MSLesSeg,P13_T2,CATMIL,0,23,161,17.029386365926403,True
MSLesSeg,P13_T2,CATMIL,0,24,270,21.563858652847824,True
MSLesSeg,P13_T2,CATMIL,0,25,119,26.324893162176366,True
MSLesSeg,P13_T2,CATMIL,0,26,2,16.30950643030009,False
MSLesSeg,P13_T2,CATMIL,0,27,1,18.275666882497067,False
MSLesSeg,P13_T2,CATMIL,0,28,70,25.0,True
MSLesSeg,P13_T2,CATMIL,0,29,87,23.40939982143925,True
MSLesSeg,P13_T2,CATMIL,0,30,2,25.238858928247925,True
MSLesSeg,P13_T2,CATMIL,0,31,43,26.70205984563738,True
MSLesSeg,P13_T2,CATMIL,0,32,140,1.4142135623730951,True
MSLesSeg,P13_T2,CATMIL,0,33,739,1.4142135623730951,True
MSLesSeg,P13_T2,CATMIL,0,34,3,4.58257569495584,False
MSLesSeg,P13_T2,CATMIL,0,35,1014,1.4142135623730951,True
MSLesSeg,P13_T2,CATMIL,0,36,524,2.23606797749979,True
MSLesSeg,P13_T2,CATMIL,0,37,27,2.0,True
MSLesSeg,P13_T2,CATMIL,0,38,3,2.8284271247461903,True
MSLesSeg,P13_T2,CATMIL,0,39,871,2.0,True
MSLesSeg,P13_T2,CATMIL,0,40,45,3.0,True
MSLesSeg,P13_T2,CATMIL,0,41,36,3.0,True
MSLesSeg,P13_T2,CATMIL,0,42,19,3.0,True
MSLesSeg,P13_T2,CATMIL,0,43,68,10.344080432788601,True
MSLesSeg,P13_T2,CATMIL,0,44,15,9.486832980505138,True
MSLesSeg,P13_T2,CATMIL,0,45,70,5.385164807134504,True
MSLesSeg,P13_T2,CATMIL,0,46,49,2.0,True
MSLesSeg,P13_T2,CATMIL,0,47,37,1.4142135623730951,True
MSLesSeg,P13_T2,CATMIL,0,48,1,2.449489742783178,True
MSLesSeg,P13_T2,CATMIL,0,49,47,10.63014581273465,True
MSLesSeg,P13_T2,CATMIL,0,50,91,2.23606797749979,True
MSLesSeg,P13_T2,CATMIL,0,51,6,1.4142135623730951,True
MSLesSeg,P13_T2,CATMIL,0,52,272,2.8284271247461903,True
MSLesSeg,P13_T2,CATMIL,0,53,187,23.15167380558045,True
MSLesSeg,P13_T2,CATMIL,0,54,28,19.6468827043885,True
MSLesSeg,P13_T2,CATMIL,0,55,24,20.445048300260872,True
MSLesSeg,P13_T2,CATMIL,0,56,50,36.932370625238775,True
MSLesSeg,P13_T2,CATMIL,0,57,14,28.600699292150182,True
MSLesSeg,P13_T2,CATMIL,0,58,2,42.261093218230876,False
MSLesSeg,P13_T2,CATMIL,0,59,184,30.822070014844883,True
MSLesSeg,P13_T2,CATMIL,0,60,97,43.15089802078283,True
MSLesSeg,P13_T2,CATMIL,0,61,152,30.14962686336267,True
MSLesSeg,P13_T2,CATMIL,1,1,105,16.06237840420901,True
MSLesSeg,P13_T2,CATMIL,1,2,147,31.54362059117501,True
MSLesSeg,P13_T2,CATMIL,1,3,31,15.0,False
MSLesSeg,P13_T2,CATMIL,1,4,44,30.822070014844883,True
MSLesSeg,P13_T2,CATMIL,1,5,82,2.23606797749979,True
MSLesSeg,P13_T2,CATMIL,1,6,36,28.478061731796284,True
MSLesSeg,P13_T2,CATMIL,1,7,325,4.358898943540674,True
MSLesSeg,P13_T2,CATMIL,1,8,57,21.18962010041709,True
MSLesSeg,P13_T2,CATMIL,1,9,81,2.449489742783178,True
MSLesSeg,P13_T2,CATMIL,1,10,24,1.7320508075688772,True
MSLesSeg,P13_T2,CATMIL,1,11,1949,1.7320508075688772,True
MSLesSeg,P13_T2,CATMIL,1,12,86,2.449489742783178,True
MSLesSeg,P13_T2,CATMIL,1,13,45,33.97057550292606,True
MSLesSeg,P13_T2,CATMIL,1,14,92,11.224972160321824,True
MSLesSeg,P13_T2,CATMIL,1,15,225,4.123105625617661,True
MSLesSeg,P13_T2,CATMIL,1,16,2,2.449489742783178,True
MSLesSeg,P13_T2,CATMIL,1,17,528,1.4142135623730951,True
MSLesSeg,P13_T2,CATMIL,1,18,60,10.63014581273465,True
MSLesSeg,P13_T2,CATMIL,1,19,312,14.247806848775006,True
MSLesSeg,P13_T2,CATMIL,1,20,39,2.449489742783178,True
MSLesSeg,P13_T2,CATMIL,1,21,317,1.4142135623730951,True
MSLesSeg,P13_T2,CATMIL,1,22,111,1.7320508075688772,True
MSLesSeg,P13_T2,CATMIL,1,23,161,17.029386365926403,True
MSLesSeg,P13_T2,CATMIL,1,24,270,21.563858652847824,True
MSLesSeg,P13_T2,CATMIL,1,25,119,26.324893162176366,True
MSLesSeg,P13_T2,CATMIL,1,26,2,16.30950643030009,False
MSLesSeg,P13_T2,CATMIL,1,27,1,18.275666882497067,False
MSLesSeg,P13_T2,CATMIL,1,28,70,25.0,False
MSLesSeg,P13_T2,CATMIL,1,29,87,23.40939982143925,True
MSLesSeg,P13_T2,CATMIL,1,30,2,25.238858928247925,False
MSLesSeg,P13_T2,CATMIL,1,31,43,26.70205984563738,True
MSLesSeg,P13_T2,CATMIL,1,32,140,1.4142135623730951,True
MSLesSeg,P13_T2,CATMIL,1,33,739,1.4142135623730951,True
MSLesSeg,P13_T2,CATMIL,1,34,3,4.58257569495584,True
MSLesSeg,P13_T2,CATMIL,1,35,1014,1.4142135623730951,True
MSLesSeg,P13_T2,CATMIL,1,36,524,2.23606797749979,True
MSLesSeg,P13_T2,CATMIL,1,37,27,2.0,True
MSLesSeg,P13_T2,CATMIL,1,38,3,2.8284271247461903,True
MSLesSeg,P13_T2,CATMIL,1,39,871,2.0,True
MSLesSeg,P13_T2,CATMIL,1,40,45,3.0,True
MSLesSeg,P13_T2,CATMIL,1,41,36,3.0,True
MSLesSeg,P13_T2,CATMIL,1,42,19,3.0,True
MSLesSeg,P13_T2,CATMIL,1,43,68,10.344080432788601,True
MSLesSeg,P13_T2,CATMIL,1,44,15,9.486832980505138,True
MSLesSeg,P13_T2,CATMIL,1,45,70,5.385164807134504,True
MSLesSeg,P13_T2,CATMIL,1,46,49,2.0,True
MSLesSeg,P13_T2,CATMIL,1,47,37,1.4142135623730951,True
MSLesSeg,P13_T2,CATMIL,1,48,1,2.449489742783178,True
MSLesSeg,P13_T2,CATMIL,1,49,47,10.63014581273465,True
MSLesSeg,P13_T2,CATMIL,1,50,91,2.23606797749979,True
MSLesSeg,P13_T2,CATMIL,1,51,6,1.4142135623730951,True
MSLesSeg,P13_T2,CATMIL,1,52,272,2.8284271247461903,True
MSLesSeg,P13_T2,CATMIL,1,53,187,23.15167380558045,True
MSLesSeg,P13_T2,CATMIL,1,54,28,19.6468827043885,True
MSLesSeg,P13_T2,CATMIL,1,55,24,20.445048300260872,True
MSLesSeg,P13_T2,CATMIL,1,56,50,36.932370625238775,True
MSLesSeg,P13_T2,CATMIL,1,57,14,28.600699292150182,True
MSLesSeg,P13_T2,CATMIL,1,58,2,42.261093218230876,False
MSLesSeg,P13_T2,CATMIL,1,59,184,30.822070014844883,True
MSLesSeg,P13_T2,CATMIL,1,60,97,43.15089802078283,True
MSLesSeg,P13_T2,CATMIL,1,61,152,30.14962686336267,True
MSLesSeg,P13_T2,CATMIL,2,1,105,16.06237840420901,True
MSLesSeg,P13_T2,CATMIL,2,2,147,31.54362059117501,True
MSLesSeg,P13_T2,CATMIL,2,3,31,15.0,False
MSLesSeg,P13_T2,CATMIL,2,4,44,30.822070014844883,True
MSLesSeg,P13_T2,CATMIL,2,5,82,2.23606797749979,True
MSLesSeg,P13_T2,CATMIL,2,6,36,28.478061731796284,True
MSLesSeg,P13_T2,CATMIL,2,7,325,4.358898943540674,True
MSLesSeg,P13_T2,CATMIL,2,8,57,21.18962010041709,True
MSLesSeg,P13_T2,CATMIL,2,9,81,2.449489742783178,True
MSLesSeg,P13_T2,CATMIL,2,10,24,1.7320508075688772,True
MSLesSeg,P13_T2,CATMIL,2,11,1949,1.7320508075688772,True
MSLesSeg,P13_T2,CATMIL,2,12,86,2.449489742783178,True
MSLesSeg,P13_T2,CATMIL,2,13,45,33.97057550292606,True
MSLesSeg,P13_T2,CATMIL,2,14,92,11.224972160321824,True
MSLesSeg,P13_T2,CATMIL,2,15,225,4.123105625617661,True
MSLesSeg,P13_T2,CATMIL,2,16,2,2.449489742783178,True
MSLesSeg,P13_T2,CATMIL,2,17,528,1.4142135623730951,True
MSLesSeg,P13_T2,CATMIL,2,18,60,10.63014581273465,True
MSLesSeg,P13_T2,CATMIL,2,19,312,14.247806848775006,True
MSLesSeg,P13_T2,CATMIL,2,20,39,2.449489742783178,True
MSLesSeg,P13_T2,CATMIL,2,21,317,1.4142135623730951,True
MSLesSeg,P13_T2,CATMIL,2,22,111,1.7320508075688772,True
MSLesSeg,P13_T2,CATMIL,2,23,161,17.029386365926403,True
MSLesSeg,P13_T2,CATMIL,2,24,270,21.563858652847824,True
MSLesSeg,P13_T2,CATMIL,2,25,119,26.324893162176366,True
MSLesSeg,P13_T2,CATMIL,2,26,2,16.30950643030009,False
MSLesSeg,P13_T2,CATMIL,2,27,1,18.275666882497067,False
MSLesSeg,P13_T2,CATMIL,2,28,70,25.0,True
MSLesSeg,P13_T2,CATMIL,2,29,87,23.40939982143925,True
MSLesSeg,P13_T2,CATMIL,2,30,2,25.238858928247925,False
MSLesSeg,P13_T2,CATMIL,2,31,43,26.70205984563738,True
MSLesSeg,P13_T2,CATMIL,2,32,140,1.4142135623730951,True
MSLesSeg,P13_T2,CATMIL,2,33,739,1.4142135623730951,True
MSLesSeg,P13_T2,CATMIL,2,34,3,4.58257569495584,False
MSLesSeg,P13_T2,CATMIL,2,35,1014,1.4142135623730951,True
MSLesSeg,P13_T2,CATMIL,2,36,524,2.23606797749979,True
MSLesSeg,P13_T2,CATMIL,2,37,27,2.0,True
MSLesSeg,P13_T2,CATMIL,2,38,3,2.8284271247461903,True
MSLesSeg,P13_T2,CATMIL,2,39,871,2.0,True
MSLesSeg,P13_T2,CATMIL,2,40,45,3.0,True
MSLesSeg,P13_T2,CATMIL,2,41,36,3.0,True
MSLesSeg,P13_T2,CATMIL,2,42,19,3.0,True
MSLesSeg,P13_T2,CATMIL,2,43,68,10.344080432788601,True
MSLesSeg,P13_T2,CATMIL,2,44,15,9.486832980505138,True
MSLesSeg,P13_T2,CATMIL,2,45,70,5.385164807134504,True
MSLesSeg,P13_T2,CATMIL,2,46,49,2.0,True
MSLesSeg,P13_T2,CATMIL,2,47,37,1.4142135623730951,True
MSLesSeg,P13_T2,CATMIL,2,48,1,2.449489742783178,True
MSLesSeg,P13_T2,CATMIL,2,49,47,10.63014581273465,True
MSLesSeg,P13_T2,CATMIL,2,50,91,2.23606797749979,True
MSLesSeg,P13_T2,CATMIL,2,51,6,1.4142135623730951,True
MSLesSeg,P13_T2,CATMIL,2,52,272,2.8284271247461903,True
MSLesSeg,P13_T2,CATMIL,2,53,187,23.15167380558045,True
MSLesSeg,P13_T2,CATMIL,2,54,28,19.6468827043885,True
MSLesSeg,P13_T2,CATMIL,2,55,24,20.445048300260872,True
MSLesSeg,P13_T2,CATMIL,2,56,50,36.932370625238775,True
MSLesSeg,P13_T2,CATMIL,2,57,14,28.600699292150182,True
MSLesSeg,P13_T2,CATMIL,2,58,2,42.261093218230876,False
MSLesSeg,P13_T2,CATMIL,2,59,184,30.822070014844883,True
MSLesSeg,P13_T2,CATMIL,2,60,97,43.15089802078283,True
MSLesSeg,P13_T2,CATMIL,2,61,152,30.14962686336267,True
MSLesSeg,P13_T2,CATMIL,3,1,105,16.06237840420901,True
MSLesSeg,P13_T2,CATMIL,3,2,147,31.54362059117501,True
MSLesSeg,P13_T2,CATMIL,3,3,31,15.0,False
MSLesSeg,P13_T2,CATMIL,3,4,44,30.822070014844883,True
MSLesSeg,P13_T2,CATMIL,3,5,82,2.23606797749979,True
MSLesSeg,P13_T2,CATMIL,3,6,36,28.478061731796284,True
MSLesSeg,P13_T2,CATMIL,3,7,325,4.358898943540674,True
MSLesSeg,P13_T2,CATMIL,3,8,57,21.18962010041709,True
MSLesSeg,P13_T2,CATMIL,3,9,81,2.449489742783178,True
MSLesSeg,P13_T2,CATMIL,3,10,24,1.7320508075688772,True
MSLesSeg,P13_T2,CATMIL,3,11,1949,1.7320508075688772,True
MSLesSeg,P13_T2,CATMIL,3,12,86,2.449489742783178,True
MSLesSeg,P13_T2,CATMIL,3,13,45,33.97057550292606,True
MSLesSeg,P13_T2,CATMIL,3,14,92,11.224972160321824,True
MSLesSeg,P13_T2,CATMIL,3,15,225,4.123105625617661,True
MSLesSeg,P13_T2,CATMIL,3,16,2,2.449489742783178,True
MSLesSeg,P13_T2,CATMIL,3,17,528,1.4142135623730951,True
MSLesSeg,P13_T2,CATMIL,3,18,60,10.63014581273465,True
MSLesSeg,P13_T2,CATMIL,3,19,312,14.247806848775006,True
MSLesSeg,P13_T2,CATMIL,3,20,39,2.449489742783178,True
MSLesSeg,P13_T2,CATMIL,3,21,317,1.4142135623730951,True
MSLesSeg,P13_T2,CATMIL,3,22,111,1.7320508075688772,True
MSLesSeg,P13_T2,CATMIL,3,23,161,17.029386365926403,True
MSLesSeg,P13_T2,CATMIL,3,24,270,21.563858652847824,True
MSLesSeg,P13_T2,CATMIL,3,25,119,26.324893162176366,True
MSLesSeg,P13_T2,CATMIL,3,26,2,16.30950643030009,False
MSLesSeg,P13_T2,CATMIL,3,27,1,18.275666882497067,False
MSLesSeg,P13_T2,CATMIL,3,28,70,25.0,False
MSLesSeg,P13_T2,CATMIL,3,29,87,23.40939982143925,True
MSLesSeg,P13_T2,CATMIL,3,30,2,25.238858928247925,False
MSLesSeg,P13_T2,CATMIL,3,31,43,26.70205984563738,True
MSLesSeg,P13_T2,CATMIL,3,32,140,1.4142135623730951,True
MSLesSeg,P13_T2,CATMIL,3,33,739,1.4142135623730951,True
MSLesSeg,P13_T2,CATMIL,3,34,3,4.58257569495584,True
MSLesSeg,P13_T2,CATMIL,3,35,1014,1.4142135623730951,True
MSLesSeg,P13_T2,CATMIL,3,36,524,2.23606797749979,True
MSLesSeg,P13_T2,CATMIL,3,37,27,2.0,True
MSLesSeg,P13_T2,CATMIL,3,38,3,2.8284271247461903,True
MSLesSeg,P13_T2,CATMIL,3,39,871,2.0,True
MSLesSeg,P13_T2,CATMIL,3,40,45,3.0,True
MSLesSeg,P13_T2,CATMIL,3,41,36,3.0,True
MSLesSeg,P13_T2,CATMIL,3,42,19,3.0,True
MSLesSeg,P13_T2,CATMIL,3,43,68,10.344080432788601,True
MSLesSeg,P13_T2,CATMIL,3,44,15,9.486832980505138,True
MSLesSeg,P13_T2,CATMIL,3,45,70,5.385164807134504,True
MSLesSeg,P13_T2,CATMIL,3,46,49,2.0,True
MSLesSeg,P13_T2,CATMIL,3,47,37,1.4142135623730951,True
MSLesSeg,P13_T2,CATMIL,3,48,1,2.449489742783178,True
MSLesSeg,P13_T2,CATMIL,3,49,47,10.63014581273465,True
MSLesSeg,P13_T2,CATMIL,3,50,91,2.23606797749979,True
MSLesSeg,P13_T2,CATMIL,3,51,6,1.4142135623730951,False
MSLesSeg,P13_T2,CATMIL,3,52,272,2.8284271247461903,True
MSLesSeg,P13_T2,CATMIL,3,53,187,23.15167380558045,True
MSLesSeg,P13_T2,CATMIL,3,54,28,19.6468827043885,False
MSLesSeg,P13_T2,CATMIL,3,55,24,20.445048300260872,True
MSLesSeg,P13_T2,CATMIL,3,56,50,36.932370625238775,True
MSLesSeg,P13_T2,CATMIL,3,57,14,28.600699292150182,True
MSLesSeg,P13_T2,CATMIL,3,58,2,42.261093218230876,False
MSLesSeg,P13_T2,CATMIL,3,59,184,30.822070014844883,True
MSLesSeg,P13_T2,CATMIL,3,60,97,43.15089802078283,True
MSLesSeg,P13_T2,CATMIL,3,61,152,30.14962686336267,True
MSLesSeg,P13_T2,CATMIL,4,1,105,16.06237840420901,True
MSLesSeg,P13_T2,CATMIL,4,2,147,31.54362059117501,True
MSLesSeg,P13_T2,CATMIL,4,3,31,15.0,False
MSLesSeg,P13_T2,CATMIL,4,4,44,30.822070014844883,True
MSLesSeg,P13_T2,CATMIL,4,5,82,2.23606797749979,True
MSLesSeg,P13_T2,CATMIL,4,6,36,28.478061731796284,True
MSLesSeg,P13_T2,CATMIL,4,7,325,4.358898943540674,True
MSLesSeg,P13_T2,CATMIL,4,8,57,21.18962010041709,True
MSLesSeg,P13_T2,CATMIL,4,9,81,2.449489742783178,True
MSLesSeg,P13_T2,CATMIL,4,10,24,1.7320508075688772,True
MSLesSeg,P13_T2,CATMIL,4,11,1949,1.7320508075688772,True
MSLesSeg,P13_T2,CATMIL,4,12,86,2.449489742783178,True
MSLesSeg,P13_T2,CATMIL,4,13,45,33.97057550292606,True
MSLesSeg,P13_T2,CATMIL,4,14,92,11.224972160321824,True
MSLesSeg,P13_T2,CATMIL,4,15,225,4.123105625617661,True
MSLesSeg,P13_T2,CATMIL,4,16,2,2.449489742783178,True
MSLesSeg,P13_T2,CATMIL,4,17,528,1.4142135623730951,True
MSLesSeg,P13_T2,CATMIL,4,18,60,10.63014581273465,True
MSLesSeg,P13_T2,CATMIL,4,19,312,14.247806848775006,True
MSLesSeg,P13_T2,CATMIL,4,20,39,2.449489742783178,True
MSLesSeg,P13_T2,CATMIL,4,21,317,1.4142135623730951,True
MSLesSeg,P13_T2,CATMIL,4,22,111,1.7320508075688772,True
MSLesSeg,P13_T2,CATMIL,4,23,161,17.029386365926403,True
MSLesSeg,P13_T2,CATMIL,4,24,270,21.563858652847824,True
MSLesSeg,P13_T2,CATMIL,4,25,119,26.324893162176366,True
MSLesSeg,P13_T2,CATMIL,4,26,2,16.30950643030009,False
MSLesSeg,P13_T2,CATMIL,4,27,1,18.275666882497067,False
MSLesSeg,P13_T2,CATMIL,4,28,70,25.0,True
MSLesSeg,P13_T2,CATMIL,4,29,87,23.40939982143925,True
MSLesSeg,P13_T2,CATMIL,4,30,2,25.238858928247925,True
MSLesSeg,P13_T2,CATMIL,4,31,43,26.70205984563738,True
MSLesSeg,P13_T2,CATMIL,4,32,140,1.4142135623730951,True
MSLesSeg,P13_T2,CATMIL,4,33,739,1.4142135623730951,True
MSLesSeg,P13_T2,CATMIL,4,34,3,4.58257569495584,True
MSLesSeg,P13_T2,CATMIL,4,35,1014,1.4142135623730951,True
MSLesSeg,P13_T2,CATMIL,4,36,524,2.23606797749979,True
MSLesSeg,P13_T2,CATMIL,4,37,27,2.0,True
MSLesSeg,P13_T2,CATMIL,4,38,3,2.8284271247461903,True
MSLesSeg,P13_T2,CATMIL,4,39,871,2.0,True
MSLesSeg,P13_T2,CATMIL,4,40,45,3.0,True
MSLesSeg,P13_T2,CATMIL,4,41,36,3.0,True
MSLesSeg,P13_T2,CATMIL,4,42,19,3.0,True
MSLesSeg,P13_T2,CATMIL,4,43,68,10.344080432788601,True
MSLesSeg,P13_T2,CATMIL,4,44,15,9.486832980505138,True
MSLesSeg,P13_T2,CATMIL,4,45,70,5.385164807134504,True
MSLesSeg,P13_T2,CATMIL,4,46,49,2.0,True
MSLesSeg,P13_T2,CATMIL,4,47,37,1.4142135623730951,True
MSLesSeg,P13_T2,CATMIL,4,48,1,2.449489742783178,True
MSLesSeg,P13_T2,CATMIL,4,49,47,10.63014581273465,True
MSLesSeg,P13_T2,CATMIL,4,50,91,2.23606797749979,True
MSLesSeg,P13_T2,CATMIL,4,51,6,1.4142135623730951,True
MSLesSeg,P13_T2,CATMIL,4,52,272,2.8284271247461903,True
MSLesSeg,P13_T2,CATMIL,4,53,187,23.15167380558045,True
MSLesSeg,P13_T2,CATMIL,4,54,28,19.6468827043885,True
MSLesSeg,P13_T2,CATMIL,4,55,24,20.445048300260872,True
MSLesSeg,P13_T2,CATMIL,4,56,50,36.932370625238775,True
MSLesSeg,P13_T2,CATMIL,4,57,14,28.600699292150182,True
MSLesSeg,P13_T2,CATMIL,4,58,2,42.261093218230876,False
MSLesSeg,P13_T2,CATMIL,4,59,184,30.822070014844883,True
MSLesSeg,P13_T2,CATMIL,4,60,97,43.15089802078283,True
MSLesSeg,P13_T2,CATMIL,4,61,152,30.14962686336267,True
MSLesSeg,P13_T2,DiceCE,0,1,105,16.06237840420901,True
MSLesSeg,P13_T2,DiceCE,0,2,147,31.54362059117501,True
MSLesSeg,P13_T2,DiceCE,0,3,31,15.0,False
MSLesSeg,P13_T2,DiceCE,0,4,44,30.822070014844883,True
MSLesSeg,P13_T2,DiceCE,0,5,82,2.23606797749979,True
MSLesSeg,P13_T2,DiceCE,0,6,36,28.478061731796284,True
MSLesSeg,P13_T2,DiceCE,0,7,325,4.358898943540674,True
MSLesSeg,P13_T2,DiceCE,0,8,57,21.18962010041709,True
MSLesSeg,P13_T2,DiceCE,0,9,81,2.449489742783178,True
MSLesSeg,P13_T2,DiceCE,0,10,24,1.7320508075688772,True
MSLesSeg,P13_T2,DiceCE,0,11,1949,1.7320508075688772,True
MSLesSeg,P13_T2,DiceCE,0,12,86,2.449489742783178,True
MSLesSeg,P13_T2,DiceCE,0,13,45,33.97057550292606,True
MSLesSeg,P13_T2,DiceCE,0,14,92,11.224972160321824,True
MSLesSeg,P13_T2,DiceCE,0,15,225,4.123105625617661,True
MSLesSeg,P13_T2,DiceCE,0,16,2,2.449489742783178,True
MSLesSeg,P13_T2,DiceCE,0,17,528,1.4142135623730951,True
MSLesSeg,P13_T2,DiceCE,0,18,60,10.63014581273465,True
MSLesSeg,P13_T2,DiceCE,0,19,312,14.247806848775006,True
MSLesSeg,P13_T2,DiceCE,0,20,39,2.449489742783178,True
MSLesSeg,P13_T2,DiceCE,0,21,317,1.4142135623730951,True
MSLesSeg,P13_T2,DiceCE,0,22,111,1.7320508075688772,True
MSLesSeg,P13_T2,DiceCE,0,23,161,17.029386365926403,True
MSLesSeg,P13_T2,DiceCE,0,24,270,21.563858652847824,True
MSLesSeg,P13_T2,DiceCE,0,25,119,26.324893162176366,True
MSLesSeg,P13_T2,DiceCE,0,26,2,16.30950643030009,False
MSLesSeg,P13_T2,DiceCE,0,27,1,18.275666882497067,False
MSLesSeg,P13_T2,DiceCE,0,28,70,25.0,False
MSLesSeg,P13_T2,DiceCE,0,29,87,23.40939982143925,True
MSLesSeg,P13_T2,DiceCE,0,30,2,25.238858928247925,False
MSLesSeg,P13_T2,DiceCE,0,31,43,26.70205984563738,True
MSLesSeg,P13_T2,DiceCE,0,32,140,1.4142135623730951,True
MSLesSeg,P13_T2,DiceCE,0,33,739,1.4142135623730951,True
MSLesSeg,P13_T2,DiceCE,0,34,3,4.58257569495584,False
MSLesSeg,P13_T2,DiceCE,0,35,1014,1.4142135623730951,True
MSLesSeg,P13_T2,DiceCE,0,36,524,2.23606797749979,True
MSLesSeg,P13_T2,DiceCE,0,37,27,2.0,True
MSLesSeg,P13_T2,DiceCE,0,38,3,2.8284271247461903,True
MSLesSeg,P13_T2,DiceCE,0,39,871,2.0,True
MSLesSeg,P13_T2,DiceCE,0,40,45,3.0,True
MSLesSeg,P13_T2,DiceCE,0,41,36,3.0,True
MSLesSeg,P13_T2,DiceCE,0,42,19,3.0,True
MSLesSeg,P13_T2,DiceCE,0,43,68,10.344080432788601,True
MSLesSeg,P13_T2,DiceCE,0,44,15,9.486832980505138,True
MSLesSeg,P13_T2,DiceCE,0,45,70,5.385164807134504,True
MSLesSeg,P13_T2,DiceCE,0,46,49,2.0,True
MSLesSeg,P13_T2,DiceCE,0,47,37,1.4142135623730951,True
MSLesSeg,P13_T2,DiceCE,0,48,1,2.449489742783178,False
MSLesSeg,P13_T2,DiceCE,0,49,47,10.63014581273465,True
MSLesSeg,P13_T2,DiceCE,0,50,91,2.23606797749979,True
MSLesSeg,P13_T2,DiceCE,0,51,6,1.4142135623730951,False
MSLesSeg,P13_T2,DiceCE,0,52,272,2.8284271247461903,True
MSLesSeg,P13_T2,DiceCE,0,53,187,23.15167380558045,True
MSLesSeg,P13_T2,DiceCE,0,54,28,19.6468827043885,False
MSLesSeg,P13_T2,DiceCE,0,55,24,20.445048300260872,True
MSLesSeg,P13_T2,DiceCE,0,56,50,36.932370625238775,False
MSLesSeg,P13_T2,DiceCE,0,57,14,28.600699292150182,False
MSLesSeg,P13_T2,DiceCE,0,58,2,42.261093218230876,False
MSLesSeg,P13_T2,DiceCE,0,59,184,30.822070014844883,True
MSLesSeg,P13_T2,DiceCE,0,60,97,43.15089802078283,True
MSLesSeg,P13_T2,DiceCE,0,61,152,30.14962686336267,True
MSLesSeg,P13_T2,DiceCE,1,1,105,16.06237840420901,True
MSLesSeg,P13_T2,DiceCE,1,2,147,31.54362059117501,True
MSLesSeg,P13_T2,DiceCE,1,3,31,15.0,False
MSLesSeg,P13_T2,DiceCE,1,4,44,30.822070014844883,True
MSLesSeg,P13_T2,DiceCE,1,5,82,2.23606797749979,True
MSLesSeg,P13_T2,DiceCE,1,6,36,28.478061731796284,True
MSLesSeg,P13_T2,DiceCE,1,7,325,4.358898943540674,True
MSLesSeg,P13_T2,DiceCE,1,8,57,21.18962010041709,True
MSLesSeg,P13_T2,DiceCE,1,9,81,2.449489742783178,True
MSLesSeg,P13_T2,DiceCE,1,10,24,1.7320508075688772,True
MSLesSeg,P13_T2,DiceCE,1,11,1949,1.7320508075688772,True
MSLesSeg,P13_T2,DiceCE,1,12,86,2.449489742783178,True
MSLesSeg,P13_T2,DiceCE,1,13,45,33.97057550292606,True
MSLesSeg,P13_T2,DiceCE,1,14,92,11.224972160321824,True
MSLesSeg,P13_T2,DiceCE,1,15,225,4.123105625617661,True
MSLesSeg,P13_T2,DiceCE,1,16,2,2.449489742783178,True
MSLesSeg,P13_T2,DiceCE,1,17,528,1.4142135623730951,True
MSLesSeg,P13_T2,DiceCE,1,18,60,10.63014581273465,True
MSLesSeg,P13_T2,DiceCE,1,19,312,14.247806848775006,True
MSLesSeg,P13_T2,DiceCE,1,20,39,2.449489742783178,True
MSLesSeg,P13_T2,DiceCE,1,21,317,1.4142135623730951,True
MSLesSeg,P13_T2,DiceCE,1,22,111,1.7320508075688772,True
MSLesSeg,P13_T2,DiceCE,1,23,161,17.029386365926403,True
MSLesSeg,P13_T2,DiceCE,1,24,270,21.563858652847824,True
MSLesSeg,P13_T2,DiceCE,1,25,119,26.324893162176366,True
MSLesSeg,P13_T2,DiceCE,1,26,2,16.30950643030009,False
MSLesSeg,P13_T2,DiceCE,1,27,1,18.275666882497067,False
MSLesSeg,P13_T2,DiceCE,1,28,70,25.0,False
MSLesSeg,P13_T2,DiceCE,1,29,87,23.40939982143925,True
MSLesSeg,P13_T2,DiceCE,1,30,2,25.238858928247925,False
MSLesSeg,P13_T2,DiceCE,1,31,43,26.70205984563738,True
MSLesSeg,P13_T2,DiceCE,1,32,140,1.4142135623730951,True
MSLesSeg,P13_T2,DiceCE,1,33,739,1.4142135623730951,True
MSLesSeg,P13_T2,DiceCE,1,34,3,4.58257569495584,False
MSLesSeg,P13_T2,DiceCE,1,35,1014,1.4142135623730951,True
MSLesSeg,P13_T2,DiceCE,1,36,524,2.23606797749979,True
MSLesSeg,P13_T2,DiceCE,1,37,27,2.0,False
MSLesSeg,P13_T2,DiceCE,1,38,3,2.8284271247461903,True
MSLesSeg,P13_T2,DiceCE,1,39,871,2.0,True
MSLesSeg,P13_T2,DiceCE,1,40,45,3.0,True
MSLesSeg,P13_T2,DiceCE,1,41,36,3.0,True
MSLesSeg,P13_T2,DiceCE,1,42,19,3.0,True
MSLesSeg,P13_T2,DiceCE,1,43,68,10.344080432788601,True
MSLesSeg,P13_T2,DiceCE,1,44,15,9.486832980505138,True
MSLesSeg,P13_T2,DiceCE,1,45,70,5.385164807134504,True
MSLesSeg,P13_T2,DiceCE,1,46,49,2.0,True
MSLesSeg,P13_T2,DiceCE,1,47,37,1.4142135623730951,True
MSLesSeg,P13_T2,DiceCE,1,48,1,2.449489742783178,False
MSLesSeg,P13_T2,DiceCE,1,49,47,10.63014581273465,True
MSLesSeg,P13_T2,DiceCE,1,50,91,2.23606797749979,True
MSLesSeg,P13_T2,DiceCE,1,51,6,1.4142135623730951,True
MSLesSeg,P13_T2,DiceCE,1,52,272,2.8284271247461903,True
MSLesSeg,P13_T2,DiceCE,1,53,187,23.15167380558045,True
MSLesSeg,P13_T2,DiceCE,1,54,28,19.6468827043885,False
MSLesSeg,P13_T2,DiceCE,1,55,24,20.445048300260872,True
MSLesSeg,P13_T2,DiceCE,1,56,50,36.932370625238775,False
MSLesSeg,P13_T2,DiceCE,1,57,14,28.600699292150182,False
MSLesSeg,P13_T2,DiceCE,1,58,2,42.261093218230876,False
MSLesSeg,P13_T2,DiceCE,1,59,184,30.822070014844883,True
MSLesSeg,P13_T2,DiceCE,1,60,97,43.15089802078283,True
MSLesSeg,P13_T2,DiceCE,1,61,152,30.14962686336267,True
MSLesSeg,P13_T2,DiceCE,2,1,105,16.06237840420901,True
MSLesSeg,P13_T2,DiceCE,2,2,147,31.54362059117501,True
MSLesSeg,P13_T2,DiceCE,2,3,31,15.0,False
MSLesSeg,P13_T2,DiceCE,2,4,44,30.822070014844883,True
MSLesSeg,P13_T2,DiceCE,2,5,82,2.23606797749979,True
MSLesSeg,P13_T2,DiceCE,2,6,36,28.478061731796284,True
MSLesSeg,P13_T2,DiceCE,2,7,325,4.358898943540674,True
MSLesSeg,P13_T2,DiceCE,2,8,57,21.18962010041709,True
MSLesSeg,P13_T2,DiceCE,2,9,81,2.449489742783178,True
MSLesSeg,P13_T2,DiceCE,2,10,24,1.7320508075688772,False
MSLesSeg,P13_T2,DiceCE,2,11,1949,1.7320508075688772,True
MSLesSeg,P13_T2,DiceCE,2,12,86,2.449489742783178,True
MSLesSeg,P13_T2,DiceCE,2,13,45,33.97057550292606,True
MSLesSeg,P13_T2,DiceCE,2,14,92,11.224972160321824,True
MSLesSeg,P13_T2,DiceCE,2,15,225,4.123105625617661,True
MSLesSeg,P13_T2,DiceCE,2,16,2,2.449489742783178,True
MSLesSeg,P13_T2,DiceCE,2,17,528,1.4142135623730951,True
MSLesSeg,P13_T2,DiceCE,2,18,60,10.63014581273465,True
MSLesSeg,P13_T2,DiceCE,2,19,312,14.247806848775006,True
MSLesSeg,P13_T2,DiceCE,2,20,39,2.449489742783178,True
MSLesSeg,P13_T2,DiceCE,2,21,317,1.4142135623730951,True
MSLesSeg,P13_T2,DiceCE,2,22,111,1.7320508075688772,True
MSLesSeg,P13_T2,DiceCE,2,23,161,17.029386365926403,True
MSLesSeg,P13_T2,DiceCE,2,24,270,21.563858652847824,True
MSLesSeg,P13_T2,DiceCE,2,25,119,26.324893162176366,True
MSLesSeg,P13_T2,DiceCE,2,26,2,16.30950643030009,False
MSLesSeg,P13_T2,DiceCE,2,27,1,18.275666882497067,False
MSLesSeg,P13_T2,DiceCE,2,28,70,25.0,False
MSLesSeg,P13_T2,DiceCE,2,29,87,23.40939982143925,False
MSLesSeg,P13_T2,DiceCE,2,30,2,25.238858928247925,False
MSLesSeg,P13_T2,DiceCE,2,31,43,26.70205984563738,True
MSLesSeg,P13_T2,DiceCE,2,32,140,1.4142135623730951,True
MSLesSeg,P13_T2,DiceCE,2,33,739,1.4142135623730951,True
MSLesSeg,P13_T2,DiceCE,2,34,3,4.58257569495584,False
MSLesSeg,P13_T2,DiceCE,2,35,1014,1.4142135623730951,True
MSLesSeg,P13_T2,DiceCE,2,36,524,2.23606797749979,True
MSLesSeg,P13_T2,DiceCE,2,37,27,2.0,True
MSLesSeg,P13_T2,DiceCE,2,38,3,2.8284271247461903,False
MSLesSeg,P13_T2,DiceCE,2,39,871,2.0,True
MSLesSeg,P13_T2,DiceCE,2,40,45,3.0,True
MSLesSeg,P13_T2,DiceCE,2,41,36,3.0,False
MSLesSeg,P13_T2,DiceCE,2,42,19,3.0,True
MSLesSeg,P13_T2,DiceCE,2,43,68,10.344080432788601,True
MSLesSeg,P13_T2,DiceCE,2,44,15,9.486832980505138,True
MSLesSeg,P13_T2,DiceCE,2,45,70,5.385164807134504,True
MSLesSeg,P13_T2,DiceCE,2,46,49,2.0,True
MSLesSeg,P13_T2,DiceCE,2,47,37,1.4142135623730951,True
MSLesSeg,P13_T2,DiceCE,2,48,1,2.449489742783178,False
MSLesSeg,P13_T2,DiceCE,2,49,47,10.63014581273465,True
MSLesSeg,P13_T2,DiceCE,2,50,91,2.23606797749979,True
MSLesSeg,P13_T2,DiceCE,2,51,6,1.4142135623730951,False
MSLesSeg,P13_T2,DiceCE,2,52,272,2.8284271247461903,True
MSLesSeg,P13_T2,DiceCE,2,53,187,23.15167380558045,True
MSLesSeg,P13_T2,DiceCE,2,54,28,19.6468827043885,True
MSLesSeg,P13_T2,DiceCE,2,55,24,20.445048300260872,True
MSLesSeg,P13_T2,DiceCE,2,56,50,36.932370625238775,True
MSLesSeg,P13_T2,DiceCE,2,57,14,28.600699292150182,True
MSLesSeg,P13_T2,DiceCE,2,58,2,42.261093218230876,False
MSLesSeg,P13_T2,DiceCE,2,59,184,30.822070014844883,True
MSLesSeg,P13_T2,DiceCE,2,60,97,43.15089802078283,True
MSLesSeg,P13_T2,DiceCE,2,61,152,30.14962686336267,True
MSLesSeg,P13_T2,DiceCE,3,1,105,16.06237840420901,True
MSLesSeg,P13_T2,DiceCE,3,2,147,31.54362059117501,True
MSLesSeg,P13_T2,DiceCE,3,3,31,15.0,False
MSLesSeg,P13_T2,DiceCE,3,4,44,30.822070014844883,True
MSLesSeg,P13_T2,DiceCE,3,5,82,2.23606797749979,True
MSLesSeg,P13_T2,DiceCE,3,6,36,28.478061731796284,True
MSLesSeg,P13_T2,DiceCE,3,7,325,4.358898943540674,True
MSLesSeg,P13_T2,DiceCE,3,8,57,21.18962010041709,True
MSLesSeg,P13_T2,DiceCE,3,9,81,2.449489742783178,True
MSLesSeg,P13_T2,DiceCE,3,10,24,1.7320508075688772,False
MSLesSeg,P13_T2,DiceCE,3,11,1949,1.7320508075688772,True
MSLesSeg,P13_T2,DiceCE,3,12,86,2.449489742783178,True
MSLesSeg,P13_T2,DiceCE,3,13,45,33.97057550292606,True
MSLesSeg,P13_T2,DiceCE,3,14,92,11.224972160321824,True
MSLesSeg,P13_T2,DiceCE,3,15,225,4.123105625617661,True
MSLesSeg,P13_T2,DiceCE,3,16,2,2.449489742783178,True
MSLesSeg,P13_T2,DiceCE,3,17,528,1.4142135623730951,True
MSLesSeg,P13_T2,DiceCE,3,18,60,10.63014581273465,True
MSLesSeg,P13_T2,DiceCE,3,19,312,14.247806848775006,True
MSLesSeg,P13_T2,DiceCE,3,20,39,2.449489742783178,True
MSLesSeg,P13_T2,DiceCE,3,21,317,1.4142135623730951,True
MSLesSeg,P13_T2,DiceCE,3,22,111,1.7320508075688772,True
MSLesSeg,P13_T2,DiceCE,3,23,161,17.029386365926403,True
MSLesSeg,P13_T2,DiceCE,3,24,270,21.563858652847824,True
MSLesSeg,P13_T2,DiceCE,3,25,119,26.324893162176366,True
MSLesSeg,P13_T2,DiceCE,3,26,2,16.30950643030009,False
MSLesSeg,P13_T2,DiceCE,3,27,1,18.275666882497067,False
MSLesSeg,P13_T2,DiceCE,3,28,70,25.0,True
MSLesSeg,P13_T2,DiceCE,3,29,87,23.40939982143925,True
MSLesSeg,P13_T2,DiceCE,3,30,2,25.238858928247925,False
MSLesSeg,P13_T2,DiceCE,3,31,43,26.70205984563738,True
MSLesSeg,P13_T2,DiceCE,3,32,140,1.4142135623730951,True
MSLesSeg,P13_T2,DiceCE,3,33,739,1.4142135623730951,True
MSLesSeg,P13_T2,DiceCE,3,34,3,4.58257569495584,False
MSLesSeg,P13_T2,DiceCE,3,35,1014,1.4142135623730951,True
MSLesSeg,P13_T2,DiceCE,3,36,524,2.23606797749979,True
MSLesSeg,P13_T2,DiceCE,3,37,27,2.0,True
MSLesSeg,P13_T2,DiceCE,3,38,3,2.8284271247461903,False
MSLesSeg,P13_T2,DiceCE,3,39,871,2.0,True
MSLesSeg,P13_T2,DiceCE,3,40,45,3.0,True
MSLesSeg,P13_T2,DiceCE,3,41,36,3.0,True
MSLesSeg,P13_T2,DiceCE,3,42,19,3.0,True
MSLesSeg,P13_T2,DiceCE,3,43,68,10.344080432788601,True
MSLesSeg,P13_T2,DiceCE,3,44,15,9.486832980505138,True
MSLesSeg,P13_T2,DiceCE,3,45,70,5.385164807134504,True
MSLesSeg,P13_T2,DiceCE,3,46,49,2.0,True
MSLesSeg,P13_T2,DiceCE,3,47,37,1.4142135623730951,True
MSLesSeg,P13_T2,DiceCE,3,48,1,2.449489742783178,True
MSLesSeg,P13_T2,DiceCE,3,49,47,10.63014581273465,True
MSLesSeg,P13_T2,DiceCE,3,50,91,2.23606797749979,True
MSLesSeg,P13_T2,DiceCE,3,51,6,1.4142135623730951,False
MSLesSeg,P13_T2,DiceCE,3,52,272,2.8284271247461903,True
MSLesSeg,P13_T2,DiceCE,3,53,187,23.15167380558045,True
MSLesSeg,P13_T2,DiceCE,3,54,28,19.6468827043885,True
MSLesSeg,P13_T2,DiceCE,3,55,24,20.445048300260872,True
MSLesSeg,P13_T2,DiceCE,3,56,50,36.932370625238775,True
MSLesSeg,P13_T2,DiceCE,3,57,14,28.600699292150182,True
MSLesSeg,P13_T2,DiceCE,3,58,2,42.261093218230876,False
MSLesSeg,P13_T2,DiceCE,3,59,184,30.822070014844883,True
MSLesSeg,P13_T2,DiceCE,3,60,97,43.15089802078283,True
MSLesSeg,P13_T2,DiceCE,3,61,152,30.14962686336267,True
MSLesSeg,P13_T2,DiceCE,4,1,105,16.06237840420901,True
MSLesSeg,P13_T2,DiceCE,4,2,147,31.54362059117501,True
MSLesSeg,P13_T2,DiceCE,4,3,31,15.0,False
MSLesSeg,P13_T2,DiceCE,4,4,44,30.822070014844883,True
MSLesSeg,P13_T2,DiceCE,4,5,82,2.23606797749979,True
MSLesSeg,P13_T2,DiceCE,4,6,36,28.478061731796284,True
MSLesSeg,P13_T2,DiceCE,4,7,325,4.358898943540674,True
MSLesSeg,P13_T2,DiceCE,4,8,57,21.18962010041709,True
MSLesSeg,P13_T2,DiceCE,4,9,81,2.449489742783178,True
MSLesSeg,P13_T2,DiceCE,4,10,24,1.7320508075688772,False
MSLesSeg,P13_T2,DiceCE,4,11,1949,1.7320508075688772,True
MSLesSeg,P13_T2,DiceCE,4,12,86,2.449489742783178,True
MSLesSeg,P13_T2,DiceCE,4,13,45,33.97057550292606,True
MSLesSeg,P13_T2,DiceCE,4,14,92,11.224972160321824,True
MSLesSeg,P13_T2,DiceCE,4,15,225,4.123105625617661,True
MSLesSeg,P13_T2,DiceCE,4,16,2,2.449489742783178,True
MSLesSeg,P13_T2,DiceCE,4,17,528,1.4142135623730951,True
MSLesSeg,P13_T2,DiceCE,4,18,60,10.63014581273465,True
MSLesSeg,P13_T2,DiceCE,4,19,312,14.247806848775006,True
MSLesSeg,P13_T2,DiceCE,4,20,39,2.449489742783178,True
MSLesSeg,P13_T2,DiceCE,4,21,317,1.4142135623730951,True
MSLesSeg,P13_T2,DiceCE,4,22,111,1.7320508075688772,True
MSLesSeg,P13_T2,DiceCE,4,23,161,17.029386365926403,True
MSLesSeg,P13_T2,DiceCE,4,24,270,21.563858652847824,True
MSLesSeg,P13_T2,DiceCE,4,25,119,26.324893162176366,True
MSLesSeg,P13_T2,DiceCE,4,26,2,16.30950643030009,False
MSLesSeg,P13_T2,DiceCE,4,27,1,18.275666882497067,False
MSLesSeg,P13_T2,DiceCE,4,28,70,25.0,False
MSLesSeg,P13_T2,DiceCE,4,29,87,23.40939982143925,True
MSLesSeg,P13_T2,DiceCE,4,30,2,25.238858928247925,False
MSLesSeg,P13_T2,DiceCE,4,31,43,26.70205984563738,True
MSLesSeg,P13_T2,DiceCE,4,32,140,1.4142135623730951,True
MSLesSeg,P13_T2,DiceCE,4,33,739,1.4142135623730951,True
MSLesSeg,P13_T2,DiceCE,4,34,3,4.58257569495584,False
MSLesSeg,P13_T2,DiceCE,4,35,1014,1.4142135623730951,True
MSLesSeg,P13_T2,DiceCE,4,36,524,2.23606797749979,True
MSLesSeg,P13_T2,DiceCE,4,37,27,2.0,True
MSLesSeg,P13_T2,DiceCE,4,38,3,2.8284271247461903,False
MSLesSeg,P13_T2,DiceCE,4,39,871,2.0,True
MSLesSeg,P13_T2,DiceCE,4,40,45,3.0,True
MSLesSeg,P13_T2,DiceCE,4,41,36,3.0,True
MSLesSeg,P13_T2,DiceCE,4,42,19,3.0,True
MSLesSeg,P13_T2,DiceCE,4,43,68,10.344080432788601,True
MSLesSeg,P13_T2,DiceCE,4,44,15,9.486832980505138,True
MSLesSeg,P13_T2,DiceCE,4,45,70,5.385164807134504,True
MSLesSeg,P13_T2,DiceCE,4,46,49,2.0,True
MSLesSeg,P13_T2,DiceCE,4,47,37,1.4142135623730951,True
MSLesSeg,P13_T2,DiceCE,4,48,1,2.449489742783178,True
MSLesSeg,P13_T2,DiceCE,4,49,47,10.63014581273465,True
MSLesSeg,P13_T2,DiceCE,4,50,91,2.23606797749979,True
MSLesSeg,P13_T2,DiceCE,4,51,6,1.4142135623730951,True
MSLesSeg,P13_T2,DiceCE,4,52,272,2.8284271247461903,True
MSLesSeg,P13_T2,DiceCE,4,53,187,23.15167380558045,True
MSLesSeg,P13_T2,DiceCE,4,54,28,19.6468827043885,True
MSLesSeg,P13_T2,DiceCE,4,55,24,20.445048300260872,True
MSLesSeg,P13_T2,DiceCE,4,56,50,36.932370625238775,True
MSLesSeg,P13_T2,DiceCE,4,57,14,28.600699292150182,True
MSLesSeg,P13_T2,DiceCE,4,58,2,42.261093218230876,False
MSLesSeg,P13_T2,DiceCE,4,59,184,30.822070014844883,True
MSLesSeg,P13_T2,DiceCE,4,60,97,43.15089802078283,True
MSLesSeg,P13_T2,DiceCE,4,61,152,30.14962686336267,True
MSLesSeg,P13_T2,Tversky,0,1,105,16.06237840420901,True
MSLesSeg,P13_T2,Tversky,0,2,147,31.54362059117501,True
MSLesSeg,P13_T2,Tversky,0,3,31,15.0,False
MSLesSeg,P13_T2,Tversky,0,4,44,30.822070014844883,True
MSLesSeg,P13_T2,Tversky,0,5,82,2.23606797749979,True
MSLesSeg,P13_T2,Tversky,0,6,36,28.478061731796284,True
MSLesSeg,P13_T2,Tversky,0,7,325,4.358898943540674,True
MSLesSeg,P13_T2,Tversky,0,8,57,21.18962010041709,True
MSLesSeg,P13_T2,Tversky,0,9,81,2.449489742783178,True
MSLesSeg,P13_T2,Tversky,0,10,24,1.7320508075688772,True
MSLesSeg,P13_T2,Tversky,0,11,1949,1.7320508075688772,True
MSLesSeg,P13_T2,Tversky,0,12,86,2.449489742783178,True
MSLesSeg,P13_T2,Tversky,0,13,45,33.97057550292606,True
MSLesSeg,P13_T2,Tversky,0,14,92,11.224972160321824,True
MSLesSeg,P13_T2,Tversky,0,15,225,4.123105625617661,True
MSLesSeg,P13_T2,Tversky,0,16,2,2.449489742783178,True
MSLesSeg,P13_T2,Tversky,0,17,528,1.4142135623730951,True
MSLesSeg,P13_T2,Tversky,0,18,60,10.63014581273465,True
MSLesSeg,P13_T2,Tversky,0,19,312,14.247806848775006,True
MSLesSeg,P13_T2,Tversky,0,20,39,2.449489742783178,True
MSLesSeg,P13_T2,Tversky,0,21,317,1.4142135623730951,True
MSLesSeg,P13_T2,Tversky,0,22,111,1.7320508075688772,True
MSLesSeg,P13_T2,Tversky,0,23,161,17.029386365926403,True
MSLesSeg,P13_T2,Tversky,0,24,270,21.563858652847824,True
MSLesSeg,P13_T2,Tversky,0,25,119,26.324893162176366,True
MSLesSeg,P13_T2,Tversky,0,26,2,16.30950643030009,False
MSLesSeg,P13_T2,Tversky,0,27,1,18.275666882497067,False
MSLesSeg,P13_T2,Tversky,0,28,70,25.0,False
MSLesSeg,P13_T2,Tversky,0,29,87,23.40939982143925,True
MSLesSeg,P13_T2,Tversky,0,30,2,25.238858928247925,False
MSLesSeg,P13_T2,Tversky,0,31,43,26.70205984563738,True
MSLesSeg,P13_T2,Tversky,0,32,140,1.4142135623730951,True
MSLesSeg,P13_T2,Tversky,0,33,739,1.4142135623730951,True
MSLesSeg,P13_T2,Tversky,0,34,3,4.58257569495584,False
MSLesSeg,P13_T2,Tversky,0,35,1014,1.4142135623730951,True
MSLesSeg,P13_T2,Tversky,0,36,524,2.23606797749979,True
MSLesSeg,P13_T2,Tversky,0,37,27,2.0,True
MSLesSeg,P13_T2,Tversky,0,38,3,2.8284271247461903,False
MSLesSeg,P13_T2,Tversky,0,39,871,2.0,True
MSLesSeg,P13_T2,Tversky,0,40,45,3.0,True
MSLesSeg,P13_T2,Tversky,0,41,36,3.0,True
MSLesSeg,P13_T2,Tversky,0,42,19,3.0,True
MSLesSeg,P13_T2,Tversky,0,43,68,10.344080432788601,True
MSLesSeg,P13_T2,Tversky,0,44,15,9.486832980505138,True
MSLesSeg,P13_T2,Tversky,0,45,70,5.385164807134504,True
MSLesSeg,P13_T2,Tversky,0,46,49,2.0,True
MSLesSeg,P13_T2,Tversky,0,47,37,1.4142135623730951,True
MSLesSeg,P13_T2,Tversky,0,48,1,2.449489742783178,True
MSLesSeg,P13_T2,Tversky,0,49,47,10.63014581273465,True
MSLesSeg,P13_T2,Tversky,0,50,91,2.23606797749979,True
MSLesSeg,P13_T2,Tversky,0,51,6,1.4142135623730951,True
MSLesSeg,P13_T2,Tversky,0,52,272,2.8284271247461903,True
MSLesSeg,P13_T2,Tversky,0,53,187,23.15167380558045,True
MSLesSeg,P13_T2,Tversky,0,54,28,19.6468827043885,True
MSLesSeg,P13_T2,Tversky,0,55,24,20.445048300260872,True
MSLesSeg,P13_T2,Tversky,0,56,50,36.932370625238775,True
MSLesSeg,P13_T2,Tversky,0,57,14,28.600699292150182,False
MSLesSeg,P13_T2,Tversky,0,58,2,42.261093218230876,False
MSLesSeg,P13_T2,Tversky,0,59,184,30.822070014844883,True
MSLesSeg,P13_T2,Tversky,0,60,97,43.15089802078283,True
MSLesSeg,P13_T2,Tversky,0,61,152,30.14962686336267,True
MSLesSeg,P13_T2,Tversky,1,1,105,16.06237840420901,True
MSLesSeg,P13_T2,Tversky,1,2,147,31.54362059117501,True
MSLesSeg,P13_T2,Tversky,1,3,31,15.0,False
MSLesSeg,P13_T2,Tversky,1,4,44,30.822070014844883,True
MSLesSeg,P13_T2,Tversky,1,5,82,2.23606797749979,True
MSLesSeg,P13_T2,Tversky,1,6,36,28.478061731796284,True
MSLesSeg,P13_T2,Tversky,1,7,325,4.358898943540674,True
MSLesSeg,P13_T2,Tversky,1,8,57,21.18962010041709,True
MSLesSeg,P13_T2,Tversky,1,9,81,2.449489742783178,True
MSLesSeg,P13_T2,Tversky,1,10,24,1.7320508075688772,True
MSLesSeg,P13_T2,Tversky,1,11,1949,1.7320508075688772,True
MSLesSeg,P13_T2,Tversky,1,12,86,2.449489742783178,True
MSLesSeg,P13_T2,Tversky,1,13,45,33.97057550292606,True
MSLesSeg,P13_T2,Tversky,1,14,92,11.224972160321824,True
MSLesSeg,P13_T2,Tversky,1,15,225,4.123105625617661,True
MSLesSeg,P13_T2,Tversky,1,16,2,2.449489742783178,True
MSLesSeg,P13_T2,Tversky,1,17,528,1.4142135623730951,True
MSLesSeg,P13_T2,Tversky,1,18,60,10.63014581273465,True
MSLesSeg,P13_T2,Tversky,1,19,312,14.247806848775006,True
MSLesSeg,P13_T2,Tversky,1,20,39,2.449489742783178,True
MSLesSeg,P13_T2,Tversky,1,21,317,1.4142135623730951,True
MSLesSeg,P13_T2,Tversky,1,22,111,1.7320508075688772,True
MSLesSeg,P13_T2,Tversky,1,23,161,17.029386365926403,True
MSLesSeg,P13_T2,Tversky,1,24,270,21.563858652847824,True
MSLesSeg,P13_T2,Tversky,1,25,119,26.324893162176366,True
MSLesSeg,P13_T2,Tversky,1,26,2,16.30950643030009,False
MSLesSeg,P13_T2,Tversky,1,27,1,18.275666882497067,False
MSLesSeg,P13_T2,Tversky,1,28,70,25.0,False
MSLesSeg,P13_T2,Tversky,1,29,87,23.40939982143925,True
MSLesSeg,P13_T2,Tversky,1,30,2,25.238858928247925,False
MSLesSeg,P13_T2,Tversky,1,31,43,26.70205984563738,True
MSLesSeg,P13_T2,Tversky,1,32,140,1.4142135623730951,True
MSLesSeg,P13_T2,Tversky,1,33,739,1.4142135623730951,True
MSLesSeg,P13_T2,Tversky,1,34,3,4.58257569495584,False
MSLesSeg,P13_T2,Tversky,1,35,1014,1.4142135623730951,True
MSLesSeg,P13_T2,Tversky,1,36,524,2.23606797749979,True
MSLesSeg,P13_T2,Tversky,1,37,27,2.0,True
MSLesSeg,P13_T2,Tversky,1,38,3,2.8284271247461903,True
MSLesSeg,P13_T2,Tversky,1,39,871,2.0,True
MSLesSeg,P13_T2,Tversky,1,40,45,3.0,True
MSLesSeg,P13_T2,Tversky,1,41,36,3.0,True
MSLesSeg,P13_T2,Tversky,1,42,19,3.0,True
MSLesSeg,P13_T2,Tversky,1,43,68,10.344080432788601,True
MSLesSeg,P13_T2,Tversky,1,44,15,9.486832980505138,True
MSLesSeg,P13_T2,Tversky,1,45,70,5.385164807134504,True
MSLesSeg,P13_T2,Tversky,1,46,49,2.0,True
MSLesSeg,P13_T2,Tversky,1,47,37,1.4142135623730951,True
MSLesSeg,P13_T2,Tversky,1,48,1,2.449489742783178,True
MSLesSeg,P13_T2,Tversky,1,49,47,10.63014581273465,True
MSLesSeg,P13_T2,Tversky,1,50,91,2.23606797749979,True
MSLesSeg,P13_T2,Tversky,1,51,6,1.4142135623730951,True
MSLesSeg,P13_T2,Tversky,1,52,272,2.8284271247461903,True
MSLesSeg,P13_T2,Tversky,1,53,187,23.15167380558045,True
MSLesSeg,P13_T2,Tversky,1,54,28,19.6468827043885,False
MSLesSeg,P13_T2,Tversky,1,55,24,20.445048300260872,True
MSLesSeg,P13_T2,Tversky,1,56,50,36.932370625238775,True
MSLesSeg,P13_T2,Tversky,1,57,14,28.600699292150182,True
MSLesSeg,P13_T2,Tversky,1,58,2,42.261093218230876,False
MSLesSeg,P13_T2,Tversky,1,59,184,30.822070014844883,True
MSLesSeg,P13_T2,Tversky,1,60,97,43.15089802078283,True
MSLesSeg,P13_T2,Tversky,1,61,152,30.14962686336267,True
MSLesSeg,P13_T2,Tversky,2,1,105,16.06237840420901,True
MSLesSeg,P13_T2,Tversky,2,2,147,31.54362059117501,True
MSLesSeg,P13_T2,Tversky,2,3,31,15.0,False
MSLesSeg,P13_T2,Tversky,2,4,44,30.822070014844883,True
MSLesSeg,P13_T2,Tversky,2,5,82,2.23606797749979,True
MSLesSeg,P13_T2,Tversky,2,6,36,28.478061731796284,True
MSLesSeg,P13_T2,Tversky,2,7,325,4.358898943540674,True
MSLesSeg,P13_T2,Tversky,2,8,57,21.18962010041709,True
MSLesSeg,P13_T2,Tversky,2,9,81,2.449489742783178,True
MSLesSeg,P13_T2,Tversky,2,10,24,1.7320508075688772,True
MSLesSeg,P13_T2,Tversky,2,11,1949,1.7320508075688772,True
MSLesSeg,P13_T2,Tversky,2,12,86,2.449489742783178,True
MSLesSeg,P13_T2,Tversky,2,13,45,33.97057550292606,True
MSLesSeg,P13_T2,Tversky,2,14,92,11.224972160321824,True
MSLesSeg,P13_T2,Tversky,2,15,225,4.123105625617661,True
MSLesSeg,P13_T2,Tversky,2,16,2,2.449489742783178,True
MSLesSeg,P13_T2,Tversky,2,17,528,1.4142135623730951,True
MSLesSeg,P13_T2,Tversky,2,18,60,10.63014581273465,True
MSLesSeg,P13_T2,Tversky,2,19,312,14.247806848775006,True
MSLesSeg,P13_T2,Tversky,2,20,39,2.449489742783178,True
MSLesSeg,P13_T2,Tversky,2,21,317,1.4142135623730951,True
MSLesSeg,P13_T2,Tversky,2,22,111,1.7320508075688772,True
MSLesSeg,P13_T2,Tversky,2,23,161,17.029386365926403,True
MSLesSeg,P13_T2,Tversky,2,24,270,21.563858652847824,True
MSLesSeg,P13_T2,Tversky,2,25,119,26.324893162176366,True
MSLesSeg,P13_T2,Tversky,2,26,2,16.30950643030009,False
MSLesSeg,P13_T2,Tversky,2,27,1,18.275666882497067,False
MSLesSeg,P13_T2,Tversky,2,28,70,25.0,False
MSLesSeg,P13_T2,Tversky,2,29,87,23.40939982143925,True
MSLesSeg,P13_T2,Tversky,2,30,2,25.238858928247925,False
MSLesSeg,P13_T2,Tversky,2,31,43,26.70205984563738,True
MSLesSeg,P13_T2,Tversky,2,32,140,1.4142135623730951,True
MSLesSeg,P13_T2,Tversky,2,33,739,1.4142135623730951,True
MSLesSeg,P13_T2,Tversky,2,34,3,4.58257569495584,False
MSLesSeg,P13_T2,Tversky,2,35,1014,1.4142135623730951,True
MSLesSeg,P13_T2,Tversky,2,36,524,2.23606797749979,True
MSLesSeg,P13_T2,Tversky,2,37,27,2.0,True
MSLesSeg,P13_T2,Tversky,2,38,3,2.8284271247461903,True
MSLesSeg,P13_T2,Tversky,2,39,871,2.0,True
MSLesSeg,P13_T2,Tversky,2,40,45,3.0,True
MSLesSeg,P13_T2,Tversky,2,41,36,3.0,True
MSLesSeg,P13_T2,Tversky,2,42,19,3.0,True
MSLesSeg,P13_T2,Tversky,2,43,68,10.344080432788601,True
MSLesSeg,P13_T2,Tversky,2,44,15,9.486832980505138,True
MSLesSeg,P13_T2,Tversky,2,45,70,5.385164807134504,True
MSLesSeg,P13_T2,Tversky,2,46,49,2.0,True
MSLesSeg,P13_T2,Tversky,2,47,37,1.4142135623730951,True
MSLesSeg,P13_T2,Tversky,2,48,1,2.449489742783178,False
MSLesSeg,P13_T2,Tversky,2,49,47,10.63014581273465,True
MSLesSeg,P13_T2,Tversky,2,50,91,2.23606797749979,True
MSLesSeg,P13_T2,Tversky,2,51,6,1.4142135623730951,True
MSLesSeg,P13_T2,Tversky,2,52,272,2.8284271247461903,True
MSLesSeg,P13_T2,Tversky,2,53,187,23.15167380558045,True
MSLesSeg,P13_T2,Tversky,2,54,28,19.6468827043885,True
MSLesSeg,P13_T2,Tversky,2,55,24,20.445048300260872,True
MSLesSeg,P13_T2,Tversky,2,56,50,36.932370625238775,False
MSLesSeg,P13_T2,Tversky,2,57,14,28.600699292150182,False
MSLesSeg,P13_T2,Tversky,2,58,2,42.261093218230876,False
MSLesSeg,P13_T2,Tversky,2,59,184,30.822070014844883,True
MSLesSeg,P13_T2,Tversky,2,60,97,43.15089802078283,True
MSLesSeg,P13_T2,Tversky,2,61,152,30.14962686336267,True
MSLesSeg,P13_T2,Tversky,3,1,105,16.06237840420901,True
MSLesSeg,P13_T2,Tversky,3,2,147,31.54362059117501,True
MSLesSeg,P13_T2,Tversky,3,3,31,15.0,False
MSLesSeg,P13_T2,Tversky,3,4,44,30.822070014844883,True
MSLesSeg,P13_T2,Tversky,3,5,82,2.23606797749979,True
MSLesSeg,P13_T2,Tversky,3,6,36,28.478061731796284,True
MSLesSeg,P13_T2,Tversky,3,7,325,4.358898943540674,True
MSLesSeg,P13_T2,Tversky,3,8,57,21.18962010041709,True
MSLesSeg,P13_T2,Tversky,3,9,81,2.449489742783178,True
MSLesSeg,P13_T2,Tversky,3,10,24,1.7320508075688772,True
MSLesSeg,P13_T2,Tversky,3,11,1949,1.7320508075688772,True
MSLesSeg,P13_T2,Tversky,3,12,86,2.449489742783178,True
MSLesSeg,P13_T2,Tversky,3,13,45,33.97057550292606,True
MSLesSeg,P13_T2,Tversky,3,14,92,11.224972160321824,True
MSLesSeg,P13_T2,Tversky,3,15,225,4.123105625617661,True
MSLesSeg,P13_T2,Tversky,3,16,2,2.449489742783178,True
MSLesSeg,P13_T2,Tversky,3,17,528,1.4142135623730951,True
MSLesSeg,P13_T2,Tversky,3,18,60,10.63014581273465,True
MSLesSeg,P13_T2,Tversky,3,19,312,14.247806848775006,True
MSLesSeg,P13_T2,Tversky,3,20,39,2.449489742783178,True
MSLesSeg,P13_T2,Tversky,3,21,317,1.4142135623730951,True
MSLesSeg,P13_T2,Tversky,3,22,111,1.7320508075688772,True
MSLesSeg,P13_T2,Tversky,3,23,161,17.029386365926403,True
MSLesSeg,P13_T2,Tversky,3,24,270,21.563858652847824,True
MSLesSeg,P13_T2,Tversky,3,25,119,26.324893162176366,True
MSLesSeg,P13_T2,Tversky,3,26,2,16.30950643030009,False
MSLesSeg,P13_T2,Tversky,3,27,1,18.275666882497067,False
MSLesSeg,P13_T2,Tversky,3,28,70,25.0,True
MSLesSeg,P13_T2,Tversky,3,29,87,23.40939982143925,True
MSLesSeg,P13_T2,Tversky,3,30,2,25.238858928247925,False
MSLesSeg,P13_T2,Tversky,3,31,43,26.70205984563738,True
MSLesSeg,P13_T2,Tversky,3,32,140,1.4142135623730951,True
MSLesSeg,P13_T2,Tversky,3,33,739,1.4142135623730951,True
MSLesSeg,P13_T2,Tversky,3,34,3,4.58257569495584,True
MSLesSeg,P13_T2,Tversky,3,35,1014,1.4142135623730951,True
MSLesSeg,P13_T2,Tversky,3,36,524,2.23606797749979,True
MSLesSeg,P13_T2,Tversky,3,37,27,2.0,True
MSLesSeg,P13_T2,Tversky,3,38,3,2.8284271247461903,False
MSLesSeg,P13_T2,Tversky,3,39,871,2.0,True
MSLesSeg,P13_T2,Tversky,3,40,45,3.0,True
MSLesSeg,P13_T2,Tversky,3,41,36,3.0,True
MSLesSeg,P13_T2,Tversky,3,42,19,3.0,True
MSLesSeg,P13_T2,Tversky,3,43,68,10.344080432788601,True
MSLesSeg,P13_T2,Tversky,3,44,15,9.486832980505138,True
MSLesSeg,P13_T2,Tversky,3,45,70,5.385164807134504,True
MSLesSeg,P13_T2,Tversky,3,46,49,2.0,True
MSLesSeg,P13_T2,Tversky,3,47,37,1.4142135623730951,True
MSLesSeg,P13_T2,Tversky,3,48,1,2.449489742783178,True
MSLesSeg,P13_T2,Tversky,3,49,47,10.63014581273465,True
MSLesSeg,P13_T2,Tversky,3,50,91,2.23606797749979,True
MSLesSeg,P13_T2,Tversky,3,51,6,1.4142135623730951,True
MSLesSeg,P13_T2,Tversky,3,52,272,2.8284271247461903,True
MSLesSeg,P13_T2,Tversky,3,53,187,23.15167380558045,True
MSLesSeg,P13_T2,Tversky,3,54,28,19.6468827043885,False
MSLesSeg,P13_T2,Tversky,3,55,24,20.445048300260872,True
MSLesSeg,P13_T2,Tversky,3,56,50,36.932370625238775,True
MSLesSeg,P13_T2,Tversky,3,57,14,28.600699292150182,True
MSLesSeg,P13_T2,Tversky,3,58,2,42.261093218230876,False
MSLesSeg,P13_T2,Tversky,3,59,184,30.822070014844883,True
MSLesSeg,P13_T2,Tversky,3,60,97,43.15089802078283,True
MSLesSeg,P13_T2,Tversky,3,61,152,30.14962686336267,True
MSLesSeg,P13_T2,Tversky,4,1,105,16.06237840420901,True
MSLesSeg,P13_T2,Tversky,4,2,147,31.54362059117501,True
MSLesSeg,P13_T2,Tversky,4,3,31,15.0,False
MSLesSeg,P13_T2,Tversky,4,4,44,30.822070014844883,True
MSLesSeg,P13_T2,Tversky,4,5,82,2.23606797749979,True
MSLesSeg,P13_T2,Tversky,4,6,36,28.478061731796284,True
MSLesSeg,P13_T2,Tversky,4,7,325,4.358898943540674,True
MSLesSeg,P13_T2,Tversky,4,8,57,21.18962010041709,True
MSLesSeg,P13_T2,Tversky,4,9,81,2.449489742783178,True
MSLesSeg,P13_T2,Tversky,4,10,24,1.7320508075688772,True
MSLesSeg,P13_T2,Tversky,4,11,1949,1.7320508075688772,True
MSLesSeg,P13_T2,Tversky,4,12,86,2.449489742783178,True
MSLesSeg,P13_T2,Tversky,4,13,45,33.97057550292606,True
MSLesSeg,P13_T2,Tversky,4,14,92,11.224972160321824,True
MSLesSeg,P13_T2,Tversky,4,15,225,4.123105625617661,True
MSLesSeg,P13_T2,Tversky,4,16,2,2.449489742783178,True
MSLesSeg,P13_T2,Tversky,4,17,528,1.4142135623730951,True
MSLesSeg,P13_T2,Tversky,4,18,60,10.63014581273465,True
MSLesSeg,P13_T2,Tversky,4,19,312,14.247806848775006,True
MSLesSeg,P13_T2,Tversky,4,20,39,2.449489742783178,True
MSLesSeg,P13_T2,Tversky,4,21,317,1.4142135623730951,True
MSLesSeg,P13_T2,Tversky,4,22,111,1.7320508075688772,True
MSLesSeg,P13_T2,Tversky,4,23,161,17.029386365926403,True
MSLesSeg,P13_T2,Tversky,4,24,270,21.563858652847824,True
MSLesSeg,P13_T2,Tversky,4,25,119,26.324893162176366,True
MSLesSeg,P13_T2,Tversky,4,26,2,16.30950643030009,False
MSLesSeg,P13_T2,Tversky,4,27,1,18.275666882497067,False
MSLesSeg,P13_T2,Tversky,4,28,70,25.0,True
MSLesSeg,P13_T2,Tversky,4,29,87,23.40939982143925,True
MSLesSeg,P13_T2,Tversky,4,30,2,25.238858928247925,False
MSLesSeg,P13_T2,Tversky,4,31,43,26.70205984563738,True
MSLesSeg,P13_T2,Tversky,4,32,140,1.4142135623730951,True
MSLesSeg,P13_T2,Tversky,4,33,739,1.4142135623730951,True
MSLesSeg,P13_T2,Tversky,4,34,3,4.58257569495584,False
MSLesSeg,P13_T2,Tversky,4,35,1014,1.4142135623730951,True
MSLesSeg,P13_T2,Tversky,4,36,524,2.23606797749979,True
MSLesSeg,P13_T2,Tversky,4,37,27,2.0,True
MSLesSeg,P13_T2,Tversky,4,38,3,2.8284271247461903,True
MSLesSeg,P13_T2,Tversky,4,39,871,2.0,True
MSLesSeg,P13_T2,Tversky,4,40,45,3.0,True
MSLesSeg,P13_T2,Tversky,4,41,36,3.0,True
MSLesSeg,P13_T2,Tversky,4,42,19,3.0,True
MSLesSeg,P13_T2,Tversky,4,43,68,10.344080432788601,True
MSLesSeg,P13_T2,Tversky,4,44,15,9.486832980505138,True
MSLesSeg,P13_T2,Tversky,4,45,70,5.385164807134504,True
MSLesSeg,P13_T2,Tversky,4,46,49,2.0,True
MSLesSeg,P13_T2,Tversky,4,47,37,1.4142135623730951,True
MSLesSeg,P13_T2,Tversky,4,48,1,2.449489742783178,True
MSLesSeg,P13_T2,Tversky,4,49,47,10.63014581273465,True
MSLesSeg,P13_T2,Tversky,4,50,91,2.23606797749979,True
MSLesSeg,P13_T2,Tversky,4,51,6,1.4142135623730951,True
MSLesSeg,P13_T2,Tversky,4,52,272,2.8284271247461903,True
MSLesSeg,P13_T2,Tversky,4,53,187,23.15167380558045,True
MSLesSeg,P13_T2,Tversky,4,54,28,19.6468827043885,True
MSLesSeg,P13_T2,Tversky,4,55,24,20.445048300260872,True
MSLesSeg,P13_T2,Tversky,4,56,50,36.932370625238775,True
MSLesSeg,P13_T2,Tversky,4,57,14,28.600699292150182,True
MSLesSeg,P13_T2,Tversky,4,58,2,42.261093218230876,False
MSLesSeg,P13_T2,Tversky,4,59,184,30.822070014844883,True
MSLesSeg,P13_T2,Tversky,4,60,97,43.15089802078283,True
MSLesSeg,P13_T2,Tversky,4,61,152,30.14962686336267,True
MSLesSeg,P13_T2,FocalTversky,0,1,105,16.06237840420901,True
MSLesSeg,P13_T2,FocalTversky,0,2,147,31.54362059117501,True
MSLesSeg,P13_T2,FocalTversky,0,3,31,15.0,False
MSLesSeg,P13_T2,FocalTversky,0,4,44,30.822070014844883,True
MSLesSeg,P13_T2,FocalTversky,0,5,82,2.23606797749979,True
MSLesSeg,P13_T2,FocalTversky,0,6,36,28.478061731796284,True
MSLesSeg,P13_T2,FocalTversky,0,7,325,4.358898943540674,True
MSLesSeg,P13_T2,FocalTversky,0,8,57,21.18962010041709,True
MSLesSeg,P13_T2,FocalTversky,0,9,81,2.449489742783178,True
MSLesSeg,P13_T2,FocalTversky,0,10,24,1.7320508075688772,True
MSLesSeg,P13_T2,FocalTversky,0,11,1949,1.7320508075688772,True
MSLesSeg,P13_T2,FocalTversky,0,12,86,2.449489742783178,True
MSLesSeg,P13_T2,FocalTversky,0,13,45,33.97057550292606,True
MSLesSeg,P13_T2,FocalTversky,0,14,92,11.224972160321824,True
MSLesSeg,P13_T2,FocalTversky,0,15,225,4.123105625617661,True
MSLesSeg,P13_T2,FocalTversky,0,16,2,2.449489742783178,True
MSLesSeg,P13_T2,FocalTversky,0,17,528,1.4142135623730951,True
MSLesSeg,P13_T2,FocalTversky,0,18,60,10.63014581273465,True
MSLesSeg,P13_T2,FocalTversky,0,19,312,14.247806848775006,True
MSLesSeg,P13_T2,FocalTversky,0,20,39,2.449489742783178,True
MSLesSeg,P13_T2,FocalTversky,0,21,317,1.4142135623730951,True
MSLesSeg,P13_T2,FocalTversky,0,22,111,1.7320508075688772,True
MSLesSeg,P13_T2,FocalTversky,0,23,161,17.029386365926403,True
MSLesSeg,P13_T2,FocalTversky,0,24,270,21.563858652847824,True
MSLesSeg,P13_T2,FocalTversky,0,25,119,26.324893162176366,True
MSLesSeg,P13_T2,FocalTversky,0,26,2,16.30950643030009,False
MSLesSeg,P13_T2,FocalTversky,0,27,1,18.275666882497067,False
MSLesSeg,P13_T2,FocalTversky,0,28,70,25.0,False
MSLesSeg,P13_T2,FocalTversky,0,29,87,23.40939982143925,True
MSLesSeg,P13_T2,FocalTversky,0,30,2,25.238858928247925,False
MSLesSeg,P13_T2,FocalTversky,0,31,43,26.70205984563738,True
MSLesSeg,P13_T2,FocalTversky,0,32,140,1.4142135623730951,True
MSLesSeg,P13_T2,FocalTversky,0,33,739,1.4142135623730951,True
MSLesSeg,P13_T2,FocalTversky,0,34,3,4.58257569495584,False
MSLesSeg,P13_T2,FocalTversky,0,35,1014,1.4142135623730951,True
MSLesSeg,P13_T2,FocalTversky,0,36,524,2.23606797749979,True
MSLesSeg,P13_T2,FocalTversky,0,37,27,2.0,True
MSLesSeg,P13_T2,FocalTversky,0,38,3,2.8284271247461903,True
MSLesSeg,P13_T2,FocalTversky,0,39,871,2.0,True
MSLesSeg,P13_T2,FocalTversky,0,40,45,3.0,True
MSLesSeg,P13_T2,FocalTversky,0,41,36,3.0,True
MSLesSeg,P13_T2,FocalTversky,0,42,19,3.0,True
MSLesSeg,P13_T2,FocalTversky,0,43,68,10.344080432788601,True
MSLesSeg,P13_T2,FocalTversky,0,44,15,9.486832980505138,True
MSLesSeg,P13_T2,FocalTversky,0,45,70,5.385164807134504,True
MSLesSeg,P13_T2,FocalTversky,0,46,49,2.0,True
MSLesSeg,P13_T2,FocalTversky,0,47,37,1.4142135623730951,True
MSLesSeg,P13_T2,FocalTversky,0,48,1,2.449489742783178,True
MSLesSeg,P13_T2,FocalTversky,0,49,47,10.63014581273465,True
MSLesSeg,P13_T2,FocalTversky,0,50,91,2.23606797749979,True
MSLesSeg,P13_T2,FocalTversky,0,51,6,1.4142135623730951,True
MSLesSeg,P13_T2,FocalTversky,0,52,272,2.8284271247461903,True
MSLesSeg,P13_T2,FocalTversky,0,53,187,23.15167380558045,True
MSLesSeg,P13_T2,FocalTversky,0,54,28,19.6468827043885,True
MSLesSeg,P13_T2,FocalTversky,0,55,24,20.445048300260872,True
MSLesSeg,P13_T2,FocalTversky,0,56,50,36.932370625238775,True
MSLesSeg,P13_T2,FocalTversky,0,57,14,28.600699292150182,True
MSLesSeg,P13_T2,FocalTversky,0,58,2,42.261093218230876,False
MSLesSeg,P13_T2,FocalTversky,0,59,184,30.822070014844883,True
MSLesSeg,P13_T2,FocalTversky,0,60,97,43.15089802078283,True
MSLesSeg,P13_T2,FocalTversky,0,61,152,30.14962686336267,True
MSLesSeg,P13_T2,FocalTversky,1,1,105,16.06237840420901,True
MSLesSeg,P13_T2,FocalTversky,1,2,147,31.54362059117501,True
MSLesSeg,P13_T2,FocalTversky,1,3,31,15.0,False
MSLesSeg,P13_T2,FocalTversky,1,4,44,30.822070014844883,True
MSLesSeg,P13_T2,FocalTversky,1,5,82,2.23606797749979,True
MSLesSeg,P13_T2,FocalTversky,1,6,36,28.478061731796284,True
MSLesSeg,P13_T2,FocalTversky,1,7,325,4.358898943540674,True
MSLesSeg,P13_T2,FocalTversky,1,8,57,21.18962010041709,True
MSLesSeg,P13_T2,FocalTversky,1,9,81,2.449489742783178,True
MSLesSeg,P13_T2,FocalTversky,1,10,24,1.7320508075688772,True
MSLesSeg,P13_T2,FocalTversky,1,11,1949,1.7320508075688772,True
MSLesSeg,P13_T2,FocalTversky,1,12,86,2.449489742783178,True
MSLesSeg,P13_T2,FocalTversky,1,13,45,33.97057550292606,True
MSLesSeg,P13_T2,FocalTversky,1,14,92,11.224972160321824,True
MSLesSeg,P13_T2,FocalTversky,1,15,225,4.123105625617661,True
MSLesSeg,P13_T2,FocalTversky,1,16,2,2.449489742783178,True
MSLesSeg,P13_T2,FocalTversky,1,17,528,1.4142135623730951,True
MSLesSeg,P13_T2,FocalTversky,1,18,60,10.63014581273465,True
MSLesSeg,P13_T2,FocalTversky,1,19,312,14.247806848775006,True
MSLesSeg,P13_T2,FocalTversky,1,20,39,2.449489742783178,True
MSLesSeg,P13_T2,FocalTversky,1,21,317,1.4142135623730951,True
MSLesSeg,P13_T2,FocalTversky,1,22,111,1.7320508075688772,True
MSLesSeg,P13_T2,FocalTversky,1,23,161,17.029386365926403,True
MSLesSeg,P13_T2,FocalTversky,1,24,270,21.563858652847824,True
MSLesSeg,P13_T2,FocalTversky,1,25,119,26.324893162176366,True
MSLesSeg,P13_T2,FocalTversky,1,26,2,16.30950643030009,False
MSLesSeg,P13_T2,FocalTversky,1,27,1,18.275666882497067,False
MSLesSeg,P13_T2,FocalTversky,1,28,70,25.0,False
MSLesSeg,P13_T2,FocalTversky,1,29,87,23.40939982143925,True
MSLesSeg,P13_T2,FocalTversky,1,30,2,25.238858928247925,False
MSLesSeg,P13_T2,FocalTversky,1,31,43,26.70205984563738,True
MSLesSeg,P13_T2,FocalTversky,1,32,140,1.4142135623730951,True
MSLesSeg,P13_T2,FocalTversky,1,33,739,1.4142135623730951,True
MSLesSeg,P13_T2,FocalTversky,1,34,3,4.58257569495584,False
MSLesSeg,P13_T2,FocalTversky,1,35,1014,1.4142135623730951,True
MSLesSeg,P13_T2,FocalTversky,1,36,524,2.23606797749979,True
MSLesSeg,P13_T2,FocalTversky,1,37,27,2.0,True
MSLesSeg,P13_T2,FocalTversky,1,38,3,2.8284271247461903,True
MSLesSeg,P13_T2,FocalTversky,1,39,871,2.0,True
MSLesSeg,P13_T2,FocalTversky,1,40,45,3.0,True
MSLesSeg,P13_T2,FocalTversky,1,41,36,3.0,True
MSLesSeg,P13_T2,FocalTversky,1,42,19,3.0,True
MSLesSeg,P13_T2,FocalTversky,1,43,68,10.344080432788601,True
MSLesSeg,P13_T2,FocalTversky,1,44,15,9.486832980505138,True
MSLesSeg,P13_T2,FocalTversky,1,45,70,5.385164807134504,True
MSLesSeg,P13_T2,FocalTversky,1,46,49,2.0,True
MSLesSeg,P13_T2,FocalTversky,1,47,37,1.4142135623730951,True
MSLesSeg,P13_T2,FocalTversky,1,48,1,2.449489742783178,False
MSLesSeg,P13_T2,FocalTversky,1,49,47,10.63014581273465,True
MSLesSeg,P13_T2,FocalTversky,1,50,91,2.23606797749979,True
MSLesSeg,P13_T2,FocalTversky,1,51,6,1.4142135623730951,True
MSLesSeg,P13_T2,FocalTversky,1,52,272,2.8284271247461903,True
MSLesSeg,P13_T2,FocalTversky,1,53,187,23.15167380558045,True
MSLesSeg,P13_T2,FocalTversky,1,54,28,19.6468827043885,True
MSLesSeg,P13_T2,FocalTversky,1,55,24,20.445048300260872,True
MSLesSeg,P13_T2,FocalTversky,1,56,50,36.932370625238775,True
MSLesSeg,P13_T2,FocalTversky,1,57,14,28.600699292150182,True
MSLesSeg,P13_T2,FocalTversky,1,58,2,42.261093218230876,False
MSLesSeg,P13_T2,FocalTversky,1,59,184,30.822070014844883,True
MSLesSeg,P13_T2,FocalTversky,1,60,97,43.15089802078283,True
MSLesSeg,P13_T2,FocalTversky,1,61,152,30.14962686336267,True
MSLesSeg,P13_T2,FocalTversky,2,1,105,16.06237840420901,True
MSLesSeg,P13_T2,FocalTversky,2,2,147,31.54362059117501,True
MSLesSeg,P13_T2,FocalTversky,2,3,31,15.0,False
MSLesSeg,P13_T2,FocalTversky,2,4,44,30.822070014844883,True
MSLesSeg,P13_T2,FocalTversky,2,5,82,2.23606797749979,False
MSLesSeg,P13_T2,FocalTversky,2,6,36,28.478061731796284,True
MSLesSeg,P13_T2,FocalTversky,2,7,325,4.358898943540674,True
MSLesSeg,P13_T2,FocalTversky,2,8,57,21.18962010041709,True
MSLesSeg,P13_T2,FocalTversky,2,9,81,2.449489742783178,True
MSLesSeg,P13_T2,FocalTversky,2,10,24,1.7320508075688772,False
MSLesSeg,P13_T2,FocalTversky,2,11,1949,1.7320508075688772,True
MSLesSeg,P13_T2,FocalTversky,2,12,86,2.449489742783178,True
MSLesSeg,P13_T2,FocalTversky,2,13,45,33.97057550292606,True
MSLesSeg,P13_T2,FocalTversky,2,14,92,11.224972160321824,True
MSLesSeg,P13_T2,FocalTversky,2,15,225,4.123105625617661,True
MSLesSeg,P13_T2,FocalTversky,2,16,2,2.449489742783178,True
MSLesSeg,P13_T2,FocalTversky,2,17,528,1.4142135623730951,True
MSLesSeg,P13_T2,FocalTversky,2,18,60,10.63014581273465,True
MSLesSeg,P13_T2,FocalTversky,2,19,312,14.247806848775006,True
MSLesSeg,P13_T2,FocalTversky,2,20,39,2.449489742783178,True
MSLesSeg,P13_T2,FocalTversky,2,21,317,1.4142135623730951,True
MSLesSeg,P13_T2,FocalTversky,2,22,111,1.7320508075688772,True
MSLesSeg,P13_T2,FocalTversky,2,23,161,17.029386365926403,True
MSLesSeg,P13_T2,FocalTversky,2,24,270,21.563858652847824,True
MSLesSeg,P13_T2,FocalTversky,2,25,119,26.324893162176366,True
MSLesSeg,P13_T2,FocalTversky,2,26,2,16.30950643030009,False
MSLesSeg,P13_T2,FocalTversky,2,27,1,18.275666882497067,False
MSLesSeg,P13_T2,FocalTversky,2,28,70,25.0,False
MSLesSeg,P13_T2,FocalTversky,2,29,87,23.40939982143925,False
MSLesSeg,P13_T2,FocalTversky,2,30,2,25.238858928247925,False
MSLesSeg,P13_T2,FocalTversky,2,31,43,26.70205984563738,True
MSLesSeg,P13_T2,FocalTversky,2,32,140,1.4142135623730951,True
MSLesSeg,P13_T2,FocalTversky,2,33,739,1.4142135623730951,True
MSLesSeg,P13_T2,FocalTversky,2,34,3,4.58257569495584,False
MSLesSeg,P13_T2,FocalTversky,2,35,1014,1.4142135623730951,True
MSLesSeg,P13_T2,FocalTversky,2,36,524,2.23606797749979,True
MSLesSeg,P13_T2,FocalTversky,2,37,27,2.0,True
MSLesSeg,P13_T2,FocalTversky,2,38,3,2.8284271247461903,True
MSLesSeg,P13_T2,FocalTversky,2,39,871,2.0,True
MSLesSeg,P13_T2,FocalTversky,2,40,45,3.0,True
MSLesSeg,P13_T2,FocalTversky,2,41,36,3.0,True
MSLesSeg,P13_T2,FocalTversky,2,42,19,3.0,True
MSLesSeg,P13_T2,FocalTversky,2,43,68,10.344080432788601,True
MSLesSeg,P13_T2,FocalTversky,2,44,15,9.486832980505138,True
MSLesSeg,P13_T2,FocalTversky,2,45,70,5.385164807134504,True
MSLesSeg,P13_T2,FocalTversky,2,46,49,2.0,True
MSLesSeg,P13_T2,FocalTversky,2,47,37,1.4142135623730951,True
MSLesSeg,P13_T2,FocalTversky,2,48,1,2.449489742783178,True
MSLesSeg,P13_T2,FocalTversky,2,49,47,10.63014581273465,True
MSLesSeg,P13_T2,FocalTversky,2,50,91,2.23606797749979,True
MSLesSeg,P13_T2,FocalTversky,2,51,6,1.4142135623730951,True
MSLesSeg,P13_T2,FocalTversky,2,52,272,2.8284271247461903,True
MSLesSeg,P13_T2,FocalTversky,2,53,187,23.15167380558045,True
MSLesSeg,P13_T2,FocalTversky,2,54,28,19.6468827043885,True
MSLesSeg,P13_T2,FocalTversky,2,55,24,20.445048300260872,True
MSLesSeg,P13_T2,FocalTversky,2,56,50,36.932370625238775,True
MSLesSeg,P13_T2,FocalTversky,2,57,14,28.600699292150182,True
MSLesSeg,P13_T2,FocalTversky,2,58,2,42.261093218230876,False
MSLesSeg,P13_T2,FocalTversky,2,59,184,30.822070014844883,True
MSLesSeg,P13_T2,FocalTversky,2,60,97,43.15089802078283,True
MSLesSeg,P13_T2,FocalTversky,2,61,152,30.14962686336267,True
MSLesSeg,P13_T2,FocalTversky,3,1,105,16.06237840420901,True
MSLesSeg,P13_T2,FocalTversky,3,2,147,31.54362059117501,True
MSLesSeg,P13_T2,FocalTversky,3,3,31,15.0,False
MSLesSeg,P13_T2,FocalTversky,3,4,44,30.822070014844883,True
MSLesSeg,P13_T2,FocalTversky,3,5,82,2.23606797749979,True
MSLesSeg,P13_T2,FocalTversky,3,6,36,28.478061731796284,True
MSLesSeg,P13_T2,FocalTversky,3,7,325,4.358898943540674,True
MSLesSeg,P13_T2,FocalTversky,3,8,57,21.18962010041709,True
MSLesSeg,P13_T2,FocalTversky,3,9,81,2.449489742783178,True
MSLesSeg,P13_T2,FocalTversky,3,10,24,1.7320508075688772,True
MSLesSeg,P13_T2,FocalTversky,3,11,1949,1.7320508075688772,True
MSLesSeg,P13_T2,FocalTversky,3,12,86,2.449489742783178,True
MSLesSeg,P13_T2,FocalTversky,3,13,45,33.97057550292606,True
MSLesSeg,P13_T2,FocalTversky,3,14,92,11.224972160321824,True
MSLesSeg,P13_T2,FocalTversky,3,15,225,4.123105625617661,True
MSLesSeg,P13_T2,FocalTversky,3,16,2,2.449489742783178,True
MSLesSeg,P13_T2,FocalTversky,3,17,528,1.4142135623730951,True
MSLesSeg,P13_T2,FocalTversky,3,18,60,10.63014581273465,True
MSLesSeg,P13_T2,FocalTversky,3,19,312,14.247806848775006,True
MSLesSeg,P13_T2,FocalTversky,3,20,39,2.449489742783178,True
MSLesSeg,P13_T2,FocalTversky,3,21,317,1.4142135623730951,True
MSLesSeg,P13_T2,FocalTversky,3,22,111,1.7320508075688772,True
MSLesSeg,P13_T2,FocalTversky,3,23,161,17.029386365926403,True
MSLesSeg,P13_T2,FocalTversky,3,24,270,21.563858652847824,True
MSLesSeg,P13_T2,FocalTversky,3,25,119,26.324893162176366,True
MSLesSeg,P13_T2,FocalTversky,3,26,2,16.30950643030009,False
MSLesSeg,P13_T2,FocalTversky,3,27,1,18.275666882497067,False
MSLesSeg,P13_T2,FocalTversky,3,28,70,25.0,False
MSLesSeg,P13_T2,FocalTversky,3,29,87,23.40939982143925,True
MSLesSeg,P13_T2,FocalTversky,3,30,2,25.238858928247925,False
MSLesSeg,P13_T2,FocalTversky,3,31,43,26.70205984563738,True
MSLesSeg,P13_T2,FocalTversky,3,32,140,1.4142135623730951,True
MSLesSeg,P13_T2,FocalTversky,3,33,739,1.4142135623730951,True
MSLesSeg,P13_T2,FocalTversky,3,34,3,4.58257569495584,True
MSLesSeg,P13_T2,FocalTversky,3,35,1014,1.4142135623730951,True
MSLesSeg,P13_T2,FocalTversky,3,36,524,2.23606797749979,True
MSLesSeg,P13_T2,FocalTversky,3,37,27,2.0,True
MSLesSeg,P13_T2,FocalTversky,3,38,3,2.8284271247461903,True
MSLesSeg,P13_T2,FocalTversky,3,39,871,2.0,True
MSLesSeg,P13_T2,FocalTversky,3,40,45,3.0,True
MSLesSeg,P13_T2,FocalTversky,3,41,36,3.0,True
MSLesSeg,P13_T2,FocalTversky,3,42,19,3.0,True
MSLesSeg,P13_T2,FocalTversky,3,43,68,10.344080432788601,True
MSLesSeg,P13_T2,FocalTversky,3,44,15,9.486832980505138,True
MSLesSeg,P13_T2,FocalTversky,3,45,70,5.385164807134504,True
MSLesSeg,P13_T2,FocalTversky,3,46,49,2.0,True
MSLesSeg,P13_T2,FocalTversky,3,47,37,1.4142135623730951,True
MSLesSeg,P13_T2,FocalTversky,3,48,1,2.449489742783178,True
MSLesSeg,P13_T2,FocalTversky,3,49,47,10.63014581273465,True
MSLesSeg,P13_T2,FocalTversky,3,50,91,2.23606797749979,True
MSLesSeg,P13_T2,FocalTversky,3,51,6,1.4142135623730951,True
MSLesSeg,P13_T2,FocalTversky,3,52,272,2.8284271247461903,True
MSLesSeg,P13_T2,FocalTversky,3,53,187,23.15167380558045,True
MSLesSeg,P13_T2,FocalTversky,3,54,28,19.6468827043885,False
MSLesSeg,P13_T2,FocalTversky,3,55,24,20.445048300260872,True
MSLesSeg,P13_T2,FocalTversky,3,56,50,36.932370625238775,True
MSLesSeg,P13_T2,FocalTversky,3,57,14,28.600699292150182,True
MSLesSeg,P13_T2,FocalTversky,3,58,2,42.261093218230876,False
MSLesSeg,P13_T2,FocalTversky,3,59,184,30.822070014844883,True
MSLesSeg,P13_T2,FocalTversky,3,60,97,43.15089802078283,True
MSLesSeg,P13_T2,FocalTversky,3,61,152,30.14962686336267,True
MSLesSeg,P13_T2,FocalTversky,4,1,105,16.06237840420901,True
MSLesSeg,P13_T2,FocalTversky,4,2,147,31.54362059117501,True
MSLesSeg,P13_T2,FocalTversky,4,3,31,15.0,False
MSLesSeg,P13_T2,FocalTversky,4,4,44,30.822070014844883,True
MSLesSeg,P13_T2,FocalTversky,4,5,82,2.23606797749979,True
MSLesSeg,P13_T2,FocalTversky,4,6,36,28.478061731796284,True
MSLesSeg,P13_T2,FocalTversky,4,7,325,4.358898943540674,True
MSLesSeg,P13_T2,FocalTversky,4,8,57,21.18962010041709,True
MSLesSeg,P13_T2,FocalTversky,4,9,81,2.449489742783178,True
MSLesSeg,P13_T2,FocalTversky,4,10,24,1.7320508075688772,True
MSLesSeg,P13_T2,FocalTversky,4,11,1949,1.7320508075688772,True
MSLesSeg,P13_T2,FocalTversky,4,12,86,2.449489742783178,True
MSLesSeg,P13_T2,FocalTversky,4,13,45,33.97057550292606,True
MSLesSeg,P13_T2,FocalTversky,4,14,92,11.224972160321824,True
MSLesSeg,P13_T2,FocalTversky,4,15,225,4.123105625617661,True
MSLesSeg,P13_T2,FocalTversky,4,16,2,2.449489742783178,True
MSLesSeg,P13_T2,FocalTversky,4,17,528,1.4142135623730951,True
MSLesSeg,P13_T2,FocalTversky,4,18,60,10.63014581273465,True
MSLesSeg,P13_T2,FocalTversky,4,19,312,14.247806848775006,True
MSLesSeg,P13_T2,FocalTversky,4,20,39,2.449489742783178,True
MSLesSeg,P13_T2,FocalTversky,4,21,317,1.4142135623730951,True
MSLesSeg,P13_T2,FocalTversky,4,22,111,1.7320508075688772,True
MSLesSeg,P13_T2,FocalTversky,4,23,161,17.029386365926403,True
MSLesSeg,P13_T2,FocalTversky,4,24,270,21.563858652847824,True
MSLesSeg,P13_T2,FocalTversky,4,25,119,26.324893162176366,True
MSLesSeg,P13_T2,FocalTversky,4,26,2,16.30950643030009,False
MSLesSeg,P13_T2,FocalTversky,4,27,1,18.275666882497067,False
MSLesSeg,P13_T2,FocalTversky,4,28,70,25.0,True
MSLesSeg,P13_T2,FocalTversky,4,29,87,23.40939982143925,True
MSLesSeg,P13_T2,FocalTversky,4,30,2,25.238858928247925,False
MSLesSeg,P13_T2,FocalTversky,4,31,43,26.70205984563738,True
MSLesSeg,P13_T2,FocalTversky,4,32,140,1.4142135623730951,True
MSLesSeg,P13_T2,FocalTversky,4,33,739,1.4142135623730951,True
MSLesSeg,P13_T2,FocalTversky,4,34,3,4.58257569495584,False
MSLesSeg,P13_T2,FocalTversky,4,35,1014,1.4142135623730951,True
MSLesSeg,P13_T2,FocalTversky,4,36,524,2.23606797749979,True
MSLesSeg,P13_T2,FocalTversky,4,37,27,2.0,True
MSLesSeg,P13_T2,FocalTversky,4,38,3,2.8284271247461903,True
MSLesSeg,P13_T2,FocalTversky,4,39,871,2.0,True
MSLesSeg,P13_T2,FocalTversky,4,40,45,3.0,True
MSLesSeg,P13_T2,FocalTversky,4,41,36,3.0,True
MSLesSeg,P13_T2,FocalTversky,4,42,19,3.0,True
MSLesSeg,P13_T2,FocalTversky,4,43,68,10.344080432788601,True
MSLesSeg,P13_T2,FocalTversky,4,44,15,9.486832980505138,True
MSLesSeg,P13_T2,FocalTversky,4,45,70,5.385164807134504,True
MSLesSeg,P13_T2,FocalTversky,4,46,49,2.0,True
MSLesSeg,P13_T2,FocalTversky,4,47,37,1.4142135623730951,True
MSLesSeg,P13_T2,FocalTversky,4,48,1,2.449489742783178,True
MSLesSeg,P13_T2,FocalTversky,4,49,47,10.63014581273465,True
MSLesSeg,P13_T2,FocalTversky,4,50,91,2.23606797749979,True
MSLesSeg,P13_T2,FocalTversky,4,51,6,1.4142135623730951,True
MSLesSeg,P13_T2,FocalTversky,4,52,272,2.8284271247461903,True
MSLesSeg,P13_T2,FocalTversky,4,53,187,23.15167380558045,True
MSLesSeg,P13_T2,FocalTversky,4,54,28,19.6468827043885,True
MSLesSeg,P13_T2,FocalTversky,4,55,24,20.445048300260872,True
MSLesSeg,P13_T2,FocalTversky,4,56,50,36.932370625238775,True
MSLesSeg,P13_T2,FocalTversky,4,57,14,28.600699292150182,True
MSLesSeg,P13_T2,FocalTversky,4,58,2,42.261093218230876,False
MSLesSeg,P13_T2,FocalTversky,4,59,184,30.822070014844883,True
MSLesSeg,P13_T2,FocalTversky,4,60,97,43.15089802078283,True
MSLesSeg,P13_T2,FocalTversky,4,61,152,30.14962686336267,True
MSLesSeg,P26_T1,CATMIL,0,1,112,38.8329756778952,True
MSLesSeg,P26_T1,CATMIL,0,2,132,24.515301344262525,True
MSLesSeg,P26_T1,CATMIL,0,3,138,14.52583904633395,True
MSLesSeg,P26_T1,CATMIL,0,4,253,5.0990195135927845,True
MSLesSeg,P26_T1,CATMIL,0,5,728,5.830951894845301,True
MSLesSeg,P26_T1,CATMIL,0,6,79,21.72556098240043,True
MSLesSeg,P26_T1,CATMIL,0,7,76,30.331501776206203,True
MSLesSeg,P26_T1,CATMIL,0,8,140,16.278820596099706,True
MSLesSeg,P26_T1,CATMIL,0,9,156,4.898979485566356,True
MSLesSeg,P26_T1,CATMIL,0,10,86,5.385164807134504,True
MSLesSeg,P26_T1,CATMIL,0,11,158,7.0710678118654755,True
MSLesSeg,P26_T1,CATMIL,0,12,10,18.027756377319946,False
MSLesSeg,P26_T1,CATMIL,0,13,823,1.0,True
MSLesSeg,P26_T1,CATMIL,0,14,50,19.849433241279208,False
MSLesSeg,P26_T1,CATMIL,0,15,60,16.76305461424021,True
MSLesSeg,P26_T1,CATMIL,0,16,305,22.0,True
MSLesSeg,P26_T1,CATMIL,0,17,105,17.291616465790582,True
MSLesSeg,P26_T1,CATMIL,0,18,30,32.863353450309965,False
MSLesSeg,P26_T1,CATMIL,0,19,55,34.058772731852805,True
MSLesSeg,P26_T1,CATMIL,0,20,37,42.36744032862972,True
MSLesSeg,P26_T1,CATMIL,0,21,209,7.0710678118654755,True
MSLesSeg,P26_T1,CATMIL,0,22,69,36.02776706930364,True
MSLesSeg,P26_T1,CATMIL,0,23,193,15.329709716755891,True
MSLesSeg,P26_T1,CATMIL,0,24,85,11.916375287812984,True
MSLesSeg,P26_T1,CATMIL,0,25,106,24.596747752497688,True
MSLesSeg,P26_T1,CATMIL,0,26,28,27.49545416973504,True
MSLesSeg,P26_T1,CATMIL,0,27,173,1.0,True
MSLesSeg,P26_T1,CATMIL,0,28,74,14.247806848775006,True
MSLesSeg,P26_T1,CATMIL,0,29,89,18.49324200890693,True
MSLesSeg,P26_T1,CATMIL,0,30,116,20.024984394500787,True
MSLesSeg,P26_T1,CATMIL,0,31,168,1.4142135623730951,True
MSLesSeg,P26_T1,CATMIL,0,32,320,6.708203932499369,True
MSLesSeg,P26_T1,CATMIL,0,33,108,7.54983443527075,True
MSLesSeg,P26_T1,CATMIL,0,34,108,14.491376746189438,True
MSLesSeg,P26_T1,CATMIL,0,35,622,1.0,True
MSLesSeg,P26_T1,CATMIL,0,36,23,11.445523142259598,True
MSLesSeg,P26_T1,CATMIL,0,37,226,8.0,True
MSLesSeg,P26_T1,CATMIL,0,38,35,29.949958263743873,True
MSLesSeg,P26_T1,CATMIL,0,39,84,11.575836902790225,True
MSLesSeg,P26_T1,CATMIL,0,40,89,29.410882339705484,True
MSLesSeg,P26_T1,CATMIL,0,41,117,10.488088481701515,True
MSLesSeg,P26_T1,CATMIL,0,42,20,26.720778431774775,True
MSLesSeg,P26_T1,CATMIL,0,43,44,26.038433132583073,True
MSLesSeg,P26_T1,CATMIL,1,1,112,38.8329756778952,True
MSLesSeg,P26_T1,CATMIL,1,2,132,24.515301344262525,True
MSLesSeg,P26_T1,CATMIL,1,3,138,14.52583904633395,True
MSLesSeg,P26_T1,CATMIL,1,4,253,5.0990195135927845,True
MSLesSeg,P26_T1,CATMIL,1,5,728,5.830951894845301,True
MSLesSeg,P26_T1,CATMIL,1,6,79,21.72556098240043,True
MSLesSeg,P26_T1,CATMIL,1,7,76,30.331501776206203,True
MSLesSeg,P26_T1,CATMIL,1,8,140,16.278820596099706,True
MSLesSeg,P26_T1,CATMIL,1,9,156,4.898979485566356,True
MSLesSeg,P26_T1,CATMIL,1,10,86,5.385164807134504,True
MSLesSeg,P26_T1,CATMIL,1,11,158,7.0710678118654755,True
MSLesSeg,P26_T1,CATMIL,1,12,10,18.027756377319946,False
MSLesSeg,P26_T1,CATMIL,1,13,823,1.0,True
MSLesSeg,P26_T1,CATMIL,1,14,50,19.849433241279208,False
MSLesSeg,P26_T1,CATMIL,1,15,60,16.76305461424021,True
MSLesSeg,P26_T1,CATMIL,1,16,305,22.0,True
MSLesSeg,P26_T1,CATMIL,1,17,105,17.291616465790582,True
MSLesSeg,P26_T1,CATMIL,1,18,30,32.863353450309965,False
MSLesSeg,P26_T1,CATMIL,1,19,55,34.058772731852805,True
MSLesSeg,P26_T1,CATMIL,1,20,37,42.36744032862972,True
MSLesSeg,P26_T1,CATMIL,1,21,209,7.0710678118654755,True
MSLesSeg,P26_T1,CATMIL,1,22,69,36.02776706930364,True
MSLesSeg,P26_T1,CATMIL,1,23,193,15.329709716755891,True
MSLesSeg,P26_T1,CATMIL,1,24,85,11.916375287812984,True
MSLesSeg,P26_T1,CATMIL,1,25,106,24.596747752497688,True
MSLesSeg,P26_T1,CATMIL,1,26,28,27.49545416973504,True
MSLesSeg,P26_T1,CATMIL,1,27,173,1.0,True
MSLesSeg,P26_T1,CATMIL,1,28,74,14.247806848775006,True
MSLesSeg,P26_T1,CATMIL,1,29,89,18.49324200890693,True
MSLesSeg,P26_T1,CATMIL,1,30,116,20.024984394500787,True
MSLesSeg,P26_T1,CATMIL,1,31,168,1.4142135623730951,True
MSLesSeg,P26_T1,CATMIL,1,32,320,6.708203932499369,True
MSLesSeg,P26_T1,CATMIL,1,33,108,7.54983443527075,True
MSLesSeg,P26_T1,CATMIL,1,34,108,14.491376746189438,True
MSLesSeg,P26_T1,CATMIL,1,35,622,1.0,True
MSLesSeg,P26_T1,CATMIL,1,36,23,11.445523142259598,True
MSLesSeg,P26_T1,CATMIL,1,37,226,8.0,True
MSLesSeg,P26_T1,CATMIL,1,38,35,29.949958263743873,True
MSLesSeg,P26_T1,CATMIL,1,39,84,11.575836902790225,True
MSLesSeg,P26_T1,CATMIL,1,40,89,29.410882339705484,True
MSLesSeg,P26_T1,CATMIL,1,41,117,10.488088481701515,True
MSLesSeg,P26_T1,CATMIL,1,42,20,26.720778431774775,True
MSLesSeg,P26_T1,CATMIL,1,43,44,26.038433132583073,True
MSLesSeg,P26_T1,CATMIL,2,1,112,38.8329756778952,True
MSLesSeg,P26_T1,CATMIL,2,2,132,24.515301344262525,True
MSLesSeg,P26_T1,CATMIL,2,3,138,14.52583904633395,True
MSLesSeg,P26_T1,CATMIL,2,4,253,5.0990195135927845,True
MSLesSeg,P26_T1,CATMIL,2,5,728,5.830951894845301,True
MSLesSeg,P26_T1,CATMIL,2,6,79,21.72556098240043,True
MSLesSeg,P26_T1,CATMIL,2,7,76,30.331501776206203,True
MSLesSeg,P26_T1,CATMIL,2,8,140,16.278820596099706,True
MSLesSeg,P26_T1,CATMIL,2,9,156,4.898979485566356,True
MSLesSeg,P26_T1,CATMIL,2,10,86,5.385164807134504,True
MSLesSeg,P26_T1,CATMIL,2,11,158,7.0710678118654755,True
MSLesSeg,P26_T1,CATMIL,2,12,10,18.027756377319946,False
MSLesSeg,P26_T1,CATMIL,2,13,823,1.0,True
MSLesSeg,P26_T1,CATMIL,2,14,50,19.849433241279208,False
MSLesSeg,P26_T1,CATMIL,2,15,60,16.76305461424021,True
MSLesSeg,P26_T1,CATMIL,2,16,305,22.0,True
MSLesSeg,P26_T1,CATMIL,2,17,105,17.291616465790582,True
MSLesSeg,P26_T1,CATMIL,2,18,30,32.863353450309965,False
MSLesSeg,P26_T1,CATMIL,2,19,55,34.058772731852805,True
MSLesSeg,P26_T1,CATMIL,2,20,37,42.36744032862972,True
MSLesSeg,P26_T1,CATMIL,2,21,209,7.0710678118654755,True
MSLesSeg,P26_T1,CATMIL,2,22,69,36.02776706930364,False
MSLesSeg,P26_T1,CATMIL,2,23,193,15.329709716755891,True
MSLesSeg,P26_T1,CATMIL,2,24,85,11.916375287812984,True
MSLesSeg,P26_T1,CATMIL,2,25,106,24.596747752497688,True
MSLesSeg,P26_T1,CATMIL,2,26,28,27.49545416973504,True
MSLesSeg,P26_T1,CATMIL,2,27,173,1.0,True
MSLesSeg,P26_T1,CATMIL,2,28,74,14.247806848775006,True
MSLesSeg,P26_T1,CATMIL,2,29,89,18.49324200890693,True
MSLesSeg,P26_T1,CATMIL,2,30,116,20.024984394500787,True
MSLesSeg,P26_T1,CATMIL,2,31,168,1.4142135623730951,True
MSLesSeg,P26_T1,CATMIL,2,32,320,6.708203932499369,True
MSLesSeg,P26_T1,CATMIL,2,33,108,7.54983443527075,True
MSLesSeg,P26_T1,CATMIL,2,34,108,14.491376746189438,True
MSLesSeg,P26_T1,CATMIL,2,35,622,1.0,True
MSLesSeg,P26_T1,CATMIL,2,36,23,11.445523142259598,True
MSLesSeg,P26_T1,CATMIL,2,37,226,8.0,True
MSLesSeg,P26_T1,CATMIL,2,38,35,29.949958263743873,True
MSLesSeg,P26_T1,CATMIL,2,39,84,11.575836902790225,True
MSLesSeg,P26_T1,CATMIL,2,40,89,29.410882339705484,True
MSLesSeg,P26_T1,CATMIL,2,41,117,10.488088481701515,True
MSLesSeg,P26_T1,CATMIL,2,42,20,26.720778431774775,True
MSLesSeg,P26_T1,CATMIL,2,43,44,26.038433132583073,True
MSLesSeg,P26_T1,CATMIL,3,1,112,38.8329756778952,True
MSLesSeg,P26_T1,CATMIL,3,2,132,24.515301344262525,True
MSLesSeg,P26_T1,CATMIL,3,3,138,14.52583904633395,True
MSLesSeg,P26_T1,CATMIL,3,4,253,5.0990195135927845,True
MSLesSeg,P26_T1,CATMIL,3,5,728,5.830951894845301,True
MSLesSeg,P26_T1,CATMIL,3,6,79,21.72556098240043,True
MSLesSeg,P26_T1,CATMIL,3,7,76,30.331501776206203,True
MSLesSeg,P26_T1,CATMIL,3,8,140,16.278820596099706,True
MSLesSeg,P26_T1,CATMIL,3,9,156,4.898979485566356,True
MSLesSeg,P26_T1,CATMIL,3,10,86,5.385164807134504,True
MSLesSeg,P26_T1,CATMIL,3,11,158,7.0710678118654755,True
MSLesSeg,P26_T1,CATMIL,3,12,10,18.027756377319946,True
MSLesSeg,P26_T1,CATMIL,3,13,823,1.0,True
MSLesSeg,P26_T1,CATMIL,3,14,50,19.849433241279208,False
MSLesSeg,P26_T1,CATMIL,3,15,60,16.76305461424021,True
MSLesSeg,P26_T1,CATMIL,3,16,305,22.0,True
MSLesSeg,P26_T1,CATMIL,3,17,105,17.291616465790582,True
MSLesSeg,P26_T1,CATMIL,3,18,30,32.863353450309965,False
MSLesSeg,P26_T1,CATMIL,3,19,55,34.058772731852805,True
MSLesSeg,P26_T1,CATMIL,3,20,37,42.36744032862972,True
MSLesSeg,P26_T1,CATMIL,3,21,209,7.0710678118654755,True
MSLesSeg,P26_T1,CATMIL,3,22,69,36.02776706930364,False
MSLesSeg,P26_T1,CATMIL,3,23,193,15.329709716755891,True
MSLesSeg,P26_T1,CATMIL,3,24,85,11.916375287812984,True
MSLesSeg,P26_T1,CATMIL,3,25,106,24.596747752497688,True
MSLesSeg,P26_T1,CATMIL,3,26,28,27.49545416973504,True
MSLesSeg,P26_T1,CATMIL,3,27,173,1.0,True
MSLesSeg,P26_T1,CATMIL,3,28,74,14.247806848775006,True
MSLesSeg,P26_T1,CATMIL,3,29,89,18.49324200890693,True
MSLesSeg,P26_T1,CATMIL,3,30,116,20.024984394500787,False
MSLesSeg,P26_T1,CATMIL,3,31,168,1.4142135623730951,True
MSLesSeg,P26_T1,CATMIL,3,32,320,6.708203932499369,True
MSLesSeg,P26_T1,CATMIL,3,33,108,7.54983443527075,True
MSLesSeg,P26_T1,CATMIL,3,34,108,14.491376746189438,True
MSLesSeg,P26_T1,CATMIL,3,35,622,1.0,True
MSLesSeg,P26_T1,CATMIL,3,36,23,11.445523142259598,True
MSLesSeg,P26_T1,CATMIL,3,37,226,8.0,True
MSLesSeg,P26_T1,CATMIL,3,38,35,29.949958263743873,True
MSLesSeg,P26_T1,CATMIL,3,39,84,11.575836902790225,True
MSLesSeg,P26_T1,CATMIL,3,40,89,29.410882339705484,True
MSLesSeg,P26_T1,CATMIL,3,41,117,10.488088481701515,True
MSLesSeg,P26_T1,CATMIL,3,42,20,26.720778431774775,True
MSLesSeg,P26_T1,CATMIL,3,43,44,26.038433132583073,True
MSLesSeg,P26_T1,CATMIL,4,1,112,38.8329756778952,True
MSLesSeg,P26_T1,CATMIL,4,2,132,24.515301344262525,True
MSLesSeg,P26_T1,CATMIL,4,3,138,14.52583904633395,True
MSLesSeg,P26_T1,CATMIL,4,4,253,5.0990195135927845,True
MSLesSeg,P26_T1,CATMIL,4,5,728,5.830951894845301,True
MSLesSeg,P26_T1,CATMIL,4,6,79,21.72556098240043,True
MSLesSeg,P26_T1,CATMIL,4,7,76,30.331501776206203,True
MSLesSeg,P26_T1,CATMIL,4,8,140,16.278820596099706,True
MSLesSeg,P26_T1,CATMIL,4,9,156,4.898979485566356,True
MSLesSeg,P26_T1,CATMIL,4,10,86,5.385164807134504,True
MSLesSeg,P26_T1,CATMIL,4,11,158,7.0710678118654755,True
MSLesSeg,P26_T1,CATMIL,4,12,10,18.027756377319946,False
MSLesSeg,P26_T1,CATMIL,4,13,823,1.0,True
MSLesSeg,P26_T1,CATMIL,4,14,50,19.849433241279208,False
MSLesSeg,P26_T1,CATMIL,4,15,60,16.76305461424021,True
MSLesSeg,P26_T1,CATMIL,4,16,305,22.0,True
MSLesSeg,P26_T1,CATMIL,4,17,105,17.291616465790582,True
MSLesSeg,P26_T1,CATMIL,4,18,30,32.863353450309965,False
MSLesSeg,P26_T1,CATMIL,4,19,55,34.058772731852805,True
MSLesSeg,P26_T1,CATMIL,4,20,37,42.36744032862972,True
MSLesSeg,P26_T1,CATMIL,4,21,209,7.0710678118654755,True
MSLesSeg,P26_T1,CATMIL,4,22,69,36.02776706930364,False
MSLesSeg,P26_T1,CATMIL,4,23,193,15.329709716755891,True
MSLesSeg,P26_T1,CATMIL,4,24,85,11.916375287812984,True
MSLesSeg,P26_T1,CATMIL,4,25,106,24.596747752497688,True
MSLesSeg,P26_T1,CATMIL,4,26,28,27.49545416973504,True
MSLesSeg,P26_T1,CATMIL,4,27,173,1.0,True
MSLesSeg,P26_T1,CATMIL,4,28,74,14.247806848775006,True
MSLesSeg,P26_T1,CATMIL,4,29,89,18.49324200890693,True
MSLesSeg,P26_T1,CATMIL,4,30,116,20.024984394500787,True
MSLesSeg,P26_T1,CATMIL,4,31,168,1.4142135623730951,True
MSLesSeg,P26_T1,CATMIL,4,32,320,6.708203932499369,True
MSLesSeg,P26_T1,CATMIL,4,33,108,7.54983443527075,True
MSLesSeg,P26_T1,CATMIL,4,34,108,14.491376746189438,True
MSLesSeg,P26_T1,CATMIL,4,35,622,1.0,True
MSLesSeg,P26_T1,CATMIL,4,36,23,11.445523142259598,True
MSLesSeg,P26_T1,CATMIL,4,37,226,8.0,True
MSLesSeg,P26_T1,CATMIL,4,38,35,29.949958263743873,True
MSLesSeg,P26_T1,CATMIL,4,39,84,11.575836902790225,True
MSLesSeg,P26_T1,CATMIL,4,40,89,29.410882339705484,True
MSLesSeg,P26_T1,CATMIL,4,41,117,10.488088481701515,True
MSLesSeg,P26_T1,CATMIL,4,42,20,26.720778431774775,True
MSLesSeg,P26_T1,CATMIL,4,43,44,26.038433132583073,True
MSLesSeg,P26_T1,DiceCE,0,1,112,38.8329756778952,True
MSLesSeg,P26_T1,DiceCE,0,2,132,24.515301344262525,True
MSLesSeg,P26_T1,DiceCE,0,3,138,14.52583904633395,True
MSLesSeg,P26_T1,DiceCE,0,4,253,5.0990195135927845,True
MSLesSeg,P26_T1,DiceCE,0,5,728,5.830951894845301,True
MSLesSeg,P26_T1,DiceCE,0,6,79,21.72556098240043,True
MSLesSeg,P26_T1,DiceCE,0,7,76,30.331501776206203,True
MSLesSeg,P26_T1,DiceCE,0,8,140,16.278820596099706,True
MSLesSeg,P26_T1,DiceCE,0,9,156,4.898979485566356,True
MSLesSeg,P26_T1,DiceCE,0,10,86,5.385164807134504,True
MSLesSeg,P26_T1,DiceCE,0,11,158,7.0710678118654755,True
MSLesSeg,P26_T1,DiceCE,0,12,10,18.027756377319946,False
MSLesSeg,P26_T1,DiceCE,0,13,823,1.0,True
MSLesSeg,P26_T1,DiceCE,0,14,50,19.849433241279208,False
MSLesSeg,P26_T1,DiceCE,0,15,60,16.76305461424021,True
MSLesSeg,P26_T1,DiceCE,0,16,305,22.0,True
MSLesSeg,P26_T1,DiceCE,0,17,105,17.291616465790582,True
MSLesSeg,P26_T1,DiceCE,0,18,30,32.863353450309965,False
MSLesSeg,P26_T1,DiceCE,0,19,55,34.058772731852805,True
MSLesSeg,P26_T1,DiceCE,0,20,37,42.36744032862972,True
MSLesSeg,P26_T1,DiceCE,0,21,209,7.0710678118654755,True
MSLesSeg,P26_T1,DiceCE,0,22,69,36.02776706930364,True
MSLesSeg,P26_T1,DiceCE,0,23,193,15.329709716755891,True
MSLesSeg,P26_T1,DiceCE,0,24,85,11.916375287812984,True
MSLesSeg,P26_T1,DiceCE,0,25,106,24.596747752497688,True
MSLesSeg,P26_T1,DiceCE,0,26,28,27.49545416973504,False
MSLesSeg,P26_T1,DiceCE,0,27,173,1.0,True
MSLesSeg,P26_T1,DiceCE,0,28,74,14.247806848775006,True
MSLesSeg,P26_T1,DiceCE,0,29,89,18.49324200890693,True
MSLesSeg,P26_T1,DiceCE,0,30,116,20.024984394500787,True
MSLesSeg,P26_T1,DiceCE,0,31,168,1.4142135623730951,True
MSLesSeg,P26_T1,DiceCE,0,32,320,6.708203932499369,True
MSLesSeg,P26_T1,DiceCE,0,33,108,7.54983443527075,True
MSLesSeg,P26_T1,DiceCE,0,34,108,14.491376746189438,True
MSLesSeg,P26_T1,DiceCE,0,35,622,1.0,True
MSLesSeg,P26_T1,DiceCE,0,36,23,11.445523142259598,True
MSLesSeg,P26_T1,DiceCE,0,37,226,8.0,True
MSLesSeg,P26_T1,DiceCE,0,38,35,29.949958263743873,True
MSLesSeg,P26_T1,DiceCE,0,39,84,11.575836902790225,True
MSLesSeg,P26_T1,DiceCE,0,40,89,29.410882339705484,True
MSLesSeg,P26_T1,DiceCE,0,41,117,10.488088481701515,True
MSLesSeg,P26_T1,DiceCE,0,42,20,26.720778431774775,True
MSLesSeg,P26_T1,DiceCE,0,43,44,26.038433132583073,True
MSLesSeg,P26_T1,DiceCE,1,1,112,38.8329756778952,True
MSLesSeg,P26_T1,DiceCE,1,2,132,24.515301344262525,True
MSLesSeg,P26_T1,DiceCE,1,3,138,14.52583904633395,True
MSLesSeg,P26_T1,DiceCE,1,4,253,5.0990195135927845,True
MSLesSeg,P26_T1,DiceCE,1,5,728,5.830951894845301,True
MSLesSeg,P26_T1,DiceCE,1,6,79,21.72556098240043,True
MSLesSeg,P26_T1,DiceCE,1,7,76,30.331501776206203,True
MSLesSeg,P26_T1,DiceCE,1,8,140,16.278820596099706,True
MSLesSeg,P26_T1,DiceCE,1,9,156,4.898979485566356,True
MSLesSeg,P26_T1,DiceCE,1,10,86,5.385164807134504,True
MSLesSeg,P26_T1,DiceCE,1,11,158,7.0710678118654755,True
MSLesSeg,P26_T1,DiceCE,1,12,10,18.027756377319946,False
MSLesSeg,P26_T1,DiceCE,1,13,823,1.0,True
MSLesSeg,P26_T1,DiceCE,1,14,50,19.849433241279208,False
MSLesSeg,P26_T1,DiceCE,1,15,60,16.76305461424021,True
MSLesSeg,P26_T1,DiceCE,1,16,305,22.0,True
MSLesSeg,P26_T1,DiceCE,1,17,105,17.291616465790582,True
MSLesSeg,P26_T1,DiceCE,1,18,30,32.863353450309965,False
MSLesSeg,P26_T1,DiceCE,1,19,55,34.058772731852805,True
MSLesSeg,P26_T1,DiceCE,1,20,37,42.36744032862972,False
MSLesSeg,P26_T1,DiceCE,1,21,209,7.0710678118654755,True
MSLesSeg,P26_T1,DiceCE,1,22,69,36.02776706930364,False
MSLesSeg,P26_T1,DiceCE,1,23,193,15.329709716755891,True
MSLesSeg,P26_T1,DiceCE,1,24,85,11.916375287812984,True
MSLesSeg,P26_T1,DiceCE,1,25,106,24.596747752497688,True
MSLesSeg,P26_T1,DiceCE,1,26,28,27.49545416973504,True
MSLesSeg,P26_T1,DiceCE,1,27,173,1.0,True
MSLesSeg,P26_T1,DiceCE,1,28,74,14.247806848775006,False
MSLesSeg,P26_T1,DiceCE,1,29,89,18.49324200890693,True
MSLesSeg,P26_T1,DiceCE,1,30,116,20.024984394500787,False
MSLesSeg,P26_T1,DiceCE,1,31,168,1.4142135623730951,True
MSLesSeg,P26_T1,DiceCE,1,32,320,6.708203932499369,True
MSLesSeg,P26_T1,DiceCE,1,33,108,7.54983443527075,True
MSLesSeg,P26_T1,DiceCE,1,34,108,14.491376746189438,True
MSLesSeg,P26_T1,DiceCE,1,35,622,1.0,True
MSLesSeg,P26_T1,DiceCE,1,36,23,11.445523142259598,True
MSLesSeg,P26_T1,DiceCE,1,37,226,8.0,True
MSLesSeg,P26_T1,DiceCE,1,38,35,29.949958263743873,True
MSLesSeg,P26_T1,DiceCE,1,39,84,11.575836902790225,True
MSLesSeg,P26_T1,DiceCE,1,40,89,29.410882339705484,True
MSLesSeg,P26_T1,DiceCE,1,41,117,10.488088481701515,True
MSLesSeg,P26_T1,DiceCE,1,42,20,26.720778431774775,True
MSLesSeg,P26_T1,DiceCE,1,43,44,26.038433132583073,True
MSLesSeg,P26_T1,DiceCE,2,1,112,38.8329756778952,True
MSLesSeg,P26_T1,DiceCE,2,2,132,24.515301344262525,True
MSLesSeg,P26_T1,DiceCE,2,3,138,14.52583904633395,True
MSLesSeg,P26_T1,DiceCE,2,4,253,5.0990195135927845,True
MSLesSeg,P26_T1,DiceCE,2,5,728,5.830951894845301,True
MSLesSeg,P26_T1,DiceCE,2,6,79,21.72556098240043,True
MSLesSeg,P26_T1,DiceCE,2,7,76,30.331501776206203,True
MSLesSeg,P26_T1,DiceCE,2,8,140,16.278820596099706,True
MSLesSeg,P26_T1,DiceCE,2,9,156,4.898979485566356,True
MSLesSeg,P26_T1,DiceCE,2,10,86,5.385164807134504,True
MSLesSeg,P26_T1,DiceCE,2,11,158,7.0710678118654755,True
MSLesSeg,P26_T1,DiceCE,2,12,10,18.027756377319946,False
MSLesSeg,P26_T1,DiceCE,2,13,823,1.0,True
MSLesSeg,P26_T1,DiceCE,2,14,50,19.849433241279208,False
MSLesSeg,P26_T1,DiceCE,2,15,60,16.76305461424021,True
MSLesSeg,P26_T1,DiceCE,2,16,305,22.0,True
MSLesSeg,P26_T1,DiceCE,2,17,105,17.291616465790582,True
MSLesSeg,P26_T1,DiceCE,2,18,30,32.863353450309965,False
MSLesSeg,P26_T1,DiceCE,2,19,55,34.058772731852805,True
MSLesSeg,P26_T1,DiceCE,2,20,37,42.36744032862972,False
MSLesSeg,P26_T1,DiceCE,2,21,209,7.0710678118654755,True
MSLesSeg,P26_T1,DiceCE,2,22,69,36.02776706930364,False
MSLesSeg,P26_T1,DiceCE,2,23,193,15.329709716755891,True
MSLesSeg,P26_T1,DiceCE,2,24,85,11.916375287812984,True
MSLesSeg,P26_T1,DiceCE,2,25,106,24.596747752497688,True
MSLesSeg,P26_T1,DiceCE,2,26,28,27.49545416973504,True
MSLesSeg,P26_T1,DiceCE,2,27,173,1.0,True
MSLesSeg,P26_T1,DiceCE,2,28,74,14.247806848775006,True
MSLesSeg,P26_T1,DiceCE,2,29,89,18.49324200890693,True
MSLesSeg,P26_T1,DiceCE,2,30,116,20.024984394500787,False
MSLesSeg,P26_T1,DiceCE,2,31,168,1.4142135623730951,True
MSLesSeg,P26_T1,DiceCE,2,32,320,6.708203932499369,True
MSLesSeg,P26_T1,DiceCE,2,33,108,7.54983443527075,True
MSLesSeg,P26_T1,DiceCE,2,34,108,14.491376746189438,True
MSLesSeg,P26_T1,DiceCE,2,35,622,1.0,True
MSLesSeg,P26_T1,DiceCE,2,36,23,11.445523142259598,True
MSLesSeg,P26_T1,DiceCE,2,37,226,8.0,True
MSLesSeg,P26_T1,DiceCE,2,38,35,29.949958263743873,True
MSLesSeg,P26_T1,DiceCE,2,39,84,11.575836902790225,True
MSLesSeg,P26_T1,DiceCE,2,40,89,29.410882339705484,True
MSLesSeg,P26_T1,DiceCE,2,41,117,10.488088481701515,True
MSLesSeg,P26_T1,DiceCE,2,42,20,26.720778431774775,True
MSLesSeg,P26_T1,DiceCE,2,43,44,26.038433132583073,True
MSLesSeg,P26_T1,DiceCE,3,1,112,38.8329756778952,True
MSLesSeg,P26_T1,DiceCE,3,2,132,24.515301344262525,True
MSLesSeg,P26_T1,DiceCE,3,3,138,14.52583904633395,True
MSLesSeg,P26_T1,DiceCE,3,4,253,5.0990195135927845,True
MSLesSeg,P26_T1,DiceCE,3,5,728,5.830951894845301,True
MSLesSeg,P26_T1,DiceCE,3,6,79,21.72556098240043,True
MSLesSeg,P26_T1,DiceCE,3,7,76,30.331501776206203,True
MSLesSeg,P26_T1,DiceCE,3,8,140,16.278820596099706,True
MSLesSeg,P26_T1,DiceCE,3,9,156,4.898979485566356,True
MSLesSeg,P26_T1,DiceCE,3,10,86,5.385164807134504,True
MSLesSeg,P26_T1,DiceCE,3,11,158,7.0710678118654755,True
MSLesSeg,P26_T1,DiceCE,3,12,10,18.027756377319946,False
MSLesSeg,P26_T1,DiceCE,3,13,823,1.0,True
MSLesSeg,P26_T1,DiceCE,3,14,50,19.849433241279208,False
MSLesSeg,P26_T1,DiceCE,3,15,60,16.76305461424021,True
MSLesSeg,P26_T1,DiceCE,3,16,305,22.0,True
MSLesSeg,P26_T1,DiceCE,3,17,105,17.291616465790582,True
MSLesSeg,P26_T1,DiceCE,3,18,30,32.863353450309965,False
MSLesSeg,P26_T1,DiceCE,3,19,55,34.058772731852805,True
MSLesSeg,P26_T1,DiceCE,3,20,37,42.36744032862972,False
MSLesSeg,P26_T1,DiceCE,3,21,209,7.0710678118654755,True
MSLesSeg,P26_T1,DiceCE,3,22,69,36.02776706930364,False
MSLesSeg,P26_T1,DiceCE,3,23,193,15.329709716755891,True
MSLesSeg,P26_T1,DiceCE,3,24,85,11.916375287812984,True
MSLesSeg,P26_T1,DiceCE,3,25,106,24.596747752497688,True
MSLesSeg,P26_T1,DiceCE,3,26,28,27.49545416973504,True
MSLesSeg,P26_T1,DiceCE,3,27,173,1.0,True
MSLesSeg,P26_T1,DiceCE,3,28,74,14.247806848775006,True
MSLesSeg,P26_T1,DiceCE,3,29,89,18.49324200890693,True
MSLesSeg,P26_T1,DiceCE,3,30,116,20.024984394500787,False
MSLesSeg,P26_T1,DiceCE,3,31,168,1.4142135623730951,True
MSLesSeg,P26_T1,DiceCE,3,32,320,6.708203932499369,True
MSLesSeg,P26_T1,DiceCE,3,33,108,7.54983443527075,True
MSLesSeg,P26_T1,DiceCE,3,34,108,14.491376746189438,True
MSLesSeg,P26_T1,DiceCE,3,35,622,1.0,True
MSLesSeg,P26_T1,DiceCE,3,36,23,11.445523142259598,True
MSLesSeg,P26_T1,DiceCE,3,37,226,8.0,True
MSLesSeg,P26_T1,DiceCE,3,38,35,29.949958263743873,True
MSLesSeg,P26_T1,DiceCE,3,39,84,11.575836902790225,True
MSLesSeg,P26_T1,DiceCE,3,40,89,29.410882339705484,True
MSLesSeg,P26_T1,DiceCE,3,41,117,10.488088481701515,True
MSLesSeg,P26_T1,DiceCE,3,42,20,26.720778431774775,True
MSLesSeg,P26_T1,DiceCE,3,43,44,26.038433132583073,True
MSLesSeg,P26_T1,DiceCE,4,1,112,38.8329756778952,True
MSLesSeg,P26_T1,DiceCE,4,2,132,24.515301344262525,True
MSLesSeg,P26_T1,DiceCE,4,3,138,14.52583904633395,True
MSLesSeg,P26_T1,DiceCE,4,4,253,5.0990195135927845,True
MSLesSeg,P26_T1,DiceCE,4,5,728,5.830951894845301,True
MSLesSeg,P26_T1,DiceCE,4,6,79,21.72556098240043,True
MSLesSeg,P26_T1,DiceCE,4,7,76,30.331501776206203,True
MSLesSeg,P26_T1,DiceCE,4,8,140,16.278820596099706,True
MSLesSeg,P26_T1,DiceCE,4,9,156,4.898979485566356,True
MSLesSeg,P26_T1,DiceCE,4,10,86,5.385164807134504,True
MSLesSeg,P26_T1,DiceCE,4,11,158,7.0710678118654755,True
MSLesSeg,P26_T1,DiceCE,4,12,10,18.027756377319946,False
MSLesSeg,P26_T1,DiceCE,4,13,823,1.0,True
MSLesSeg,P26_T1,DiceCE,4,14,50,19.849433241279208,False
MSLesSeg,P26_T1,DiceCE,4,15,60,16.76305461424021,True
MSLesSeg,P26_T1,DiceCE,4,16,305,22.0,True
MSLesSeg,P26_T1,DiceCE,4,17,105,17.291616465790582,True
MSLesSeg,P26_T1,DiceCE,4,18,30,32.863353450309965,False
MSLesSeg,P26_T1,DiceCE,4,19,55,34.058772731852805,True
MSLesSeg,P26_T1,DiceCE,4,20,37,42.36744032862972,False
MSLesSeg,P26_T1,DiceCE,4,21,209,7.0710678118654755,True
MSLesSeg,P26_T1,DiceCE,4,22,69,36.02776706930364,False
MSLesSeg,P26_T1,DiceCE,4,23,193,15.329709716755891,True
MSLesSeg,P26_T1,DiceCE,4,24,85,11.916375287812984,True
MSLesSeg,P26_T1,DiceCE,4,25,106,24.596747752497688,True
MSLesSeg,P26_T1,DiceCE,4,26,28,27.49545416973504,True
MSLesSeg,P26_T1,DiceCE,4,27,173,1.0,True
MSLesSeg,P26_T1,DiceCE,4,28,74,14.247806848775006,True
MSLesSeg,P26_T1,DiceCE,4,29,89,18.49324200890693,True
MSLesSeg,P26_T1,DiceCE,4,30,116,20.024984394500787,False
MSLesSeg,P26_T1,DiceCE,4,31,168,1.4142135623730951,True
MSLesSeg,P26_T1,DiceCE,4,32,320,6.708203932499369,True
MSLesSeg,P26_T1,DiceCE,4,33,108,7.54983443527075,True
MSLesSeg,P26_T1,DiceCE,4,34,108,14.491376746189438,True
MSLesSeg,P26_T1,DiceCE,4,35,622,1.0,True
MSLesSeg,P26_T1,DiceCE,4,36,23,11.445523142259598,True
MSLesSeg,P26_T1,DiceCE,4,37,226,8.0,True
MSLesSeg,P26_T1,DiceCE,4,38,35,29.949958263743873,True
MSLesSeg,P26_T1,DiceCE,4,39,84,11.575836902790225,True
MSLesSeg,P26_T1,DiceCE,4,40,89,29.410882339705484,True
MSLesSeg,P26_T1,DiceCE,4,41,117,10.488088481701515,True
MSLesSeg,P26_T1,DiceCE,4,42,20,26.720778431774775,True
MSLesSeg,P26_T1,DiceCE,4,43,44,26.038433132583073,True
MSLesSeg,P26_T1,Tversky,0,1,112,38.8329756778952,True
MSLesSeg,P26_T1,Tversky,0,2,132,24.515301344262525,True
MSLesSeg,P26_T1,Tversky,0,3,138,14.52583904633395,True
MSLesSeg,P26_T1,Tversky,0,4,253,5.0990195135927845,True
MSLesSeg,P26_T1,Tversky,0,5,728,5.830951894845301,True
MSLesSeg,P26_T1,Tversky,0,6,79,21.72556098240043,True
MSLesSeg,P26_T1,Tversky,0,7,76,30.331501776206203,True
MSLesSeg,P26_T1,Tversky,0,8,140,16.278820596099706,True
MSLesSeg,P26_T1,Tversky,0,9,156,4.898979485566356,True
MSLesSeg,P26_T1,Tversky,0,10,86,5.385164807134504,True
MSLesSeg,P26_T1,Tversky,0,11,158,7.0710678118654755,True
MSLesSeg,P26_T1,Tversky,0,12,10,18.027756377319946,False
MSLesSeg,P26_T1,Tversky,0,13,823,1.0,True
MSLesSeg,P26_T1,Tversky,0,14,50,19.849433241279208,False
MSLesSeg,P26_T1,Tversky,0,15,60,16.76305461424021,True
MSLesSeg,P26_T1,Tversky,0,16,305,22.0,True
MSLesSeg,P26_T1,Tversky,0,17,105,17.291616465790582,True
MSLesSeg,P26_T1,Tversky,0,18,30,32.863353450309965,False
MSLesSeg,P26_T1,Tversky,0,19,55,34.058772731852805,True
MSLesSeg,P26_T1,Tversky,0,20,37,42.36744032862972,False
MSLesSeg,P26_T1,Tversky,0,21,209,7.0710678118654755,True
MSLesSeg,P26_T1,Tversky,0,22,69,36.02776706930364,False
MSLesSeg,P26_T1,Tversky,0,23,193,15.329709716755891,True
MSLesSeg,P26_T1,Tversky,0,24,85,11.916375287812984,True
MSLesSeg,P26_T1,Tversky,0,25,106,24.596747752497688,True
MSLesSeg,P26_T1,Tversky,0,26,28,27.49545416973504,True
MSLesSeg,P26_T1,Tversky,0,27,173,1.0,True
MSLesSeg,P26_T1,Tversky,0,28,74,14.247806848775006,True
MSLesSeg,P26_T1,Tversky,0,29,89,18.49324200890693,True
MSLesSeg,P26_T1,Tversky,0,30,116,20.024984394500787,False
MSLesSeg,P26_T1,Tversky,0,31,168,1.4142135623730951,True
MSLesSeg,P26_T1,Tversky,0,32,320,6.708203932499369,True
MSLesSeg,P26_T1,Tversky,0,33,108,7.54983443527075,True
MSLesSeg,P26_T1,Tversky,0,34,108,14.491376746189438,True
MSLesSeg,P26_T1,Tversky,0,35,622,1.0,True
MSLesSeg,P26_T1,Tversky,0,36,23,11.445523142259598,True
MSLesSeg,P26_T1,Tversky,0,37,226,8.0,True
MSLesSeg,P26_T1,Tversky,0,38,35,29.949958263743873,True
MSLesSeg,P26_T1,Tversky,0,39,84,11.575836902790225,True
MSLesSeg,P26_T1,Tversky,0,40,89,29.410882339705484,True
MSLesSeg,P26_T1,Tversky,0,41,117,10.488088481701515,True
MSLesSeg,P26_T1,Tversky,0,42,20,26.720778431774775,True
MSLesSeg,P26_T1,Tversky,0,43,44,26.038433132583073,True
MSLesSeg,P26_T1,Tversky,1,1,112,38.8329756778952,True
MSLesSeg,P26_T1,Tversky,1,2,132,24.515301344262525,True
MSLesSeg,P26_T1,Tversky,1,3,138,14.52583904633395,True
MSLesSeg,P26_T1,Tversky,1,4,253,5.0990195135927845,True
MSLesSeg,P26_T1,Tversky,1,5,728,5.830951894845301,True
MSLesSeg,P26_T1,Tversky,1,6,79,21.72556098240043,True
MSLesSeg,P26_T1,Tversky,1,7,76,30.331501776206203,True
MSLesSeg,P26_T1,Tversky,1,8,140,16.278820596099706,True
MSLesSeg,P26_T1,Tversky,1,9,156,4.898979485566356,True
MSLesSeg,P26_T1,Tversky,1,10,86,5.385164807134504,True
MSLesSeg,P26_T1,Tversky,1,11,158,7.0710678118654755,True
MSLesSeg,P26_T1,Tversky,1,12,10,18.027756377319946,False
MSLesSeg,P26_T1,Tversky,1,13,823,1.0,True
MSLesSeg,P26_T1,Tversky,1,14,50,19.849433241279208,False
MSLesSeg,P26_T1,Tversky,1,15,60,16.76305461424021,True
MSLesSeg,P26_T1,Tversky,1,16,305,22.0,True
MSLesSeg,P26_T1,Tversky,1,17,105,17.291616465790582,True
MSLesSeg,P26_T1,Tversky,1,18,30,32.863353450309965,False
MSLesSeg,P26_T1,Tversky,1,19,55,34.058772731852805,True
MSLesSeg,P26_T1,Tversky,1,20,37,42.36744032862972,False
MSLesSeg,P26_T1,Tversky,1,21,209,7.0710678118654755,True
MSLesSeg,P26_T1,Tversky,1,22,69,36.02776706930364,True
MSLesSeg,P26_T1,Tversky,1,23,193,15.329709716755891,True
MSLesSeg,P26_T1,Tversky,1,24,85,11.916375287812984,True
MSLesSeg,P26_T1,Tversky,1,25,106,24.596747752497688,True
MSLesSeg,P26_T1,Tversky,1,26,28,27.49545416973504,True
MSLesSeg,P26_T1,Tversky,1,27,173,1.0,True
MSLesSeg,P26_T1,Tversky,1,28,74,14.247806848775006,True
MSLesSeg,P26_T1,Tversky,1,29,89,18.49324200890693,True
MSLesSeg,P26_T1,Tversky,1,30,116,20.024984394500787,False
MSLesSeg,P26_T1,Tversky,1,31,168,1.4142135623730951,True
MSLesSeg,P26_T1,Tversky,1,32,320,6.708203932499369,True
MSLesSeg,P26_T1,Tversky,1,33,108,7.54983443527075,True
MSLesSeg,P26_T1,Tversky,1,34,108,14.491376746189438,True
MSLesSeg,P26_T1,Tversky,1,35,622,1.0,True
MSLesSeg,P26_T1,Tversky,1,36,23,11.445523142259598,True
MSLesSeg,P26_T1,Tversky,1,37,226,8.0,True
MSLesSeg,P26_T1,Tversky,1,38,35,29.949958263743873,True
MSLesSeg,P26_T1,Tversky,1,39,84,11.575836902790225,True
MSLesSeg,P26_T1,Tversky,1,40,89,29.410882339705484,True
MSLesSeg,P26_T1,Tversky,1,41,117,10.488088481701515,True
MSLesSeg,P26_T1,Tversky,1,42,20,26.720778431774775,True
MSLesSeg,P26_T1,Tversky,1,43,44,26.038433132583073,True
MSLesSeg,P26_T1,Tversky,2,1,112,38.8329756778952,True
MSLesSeg,P26_T1,Tversky,2,2,132,24.515301344262525,True
MSLesSeg,P26_T1,Tversky,2,3,138,14.52583904633395,True
MSLesSeg,P26_T1,Tversky,2,4,253,5.0990195135927845,True
MSLesSeg,P26_T1,Tversky,2,5,728,5.830951894845301,True
MSLesSeg,P26_T1,Tversky,2,6,79,21.72556098240043,True
MSLesSeg,P26_T1,Tversky,2,7,76,30.331501776206203,True
MSLesSeg,P26_T1,Tversky,2,8,140,16.278820596099706,True
MSLesSeg,P26_T1,Tversky,2,9,156,4.898979485566356,True
MSLesSeg,P26_T1,Tversky,2,10,86,5.385164807134504,True
MSLesSeg,P26_T1,Tversky,2,11,158,7.0710678118654755,True
MSLesSeg,P26_T1,Tversky,2,12,10,18.027756377319946,False
MSLesSeg,P26_T1,Tversky,2,13,823,1.0,True
MSLesSeg,P26_T1,Tversky,2,14,50,19.849433241279208,False
MSLesSeg,P26_T1,Tversky,2,15,60,16.76305461424021,True
MSLesSeg,P26_T1,Tversky,2,16,305,22.0,True
MSLesSeg,P26_T1,Tversky,2,17,105,17.291616465790582,True
MSLesSeg,P26_T1,Tversky,2,18,30,32.863353450309965,False
MSLesSeg,P26_T1,Tversky,2,19,55,34.058772731852805,True
MSLesSeg,P26_T1,Tversky,2,20,37,42.36744032862972,False
MSLesSeg,P26_T1,Tversky,2,21,209,7.0710678118654755,True
MSLesSeg,P26_T1,Tversky,2,22,69,36.02776706930364,False
MSLesSeg,P26_T1,Tversky,2,23,193,15.329709716755891,True
MSLesSeg,P26_T1,Tversky,2,24,85,11.916375287812984,True
MSLesSeg,P26_T1,Tversky,2,25,106,24.596747752497688,True
MSLesSeg,P26_T1,Tversky,2,26,28,27.49545416973504,True
MSLesSeg,P26_T1,Tversky,2,27,173,1.0,True
MSLesSeg,P26_T1,Tversky,2,28,74,14.247806848775006,True
MSLesSeg,P26_T1,Tversky,2,29,89,18.49324200890693,True
MSLesSeg,P26_T1,Tversky,2,30,116,20.024984394500787,True
MSLesSeg,P26_T1,Tversky,2,31,168,1.4142135623730951,True
MSLesSeg,P26_T1,Tversky,2,32,320,6.708203932499369,True
MSLesSeg,P26_T1,Tversky,2,33,108,7.54983443527075,True
MSLesSeg,P26_T1,Tversky,2,34,108,14.491376746189438,True
MSLesSeg,P26_T1,Tversky,2,35,622,1.0,True
MSLesSeg,P26_T1,Tversky,2,36,23,11.445523142259598,True
MSLesSeg,P26_T1,Tversky,2,37,226,8.0,True
MSLesSeg,P26_T1,Tversky,2,38,35,29.949958263743873,True
MSLesSeg,P26_T1,Tversky,2,39,84,11.575836902790225,True
MSLesSeg,P26_T1,Tversky,2,40,89,29.410882339705484,True
MSLesSeg,P26_T1,Tversky,2,41,117,10.488088481701515,True
MSLesSeg,P26_T1,Tversky,2,42,20,26.720778431774775,True
MSLesSeg,P26_T1,Tversky,2,43,44,26.038433132583073,True
MSLesSeg,P26_T1,Tversky,3,1,112,38.8329756778952,True
MSLesSeg,P26_T1,Tversky,3,2,132,24.515301344262525,True
MSLesSeg,P26_T1,Tversky,3,3,138,14.52583904633395,True
MSLesSeg,P26_T1,Tversky,3,4,253,5.0990195135927845,True
MSLesSeg,P26_T1,Tversky,3,5,728,5.830951894845301,True
MSLesSeg,P26_T1,Tversky,3,6,79,21.72556098240043,True
MSLesSeg,P26_T1,Tversky,3,7,76,30.331501776206203,True
MSLesSeg,P26_T1,Tversky,3,8,140,16.278820596099706,True
MSLesSeg,P26_T1,Tversky,3,9,156,4.898979485566356,True
MSLesSeg,P26_T1,Tversky,3,10,86,5.385164807134504,True
MSLesSeg,P26_T1,Tversky,3,11,158,7.0710678118654755,True
MSLesSeg,P26_T1,Tversky,3,12,10,18.027756377319946,False
MSLesSeg,P26_T1,Tversky,3,13,823,1.0,True
MSLesSeg,P26_T1,Tversky,3,14,50,19.849433241279208,False
MSLesSeg,P26_T1,Tversky,3,15,60,16.76305461424021,True
MSLesSeg,P26_T1,Tversky,3,16,305,22.0,True
MSLesSeg,P26_T1,Tversky,3,17,105,17.291616465790582,True
MSLesSeg,P26_T1,Tversky,3,18,30,32.863353450309965,False
MSLesSeg,P26_T1,Tversky,3,19,55,34.058772731852805,True
MSLesSeg,P26_T1,Tversky,3,20,37,42.36744032862972,False
MSLesSeg,P26_T1,Tversky,3,21,209,7.0710678118654755,True
MSLesSeg,P26_T1,Tversky,3,22,69,36.02776706930364,False
MSLesSeg,P26_T1,Tversky,3,23,193,15.329709716755891,True
MSLesSeg,P26_T1,Tversky,3,24,85,11.916375287812984,True
MSLesSeg,P26_T1,Tversky,3,25,106,24.596747752497688,True
MSLesSeg,P26_T1,Tversky,3,26,28,27.49545416973504,True
MSLesSeg,P26_T1,Tversky,3,27,173,1.0,True
MSLesSeg,P26_T1,Tversky,3,28,74,14.247806848775006,True
MSLesSeg,P26_T1,Tversky,3,29,89,18.49324200890693,True
MSLesSeg,P26_T1,Tversky,3,30,116,20.024984394500787,False
MSLesSeg,P26_T1,Tversky,3,31,168,1.4142135623730951,True
MSLesSeg,P26_T1,Tversky,3,32,320,6.708203932499369,True
MSLesSeg,P26_T1,Tversky,3,33,108,7.54983443527075,True
MSLesSeg,P26_T1,Tversky,3,34,108,14.491376746189438,True
MSLesSeg,P26_T1,Tversky,3,35,622,1.0,True
MSLesSeg,P26_T1,Tversky,3,36,23,11.445523142259598,True
MSLesSeg,P26_T1,Tversky,3,37,226,8.0,True
MSLesSeg,P26_T1,Tversky,3,38,35,29.949958263743873,True
MSLesSeg,P26_T1,Tversky,3,39,84,11.575836902790225,True
MSLesSeg,P26_T1,Tversky,3,40,89,29.410882339705484,True
MSLesSeg,P26_T1,Tversky,3,41,117,10.488088481701515,True
MSLesSeg,P26_T1,Tversky,3,42,20,26.720778431774775,True
MSLesSeg,P26_T1,Tversky,3,43,44,26.038433132583073,True
MSLesSeg,P26_T1,Tversky,4,1,112,38.8329756778952,True
MSLesSeg,P26_T1,Tversky,4,2,132,24.515301344262525,True
MSLesSeg,P26_T1,Tversky,4,3,138,14.52583904633395,True
MSLesSeg,P26_T1,Tversky,4,4,253,5.0990195135927845,True
MSLesSeg,P26_T1,Tversky,4,5,728,5.830951894845301,True
MSLesSeg,P26_T1,Tversky,4,6,79,21.72556098240043,True
MSLesSeg,P26_T1,Tversky,4,7,76,30.331501776206203,True
MSLesSeg,P26_T1,Tversky,4,8,140,16.278820596099706,True
MSLesSeg,P26_T1,Tversky,4,9,156,4.898979485566356,True
MSLesSeg,P26_T1,Tversky,4,10,86,5.385164807134504,True
MSLesSeg,P26_T1,Tversky,4,11,158,7.0710678118654755,True
MSLesSeg,P26_T1,Tversky,4,12,10,18.027756377319946,False
MSLesSeg,P26_T1,Tversky,4,13,823,1.0,True
MSLesSeg,P26_T1,Tversky,4,14,50,19.849433241279208,False
MSLesSeg,P26_T1,Tversky,4,15,60,16.76305461424021,True
MSLesSeg,P26_T1,Tversky,4,16,305,22.0,True
MSLesSeg,P26_T1,Tversky,4,17,105,17.291616465790582,True
MSLesSeg,P26_T1,Tversky,4,18,30,32.863353450309965,False
MSLesSeg,P26_T1,Tversky,4,19,55,34.058772731852805,True
MSLesSeg,P26_T1,Tversky,4,20,37,42.36744032862972,True
MSLesSeg,P26_T1,Tversky,4,21,209,7.0710678118654755,True
MSLesSeg,P26_T1,Tversky,4,22,69,36.02776706930364,False
MSLesSeg,P26_T1,Tversky,4,23,193,15.329709716755891,True
MSLesSeg,P26_T1,Tversky,4,24,85,11.916375287812984,True
MSLesSeg,P26_T1,Tversky,4,25,106,24.596747752497688,True
MSLesSeg,P26_T1,Tversky,4,26,28,27.49545416973504,True
MSLesSeg,P26_T1,Tversky,4,27,173,1.0,True
MSLesSeg,P26_T1,Tversky,4,28,74,14.247806848775006,True
MSLesSeg,P26_T1,Tversky,4,29,89,18.49324200890693,True
MSLesSeg,P26_T1,Tversky,4,30,116,20.024984394500787,False
MSLesSeg,P26_T1,Tversky,4,31,168,1.4142135623730951,True
MSLesSeg,P26_T1,Tversky,4,32,320,6.708203932499369,True
MSLesSeg,P26_T1,Tversky,4,33,108,7.54983443527075,True
MSLesSeg,P26_T1,Tversky,4,34,108,14.491376746189438,True
MSLesSeg,P26_T1,Tversky,4,35,622,1.0,True
MSLesSeg,P26_T1,Tversky,4,36,23,11.445523142259598,True
MSLesSeg,P26_T1,Tversky,4,37,226,8.0,True
MSLesSeg,P26_T1,Tversky,4,38,35,29.949958263743873,True
MSLesSeg,P26_T1,Tversky,4,39,84,11.575836902790225,True
MSLesSeg,P26_T1,Tversky,4,40,89,29.410882339705484,True
MSLesSeg,P26_T1,Tversky,4,41,117,10.488088481701515,True
MSLesSeg,P26_T1,Tversky,4,42,20,26.720778431774775,True
MSLesSeg,P26_T1,Tversky,4,43,44,26.038433132583073,True
MSLesSeg,P26_T1,FocalTversky,0,1,112,38.8329756778952,True
MSLesSeg,P26_T1,FocalTversky,0,2,132,24.515301344262525,True
MSLesSeg,P26_T1,FocalTversky,0,3,138,14.52583904633395,True
MSLesSeg,P26_T1,FocalTversky,0,4,253,5.0990195135927845,True
MSLesSeg,P26_T1,FocalTversky,0,5,728,5.830951894845301,True
MSLesSeg,P26_T1,FocalTversky,0,6,79,21.72556098240043,True
MSLesSeg,P26_T1,FocalTversky,0,7,76,30.331501776206203,True
MSLesSeg,P26_T1,FocalTversky,0,8,140,16.278820596099706,True
MSLesSeg,P26_T1,FocalTversky,0,9,156,4.898979485566356,True
MSLesSeg,P26_T1,FocalTversky,0,10,86,5.385164807134504,True
MSLesSeg,P26_T1,FocalTversky,0,11,158,7.0710678118654755,True
MSLesSeg,P26_T1,FocalTversky,0,12,10,18.027756377319946,False
MSLesSeg,P26_T1,FocalTversky,0,13,823,1.0,True
MSLesSeg,P26_T1,FocalTversky,0,14,50,19.849433241279208,False
MSLesSeg,P26_T1,FocalTversky,0,15,60,16.76305461424021,True
MSLesSeg,P26_T1,FocalTversky,0,16,305,22.0,True
MSLesSeg,P26_T1,FocalTversky,0,17,105,17.291616465790582,True
MSLesSeg,P26_T1,FocalTversky,0,18,30,32.863353450309965,False
MSLesSeg,P26_T1,FocalTversky,0,19,55,34.058772731852805,True
MSLesSeg,P26_T1,FocalTversky,0,20,37,42.36744032862972,False
MSLesSeg,P26_T1,FocalTversky,0,21,209,7.0710678118654755,True
MSLesSeg,P26_T1,FocalTversky,0,22,69,36.02776706930364,True
MSLesSeg,P26_T1,FocalTversky,0,23,193,15.329709716755891,True
MSLesSeg,P26_T1,FocalTversky,0,24,85,11.916375287812984,True
MSLesSeg,P26_T1,FocalTversky,0,25,106,24.596747752497688,True
MSLesSeg,P26_T1,FocalTversky,0,26,28,27.49545416973504,True
MSLesSeg,P26_T1,FocalTversky,0,27,173,1.0,True
MSLesSeg,P26_T1,FocalTversky,0,28,74,14.247806848775006,True
MSLesSeg,P26_T1,FocalTversky,0,29,89,18.49324200890693,True
MSLesSeg,P26_T1,FocalTversky,0,30,116,20.024984394500787,True
MSLesSeg,P26_T1,FocalTversky,0,31,168,1.4142135623730951,True
MSLesSeg,P26_T1,FocalTversky,0,32,320,6.708203932499369,True
MSLesSeg,P26_T1,FocalTversky,0,33,108,7.54983443527075,True
MSLesSeg,P26_T1,FocalTversky,0,34,108,14.491376746189438,True
MSLesSeg,P26_T1,FocalTversky,0,35,622,1.0,True
MSLesSeg,P26_T1,FocalTversky,0,36,23,11.445523142259598,True
MSLesSeg,P26_T1,FocalTversky,0,37,226,8.0,True
MSLesSeg,P26_T1,FocalTversky,0,38,35,29.949958263743873,True
MSLesSeg,P26_T1,FocalTversky,0,39,84,11.575836902790225,True
MSLesSeg,P26_T1,FocalTversky,0,40,89,29.410882339705484,True
MSLesSeg,P26_T1,FocalTversky,0,41,117,10.488088481701515,True
MSLesSeg,P26_T1,FocalTversky,0,42,20,26.720778431774775,True
MSLesSeg,P26_T1,FocalTversky,0,43,44,26.038433132583073,True
MSLesSeg,P26_T1,FocalTversky,1,1,112,38.8329756778952,True
MSLesSeg,P26_T1,FocalTversky,1,2,132,24.515301344262525,True
MSLesSeg,P26_T1,FocalTversky,1,3,138,14.52583904633395,True
MSLesSeg,P26_T1,FocalTversky,1,4,253,5.0990195135927845,True
MSLesSeg,P26_T1,FocalTversky,1,5,728,5.830951894845301,True
MSLesSeg,P26_T1,FocalTversky,1,6,79,21.72556098240043,True
MSLesSeg,P26_T1,FocalTversky,1,7,76,30.331501776206203,True
MSLesSeg,P26_T1,FocalTversky,1,8,140,16.278820596099706,True
MSLesSeg,P26_T1,FocalTversky,1,9,156,4.898979485566356,True
MSLesSeg,P26_T1,FocalTversky,1,10,86,5.385164807134504,True
MSLesSeg,P26_T1,FocalTversky,1,11,158,7.0710678118654755,True
MSLesSeg,P26_T1,FocalTversky,1,12,10,18.027756377319946,False
MSLesSeg,P26_T1,FocalTversky,1,13,823,1.0,True
MSLesSeg,P26_T1,FocalTversky,1,14,50,19.849433241279208,False
MSLesSeg,P26_T1,FocalTversky,1,15,60,16.76305461424021,True
MSLesSeg,P26_T1,FocalTversky,1,16,305,22.0,True
MSLesSeg,P26_T1,FocalTversky,1,17,105,17.291616465790582,True
MSLesSeg,P26_T1,FocalTversky,1,18,30,32.863353450309965,False
MSLesSeg,P26_T1,FocalTversky,1,19,55,34.058772731852805,True
MSLesSeg,P26_T1,FocalTversky,1,20,37,42.36744032862972,False
MSLesSeg,P26_T1,FocalTversky,1,21,209,7.0710678118654755,True
MSLesSeg,P26_T1,FocalTversky,1,22,69,36.02776706930364,True
MSLesSeg,P26_T1,FocalTversky,1,23,193,15.329709716755891,True
MSLesSeg,P26_T1,FocalTversky,1,24,85,11.916375287812984,True
MSLesSeg,P26_T1,FocalTversky,1,25,106,24.596747752497688,True
MSLesSeg,P26_T1,FocalTversky,1,26,28,27.49545416973504,True
MSLesSeg,P26_T1,FocalTversky,1,27,173,1.0,True
MSLesSeg,P26_T1,FocalTversky,1,28,74,14.247806848775006,True
MSLesSeg,P26_T1,FocalTversky,1,29,89,18.49324200890693,True
MSLesSeg,P26_T1,FocalTversky,1,30,116,20.024984394500787,False
MSLesSeg,P26_T1,FocalTversky,1,31,168,1.4142135623730951,True
MSLesSeg,P26_T1,FocalTversky,1,32,320,6.708203932499369,True
MSLesSeg,P26_T1,FocalTversky,1,33,108,7.54983443527075,True
MSLesSeg,P26_T1,FocalTversky,1,34,108,14.491376746189438,True
MSLesSeg,P26_T1,FocalTversky,1,35,622,1.0,True
MSLesSeg,P26_T1,FocalTversky,1,36,23,11.445523142259598,True
MSLesSeg,P26_T1,FocalTversky,1,37,226,8.0,True
MSLesSeg,P26_T1,FocalTversky,1,38,35,29.949958263743873,True
MSLesSeg,P26_T1,FocalTversky,1,39,84,11.575836902790225,True
MSLesSeg,P26_T1,FocalTversky,1,40,89,29.410882339705484,True
MSLesSeg,P26_T1,FocalTversky,1,41,117,10.488088481701515,True
MSLesSeg,P26_T1,FocalTversky,1,42,20,26.720778431774775,True
MSLesSeg,P26_T1,FocalTversky,1,43,44,26.038433132583073,True
MSLesSeg,P26_T1,FocalTversky,2,1,112,38.8329756778952,True
MSLesSeg,P26_T1,FocalTversky,2,2,132,24.515301344262525,True
MSLesSeg,P26_T1,FocalTversky,2,3,138,14.52583904633395,True
MSLesSeg,P26_T1,FocalTversky,2,4,253,5.0990195135927845,True
MSLesSeg,P26_T1,FocalTversky,2,5,728,5.830951894845301,True
MSLesSeg,P26_T1,FocalTversky,2,6,79,21.72556098240043,True
MSLesSeg,P26_T1,FocalTversky,2,7,76,30.331501776206203,True
MSLesSeg,P26_T1,FocalTversky,2,8,140,16.278820596099706,True
MSLesSeg,P26_T1,FocalTversky,2,9,156,4.898979485566356,True
MSLesSeg,P26_T1,FocalTversky,2,10,86,5.385164807134504,True
MSLesSeg,P26_T1,FocalTversky,2,11,158,7.0710678118654755,True
MSLesSeg,P26_T1,FocalTversky,2,12,10,18.027756377319946,False
MSLesSeg,P26_T1,FocalTversky,2,13,823,1.0,True
MSLesSeg,P26_T1,FocalTversky,2,14,50,19.849433241279208,False
MSLesSeg,P26_T1,FocalTversky,2,15,60,16.76305461424021,True
MSLesSeg,P26_T1,FocalTversky,2,16,305,22.0,True
MSLesSeg,P26_T1,FocalTversky,2,17,105,17.291616465790582,True
MSLesSeg,P26_T1,FocalTversky,2,18,30,32.863353450309965,False
MSLesSeg,P26_T1,FocalTversky,2,19,55,34.058772731852805,True
MSLesSeg,P26_T1,FocalTversky,2,20,37,42.36744032862972,False
MSLesSeg,P26_T1,FocalTversky,2,21,209,7.0710678118654755,True
MSLesSeg,P26_T1,FocalTversky,2,22,69,36.02776706930364,False
MSLesSeg,P26_T1,FocalTversky,2,23,193,15.329709716755891,True
MSLesSeg,P26_T1,FocalTversky,2,24,85,11.916375287812984,True
MSLesSeg,P26_T1,FocalTversky,2,25,106,24.596747752497688,True
MSLesSeg,P26_T1,FocalTversky,2,26,28,27.49545416973504,True
MSLesSeg,P26_T1,FocalTversky,2,27,173,1.0,True
MSLesSeg,P26_T1,FocalTversky,2,28,74,14.247806848775006,True
MSLesSeg,P26_T1,FocalTversky,2,29,89,18.49324200890693,True
MSLesSeg,P26_T1,FocalTversky,2,30,116,20.024984394500787,False
MSLesSeg,P26_T1,FocalTversky,2,31,168,1.4142135623730951,True
MSLesSeg,P26_T1,FocalTversky,2,32,320,6.708203932499369,True
MSLesSeg,P26_T1,FocalTversky,2,33,108,7.54983443527075,True
MSLesSeg,P26_T1,FocalTversky,2,34,108,14.491376746189438,True
MSLesSeg,P26_T1,FocalTversky,2,35,622,1.0,True
MSLesSeg,P26_T1,FocalTversky,2,36,23,11.445523142259598,True
MSLesSeg,P26_T1,FocalTversky,2,37,226,8.0,True
MSLesSeg,P26_T1,FocalTversky,2,38,35,29.949958263743873,True
MSLesSeg,P26_T1,FocalTversky,2,39,84,11.575836902790225,True
MSLesSeg,P26_T1,FocalTversky,2,40,89,29.410882339705484,True
MSLesSeg,P26_T1,FocalTversky,2,41,117,10.488088481701515,True
MSLesSeg,P26_T1,FocalTversky,2,42,20,26.720778431774775,True
MSLesSeg,P26_T1,FocalTversky,2,43,44,26.038433132583073,True
MSLesSeg,P26_T1,FocalTversky,3,1,112,38.8329756778952,True
MSLesSeg,P26_T1,FocalTversky,3,2,132,24.515301344262525,True
MSLesSeg,P26_T1,FocalTversky,3,3,138,14.52583904633395,True
MSLesSeg,P26_T1,FocalTversky,3,4,253,5.0990195135927845,True
MSLesSeg,P26_T1,FocalTversky,3,5,728,5.830951894845301,True
MSLesSeg,P26_T1,FocalTversky,3,6,79,21.72556098240043,True
MSLesSeg,P26_T1,FocalTversky,3,7,76,30.331501776206203,True
MSLesSeg,P26_T1,FocalTversky,3,8,140,16.278820596099706,True
MSLesSeg,P26_T1,FocalTversky,3,9,156,4.898979485566356,True
MSLesSeg,P26_T1,FocalTversky,3,10,86,5.385164807134504,True
MSLesSeg,P26_T1,FocalTversky,3,11,158,7.0710678118654755,True
MSLesSeg,P26_T1,FocalTversky,3,12,10,18.027756377319946,False
MSLesSeg,P26_T1,FocalTversky,3,13,823,1.0,True
MSLesSeg,P26_T1,FocalTversky,3,14,50,19.849433241279208,False
MSLesSeg,P26_T1,FocalTversky,3,15,60,16.76305461424021,True
MSLesSeg,P26_T1,FocalTversky,3,16,305,22.0,True
MSLesSeg,P26_T1,FocalTversky,3,17,105,17.291616465790582,True
MSLesSeg,P26_T1,FocalTversky,3,18,30,32.863353450309965,False
MSLesSeg,P26_T1,FocalTversky,3,19,55,34.058772731852805,True
MSLesSeg,P26_T1,FocalTversky,3,20,37,42.36744032862972,False
MSLesSeg,P26_T1,FocalTversky,3,21,209,7.0710678118654755,True
MSLesSeg,P26_T1,FocalTversky,3,22,69,36.02776706930364,False
MSLesSeg,P26_T1,FocalTversky,3,23,193,15.329709716755891,True
MSLesSeg,P26_T1,FocalTversky,3,24,85,11.916375287812984,True
MSLesSeg,P26_T1,FocalTversky,3,25,106,24.596747752497688,True
MSLesSeg,P26_T1,FocalTversky,3,26,28,27.49545416973504,True
MSLesSeg,P26_T1,FocalTversky,3,27,173,1.0,True
MSLesSeg,P26_T1,FocalTversky,3,28,74,14.247806848775006,True
MSLesSeg,P26_T1,FocalTversky,3,29,89,18.49324200890693,True
MSLesSeg,P26_T1,FocalTversky,3,30,116,20.024984394500787,False
MSLesSeg,P26_T1,FocalTversky,3,31,168,1.4142135623730951,True
MSLesSeg,P26_T1,FocalTversky,3,32,320,6.708203932499369,True
MSLesSeg,P26_T1,FocalTversky,3,33,108,7.54983443527075,True
MSLesSeg,P26_T1,FocalTversky,3,34,108,14.491376746189438,True
MSLesSeg,P26_T1,FocalTversky,3,35,622,1.0,True
MSLesSeg,P26_T1,FocalTversky,3,36,23,11.445523142259598,True
MSLesSeg,P26_T1,FocalTversky,3,37,226,8.0,True
MSLesSeg,P26_T1,FocalTversky,3,38,35,29.949958263743873,True
MSLesSeg,P26_T1,FocalTversky,3,39,84,11.575836902790225,True
MSLesSeg,P26_T1,FocalTversky,3,40,89,29.410882339705484,True
MSLesSeg,P26_T1,FocalTversky,3,41,117,10.488088481701515,True
MSLesSeg,P26_T1,FocalTversky,3,42,20,26.720778431774775,True
MSLesSeg,P26_T1,FocalTversky,3,43,44,26.038433132583073,True
MSLesSeg,P26_T1,FocalTversky,4,1,112,38.8329756778952,True
MSLesSeg,P26_T1,FocalTversky,4,2,132,24.515301344262525,True
MSLesSeg,P26_T1,FocalTversky,4,3,138,14.52583904633395,True
MSLesSeg,P26_T1,FocalTversky,4,4,253,5.0990195135927845,True
MSLesSeg,P26_T1,FocalTversky,4,5,728,5.830951894845301,True
MSLesSeg,P26_T1,FocalTversky,4,6,79,21.72556098240043,True
MSLesSeg,P26_T1,FocalTversky,4,7,76,30.331501776206203,True
MSLesSeg,P26_T1,FocalTversky,4,8,140,16.278820596099706,True
MSLesSeg,P26_T1,FocalTversky,4,9,156,4.898979485566356,True
MSLesSeg,P26_T1,FocalTversky,4,10,86,5.385164807134504,True
MSLesSeg,P26_T1,FocalTversky,4,11,158,7.0710678118654755,True
MSLesSeg,P26_T1,FocalTversky,4,12,10,18.027756377319946,False
MSLesSeg,P26_T1,FocalTversky,4,13,823,1.0,True
MSLesSeg,P26_T1,FocalTversky,4,14,50,19.849433241279208,False
MSLesSeg,P26_T1,FocalTversky,4,15,60,16.76305461424021,True
MSLesSeg,P26_T1,FocalTversky,4,16,305,22.0,True
MSLesSeg,P26_T1,FocalTversky,4,17,105,17.291616465790582,True
MSLesSeg,P26_T1,FocalTversky,4,18,30,32.863353450309965,False
MSLesSeg,P26_T1,FocalTversky,4,19,55,34.058772731852805,True
MSLesSeg,P26_T1,FocalTversky,4,20,37,42.36744032862972,False
MSLesSeg,P26_T1,FocalTversky,4,21,209,7.0710678118654755,True
MSLesSeg,P26_T1,FocalTversky,4,22,69,36.02776706930364,False
MSLesSeg,P26_T1,FocalTversky,4,23,193,15.329709716755891,True
MSLesSeg,P26_T1,FocalTversky,4,24,85,11.916375287812984,True
MSLesSeg,P26_T1,FocalTversky,4,25,106,24.596747752497688,True
MSLesSeg,P26_T1,FocalTversky,4,26,28,27.49545416973504,True
MSLesSeg,P26_T1,FocalTversky,4,27,173,1.0,True
MSLesSeg,P26_T1,FocalTversky,4,28,74,14.247806848775006,True
MSLesSeg,P26_T1,FocalTversky,4,29,89,18.49324200890693,True
MSLesSeg,P26_T1,FocalTversky,4,30,116,20.024984394500787,False
MSLesSeg,P26_T1,FocalTversky,4,31,168,1.4142135623730951,True
MSLesSeg,P26_T1,FocalTversky,4,32,320,6.708203932499369,True
MSLesSeg,P26_T1,FocalTversky,4,33,108,7.54983443527075,True
MSLesSeg,P26_T1,FocalTversky,4,34,108,14.491376746189438,True
MSLesSeg,P26_T1,FocalTversky,4,35,622,1.0,True
MSLesSeg,P26_T1,FocalTversky,4,36,23,11.445523142259598,True
MSLesSeg,P26_T1,FocalTversky,4,37,226,8.0,True
MSLesSeg,P26_T1,FocalTversky,4,38,35,29.949958263743873,True
MSLesSeg,P26_T1,FocalTversky,4,39,84,11.575836902790225,True
MSLesSeg,P26_T1,FocalTversky,4,40,89,29.410882339705484,True
MSLesSeg,P26_T1,FocalTversky,4,41,117,10.488088481701515,True
MSLesSeg,P26_T1,FocalTversky,4,42,20,26.720778431774775,True
MSLesSeg,P26_T1,FocalTversky,4,43,44,26.038433132583073,True
MSLesSeg,P2_T1,CATMIL,0,1,73,8.366600265340756,True
MSLesSeg,P2_T1,CATMIL,0,2,109,14.0,True
MSLesSeg,P2_T1,CATMIL,0,3,129,17.832554500127006,True
MSLesSeg,P2_T1,CATMIL,0,4,35,14.035668847618199,True
MSLesSeg,P2_T1,CATMIL,0,5,455,17.029386365926403,True
MSLesSeg,P2_T1,CATMIL,0,6,74,1.4142135623730951,True
MSLesSeg,P2_T1,CATMIL,0,7,201,1.7320508075688772,True
MSLesSeg,P2_T1,CATMIL,0,8,144,6.082762530298219,True
MSLesSeg,P2_T1,CATMIL,0,9,48,8.48528137423857,True
MSLesSeg,P2_T1,CATMIL,0,10,151,3.1622776601683795,True
MSLesSeg,P2_T1,CATMIL,0,11,250,2.0,True
MSLesSeg,P2_T1,CATMIL,0,12,428,1.4142135623730951,True
MSLesSeg,P2_T1,CATMIL,0,13,2,2.0,False
MSLesSeg,P2_T1,CATMIL,0,14,38,1.0,True
MSLesSeg,P2_T1,CATMIL,0,15,48,13.601470508735444,True
MSLesSeg,P2_T1,CATMIL,0,16,76,9.695359714832659,True
MSLesSeg,P2_T1,CATMIL,1,1,73,8.366600265340756,True
MSLesSeg,P2_T1,CATMIL,1,2,109,14.0,True
MSLesSeg,P2_T1,CATMIL,1,3,129,17.832554500127006,True
MSLesSeg,P2_T1,CATMIL,1,4,35,14.035668847618199,True
MSLesSeg,P2_T1,CATMIL,1,5,455,17.029386365926403,True
MSLesSeg,P2_T1,CATMIL,1,6,74,1.4142135623730951,True
MSLesSeg,P2_T1,CATMIL,1,7,201,1.7320508075688772,True
MSLesSeg,P2_T1,CATMIL,1,8,144,6.082762530298219,True
MSLesSeg,P2_T1,CATMIL,1,9,48,8.48528137423857,True
MSLesSeg,P2_T1,CATMIL,1,10,151,3.1622776601683795,True
MSLesSeg,P2_T1,CATMIL,1,11,250,2.0,True
MSLesSeg,P2_T1,CATMIL,1,12,428,1.4142135623730951,True
MSLesSeg,P2_T1,CATMIL,1,13,2,2.0,False
MSLesSeg,P2_T1,CATMIL,1,14,38,1.0,False
MSLesSeg,P2_T1,CATMIL,1,15,48,13.601470508735444,True
MSLesSeg,P2_T1,CATMIL,1,16,76,9.695359714832659,True
MSLesSeg,P2_T1,CATMIL,2,1,73,8.366600265340756,True
MSLesSeg,P2_T1,CATMIL,2,2,109,14.0,True
MSLesSeg,P2_T1,CATMIL,2,3,129,17.832554500127006,True
MSLesSeg,P2_T1,CATMIL,2,4,35,14.035668847618199,True
MSLesSeg,P2_T1,CATMIL,2,5,455,17.029386365926403,True
MSLesSeg,P2_T1,CATMIL,2,6,74,1.4142135623730951,True
MSLesSeg,P2_T1,CATMIL,2,7,201,1.7320508075688772,True
MSLesSeg,P2_T1,CATMIL,2,8,144,6.082762530298219,True
MSLesSeg,P2_T1,CATMIL,2,9,48,8.48528137423857,True
MSLesSeg,P2_T1,CATMIL,2,10,151,3.1622776601683795,True
MSLesSeg,P2_T1,CATMIL,2,11,250,2.0,True
MSLesSeg,P2_T1,CATMIL,2,12,428,1.4142135623730951,True
MSLesSeg,P2_T1,CATMIL,2,13,2,2.0,False
MSLesSeg,P2_T1,CATMIL,2,14,38,1.0,False
MSLesSeg,P2_T1,CATMIL,2,15,48,13.601470508735444,True
MSLesSeg,P2_T1,CATMIL,2,16,76,9.695359714832659,True
MSLesSeg,P2_T1,CATMIL,3,1,73,8.366600265340756,True
MSLesSeg,P2_T1,CATMIL,3,2,109,14.0,True
MSLesSeg,P2_T1,CATMIL,3,3,129,17.832554500127006,True
MSLesSeg,P2_T1,CATMIL,3,4,35,14.035668847618199,True
MSLesSeg,P2_T1,CATMIL,3,5,455,17.029386365926403,True
MSLesSeg,P2_T1,CATMIL,3,6,74,1.4142135623730951,True
MSLesSeg,P2_T1,CATMIL,3,7,201,1.7320508075688772,True
MSLesSeg,P2_T1,CATMIL,3,8,144,6.082762530298219,True
MSLesSeg,P2_T1,CATMIL,3,9,48,8.48528137423857,True
MSLesSeg,P2_T1,CATMIL,3,10,151,3.1622776601683795,True
MSLesSeg,P2_T1,CATMIL,3,11,250,2.0,True
MSLesSeg,P2_T1,CATMIL,3,12,428,1.4142135623730951,True
MSLesSeg,P2_T1,CATMIL,3,13,2,2.0,False
MSLesSeg,P2_T1,CATMIL,3,14,38,1.0,True
MSLesSeg,P2_T1,CATMIL,3,15,48,13.601470508735444,True
MSLesSeg,P2_T1,CATMIL,3,16,76,9.695359714832659,True
MSLesSeg,P2_T1,CATMIL,4,1,73,8.366600265340756,True
MSLesSeg,P2_T1,CATMIL,4,2,109,14.0,True
MSLesSeg,P2_T1,CATMIL,4,3,129,17.832554500127006,True
MSLesSeg,P2_T1,CATMIL,4,4,35,14.035668847618199,True
MSLesSeg,P2_T1,CATMIL,4,5,455,17.029386365926403,True
MSLesSeg,P2_T1,CATMIL,4,6,74,1.4142135623730951,True
MSLesSeg,P2_T1,CATMIL,4,7,201,1.7320508075688772,True
MSLesSeg,P2_T1,CATMIL,4,8,144,6.082762530298219,True
MSLesSeg,P2_T1,CATMIL,4,9,48,8.48528137423857,True
MSLesSeg,P2_T1,CATMIL,4,10,151,3.1622776601683795,True
MSLesSeg,P2_T1,CATMIL,4,11,250,2.0,True
MSLesSeg,P2_T1,CATMIL,4,12,428,1.4142135623730951,True
MSLesSeg,P2_T1,CATMIL,4,13,2,2.0,False
MSLesSeg,P2_T1,CATMIL,4,14,38,1.0,False
MSLesSeg,P2_T1,CATMIL,4,15,48,13.601470508735444,True
MSLesSeg,P2_T1,CATMIL,4,16,76,9.695359714832659,True
MSLesSeg,P2_T1,DiceCE,0,1,73,8.366600265340756,True
MSLesSeg,P2_T1,DiceCE,0,2,109,14.0,True
MSLesSeg,P2_T1,DiceCE,0,3,129,17.832554500127006,True
MSLesSeg,P2_T1,DiceCE,0,4,35,14.035668847618199,True
MSLesSeg,P2_T1,DiceCE,0,5,455,17.029386365926403,True
MSLesSeg,P2_T1,DiceCE,0,6,74,1.4142135623730951,True
MSLesSeg,P2_T1,DiceCE,0,7,201,1.7320508075688772,True
MSLesSeg,P2_T1,DiceCE,0,8,144,6.082762530298219,True
MSLesSeg,P2_T1,DiceCE,0,9,48,8.48528137423857,True
MSLesSeg,P2_T1,DiceCE,0,10,151,3.1622776601683795,True
MSLesSeg,P2_T1,DiceCE,0,11,250,2.0,True
MSLesSeg,P2_T1,DiceCE,0,12,428,1.4142135623730951,True
MSLesSeg,P2_T1,DiceCE,0,13,2,2.0,False
MSLesSeg,P2_T1,DiceCE,0,14,38,1.0,False
MSLesSeg,P2_T1,DiceCE,0,15,48,13.601470508735444,True
MSLesSeg,P2_T1,DiceCE,0,16,76,9.695359714832659,True
MSLesSeg,P2_T1,DiceCE,1,1,73,8.366600265340756,True
MSLesSeg,P2_T1,DiceCE,1,2,109,14.0,True
MSLesSeg,P2_T1,DiceCE,1,3,129,17.832554500127006,True
MSLesSeg,P2_T1,DiceCE,1,4,35,14.035668847618199,True
MSLesSeg,P2_T1,DiceCE,1,5,455,17.029386365926403,True
MSLesSeg,P2_T1,DiceCE,1,6,74,1.4142135623730951,True
MSLesSeg,P2_T1,DiceCE,1,7,201,1.7320508075688772,True
MSLesSeg,P2_T1,DiceCE,1,8,144,6.082762530298219,True
MSLesSeg,P2_T1,DiceCE,1,9,48,8.48528137423857,True
MSLesSeg,P2_T1,DiceCE,1,10,151,3.1622776601683795,True
MSLesSeg,P2_T1,DiceCE,1,11,250,2.0,True
MSLesSeg,P2_T1,DiceCE,1,12,428,1.4142135623730951,True
MSLesSeg,P2_T1,DiceCE,1,13,2,2.0,False
MSLesSeg,P2_T1,DiceCE,1,14,38,1.0,False
MSLesSeg,P2_T1,DiceCE,1,15,48,13.601470508735444,True
MSLesSeg,P2_T1,DiceCE,1,16,76,9.695359714832659,True
MSLesSeg,P2_T1,DiceCE,2,1,73,8.366600265340756,True
MSLesSeg,P2_T1,DiceCE,2,2,109,14.0,True
MSLesSeg,P2_T1,DiceCE,2,3,129,17.832554500127006,True
MSLesSeg,P2_T1,DiceCE,2,4,35,14.035668847618199,True
MSLesSeg,P2_T1,DiceCE,2,5,455,17.029386365926403,True
MSLesSeg,P2_T1,DiceCE,2,6,74,1.4142135623730951,True
MSLesSeg,P2_T1,DiceCE,2,7,201,1.7320508075688772,True
MSLesSeg,P2_T1,DiceCE,2,8,144,6.082762530298219,True
MSLesSeg,P2_T1,DiceCE,2,9,48,8.48528137423857,True
MSLesSeg,P2_T1,DiceCE,2,10,151,3.1622776601683795,True
MSLesSeg,P2_T1,DiceCE,2,11,250,2.0,True
MSLesSeg,P2_T1,DiceCE,2,12,428,1.4142135623730951,True
MSLesSeg,P2_T1,DiceCE,2,13,2,2.0,False
MSLesSeg,P2_T1,DiceCE,2,14,38,1.0,False
MSLesSeg,P2_T1,DiceCE,2,15,48,13.601470508735444,True
MSLesSeg,P2_T1,DiceCE,2,16,76,9.695359714832659,True
MSLesSeg,P2_T1,DiceCE,3,1,73,8.366600265340756,True
MSLesSeg,P2_T1,DiceCE,3,2,109,14.0,True
MSLesSeg,P2_T1,DiceCE,3,3,129,17.832554500127006,True
MSLesSeg,P2_T1,DiceCE,3,4,35,14.035668847618199,True
MSLesSeg,P2_T1,DiceCE,3,5,455,17.029386365926403,True
MSLesSeg,P2_T1,DiceCE,3,6,74,1.4142135623730951,True
MSLesSeg,P2_T1,DiceCE,3,7,201,1.7320508075688772,True
MSLesSeg,P2_T1,DiceCE,3,8,144,6.082762530298219,True
MSLesSeg,P2_T1,DiceCE,3,9,48,8.48528137423857,True
MSLesSeg,P2_T1,DiceCE,3,10,151,3.1622776601683795,True
MSLesSeg,P2_T1,DiceCE,3,11,250,2.0,True
MSLesSeg,P2_T1,DiceCE,3,12,428,1.4142135623730951,True
MSLesSeg,P2_T1,DiceCE,3,13,2,2.0,False
MSLesSeg,P2_T1,DiceCE,3,14,38,1.0,False
MSLesSeg,P2_T1,DiceCE,3,15,48,13.601470508735444,True
MSLesSeg,P2_T1,DiceCE,3,16,76,9.695359714832659,True
MSLesSeg,P2_T1,DiceCE,4,1,73,8.366600265340756,True
MSLesSeg,P2_T1,DiceCE,4,2,109,14.0,True
MSLesSeg,P2_T1,DiceCE,4,3,129,17.832554500127006,True
MSLesSeg,P2_T1,DiceCE,4,4,35,14.035668847618199,True
MSLesSeg,P2_T1,DiceCE,4,5,455,17.029386365926403,True
MSLesSeg,P2_T1,DiceCE,4,6,74,1.4142135623730951,True
MSLesSeg,P2_T1,DiceCE,4,7,201,1.7320508075688772,True
MSLesSeg,P2_T1,DiceCE,4,8,144,6.082762530298219,True
MSLesSeg,P2_T1,DiceCE,4,9,48,8.48528137423857,True
MSLesSeg,P2_T1,DiceCE,4,10,151,3.1622776601683795,True
MSLesSeg,P2_T1,DiceCE,4,11,250,2.0,True
MSLesSeg,P2_T1,DiceCE,4,12,428,1.4142135623730951,True
MSLesSeg,P2_T1,DiceCE,4,13,2,2.0,False
MSLesSeg,P2_T1,DiceCE,4,14,38,1.0,False
MSLesSeg,P2_T1,DiceCE,4,15,48,13.601470508735444,True
MSLesSeg,P2_T1,DiceCE,4,16,76,9.695359714832659,True
MSLesSeg,P2_T1,Tversky,0,1,73,8.366600265340756,True
MSLesSeg,P2_T1,Tversky,0,2,109,14.0,True
MSLesSeg,P2_T1,Tversky,0,3,129,17.832554500127006,True
MSLesSeg,P2_T1,Tversky,0,4,35,14.035668847618199,True
MSLesSeg,P2_T1,Tversky,0,5,455,17.029386365926403,True
MSLesSeg,P2_T1,Tversky,0,6,74,1.4142135623730951,True
MSLesSeg,P2_T1,Tversky,0,7,201,1.7320508075688772,True
MSLesSeg,P2_T1,Tversky,0,8,144,6.082762530298219,True
MSLesSeg,P2_T1,Tversky,0,9,48,8.48528137423857,True
MSLesSeg,P2_T1,Tversky,0,10,151,3.1622776601683795,True
MSLesSeg,P2_T1,Tversky,0,11,250,2.0,True
MSLesSeg,P2_T1,Tversky,0,12,428,1.4142135623730951,True
MSLesSeg,P2_T1,Tversky,0,13,2,2.0,False
MSLesSeg,P2_T1,Tversky,0,14,38,1.0,True
MSLesSeg,P2_T1,Tversky,0,15,48,13.601470508735444,True
MSLesSeg,P2_T1,Tversky,0,16,76,9.695359714832659,True
MSLesSeg,P2_T1,Tversky,1,1,73,8.366600265340756,True
MSLesSeg,P2_T1,Tversky,1,2,109,14.0,True
MSLesSeg,P2_T1,Tversky,1,3,129,17.832554500127006,True
MSLesSeg,P2_T1,Tversky,1,4,35,14.035668847618199,True
MSLesSeg,P2_T1,Tversky,1,5,455,17.029386365926403,True
MSLesSeg,P2_T1,Tversky,1,6,74,1.4142135623730951,True
MSLesSeg,P2_T1,Tversky,1,7,201,1.7320508075688772,True
MSLesSeg,P2_T1,Tversky,1,8,144,6.082762530298219,True
MSLesSeg,P2_T1,Tversky,1,9,48,8.48528137423857,True
MSLesSeg,P2_T1,Tversky,1,10,151,3.1622776601683795,True
MSLesSeg,P2_T1,Tversky,1,11,250,2.0,True
MSLesSeg,P2_T1,Tversky,1,12,428,1.4142135623730951,True
MSLesSeg,P2_T1,Tversky,1,13,2,2.0,False
MSLesSeg,P2_T1,Tversky,1,14,38,1.0,False
MSLesSeg,P2_T1,Tversky,1,15,48,13.601470508735444,True
MSLesSeg,P2_T1,Tversky,1,16,76,9.695359714832659,True
MSLesSeg,P2_T1,Tversky,2,1,73,8.366600265340756,True
MSLesSeg,P2_T1,Tversky,2,2,109,14.0,True
MSLesSeg,P2_T1,Tversky,2,3,129,17.832554500127006,True
MSLesSeg,P2_T1,Tversky,2,4,35,14.035668847618199,True
MSLesSeg,P2_T1,Tversky,2,5,455,17.029386365926403,True
MSLesSeg,P2_T1,Tversky,2,6,74,1.4142135623730951,True
MSLesSeg,P2_T1,Tversky,2,7,201,1.7320508075688772,True
MSLesSeg,P2_T1,Tversky,2,8,144,6.082762530298219,True
MSLesSeg,P2_T1,Tversky,2,9,48,8.48528137423857,True
MSLesSeg,P2_T1,Tversky,2,10,151,3.1622776601683795,True
MSLesSeg,P2_T1,Tversky,2,11,250,2.0,True
MSLesSeg,P2_T1,Tversky,2,12,428,1.4142135623730951,True
MSLesSeg,P2_T1,Tversky,2,13,2,2.0,False
MSLesSeg,P2_T1,Tversky,2,14,38,1.0,False
MSLesSeg,P2_T1,Tversky,2,15,48,13.601470508735444,True
MSLesSeg,P2_T1,Tversky,2,16,76,9.695359714832659,True
MSLesSeg,P2_T1,Tversky,3,1,73,8.366600265340756,True
MSLesSeg,P2_T1,Tversky,3,2,109,14.0,True
MSLesSeg,P2_T1,Tversky,3,3,129,17.832554500127006,True
MSLesSeg,P2_T1,Tversky,3,4,35,14.035668847618199,True
MSLesSeg,P2_T1,Tversky,3,5,455,17.029386365926403,True
MSLesSeg,P2_T1,Tversky,3,6,74,1.4142135623730951,True
MSLesSeg,P2_T1,Tversky,3,7,201,1.7320508075688772,True
MSLesSeg,P2_T1,Tversky,3,8,144,6.082762530298219,True
MSLesSeg,P2_T1,Tversky,3,9,48,8.48528137423857,True
MSLesSeg,P2_T1,Tversky,3,10,151,3.1622776601683795,True
MSLesSeg,P2_T1,Tversky,3,11,250,2.0,True
MSLesSeg,P2_T1,Tversky,3,12,428,1.4142135623730951,True
MSLesSeg,P2_T1,Tversky,3,13,2,2.0,False
MSLesSeg,P2_T1,Tversky,3,14,38,1.0,False
MSLesSeg,P2_T1,Tversky,3,15,48,13.601470508735444,True
MSLesSeg,P2_T1,Tversky,3,16,76,9.695359714832659,True
MSLesSeg,P2_T1,Tversky,4,1,73,8.366600265340756,True
MSLesSeg,P2_T1,Tversky,4,2,109,14.0,True
MSLesSeg,P2_T1,Tversky,4,3,129,17.832554500127006,True
MSLesSeg,P2_T1,Tversky,4,4,35,14.035668847618199,True
MSLesSeg,P2_T1,Tversky,4,5,455,17.029386365926403,True
MSLesSeg,P2_T1,Tversky,4,6,74,1.4142135623730951,True
MSLesSeg,P2_T1,Tversky,4,7,201,1.7320508075688772,True
MSLesSeg,P2_T1,Tversky,4,8,144,6.082762530298219,True
MSLesSeg,P2_T1,Tversky,4,9,48,8.48528137423857,True
MSLesSeg,P2_T1,Tversky,4,10,151,3.1622776601683795,True
MSLesSeg,P2_T1,Tversky,4,11,250,2.0,True
MSLesSeg,P2_T1,Tversky,4,12,428,1.4142135623730951,True
MSLesSeg,P2_T1,Tversky,4,13,2,2.0,False
MSLesSeg,P2_T1,Tversky,4,14,38,1.0,False
MSLesSeg,P2_T1,Tversky,4,15,48,13.601470508735444,True
MSLesSeg,P2_T1,Tversky,4,16,76,9.695359714832659,True
MSLesSeg,P2_T1,FocalTversky,0,1,73,8.366600265340756,True
MSLesSeg,P2_T1,FocalTversky,0,2,109,14.0,True
MSLesSeg,P2_T1,FocalTversky,0,3,129,17.832554500127006,True
MSLesSeg,P2_T1,FocalTversky,0,4,35,14.035668847618199,True
MSLesSeg,P2_T1,FocalTversky,0,5,455,17.029386365926403,True
MSLesSeg,P2_T1,FocalTversky,0,6,74,1.4142135623730951,True
MSLesSeg,P2_T1,FocalTversky,0,7,201,1.7320508075688772,True
MSLesSeg,P2_T1,FocalTversky,0,8,144,6.082762530298219,True
MSLesSeg,P2_T1,FocalTversky,0,9,48,8.48528137423857,True
MSLesSeg,P2_T1,FocalTversky,0,10,151,3.1622776601683795,True
MSLesSeg,P2_T1,FocalTversky,0,11,250,2.0,True
MSLesSeg,P2_T1,FocalTversky,0,12,428,1.4142135623730951,True
MSLesSeg,P2_T1,FocalTversky,0,13,2,2.0,False
MSLesSeg,P2_T1,FocalTversky,0,14,38,1.0,True
MSLesSeg,P2_T1,FocalTversky,0,15,48,13.601470508735444,True
MSLesSeg,P2_T1,FocalTversky,0,16,76,9.695359714832659,True
MSLesSeg,P2_T1,FocalTversky,1,1,73,8.366600265340756,True
MSLesSeg,P2_T1,FocalTversky,1,2,109,14.0,True
MSLesSeg,P2_T1,FocalTversky,1,3,129,17.832554500127006,True
MSLesSeg,P2_T1,FocalTversky,1,4,35,14.035668847618199,True
MSLesSeg,P2_T1,FocalTversky,1,5,455,17.029386365926403,True
MSLesSeg,P2_T1,FocalTversky,1,6,74,1.4142135623730951,True
MSLesSeg,P2_T1,FocalTversky,1,7,201,1.7320508075688772,True
MSLesSeg,P2_T1,FocalTversky,1,8,144,6.082762530298219,True
MSLesSeg,P2_T1,FocalTversky,1,9,48,8.48528137423857,True
MSLesSeg,P2_T1,FocalTversky,1,10,151,3.1622776601683795,True
MSLesSeg,P2_T1,FocalTversky,1,11,250,2.0,True
MSLesSeg,P2_T1,FocalTversky,1,12,428,1.4142135623730951,True
MSLesSeg,P2_T1,FocalTversky,1,13,2,2.0,False
MSLesSeg,P2_T1,FocalTversky,1,14,38,1.0,False
MSLesSeg,P2_T1,FocalTversky,1,15,48,13.601470508735444,True
MSLesSeg,P2_T1,FocalTversky,1,16,76,9.695359714832659,True
MSLesSeg,P2_T1,FocalTversky,2,1,73,8.366600265340756,True
MSLesSeg,P2_T1,FocalTversky,2,2,109,14.0,True
MSLesSeg,P2_T1,FocalTversky,2,3,129,17.832554500127006,True
MSLesSeg,P2_T1,FocalTversky,2,4,35,14.035668847618199,True
MSLesSeg,P2_T1,FocalTversky,2,5,455,17.029386365926403,True
MSLesSeg,P2_T1,FocalTversky,2,6,74,1.4142135623730951,True
MSLesSeg,P2_T1,FocalTversky,2,7,201,1.7320508075688772,True
MSLesSeg,P2_T1,FocalTversky,2,8,144,6.082762530298219,True
MSLesSeg,P2_T1,FocalTversky,2,9,48,8.48528137423857,True
MSLesSeg,P2_T1,FocalTversky,2,10,151,3.1622776601683795,True
MSLesSeg,P2_T1,FocalTversky,2,11,250,2.0,True
MSLesSeg,P2_T1,FocalTversky,2,12,428,1.4142135623730951,True
MSLesSeg,P2_T1,FocalTversky,2,13,2,2.0,False
MSLesSeg,P2_T1,FocalTversky,2,14,38,1.0,False
MSLesSeg,P2_T1,FocalTversky,2,15,48,13.601470508735444,True
MSLesSeg,P2_T1,FocalTversky,2,16,76,9.695359714832659,True
MSLesSeg,P2_T1,FocalTversky,3,1,73,8.366600265340756,True
MSLesSeg,P2_T1,FocalTversky,3,2,109,14.0,True
MSLesSeg,P2_T1,FocalTversky,3,3,129,17.832554500127006,True
MSLesSeg,P2_T1,FocalTversky,3,4,35,14.035668847618199,True
MSLesSeg,P2_T1,FocalTversky,3,5,455,17.029386365926403,True
MSLesSeg,P2_T1,FocalTversky,3,6,74,1.4142135623730951,True
MSLesSeg,P2_T1,FocalTversky,3,7,201,1.7320508075688772,True
MSLesSeg,P2_T1,FocalTversky,3,8,144,6.082762530298219,True
MSLesSeg,P2_T1,FocalTversky,3,9,48,8.48528137423857,True
MSLesSeg,P2_T1,FocalTversky,3,10,151,3.1622776601683795,True
MSLesSeg,P2_T1,FocalTversky,3,11,250,2.0,True
MSLesSeg,P2_T1,FocalTversky,3,12,428,1.4142135623730951,True
MSLesSeg,P2_T1,FocalTversky,3,13,2,2.0,False
MSLesSeg,P2_T1,FocalTversky,3,14,38,1.0,False
MSLesSeg,P2_T1,FocalTversky,3,15,48,13.601470508735444,True
MSLesSeg,P2_T1,FocalTversky,3,16,76,9.695359714832659,True
MSLesSeg,P2_T1,FocalTversky,4,1,73,8.366600265340756,True
MSLesSeg,P2_T1,FocalTversky,4,2,109,14.0,True
MSLesSeg,P2_T1,FocalTversky,4,3,129,17.832554500127006,True
MSLesSeg,P2_T1,FocalTversky,4,4,35,14.035668847618199,True
MSLesSeg,P2_T1,FocalTversky,4,5,455,17.029386365926403,True
MSLesSeg,P2_T1,FocalTversky,4,6,74,1.4142135623730951,True
MSLesSeg,P2_T1,FocalTversky,4,7,201,1.7320508075688772,True
MSLesSeg,P2_T1,FocalTversky,4,8,144,6.082762530298219,True
MSLesSeg,P2_T1,FocalTversky,4,9,48,8.48528137423857,True
MSLesSeg,P2_T1,FocalTversky,4,10,151,3.1622776601683795,True
MSLesSeg,P2_T1,FocalTversky,4,11,250,2.0,True
MSLesSeg,P2_T1,FocalTversky,4,12,428,1.4142135623730951,True
MSLesSeg,P2_T1,FocalTversky,4,13,2,2.0,False
MSLesSeg,P2_T1,FocalTversky,4,14,38,1.0,False
MSLesSeg,P2_T1,FocalTversky,4,15,48,13.601470508735444,True
MSLesSeg,P2_T1,FocalTversky,4,16,76,9.695359714832659,True
MSLesSeg,P2_T2,CATMIL,0,1,41,34.597687784012386,False
MSLesSeg,P2_T2,CATMIL,0,2,150,7.681145747868608,True
MSLesSeg,P2_T2,CATMIL,0,3,168,17.916472867168917,True
MSLesSeg,P2_T2,CATMIL,0,4,63,45.92385001282014,False
MSLesSeg,P2_T2,CATMIL,0,5,91,29.223278392404914,True
MSLesSeg,P2_T2,CATMIL,0,6,644,21.118712081942874,True
MSLesSeg,P2_T2,CATMIL,0,7,84,11.445523142259598,True
MSLesSeg,P2_T2,CATMIL,0,8,34,7.810249675906654,False
MSLesSeg,P2_T2,CATMIL,0,9,56,2.23606797749979,True
MSLesSeg,P2_T2,CATMIL,0,10,158,1.4142135623730951,False
MSLesSeg,P2_T2,CATMIL,0,11,225,3.0,True
MSLesSeg,P2_T2,CATMIL,0,12,120,7.615773105863909,True
MSLesSeg,P2_T2,CATMIL,0,13,79,9.16515138991168,True
MSLesSeg,P2_T2,CATMIL,0,14,184,4.58257569495584,True
MSLesSeg,P2_T2,CATMIL,0,15,270,2.0,True
MSLesSeg,P2_T2,CATMIL,0,16,748,11.40175425099138,True
MSLesSeg,P2_T2,CATMIL,0,17,9,2.0,True
MSLesSeg,P2_T2,CATMIL,0,18,64,14.696938456699069,True
MSLesSeg,P2_T2,CATMIL,0,19,40,22.293496809607955,True
MSLesSeg,P2_T2,CATMIL,0,20,58,32.58834147360065,True
MSLesSeg,P2_T2,CATMIL,1,1,41,34.597687784012386,False
MSLesSeg,P2_T2,CATMIL,1,2,150,7.681145747868608,True
MSLesSeg,P2_T2,CATMIL,1,3,168,17.916472867168917,True
MSLesSeg,P2_T2,CATMIL,1,4,63,45.92385001282014,False
MSLesSeg,P2_T2,CATMIL,1,5,91,29.223278392404914,True
MSLesSeg,P2_T2,CATMIL,1,6,644,21.118712081942874,True
MSLesSeg,P2_T2,CATMIL,1,7,84,11.445523142259598,True
MSLesSeg,P2_T2,CATMIL,1,8,34,7.810249675906654,False
MSLesSeg,P2_T2,CATMIL,1,9,56,2.23606797749979,True
MSLesSeg,P2_T2,CATMIL,1,10,158,1.4142135623730951,False
MSLesSeg,P2_T2,CATMIL,1,11,225,3.0,True
MSLesSeg,P2_T2,CATMIL,1,12,120,7.615773105863909,True
MSLesSeg,P2_T2,CATMIL,1,13,79,9.16515138991168,True
MSLesSeg,P2_T2,CATMIL,1,14,184,4.58257569495584,True
MSLesSeg,P2_T2,CATMIL,1,15,270,2.0,True
MSLesSeg,P2_T2,CATMIL,1,16,748,11.40175425099138,True
MSLesSeg,P2_T2,CATMIL,1,17,9,2.0,True
MSLesSeg,P2_T2,CATMIL,1,18,64,14.696938456699069,True
MSLesSeg,P2_T2,CATMIL,1,19,40,22.293496809607955,True
MSLesSeg,P2_T2,CATMIL,1,20,58,32.58834147360065,True
MSLesSeg,P2_T2,CATMIL,2,1,41,34.597687784012386,False
MSLesSeg,P2_T2,CATMIL,2,2,150,7.681145747868608,True
MSLesSeg,P2_T2,CATMIL,2,3,168,17.916472867168917,True
MSLesSeg,P2_T2,CATMIL,2,4,63,45.92385001282014,False
MSLesSeg,P2_T2,CATMIL,2,5,91,29.223278392404914,True
MSLesSeg,P2_T2,CATMIL,2,6,644,21.118712081942874,True
MSLesSeg,P2_T2,CATMIL,2,7,84,11.445523142259598,True
MSLesSeg,P2_T2,CATMIL,2,8,34,7.810249675906654,False
MSLesSeg,P2_T2,CATMIL,2,9,56,2.23606797749979,True
MSLesSeg,P2_T2,CATMIL,2,10,158,1.4142135623730951,False
MSLesSeg,P2_T2,CATMIL,2,11,225,3.0,True
MSLesSeg,P2_T2,CATMIL,2,12,120,7.615773105863909,True
MSLesSeg,P2_T2,CATMIL,2,13,79,9.16515138991168,True
MSLesSeg,P2_T2,CATMIL,2,14,184,4.58257569495584,True
MSLesSeg,P2_T2,CATMIL,2,15,270,2.0,True
MSLesSeg,P2_T2,CATMIL,2,16,748,11.40175425099138,True
MSLesSeg,P2_T2,CATMIL,2,17,9,2.0,True
MSLesSeg,P2_T2,CATMIL,2,18,64,14.696938456699069,True
MSLesSeg,P2_T2,CATMIL,2,19,40,22.293496809607955,True
MSLesSeg,P2_T2,CATMIL,2,20,58,32.58834147360065,True
MSLesSeg,P2_T2,CATMIL,3,1,41,34.597687784012386,False
MSLesSeg,P2_T2,CATMIL,3,2,150,7.681145747868608,True
MSLesSeg,P2_T2,CATMIL,3,3,168,17.916472867168917,True
MSLesSeg,P2_T2,CATMIL,3,4,63,45.92385001282014,False
MSLesSeg,P2_T2,CATMIL,3,5,91,29.223278392404914,True
MSLesSeg,P2_T2,CATMIL,3,6,644,21.118712081942874,True
MSLesSeg,P2_T2,CATMIL,3,7,84,11.445523142259598,True
MSLesSeg,P2_T2,CATMIL,3,8,34,7.810249675906654,False
MSLesSeg,P2_T2,CATMIL,3,9,56,2.23606797749979,True
MSLesSeg,P2_T2,CATMIL,3,10,158,1.4142135623730951,False
MSLesSeg,P2_T2,CATMIL,3,11,225,3.0,True
MSLesSeg,P2_T2,CATMIL,3,12,120,7.615773105863909,True
MSLesSeg,P2_T2,CATMIL,3,13,79,9.16515138991168,True
MSLesSeg,P2_T2,CATMIL,3,14,184,4.58257569495584,True
MSLesSeg,P2_T2,CATMIL,3,15,270,2.0,True
MSLesSeg,P2_T2,CATMIL,3,16,748,11.40175425099138,True
MSLesSeg,P2_T2,CATMIL,3,17,9,2.0,True
MSLesSeg,P2_T2,CATMIL,3,18,64,14.696938456699069,True
MSLesSeg,P2_T2,CATMIL,3,19,40,22.293496809607955,True
MSLesSeg,P2_T2,CATMIL,3,20,58,32.58834147360065,True
MSLesSeg,P2_T2,CATMIL,4,1,41,34.597687784012386,False
MSLesSeg,P2_T2,CATMIL,4,2,150,7.681145747868608,True
MSLesSeg,P2_T2,CATMIL,4,3,168,17.916472867168917,True
MSLesSeg,P2_T2,CATMIL,4,4,63,45.92385001282014,False
MSLesSeg,P2_T2,CATMIL,4,5,91,29.223278392404914,True
MSLesSeg,P2_T2,CATMIL,4,6,644,21.118712081942874,True
MSLesSeg,P2_T2,CATMIL,4,7,84,11.445523142259598,True
MSLesSeg,P2_T2,CATMIL,4,8,34,7.810249675906654,False
MSLesSeg,P2_T2,CATMIL,4,9,56,2.23606797749979,True
MSLesSeg,P2_T2,CATMIL,4,10,158,1.4142135623730951,False
MSLesSeg,P2_T2,CATMIL,4,11,225,3.0,True
MSLesSeg,P2_T2,CATMIL,4,12,120,7.615773105863909,True
MSLesSeg,P2_T2,CATMIL,4,13,79,9.16515138991168,True
MSLesSeg,P2_T2,CATMIL,4,14,184,4.58257569495584,True
MSLesSeg,P2_T2,CATMIL,4,15,270,2.0,True
MSLesSeg,P2_T2,CATMIL,4,16,748,11.40175425099138,True
MSLesSeg,P2_T2,CATMIL,4,17,9,2.0,True
MSLesSeg,P2_T2,CATMIL,4,18,64,14.696938456699069,True
MSLesSeg,P2_T2,CATMIL,4,19,40,22.293496809607955,True
MSLesSeg,P2_T2,CATMIL,4,20,58,32.58834147360065,True
MSLesSeg,P2_T2,DiceCE,0,1,41,34.597687784012386,False
MSLesSeg,P2_T2,DiceCE,0,2,150,7.681145747868608,True
MSLesSeg,P2_T2,DiceCE,0,3,168,17.916472867168917,True
MSLesSeg,P2_T2,DiceCE,0,4,63,45.92385001282014,False
MSLesSeg,P2_T2,DiceCE,0,5,91,29.223278392404914,True
MSLesSeg,P2_T2,DiceCE,0,6,644,21.118712081942874,True
MSLesSeg,P2_T2,DiceCE,0,7,84,11.445523142259598,True
MSLesSeg,P2_T2,DiceCE,0,8,34,7.810249675906654,False
MSLesSeg,P2_T2,DiceCE,0,9,56,2.23606797749979,True
MSLesSeg,P2_T2,DiceCE,0,10,158,1.4142135623730951,False
MSLesSeg,P2_T2,DiceCE,0,11,225,3.0,True
MSLesSeg,P2_T2,DiceCE,0,12,120,7.615773105863909,True
MSLesSeg,P2_T2,DiceCE,0,13,79,9.16515138991168,True
MSLesSeg,P2_T2,DiceCE,0,14,184,4.58257569495584,True
MSLesSeg,P2_T2,DiceCE,0,15,270,2.0,True
MSLesSeg,P2_T2,DiceCE,0,16,748,11.40175425099138,True
MSLesSeg,P2_T2,DiceCE,0,17,9,2.0,True
MSLesSeg,P2_T2,DiceCE,0,18,64,14.696938456699069,True
MSLesSeg,P2_T2,DiceCE,0,19,40,22.293496809607955,True
MSLesSeg,P2_T2,DiceCE,0,20,58,32.58834147360065,True
MSLesSeg,P2_T2,DiceCE,1,1,41,34.597687784012386,False
MSLesSeg,P2_T2,DiceCE,1,2,150,7.681145747868608,True
MSLesSeg,P2_T2,DiceCE,1,3,168,17.916472867168917,True
MSLesSeg,P2_T2,DiceCE,1,4,63,45.92385001282014,False
MSLesSeg,P2_T2,DiceCE,1,5,91,29.223278392404914,True
MSLesSeg,P2_T2,DiceCE,1,6,644,21.118712081942874,True
MSLesSeg,P2_T2,DiceCE,1,7,84,11.445523142259598,True
MSLesSeg,P2_T2,DiceCE,1,8,34,7.810249675906654,False
MSLesSeg,P2_T2,DiceCE,1,9,56,2.23606797749979,True
MSLesSeg,P2_T2,DiceCE,1,10,158,1.4142135623730951,False
MSLesSeg,P2_T2,DiceCE,1,11,225,3.0,True
MSLesSeg,P2_T2,DiceCE,1,12,120,7.615773105863909,True
MSLesSeg,P2_T2,DiceCE,1,13,79,9.16515138991168,True
MSLesSeg,P2_T2,DiceCE,1,14,184,4.58257569495584,True
MSLesSeg,P2_T2,DiceCE,1,15,270,2.0,True
MSLesSeg,P2_T2,DiceCE,1,16,748,11.40175425099138,True
MSLesSeg,P2_T2,DiceCE,1,17,9,2.0,True
MSLesSeg,P2_T2,DiceCE,1,18,64,14.696938456699069,True
MSLesSeg,P2_T2,DiceCE,1,19,40,22.293496809607955,True
MSLesSeg,P2_T2,DiceCE,1,20,58,32.58834147360065,False
MSLesSeg,P2_T2,DiceCE,2,1,41,34.597687784012386,False
MSLesSeg,P2_T2,DiceCE,2,2,150,7.681145747868608,True
MSLesSeg,P2_T2,DiceCE,2,3,168,17.916472867168917,True
MSLesSeg,P2_T2,DiceCE,2,4,63,45.92385001282014,False
MSLesSeg,P2_T2,DiceCE,2,5,91,29.223278392404914,True
MSLesSeg,P2_T2,DiceCE,2,6,644,21.118712081942874,True
MSLesSeg,P2_T2,DiceCE,2,7,84,11.445523142259598,True
MSLesSeg,P2_T2,DiceCE,2,8,34,7.810249675906654,False
MSLesSeg,P2_T2,DiceCE,2,9,56,2.23606797749979,True
MSLesSeg,P2_T2,DiceCE,2,10,158,1.4142135623730951,False
MSLesSeg,P2_T2,DiceCE,2,11,225,3.0,True
MSLesSeg,P2_T2,DiceCE,2,12,120,7.615773105863909,True
MSLesSeg,P2_T2,DiceCE,2,13,79,9.16515138991168,True
MSLesSeg,P2_T2,DiceCE,2,14,184,4.58257569495584,True
MSLesSeg,P2_T2,DiceCE,2,15,270,2.0,True
MSLesSeg,P2_T2,DiceCE,2,16,748,11.40175425099138,True
MSLesSeg,P2_T2,DiceCE,2,17,9,2.0,True
MSLesSeg,P2_T2,DiceCE,2,18,64,14.696938456699069,True
MSLesSeg,P2_T2,DiceCE,2,19,40,22.293496809607955,True
MSLesSeg,P2_T2,DiceCE,2,20,58,32.58834147360065,False
MSLesSeg,P2_T2,DiceCE,3,1,41,34.597687784012386,False
MSLesSeg,P2_T2,DiceCE,3,2,150,7.681145747868608,True
MSLesSeg,P2_T2,DiceCE,3,3,168,17.916472867168917,True
MSLesSeg,P2_T2,DiceCE,3,4,63,45.92385001282014,False
MSLesSeg,P2_T2,DiceCE,3,5,91,29.223278392404914,True
MSLesSeg,P2_T2,DiceCE,3,6,644,21.118712081942874,True
MSLesSeg,P2_T2,DiceCE,3,7,84,11.445523142259598,True
MSLesSeg,P2_T2,DiceCE,3,8,34,7.810249675906654,False
MSLesSeg,P2_T2,DiceCE,3,9,56,2.23606797749979,True
MSLesSeg,P2_T2,DiceCE,3,10,158,1.4142135623730951,False
MSLesSeg,P2_T2,DiceCE,3,11,225,3.0,True
MSLesSeg,P2_T2,DiceCE,3,12,120,7.615773105863909,True
MSLesSeg,P2_T2,DiceCE,3,13,79,9.16515138991168,True
MSLesSeg,P2_T2,DiceCE,3,14,184,4.58257569495584,True
MSLesSeg,P2_T2,DiceCE,3,15,270,2.0,True
MSLesSeg,P2_T2,DiceCE,3,16,748,11.40175425099138,True
MSLesSeg,P2_T2,DiceCE,3,17,9,2.0,True
MSLesSeg,P2_T2,DiceCE,3,18,64,14.696938456699069,True
MSLesSeg,P2_T2,DiceCE,3,19,40,22.293496809607955,True
MSLesSeg,P2_T2,DiceCE,3,20,58,32.58834147360065,False
MSLesSeg,P2_T2,DiceCE,4,1,41,34.597687784012386,False
MSLesSeg,P2_T2,DiceCE,4,2,150,7.681145747868608,True
MSLesSeg,P2_T2,DiceCE,4,3,168,17.916472867168917,True
MSLesSeg,P2_T2,DiceCE,4,4,63,45.92385001282014,False
MSLesSeg,P2_T2,DiceCE,4,5,91,29.223278392404914,True
MSLesSeg,P2_T2,DiceCE,4,6,644,21.118712081942874,True
MSLesSeg,P2_T2,DiceCE,4,7,84,11.445523142259598,True
MSLesSeg,P2_T2,DiceCE,4,8,34,7.810249675906654,False
MSLesSeg,P2_T2,DiceCE,4,9,56,2.23606797749979,True
MSLesSeg,P2_T2,DiceCE,4,10,158,1.4142135623730951,False
MSLesSeg,P2_T2,DiceCE,4,11,225,3.0,True
MSLesSeg,P2_T2,DiceCE,4,12,120,7.615773105863909,True
MSLesSeg,P2_T2,DiceCE,4,13,79,9.16515138991168,True
MSLesSeg,P2_T2,DiceCE,4,14,184,4.58257569495584,True
MSLesSeg,P2_T2,DiceCE,4,15,270,2.0,True
MSLesSeg,P2_T2,DiceCE,4,16,748,11.40175425099138,True
MSLesSeg,P2_T2,DiceCE,4,17,9,2.0,True
MSLesSeg,P2_T2,DiceCE,4,18,64,14.696938456699069,True
MSLesSeg,P2_T2,DiceCE,4,19,40,22.293496809607955,True
MSLesSeg,P2_T2,DiceCE,4,20,58,32.58834147360065,True
MSLesSeg,P2_T2,Tversky,0,1,41,34.597687784012386,False
MSLesSeg,P2_T2,Tversky,0,2,150,7.681145747868608,True
MSLesSeg,P2_T2,Tversky,0,3,168,17.916472867168917,True
MSLesSeg,P2_T2,Tversky,0,4,63,45.92385001282014,False
MSLesSeg,P2_T2,Tversky,0,5,91,29.223278392404914,True
MSLesSeg,P2_T2,Tversky,0,6,644,21.118712081942874,True
MSLesSeg,P2_T2,Tversky,0,7,84,11.445523142259598,True
MSLesSeg,P2_T2,Tversky,0,8,34,7.810249675906654,False
MSLesSeg,P2_T2,Tversky,0,9,56,2.23606797749979,True
MSLesSeg,P2_T2,Tversky,0,10,158,1.4142135623730951,False
MSLesSeg,P2_T2,Tversky,0,11,225,3.0,True
MSLesSeg,P2_T2,Tversky,0,12,120,7.615773105863909,True
MSLesSeg,P2_T2,Tversky,0,13,79,9.16515138991168,True
MSLesSeg,P2_T2,Tversky,0,14,184,4.58257569495584,True
MSLesSeg,P2_T2,Tversky,0,15,270,2.0,True
MSLesSeg,P2_T2,Tversky,0,16,748,11.40175425099138,True
MSLesSeg,P2_T2,Tversky,0,17,9,2.0,True
MSLesSeg,P2_T2,Tversky,0,18,64,14.696938456699069,True
MSLesSeg,P2_T2,Tversky,0,19,40,22.293496809607955,True
MSLesSeg,P2_T2,Tversky,0,20,58,32.58834147360065,True
MSLesSeg,P2_T2,Tversky,1,1,41,34.597687784012386,False
MSLesSeg,P2_T2,Tversky,1,2,150,7.681145747868608,True
MSLesSeg,P2_T2,Tversky,1,3,168,17.916472867168917,True
MSLesSeg,P2_T2,Tversky,1,4,63,45.92385001282014,False
MSLesSeg,P2_T2,Tversky,1,5,91,29.223278392404914,True
MSLesSeg,P2_T2,Tversky,1,6,644,21.118712081942874,True
MSLesSeg,P2_T2,Tversky,1,7,84,11.445523142259598,True
MSLesSeg,P2_T2,Tversky,1,8,34,7.810249675906654,False
MSLesSeg,P2_T2,Tversky,1,9,56,2.23606797749979,True
MSLesSeg,P2_T2,Tversky,1,10,158,1.4142135623730951,False
MSLesSeg,P2_T2,Tversky,1,11,225,3.0,True
MSLesSeg,P2_T2,Tversky,1,12,120,7.615773105863909,True
MSLesSeg,P2_T2,Tversky,1,13,79,9.16515138991168,True
MSLesSeg,P2_T2,Tversky,1,14,184,4.58257569495584,True
MSLesSeg,P2_T2,Tversky,1,15,270,2.0,True
MSLesSeg,P2_T2,Tversky,1,16,748,11.40175425099138,True
MSLesSeg,P2_T2,Tversky,1,17,9,2.0,True
MSLesSeg,P2_T2,Tversky,1,18,64,14.696938456699069,True
MSLesSeg,P2_T2,Tversky,1,19,40,22.293496809607955,True
MSLesSeg,P2_T2,Tversky,1,20,58,32.58834147360065,True
MSLesSeg,P2_T2,Tversky,2,1,41,34.597687784012386,False
MSLesSeg,P2_T2,Tversky,2,2,150,7.681145747868608,True
MSLesSeg,P2_T2,Tversky,2,3,168,17.916472867168917,True
MSLesSeg,P2_T2,Tversky,2,4,63,45.92385001282014,False
MSLesSeg,P2_T2,Tversky,2,5,91,29.223278392404914,True
MSLesSeg,P2_T2,Tversky,2,6,644,21.118712081942874,True
MSLesSeg,P2_T2,Tversky,2,7,84,11.445523142259598,True
MSLesSeg,P2_T2,Tversky,2,8,34,7.810249675906654,False
MSLesSeg,P2_T2,Tversky,2,9,56,2.23606797749979,True
MSLesSeg,P2_T2,Tversky,2,10,158,1.4142135623730951,False
MSLesSeg,P2_T2,Tversky,2,11,225,3.0,True
MSLesSeg,P2_T2,Tversky,2,12,120,7.615773105863909,True
MSLesSeg,P2_T2,Tversky,2,13,79,9.16515138991168,True
MSLesSeg,P2_T2,Tversky,2,14,184,4.58257569495584,True
MSLesSeg,P2_T2,Tversky,2,15,270,2.0,True
MSLesSeg,P2_T2,Tversky,2,16,748,11.40175425099138,True
MSLesSeg,P2_T2,Tversky,2,17,9,2.0,True
MSLesSeg,P2_T2,Tversky,2,18,64,14.696938456699069,True
MSLesSeg,P2_T2,Tversky,2,19,40,22.293496809607955,True
MSLesSeg,P2_T2,Tversky,2,20,58,32.58834147360065,True
MSLesSeg,P2_T2,Tversky,3,1,41,34.597687784012386,False
MSLesSeg,P2_T2,Tversky,3,2,150,7.681145747868608,True
MSLesSeg,P2_T2,Tversky,3,3,168,17.916472867168917,True
MSLesSeg,P2_T2,Tversky,3,4,63,45.92385001282014,False
MSLesSeg,P2_T2,Tversky,3,5,91,29.223278392404914,True
MSLesSeg,P2_T2,Tversky,3,6,644,21.118712081942874,True
MSLesSeg,P2_T2,Tversky,3,7,84,11.445523142259598,True
MSLesSeg,P2_T2,Tversky,3,8,34,7.810249675906654,False
MSLesSeg,P2_T2,Tversky,3,9,56,2.23606797749979,True
MSLesSeg,P2_T2,Tversky,3,10,158,1.4142135623730951,False
MSLesSeg,P2_T2,Tversky,3,11,225,3.0,True
MSLesSeg,P2_T2,Tversky,3,12,120,7.615773105863909,True
MSLesSeg,P2_T2,Tversky,3,13,79,9.16515138991168,True
MSLesSeg,P2_T2,Tversky,3,14,184,4.58257569495584,True
MSLesSeg,P2_T2,Tversky,3,15,270,2.0,True
MSLesSeg,P2_T2,Tversky,3,16,748,11.40175425099138,True
MSLesSeg,P2_T2,Tversky,3,17,9,2.0,True
MSLesSeg,P2_T2,Tversky,3,18,64,14.696938456699069,True
MSLesSeg,P2_T2,Tversky,3,19,40,22.293496809607955,True
MSLesSeg,P2_T2,Tversky,3,20,58,32.58834147360065,False
MSLesSeg,P2_T2,Tversky,4,1,41,34.597687784012386,False
MSLesSeg,P2_T2,Tversky,4,2,150,7.681145747868608,True
MSLesSeg,P2_T2,Tversky,4,3,168,17.916472867168917,True
MSLesSeg,P2_T2,Tversky,4,4,63,45.92385001282014,False
MSLesSeg,P2_T2,Tversky,4,5,91,29.223278392404914,True
MSLesSeg,P2_T2,Tversky,4,6,644,21.118712081942874,True
MSLesSeg,P2_T2,Tversky,4,7,84,11.445523142259598,True
MSLesSeg,P2_T2,Tversky,4,8,34,7.810249675906654,False
MSLesSeg,P2_T2,Tversky,4,9,56,2.23606797749979,True
MSLesSeg,P2_T2,Tversky,4,10,158,1.4142135623730951,False
MSLesSeg,P2_T2,Tversky,4,11,225,3.0,True
MSLesSeg,P2_T2,Tversky,4,12,120,7.615773105863909,True
MSLesSeg,P2_T2,Tversky,4,13,79,9.16515138991168,True
MSLesSeg,P2_T2,Tversky,4,14,184,4.58257569495584,True
MSLesSeg,P2_T2,Tversky,4,15,270,2.0,True
MSLesSeg,P2_T2,Tversky,4,16,748,11.40175425099138,True
MSLesSeg,P2_T2,Tversky,4,17,9,2.0,True
MSLesSeg,P2_T2,Tversky,4,18,64,14.696938456699069,True
MSLesSeg,P2_T2,Tversky,4,19,40,22.293496809607955,True
MSLesSeg,P2_T2,Tversky,4,20,58,32.58834147360065,True
MSLesSeg,P2_T2,FocalTversky,0,1,41,34.597687784012386,False
MSLesSeg,P2_T2,FocalTversky,0,2,150,7.681145747868608,True
MSLesSeg,P2_T2,FocalTversky,0,3,168,17.916472867168917,True
MSLesSeg,P2_T2,FocalTversky,0,4,63,45.92385001282014,False
MSLesSeg,P2_T2,FocalTversky,0,5,91,29.223278392404914,True
MSLesSeg,P2_T2,FocalTversky,0,6,644,21.118712081942874,True
MSLesSeg,P2_T2,FocalTversky,0,7,84,11.445523142259598,True
MSLesSeg,P2_T2,FocalTversky,0,8,34,7.810249675906654,False
MSLesSeg,P2_T2,FocalTversky,0,9,56,2.23606797749979,True
MSLesSeg,P2_T2,FocalTversky,0,10,158,1.4142135623730951,False
MSLesSeg,P2_T2,FocalTversky,0,11,225,3.0,True
MSLesSeg,P2_T2,FocalTversky,0,12,120,7.615773105863909,True
MSLesSeg,P2_T2,FocalTversky,0,13,79,9.16515138991168,True
MSLesSeg,P2_T2,FocalTversky,0,14,184,4.58257569495584,True
MSLesSeg,P2_T2,FocalTversky,0,15,270,2.0,True
MSLesSeg,P2_T2,FocalTversky,0,16,748,11.40175425099138,True
MSLesSeg,P2_T2,FocalTversky,0,17,9,2.0,True
MSLesSeg,P2_T2,FocalTversky,0,18,64,14.696938456699069,True
MSLesSeg,P2_T2,FocalTversky,0,19,40,22.293496809607955,True
MSLesSeg,P2_T2,FocalTversky,0,20,58,32.58834147360065,True
MSLesSeg,P2_T2,FocalTversky,1,1,41,34.597687784012386,False
MSLesSeg,P2_T2,FocalTversky,1,2,150,7.681145747868608,True
MSLesSeg,P2_T2,FocalTversky,1,3,168,17.916472867168917,True
MSLesSeg,P2_T2,FocalTversky,1,4,63,45.92385001282014,False
MSLesSeg,P2_T2,FocalTversky,1,5,91,29.223278392404914,True
MSLesSeg,P2_T2,FocalTversky,1,6,644,21.118712081942874,True
MSLesSeg,P2_T2,FocalTversky,1,7,84,11.445523142259598,True
MSLesSeg,P2_T2,FocalTversky,1,8,34,7.810249675906654,False
MSLesSeg,P2_T2,FocalTversky,1,9,56,2.23606797749979,True
MSLesSeg,P2_T2,FocalTversky,1,10,158,1.4142135623730951,False
MSLesSeg,P2_T2,FocalTversky,1,11,225,3.0,True
MSLesSeg,P2_T2,FocalTversky,1,12,120,7.615773105863909,True
MSLesSeg,P2_T2,FocalTversky,1,13,79,9.16515138991168,True
MSLesSeg,P2_T2,FocalTversky,1,14,184,4.58257569495584,True
MSLesSeg,P2_T2,FocalTversky,1,15,270,2.0,True
MSLesSeg,P2_T2,FocalTversky,1,16,748,11.40175425099138,True
MSLesSeg,P2_T2,FocalTversky,1,17,9,2.0,True
MSLesSeg,P2_T2,FocalTversky,1,18,64,14.696938456699069,True
MSLesSeg,P2_T2,FocalTversky,1,19,40,22.293496809607955,True
MSLesSeg,P2_T2,FocalTversky,1,20,58,32.58834147360065,True
MSLesSeg,P2_T2,FocalTversky,2,1,41,34.597687784012386,False
MSLesSeg,P2_T2,FocalTversky,2,2,150,7.681145747868608,True
MSLesSeg,P2_T2,FocalTversky,2,3,168,17.916472867168917,True
MSLesSeg,P2_T2,FocalTversky,2,4,63,45.92385001282014,False
MSLesSeg,P2_T2,FocalTversky,2,5,91,29.223278392404914,True
MSLesSeg,P2_T2,FocalTversky,2,6,644,21.118712081942874,True
MSLesSeg,P2_T2,FocalTversky,2,7,84,11.445523142259598,True
MSLesSeg,P2_T2,FocalTversky,2,8,34,7.810249675906654,False
MSLesSeg,P2_T2,FocalTversky,2,9,56,2.23606797749979,True
MSLesSeg,P2_T2,FocalTversky,2,10,158,1.4142135623730951,False
MSLesSeg,P2_T2,FocalTversky,2,11,225,3.0,True
MSLesSeg,P2_T2,FocalTversky,2,12,120,7.615773105863909,True
MSLesSeg,P2_T2,FocalTversky,2,13,79,9.16515138991168,True
MSLesSeg,P2_T2,FocalTversky,2,14,184,4.58257569495584,True
MSLesSeg,P2_T2,FocalTversky,2,15,270,2.0,True
MSLesSeg,P2_T2,FocalTversky,2,16,748,11.40175425099138,True
MSLesSeg,P2_T2,FocalTversky,2,17,9,2.0,True
MSLesSeg,P2_T2,FocalTversky,2,18,64,14.696938456699069,True
MSLesSeg,P2_T2,FocalTversky,2,19,40,22.293496809607955,True
MSLesSeg,P2_T2,FocalTversky,2,20,58,32.58834147360065,False
MSLesSeg,P2_T2,FocalTversky,3,1,41,34.597687784012386,False
MSLesSeg,P2_T2,FocalTversky,3,2,150,7.681145747868608,True
MSLesSeg,P2_T2,FocalTversky,3,3,168,17.916472867168917,True
MSLesSeg,P2_T2,FocalTversky,3,4,63,45.92385001282014,False
MSLesSeg,P2_T2,FocalTversky,3,5,91,29.223278392404914,True
MSLesSeg,P2_T2,FocalTversky,3,6,644,21.118712081942874,True
MSLesSeg,P2_T2,FocalTversky,3,7,84,11.445523142259598,True
MSLesSeg,P2_T2,FocalTversky,3,8,34,7.810249675906654,False
MSLesSeg,P2_T2,FocalTversky,3,9,56,2.23606797749979,True
MSLesSeg,P2_T2,FocalTversky,3,10,158,1.4142135623730951,False
MSLesSeg,P2_T2,FocalTversky,3,11,225,3.0,True
MSLesSeg,P2_T2,FocalTversky,3,12,120,7.615773105863909,True
MSLesSeg,P2_T2,FocalTversky,3,13,79,9.16515138991168,True
MSLesSeg,P2_T2,FocalTversky,3,14,184,4.58257569495584,True
MSLesSeg,P2_T2,FocalTversky,3,15,270,2.0,True
MSLesSeg,P2_T2,FocalTversky,3,16,748,11.40175425099138,True
MSLesSeg,P2_T2,FocalTversky,3,17,9,2.0,True
MSLesSeg,P2_T2,FocalTversky,3,18,64,14.696938456699069,True
MSLesSeg,P2_T2,FocalTversky,3,19,40,22.293496809607955,True
MSLesSeg,P2_T2,FocalTversky,3,20,58,32.58834147360065,False
MSLesSeg,P2_T2,FocalTversky,4,1,41,34.597687784012386,False
MSLesSeg,P2_T2,FocalTversky,4,2,150,7.681145747868608,True
MSLesSeg,P2_T2,FocalTversky,4,3,168,17.916472867168917,True
MSLesSeg,P2_T2,FocalTversky,4,4,63,45.92385001282014,False
MSLesSeg,P2_T2,FocalTversky,4,5,91,29.223278392404914,True
MSLesSeg,P2_T2,FocalTversky,4,6,644,21.118712081942874,True
MSLesSeg,P2_T2,FocalTversky,4,7,84,11.445523142259598,True
MSLesSeg,P2_T2,FocalTversky,4,8,34,7.810249675906654,False
MSLesSeg,P2_T2,FocalTversky,4,9,56,2.23606797749979,True
MSLesSeg,P2_T2,FocalTversky,4,10,158,1.4142135623730951,False
MSLesSeg,P2_T2,FocalTversky,4,11,225,3.0,True
MSLesSeg,P2_T2,FocalTversky,4,12,120,7.615773105863909,True
MSLesSeg,P2_T2,FocalTversky,4,13,79,9.16515138991168,True
MSLesSeg,P2_T2,FocalTversky,4,14,184,4.58257569495584,True
MSLesSeg,P2_T2,FocalTversky,4,15,270,2.0,True
MSLesSeg,P2_T2,FocalTversky,4,16,748,11.40175425099138,True
MSLesSeg,P2_T2,FocalTversky,4,17,9,2.0,True
MSLesSeg,P2_T2,FocalTversky,4,18,64,14.696938456699069,True
MSLesSeg,P2_T2,FocalTversky,4,19,40,22.293496809607955,True
MSLesSeg,P2_T2,FocalTversky,4,20,58,32.58834147360065,True
MSLesSeg,P2_T3,CATMIL,0,1,94,8.774964387392123,True
MSLesSeg,P2_T3,CATMIL,0,2,108,19.235384061671343,True
MSLesSeg,P2_T3,CATMIL,0,3,125,28.160255680657446,True
MSLesSeg,P2_T3,CATMIL,0,4,143,12.24744871391589,True
MSLesSeg,P2_T3,CATMIL,0,5,404,22.15851980616034,True
MSLesSeg,P2_T3,CATMIL,0,6,31,3.0,True
MSLesSeg,P2_T3,CATMIL,0,7,121,2.449489742783178,True
MSLesSeg,P2_T3,CATMIL,0,8,184,6.324555320336759,True
MSLesSeg,P2_T3,CATMIL,0,9,190,6.4031242374328485,True
MSLesSeg,P2_T3,CATMIL,0,10,448,2.0,True
MSLesSeg,P2_T3,CATMIL,0,11,539,12.569805089976535,True
MSLesSeg,P2_T3,CATMIL,0,12,55,1.4142135623730951,True
MSLesSeg,P2_T3,CATMIL,0,13,28,15.7797338380595,True
MSLesSeg,P2_T3,CATMIL,0,14,153,19.261360284258224,True
MSLesSeg,P2_T3,CATMIL,1,1,94,8.774964387392123,True
MSLesSeg,P2_T3,CATMIL,1,2,108,19.235384061671343,True
MSLesSeg,P2_T3,CATMIL,1,3,125,28.160255680657446,True
MSLesSeg,P2_T3,CATMIL,1,4,143,12.24744871391589,True
MSLesSeg,P2_T3,CATMIL,1,5,404,22.15851980616034,True
MSLesSeg,P2_T3,CATMIL,1,6,31,3.0,True
MSLesSeg,P2_T3,CATMIL,1,7,121,2.449489742783178,True
MSLesSeg,P2_T3,CATMIL,1,8,184,6.324555320336759,True
MSLesSeg,P2_T3,CATMIL,1,9,190,6.4031242374328485,True
MSLesSeg,P2_T3,CATMIL,1,10,448,2.0,True
MSLesSeg,P2_T3,CATMIL,1,11,539,12.569805089976535,True
MSLesSeg,P2_T3,CATMIL,1,12,55,1.4142135623730951,True
MSLesSeg,P2_T3,CATMIL,1,13,28,15.7797338380595,True
MSLesSeg,P2_T3,CATMIL,1,14,153,19.261360284258224,True
MSLesSeg,P2_T3,CATMIL,2,1,94,8.774964387392123,True
MSLesSeg,P2_T3,CATMIL,2,2,108,19.235384061671343,True
MSLesSeg,P2_T3,CATMIL,2,3,125,28.160255680657446,True
MSLesSeg,P2_T3,CATMIL,2,4,143,12.24744871391589,True
MSLesSeg,P2_T3,CATMIL,2,5,404,22.15851980616034,True
MSLesSeg,P2_T3,CATMIL,2,6,31,3.0,True
MSLesSeg,P2_T3,CATMIL,2,7,121,2.449489742783178,True
MSLesSeg,P2_T3,CATMIL,2,8,184,6.324555320336759,True
MSLesSeg,P2_T3,CATMIL,2,9,190,6.4031242374328485,True
MSLesSeg,P2_T3,CATMIL,2,10,448,2.0,True
MSLesSeg,P2_T3,CATMIL,2,11,539,12.569805089976535,True
MSLesSeg,P2_T3,CATMIL,2,12,55,1.4142135623730951,True
MSLesSeg,P2_T3,CATMIL,2,13,28,15.7797338380595,True
MSLesSeg,P2_T3,CATMIL,2,14,153,19.261360284258224,True
MSLesSeg,P2_T3,CATMIL,3,1,94,8.774964387392123,True
MSLesSeg,P2_T3,CATMIL,3,2,108,19.235384061671343,True
MSLesSeg,P2_T3,CATMIL,3,3,125,28.160255680657446,True
MSLesSeg,P2_T3,CATMIL,3,4,143,12.24744871391589,True
MSLesSeg,P2_T3,CATMIL,3,5,404,22.15851980616034,True
MSLesSeg,P2_T3,CATMIL,3,6,31,3.0,True
MSLesSeg,P2_T3,CATMIL,3,7,121,2.449489742783178,True
MSLesSeg,P2_T3,CATMIL,3,8,184,6.324555320336759,True
MSLesSeg,P2_T3,CATMIL,3,9,190,6.4031242374328485,True
MSLesSeg,P2_T3,CATMIL,3,10,448,2.0,True
MSLesSeg,P2_T3,CATMIL,3,11,539,12.569805089976535,True
MSLesSeg,P2_T3,CATMIL,3,12,55,1.4142135623730951,True
MSLesSeg,P2_T3,CATMIL,3,13,28,15.7797338380595,True
MSLesSeg,P2_T3,CATMIL,3,14,153,19.261360284258224,True
MSLesSeg,P2_T3,CATMIL,4,1,94,8.774964387392123,True
MSLesSeg,P2_T3,CATMIL,4,2,108,19.235384061671343,True
MSLesSeg,P2_T3,CATMIL,4,3,125,28.160255680657446,True
MSLesSeg,P2_T3,CATMIL,4,4,143,12.24744871391589,True
MSLesSeg,P2_T3,CATMIL,4,5,404,22.15851980616034,True
MSLesSeg,P2_T3,CATMIL,4,6,31,3.0,True
MSLesSeg,P2_T3,CATMIL,4,7,121,2.449489742783178,True
MSLesSeg,P2_T3,CATMIL,4,8,184,6.324555320336759,True
MSLesSeg,P2_T3,CATMIL,4,9,190,6.4031242374328485,True
MSLesSeg,P2_T3,CATMIL,4,10,448,2.0,True
MSLesSeg,P2_T3,CATMIL,4,11,539,12.569805089976535,True
MSLesSeg,P2_T3,CATMIL,4,12,55,1.4142135623730951,True
MSLesSeg,P2_T3,CATMIL,4,13,28,15.7797338380595,True
MSLesSeg,P2_T3,CATMIL,4,14,153,19.261360284258224,True
MSLesSeg,P2_T3,DiceCE,0,1,94,8.774964387392123,True
MSLesSeg,P2_T3,DiceCE,0,2,108,19.235384061671343,True
MSLesSeg,P2_T3,DiceCE,0,3,125,28.160255680657446,True
MSLesSeg,P2_T3,DiceCE,0,4,143,12.24744871391589,True
MSLesSeg,P2_T3,DiceCE,0,5,404,22.15851980616034,True
MSLesSeg,P2_T3,DiceCE,0,6,31,3.0,True
MSLesSeg,P2_T3,DiceCE,0,7,121,2.449489742783178,True
MSLesSeg,P2_T3,DiceCE,0,8,184,6.324555320336759,True
MSLesSeg,P2_T3,DiceCE,0,9,190,6.4031242374328485,True
MSLesSeg,P2_T3,DiceCE,0,10,448,2.0,True
MSLesSeg,P2_T3,DiceCE,0,11,539,12.569805089976535,True
MSLesSeg,P2_T3,DiceCE,0,12,55,1.4142135623730951,True
MSLesSeg,P2_T3,DiceCE,0,13,28,15.7797338380595,True
MSLesSeg,P2_T3,DiceCE,0,14,153,19.261360284258224,True
MSLesSeg,P2_T3,DiceCE,1,1,94,8.774964387392123,True
MSLesSeg,P2_T3,DiceCE,1,2,108,19.235384061671343,True
MSLesSeg,P2_T3,DiceCE,1,3,125,28.160255680657446,True
MSLesSeg,P2_T3,DiceCE,1,4,143,12.24744871391589,True
MSLesSeg,P2_T3,DiceCE,1,5,404,22.15851980616034,True
MSLesSeg,P2_T3,DiceCE,1,6,31,3.0,True
MSLesSeg,P2_T3,DiceCE,1,7,121,2.449489742783178,True
MSLesSeg,P2_T3,DiceCE,1,8,184,6.324555320336759,True
MSLesSeg,P2_T3,DiceCE,1,9,190,6.4031242374328485,True
MSLesSeg,P2_T3,DiceCE,1,10,448,2.0,True
MSLesSeg,P2_T3,DiceCE,1,11,539,12.569805089976535,True
MSLesSeg,P2_T3,DiceCE,1,12,55,1.4142135623730951,True
MSLesSeg,P2_T3,DiceCE,1,13,28,15.7797338380595,True
MSLesSeg,P2_T3,DiceCE,1,14,153,19.261360284258224,True
MSLesSeg,P2_T3,DiceCE,2,1,94,8.774964387392123,True
MSLesSeg,P2_T3,DiceCE,2,2,108,19.235384061671343,True
MSLesSeg,P2_T3,DiceCE,2,3,125,28.160255680657446,True
MSLesSeg,P2_T3,DiceCE,2,4,143,12.24744871391589,True
MSLesSeg,P2_T3,DiceCE,2,5,404,22.15851980616034,True
MSLesSeg,P2_T3,DiceCE,2,6,31,3.0,True
MSLesSeg,P2_T3,DiceCE,2,7,121,2.449489742783178,True
MSLesSeg,P2_T3,DiceCE,2,8,184,6.324555320336759,True
MSLesSeg,P2_T3,DiceCE,2,9,190,6.4031242374328485,True
MSLesSeg,P2_T3,DiceCE,2,10,448,2.0,True
MSLesSeg,P2_T3,DiceCE,2,11,539,12.569805089976535,True
MSLesSeg,P2_T3,DiceCE,2,12,55,1.4142135623730951,True
MSLesSeg,P2_T3,DiceCE,2,13,28,15.7797338380595,True
MSLesSeg,P2_T3,DiceCE,2,14,153,19.261360284258224,True
MSLesSeg,P2_T3,DiceCE,3,1,94,8.774964387392123,True
MSLesSeg,P2_T3,DiceCE,3,2,108,19.235384061671343,True
MSLesSeg,P2_T3,DiceCE,3,3,125,28.160255680657446,True
MSLesSeg,P2_T3,DiceCE,3,4,143,12.24744871391589,True
MSLesSeg,P2_T3,DiceCE,3,5,404,22.15851980616034,True
MSLesSeg,P2_T3,DiceCE,3,6,31,3.0,True
MSLesSeg,P2_T3,DiceCE,3,7,121,2.449489742783178,True
MSLesSeg,P2_T3,DiceCE,3,8,184,6.324555320336759,True
MSLesSeg,P2_T3,DiceCE,3,9,190,6.4031242374328485,True
MSLesSeg,P2_T3,DiceCE,3,10,448,2.0,True
MSLesSeg,P2_T3,DiceCE,3,11,539,12.569805089976535,True
MSLesSeg,P2_T3,DiceCE,3,12,55,1.4142135623730951,True
MSLesSeg,P2_T3,DiceCE,3,13,28,15.7797338380595,True
MSLesSeg,P2_T3,DiceCE,3,14,153,19.261360284258224,True
MSLesSeg,P2_T3,DiceCE,4,1,94,8.774964387392123,True
MSLesSeg,P2_T3,DiceCE,4,2,108,19.235384061671343,True
MSLesSeg,P2_T3,DiceCE,4,3,125,28.160255680657446,True
MSLesSeg,P2_T3,DiceCE,4,4,143,12.24744871391589,True
MSLesSeg,P2_T3,DiceCE,4,5,404,22.15851980616034,True
MSLesSeg,P2_T3,DiceCE,4,6,31,3.0,True
MSLesSeg,P2_T3,DiceCE,4,7,121,2.449489742783178,True
MSLesSeg,P2_T3,DiceCE,4,8,184,6.324555320336759,True
MSLesSeg,P2_T3,DiceCE,4,9,190,6.4031242374328485,True
MSLesSeg,P2_T3,DiceCE,4,10,448,2.0,True
MSLesSeg,P2_T3,DiceCE,4,11,539,12.569805089976535,True
MSLesSeg,P2_T3,DiceCE,4,12,55,1.4142135623730951,True
MSLesSeg,P2_T3,DiceCE,4,13,28,15.7797338380595,True
MSLesSeg,P2_T3,DiceCE,4,14,153,19.261360284258224,True
MSLesSeg,P2_T3,Tversky,0,1,94,8.774964387392123,True
MSLesSeg,P2_T3,Tversky,0,2,108,19.235384061671343,True
MSLesSeg,P2_T3,Tversky,0,3,125,28.160255680657446,True
MSLesSeg,P2_T3,Tversky,0,4,143,12.24744871391589,True
MSLesSeg,P2_T3,Tversky,0,5,404,22.15851980616034,True
MSLesSeg,P2_T3,Tversky,0,6,31,3.0,True
MSLesSeg,P2_T3,Tversky,0,7,121,2.449489742783178,True
MSLesSeg,P2_T3,Tversky,0,8,184,6.324555320336759,True
MSLesSeg,P2_T3,Tversky,0,9,190,6.4031242374328485,True
MSLesSeg,P2_T3,Tversky,0,10,448,2.0,True
MSLesSeg,P2_T3,Tversky,0,11,539,12.569805089976535,True
MSLesSeg,P2_T3,Tversky,0,12,55,1.4142135623730951,True
MSLesSeg,P2_T3,Tversky,0,13,28,15.7797338380595,True
MSLesSeg,P2_T3,Tversky,0,14,153,19.261360284258224,True
MSLesSeg,P2_T3,Tversky,1,1,94,8.774964387392123,True
MSLesSeg,P2_T3,Tversky,1,2,108,19.235384061671343,True
MSLesSeg,P2_T3,Tversky,1,3,125,28.160255680657446,True
MSLesSeg,P2_T3,Tversky,1,4,143,12.24744871391589,True
MSLesSeg,P2_T3,Tversky,1,5,404,22.15851980616034,True
MSLesSeg,P2_T3,Tversky,1,6,31,3.0,True
MSLesSeg,P2_T3,Tversky,1,7,121,2.449489742783178,True
MSLesSeg,P2_T3,Tversky,1,8,184,6.324555320336759,True
MSLesSeg,P2_T3,Tversky,1,9,190,6.4031242374328485,True
MSLesSeg,P2_T3,Tversky,1,10,448,2.0,True
MSLesSeg,P2_T3,Tversky,1,11,539,12.569805089976535,True
MSLesSeg,P2_T3,Tversky,1,12,55,1.4142135623730951,True
MSLesSeg,P2_T3,Tversky,1,13,28,15.7797338380595,True
MSLesSeg,P2_T3,Tversky,1,14,153,19.261360284258224,True
MSLesSeg,P2_T3,Tversky,2,1,94,8.774964387392123,True
MSLesSeg,P2_T3,Tversky,2,2,108,19.235384061671343,True
MSLesSeg,P2_T3,Tversky,2,3,125,28.160255680657446,True
MSLesSeg,P2_T3,Tversky,2,4,143,12.24744871391589,True
MSLesSeg,P2_T3,Tversky,2,5,404,22.15851980616034,True
MSLesSeg,P2_T3,Tversky,2,6,31,3.0,True
MSLesSeg,P2_T3,Tversky,2,7,121,2.449489742783178,True
MSLesSeg,P2_T3,Tversky,2,8,184,6.324555320336759,True
MSLesSeg,P2_T3,Tversky,2,9,190,6.4031242374328485,True
MSLesSeg,P2_T3,Tversky,2,10,448,2.0,True
MSLesSeg,P2_T3,Tversky,2,11,539,12.569805089976535,True
MSLesSeg,P2_T3,Tversky,2,12,55,1.4142135623730951,True
MSLesSeg,P2_T3,Tversky,2,13,28,15.7797338380595,True
MSLesSeg,P2_T3,Tversky,2,14,153,19.261360284258224,True
MSLesSeg,P2_T3,Tversky,3,1,94,8.774964387392123,True
MSLesSeg,P2_T3,Tversky,3,2,108,19.235384061671343,True
MSLesSeg,P2_T3,Tversky,3,3,125,28.160255680657446,True
MSLesSeg,P2_T3,Tversky,3,4,143,12.24744871391589,True
MSLesSeg,P2_T3,Tversky,3,5,404,22.15851980616034,True
MSLesSeg,P2_T3,Tversky,3,6,31,3.0,True
MSLesSeg,P2_T3,Tversky,3,7,121,2.449489742783178,True
MSLesSeg,P2_T3,Tversky,3,8,184,6.324555320336759,True
MSLesSeg,P2_T3,Tversky,3,9,190,6.4031242374328485,True
MSLesSeg,P2_T3,Tversky,3,10,448,2.0,True
MSLesSeg,P2_T3,Tversky,3,11,539,12.569805089976535,True
MSLesSeg,P2_T3,Tversky,3,12,55,1.4142135623730951,True
MSLesSeg,P2_T3,Tversky,3,13,28,15.7797338380595,True
MSLesSeg,P2_T3,Tversky,3,14,153,19.261360284258224,True
MSLesSeg,P2_T3,Tversky,4,1,94,8.774964387392123,True
MSLesSeg,P2_T3,Tversky,4,2,108,19.235384061671343,True
MSLesSeg,P2_T3,Tversky,4,3,125,28.160255680657446,True
MSLesSeg,P2_T3,Tversky,4,4,143,12.24744871391589,True
MSLesSeg,P2_T3,Tversky,4,5,404,22.15851980616034,True
MSLesSeg,P2_T3,Tversky,4,6,31,3.0,True
MSLesSeg,P2_T3,Tversky,4,7,121,2.449489742783178,True
MSLesSeg,P2_T3,Tversky,4,8,184,6.324555320336759,True
MSLesSeg,P2_T3,Tversky,4,9,190,6.4031242374328485,True
MSLesSeg,P2_T3,Tversky,4,10,448,2.0,True
MSLesSeg,P2_T3,Tversky,4,11,539,12.569805089976535,True
MSLesSeg,P2_T3,Tversky,4,12,55,1.4142135623730951,True
MSLesSeg,P2_T3,Tversky,4,13,28,15.7797338380595,True
MSLesSeg,P2_T3,Tversky,4,14,153,19.261360284258224,True
MSLesSeg,P2_T3,FocalTversky,0,1,94,8.774964387392123,True
MSLesSeg,P2_T3,FocalTversky,0,2,108,19.235384061671343,True
MSLesSeg,P2_T3,FocalTversky,0,3,125,28.160255680657446,True
MSLesSeg,P2_T3,FocalTversky,0,4,143,12.24744871391589,True
MSLesSeg,P2_T3,FocalTversky,0,5,404,22.15851980616034,True
MSLesSeg,P2_T3,FocalTversky,0,6,31,3.0,True
MSLesSeg,P2_T3,FocalTversky,0,7,121,2.449489742783178,True
MSLesSeg,P2_T3,FocalTversky,0,8,184,6.324555320336759,True
MSLesSeg,P2_T3,FocalTversky,0,9,190,6.4031242374328485,True
MSLesSeg,P2_T3,FocalTversky,0,10,448,2.0,True
MSLesSeg,P2_T3,FocalTversky,0,11,539,12.569805089976535,True
MSLesSeg,P2_T3,FocalTversky,0,12,55,1.4142135623730951,True
MSLesSeg,P2_T3,FocalTversky,0,13,28,15.7797338380595,True
MSLesSeg,P2_T3,FocalTversky,0,14,153,19.261360284258224,True
MSLesSeg,P2_T3,FocalTversky,1,1,94,8.774964387392123,True
MSLesSeg,P2_T3,FocalTversky,1,2,108,19.235384061671343,True
MSLesSeg,P2_T3,FocalTversky,1,3,125,28.160255680657446,True
MSLesSeg,P2_T3,FocalTversky,1,4,143,12.24744871391589,True
MSLesSeg,P2_T3,FocalTversky,1,5,404,22.15851980616034,True
MSLesSeg,P2_T3,FocalTversky,1,6,31,3.0,True
MSLesSeg,P2_T3,FocalTversky,1,7,121,2.449489742783178,True
MSLesSeg,P2_T3,FocalTversky,1,8,184,6.324555320336759,True
MSLesSeg,P2_T3,FocalTversky,1,9,190,6.4031242374328485,True
MSLesSeg,P2_T3,FocalTversky,1,10,448,2.0,True
MSLesSeg,P2_T3,FocalTversky,1,11,539,12.569805089976535,True
MSLesSeg,P2_T3,FocalTversky,1,12,55,1.4142135623730951,True
MSLesSeg,P2_T3,FocalTversky,1,13,28,15.7797338380595,True
MSLesSeg,P2_T3,FocalTversky,1,14,153,19.261360284258224,True
MSLesSeg,P2_T3,FocalTversky,2,1,94,8.774964387392123,True
MSLesSeg,P2_T3,FocalTversky,2,2,108,19.235384061671343,True
MSLesSeg,P2_T3,FocalTversky,2,3,125,28.160255680657446,True
MSLesSeg,P2_T3,FocalTversky,2,4,143,12.24744871391589,True
MSLesSeg,P2_T3,FocalTversky,2,5,404,22.15851980616034,True
MSLesSeg,P2_T3,FocalTversky,2,6,31,3.0,True
MSLesSeg,P2_T3,FocalTversky,2,7,121,2.449489742783178,True
MSLesSeg,P2_T3,FocalTversky,2,8,184,6.324555320336759,True
MSLesSeg,P2_T3,FocalTversky,2,9,190,6.4031242374328485,True
MSLesSeg,P2_T3,FocalTversky,2,10,448,2.0,True
MSLesSeg,P2_T3,FocalTversky,2,11,539,12.569805089976535,True
MSLesSeg,P2_T3,FocalTversky,2,12,55,1.4142135623730951,True
MSLesSeg,P2_T3,FocalTversky,2,13,28,15.7797338380595,True
MSLesSeg,P2_T3,FocalTversky,2,14,153,19.261360284258224,True
MSLesSeg,P2_T3,FocalTversky,3,1,94,8.774964387392123,True
MSLesSeg,P2_T3,FocalTversky,3,2,108,19.235384061671343,True
MSLesSeg,P2_T3,FocalTversky,3,3,125,28.160255680657446,True
MSLesSeg,P2_T3,FocalTversky,3,4,143,12.24744871391589,True
MSLesSeg,P2_T3,FocalTversky,3,5,404,22.15851980616034,True
MSLesSeg,P2_T3,FocalTversky,3,6,31,3.0,True
MSLesSeg,P2_T3,FocalTversky,3,7,121,2.449489742783178,True
MSLesSeg,P2_T3,FocalTversky,3,8,184,6.324555320336759,True
MSLesSeg,P2_T3,FocalTversky,3,9,190,6.4031242374328485,True
MSLesSeg,P2_T3,FocalTversky,3,10,448,2.0,True
MSLesSeg,P2_T3,FocalTversky,3,11,539,12.569805089976535,True
MSLesSeg,P2_T3,FocalTversky,3,12,55,1.4142135623730951,True
MSLesSeg,P2_T3,FocalTversky,3,13,28,15.7797338380595,True
MSLesSeg,P2_T3,FocalTversky,3,14,153,19.261360284258224,True
MSLesSeg,P2_T3,FocalTversky,4,1,94,8.774964387392123,True
MSLesSeg,P2_T3,FocalTversky,4,2,108,19.235384061671343,True
MSLesSeg,P2_T3,FocalTversky,4,3,125,28.160255680657446,True
MSLesSeg,P2_T3,FocalTversky,4,4,143,12.24744871391589,True
MSLesSeg,P2_T3,FocalTversky,4,5,404,22.15851980616034,True
MSLesSeg,P2_T3,FocalTversky,4,6,31,3.0,True
MSLesSeg,P2_T3,FocalTversky,4,7,121,2.449489742783178,True
MSLesSeg,P2_T3,FocalTversky,4,8,184,6.324555320336759,True
MSLesSeg,P2_T3,FocalTversky,4,9,190,6.4031242374328485,True
MSLesSeg,P2_T3,FocalTversky,4,10,448,2.0,True
MSLesSeg,P2_T3,FocalTversky,4,11,539,12.569805089976535,True
MSLesSeg,P2_T3,FocalTversky,4,12,55,1.4142135623730951,True
MSLesSeg,P2_T3,FocalTversky,4,13,28,15.7797338380595,True
MSLesSeg,P2_T3,FocalTversky,4,14,153,19.261360284258224,True
MSLesSeg,P2_T4,CATMIL,0,1,74,31.25699921617557,False
MSLesSeg,P2_T4,CATMIL,0,2,105,22.759613353482084,True
MSLesSeg,P2_T4,CATMIL,0,3,55,9.486832980505138,True
MSLesSeg,P2_T4,CATMIL,0,4,131,29.068883707497267,True
MSLesSeg,P2_T4,CATMIL,0,5,59,12.12435565298214,True
MSLesSeg,P2_T4,CATMIL,0,6,480,25.865034312755125,True
MSLesSeg,P2_T4,CATMIL,0,7,61,2.23606797749979,True
MSLesSeg,P2_T4,CATMIL,0,8,51,1.4142135623730951,False
MSLesSeg,P2_T4,CATMIL,0,9,263,7.0,True
MSLesSeg,P2_T4,CATMIL,0,10,100,4.123105625617661,True
MSLesSeg,P2_T4,CATMIL,0,11,258,4.123105625617661,True
MSLesSeg,P2_T4,CATMIL,0,12,37,10.44030650891055,True
MSLesSeg,P2_T4,CATMIL,0,13,369,4.123105625617661,True
MSLesSeg,P2_T4,CATMIL,0,14,647,11.313708498984761,True
MSLesSeg,P2_T4,CATMIL,0,15,1,17.05872210923198,False
MSLesSeg,P2_T4,CATMIL,0,16,49,2.0,True
MSLesSeg,P2_T4,CATMIL,0,17,53,15.427248620541512,True
MSLesSeg,P2_T4,CATMIL,0,18,147,18.24828759089466,True
MSLesSeg,P2_T4,CATMIL,1,1,74,31.25699921617557,False
MSLesSeg,P2_T4,CATMIL,1,2,105,22.759613353482084,True
MSLesSeg,P2_T4,CATMIL,1,3,55,9.486832980505138,True
MSLesSeg,P2_T4,CATMIL,1,4,131,29.068883707497267,True
MSLesSeg,P2_T4,CATMIL,1,5,59,12.12435565298214,True
MSLesSeg,P2_T4,CATMIL,1,6,480,25.865034312755125,True
MSLesSeg,P2_T4,CATMIL,1,7,61,2.23606797749979,True
MSLesSeg,P2_T4,CATMIL,1,8,51,1.4142135623730951,False
MSLesSeg,P2_T4,CATMIL,1,9,263,7.0,True
MSLesSeg,P2_T4,CATMIL,1,10,100,4.123105625617661,True
MSLesSeg,P2_T4,CATMIL,1,11,258,4.123105625617661,True
MSLesSeg,P2_T4,CATMIL,1,12,37,10.44030650891055,True
MSLesSeg,P2_T4,CATMIL,1,13,369,4.123105625617661,True
MSLesSeg,P2_T4,CATMIL,1,14,647,11.313708498984761,True
MSLesSeg,P2_T4,CATMIL,1,15,1,17.05872210923198,False
MSLesSeg,P2_T4,CATMIL,1,16,49,2.0,True
MSLesSeg,P2_T4,CATMIL,1,17,53,15.427248620541512,True
MSLesSeg,P2_T4,CATMIL,1,18,147,18.24828759089466,True
MSLesSeg,P2_T4,CATMIL,2,1,74,31.25699921617557,False
MSLesSeg,P2_T4,CATMIL,2,2,105,22.759613353482084,True
MSLesSeg,P2_T4,CATMIL,2,3,55,9.486832980505138,True
MSLesSeg,P2_T4,CATMIL,2,4,131,29.068883707497267,True
MSLesSeg,P2_T4,CATMIL,2,5,59,12.12435565298214,True
MSLesSeg,P2_T4,CATMIL,2,6,480,25.865034312755125,True
MSLesSeg,P2_T4,CATMIL,2,7,61,2.23606797749979,True
MSLesSeg,P2_T4,CATMIL,2,8,51,1.4142135623730951,False
MSLesSeg,P2_T4,CATMIL,2,9,263,7.0,True
MSLesSeg,P2_T4,CATMIL,2,10,100,4.123105625617661,True
MSLesSeg,P2_T4,CATMIL,2,11,258,4.123105625617661,True
MSLesSeg,P2_T4,CATMIL,2,12,37,10.44030650891055,True
MSLesSeg,P2_T4,CATMIL,2,13,369,4.123105625617661,True
MSLesSeg,P2_T4,CATMIL,2,14,647,11.313708498984761,True
MSLesSeg,P2_T4,CATMIL,2,15,1,17.05872210923198,False
MSLesSeg,P2_T4,CATMIL,2,16,49,2.0,True
MSLesSeg,P2_T4,CATMIL,2,17,53,15.427248620541512,True
MSLesSeg,P2_T4,CATMIL,2,18,147,18.24828759089466,True
MSLesSeg,P2_T4,CATMIL,3,1,74,31.25699921617557,False
MSLesSeg,P2_T4,CATMIL,3,2,105,22.759613353482084,True
MSLesSeg,P2_T4,CATMIL,3,3,55,9.486832980505138,True
MSLesSeg,P2_T4,CATMIL,3,4,131,29.068883707497267,True
MSLesSeg,P2_T4,CATMIL,3,5,59,12.12435565298214,True
MSLesSeg,P2_T4,CATMIL,3,6,480,25.865034312755125,True
MSLesSeg,P2_T4,CATMIL,3,7,61,2.23606797749979,True
MSLesSeg,P2_T4,CATMIL,3,8,51,1.4142135623730951,False
MSLesSeg,P2_T4,CATMIL,3,9,263,7.0,True
MSLesSeg,P2_T4,CATMIL,3,10,100,4.123105625617661,True
MSLesSeg,P2_T4,CATMIL,3,11,258,4.123105625617661,True
MSLesSeg,P2_T4,CATMIL,3,12,37,10.44030650891055,True
MSLesSeg,P2_T4,CATMIL,3,13,369,4.123105625617661,True
MSLesSeg,P2_T4,CATMIL,3,14,647,11.313708498984761,True
MSLesSeg,P2_T4,CATMIL,3,15,1,17.05872210923198,False
MSLesSeg,P2_T4,CATMIL,3,16,49,2.0,True
MSLesSeg,P2_T4,CATMIL,3,17,53,15.427248620541512,True
MSLesSeg,P2_T4,CATMIL,3,18,147,18.24828759089466,True
MSLesSeg,P2_T4,CATMIL,4,1,74,31.25699921617557,False
MSLesSeg,P2_T4,CATMIL,4,2,105,22.759613353482084,True
MSLesSeg,P2_T4,CATMIL,4,3,55,9.486832980505138,True
MSLesSeg,P2_T4,CATMIL,4,4,131,29.068883707497267,True
MSLesSeg,P2_T4,CATMIL,4,5,59,12.12435565298214,True
MSLesSeg,P2_T4,CATMIL,4,6,480,25.865034312755125,True
MSLesSeg,P2_T4,CATMIL,4,7,61,2.23606797749979,True
MSLesSeg,P2_T4,CATMIL,4,8,51,1.4142135623730951,False
MSLesSeg,P2_T4,CATMIL,4,9,263,7.0,True
MSLesSeg,P2_T4,CATMIL,4,10,100,4.123105625617661,True
MSLesSeg,P2_T4,CATMIL,4,11,258,4.123105625617661,True
MSLesSeg,P2_T4,CATMIL,4,12,37,10.44030650891055,True
MSLesSeg,P2_T4,CATMIL,4,13,369,4.123105625617661,True
MSLesSeg,P2_T4,CATMIL,4,14,647,11.313708498984761,True
MSLesSeg,P2_T4,CATMIL,4,15,1,17.05872210923198,False
MSLesSeg,P2_T4,CATMIL,4,16,49,2.0,True
MSLesSeg,P2_T4,CATMIL,4,17,53,15.427248620541512,True
MSLesSeg,P2_T4,CATMIL,4,18,147,18.24828759089466,True
MSLesSeg,P2_T4,DiceCE,0,1,74,31.25699921617557,False
MSLesSeg,P2_T4,DiceCE,0,2,105,22.759613353482084,True
MSLesSeg,P2_T4,DiceCE,0,3,55,9.486832980505138,True
MSLesSeg,P2_T4,DiceCE,0,4,131,29.068883707497267,True
MSLesSeg,P2_T4,DiceCE,0,5,59,12.12435565298214,True
MSLesSeg,P2_T4,DiceCE,0,6,480,25.865034312755125,True
MSLesSeg,P2_T4,DiceCE,0,7,61,2.23606797749979,True
MSLesSeg,P2_T4,DiceCE,0,8,51,1.4142135623730951,False
MSLesSeg,P2_T4,DiceCE,0,9,263,7.0,True
MSLesSeg,P2_T4,DiceCE,0,10,100,4.123105625617661,True
MSLesSeg,P2_T4,DiceCE,0,11,258,4.123105625617661,True
MSLesSeg,P2_T4,DiceCE,0,12,37,10.44030650891055,True
MSLesSeg,P2_T4,DiceCE,0,13,369,4.123105625617661,True
MSLesSeg,P2_T4,DiceCE,0,14,647,11.313708498984761,True
MSLesSeg,P2_T4,DiceCE,0,15,1,17.05872210923198,False
MSLesSeg,P2_T4,DiceCE,0,16,49,2.0,True
MSLesSeg,P2_T4,DiceCE,0,17,53,15.427248620541512,True
MSLesSeg,P2_T4,DiceCE,0,18,147,18.24828759089466,True
MSLesSeg,P2_T4,DiceCE,1,1,74,31.25699921617557,False
MSLesSeg,P2_T4,DiceCE,1,2,105,22.759613353482084,True
MSLesSeg,P2_T4,DiceCE,1,3,55,9.486832980505138,True
MSLesSeg,P2_T4,DiceCE,1,4,131,29.068883707497267,True
MSLesSeg,P2_T4,DiceCE,1,5,59,12.12435565298214,True
MSLesSeg,P2_T4,DiceCE,1,6,480,25.865034312755125,True
MSLesSeg,P2_T4,DiceCE,1,7,61,2.23606797749979,True
MSLesSeg,P2_T4,DiceCE,1,8,51,1.4142135623730951,False
MSLesSeg,P2_T4,DiceCE,1,9,263,7.0,True
MSLesSeg,P2_T4,DiceCE,1,10,100,4.123105625617661,True
MSLesSeg,P2_T4,DiceCE,1,11,258,4.123105625617661,True
MSLesSeg,P2_T4,DiceCE,1,12,37,10.44030650891055,True
MSLesSeg,P2_T4,DiceCE,1,13,369,4.123105625617661,True
MSLesSeg,P2_T4,DiceCE,1,14,647,11.313708498984761,True
MSLesSeg,P2_T4,DiceCE,1,15,1,17.05872210923198,False
MSLesSeg,P2_T4,DiceCE,1,16,49,2.0,True
MSLesSeg,P2_T4,DiceCE,1,17,53,15.427248620541512,True
MSLesSeg,P2_T4,DiceCE,1,18,147,18.24828759089466,True
MSLesSeg,P2_T4,DiceCE,2,1,74,31.25699921617557,False
MSLesSeg,P2_T4,DiceCE,2,2,105,22.759613353482084,True
MSLesSeg,P2_T4,DiceCE,2,3,55,9.486832980505138,True
MSLesSeg,P2_T4,DiceCE,2,4,131,29.068883707497267,True
MSLesSeg,P2_T4,DiceCE,2,5,59,12.12435565298214,True
MSLesSeg,P2_T4,DiceCE,2,6,480,25.865034312755125,True
MSLesSeg,P2_T4,DiceCE,2,7,61,2.23606797749979,True
MSLesSeg,P2_T4,DiceCE,2,8,51,1.4142135623730951,False
MSLesSeg,P2_T4,DiceCE,2,9,263,7.0,True
MSLesSeg,P2_T4,DiceCE,2,10,100,4.123105625617661,True
MSLesSeg,P2_T4,DiceCE,2,11,258,4.123105625617661,True
MSLesSeg,P2_T4,DiceCE,2,12,37,10.44030650891055,True
MSLesSeg,P2_T4,DiceCE,2,13,369,4.123105625617661,True
MSLesSeg,P2_T4,DiceCE,2,14,647,11.313708498984761,True
MSLesSeg,P2_T4,DiceCE,2,15,1,17.05872210923198,False
MSLesSeg,P2_T4,DiceCE,2,16,49,2.0,True
MSLesSeg,P2_T4,DiceCE,2,17,53,15.427248620541512,True
MSLesSeg,P2_T4,DiceCE,2,18,147,18.24828759089466,True
MSLesSeg,P2_T4,DiceCE,3,1,74,31.25699921617557,False
MSLesSeg,P2_T4,DiceCE,3,2,105,22.759613353482084,True
MSLesSeg,P2_T4,DiceCE,3,3,55,9.486832980505138,True
MSLesSeg,P2_T4,DiceCE,3,4,131,29.068883707497267,True
MSLesSeg,P2_T4,DiceCE,3,5,59,12.12435565298214,True
MSLesSeg,P2_T4,DiceCE,3,6,480,25.865034312755125,True
MSLesSeg,P2_T4,DiceCE,3,7,61,2.23606797749979,True
MSLesSeg,P2_T4,DiceCE,3,8,51,1.4142135623730951,False
MSLesSeg,P2_T4,DiceCE,3,9,263,7.0,True
MSLesSeg,P2_T4,DiceCE,3,10,100,4.123105625617661,True
MSLesSeg,P2_T4,DiceCE,3,11,258,4.123105625617661,True
MSLesSeg,P2_T4,DiceCE,3,12,37,10.44030650891055,True
MSLesSeg,P2_T4,DiceCE,3,13,369,4.123105625617661,True
MSLesSeg,P2_T4,DiceCE,3,14,647,11.313708498984761,True
MSLesSeg,P2_T4,DiceCE,3,15,1,17.05872210923198,False
MSLesSeg,P2_T4,DiceCE,3,16,49,2.0,True
MSLesSeg,P2_T4,DiceCE,3,17,53,15.427248620541512,True
MSLesSeg,P2_T4,DiceCE,3,18,147,18.24828759089466,True
MSLesSeg,P2_T4,DiceCE,4,1,74,31.25699921617557,False
MSLesSeg,P2_T4,DiceCE,4,2,105,22.759613353482084,True
MSLesSeg,P2_T4,DiceCE,4,3,55,9.486832980505138,True
MSLesSeg,P2_T4,DiceCE,4,4,131,29.068883707497267,True
MSLesSeg,P2_T4,DiceCE,4,5,59,12.12435565298214,True
MSLesSeg,P2_T4,DiceCE,4,6,480,25.865034312755125,True
MSLesSeg,P2_T4,DiceCE,4,7,61,2.23606797749979,True
MSLesSeg,P2_T4,DiceCE,4,8,51,1.4142135623730951,False
MSLesSeg,P2_T4,DiceCE,4,9,263,7.0,True
MSLesSeg,P2_T4,DiceCE,4,10,100,4.123105625617661,True
MSLesSeg,P2_T4,DiceCE,4,11,258,4.123105625617661,True
MSLesSeg,P2_T4,DiceCE,4,12,37,10.44030650891055,True
MSLesSeg,P2_T4,DiceCE,4,13,369,4.123105625617661,True
MSLesSeg,P2_T4,DiceCE,4,14,647,11.313708498984761,True
MSLesSeg,P2_T4,DiceCE,4,15,1,17.05872210923198,False
MSLesSeg,P2_T4,DiceCE,4,16,49,2.0,True
MSLesSeg,P2_T4,DiceCE,4,17,53,15.427248620541512,True
MSLesSeg,P2_T4,DiceCE,4,18,147,18.24828759089466,True
MSLesSeg,P2_T4,Tversky,0,1,74,31.25699921617557,False
MSLesSeg,P2_T4,Tversky,0,2,105,22.759613353482084,True
MSLesSeg,P2_T4,Tversky,0,3,55,9.486832980505138,True
MSLesSeg,P2_T4,Tversky,0,4,131,29.068883707497267,True
MSLesSeg,P2_T4,Tversky,0,5,59,12.12435565298214,True
MSLesSeg,P2_T4,Tversky,0,6,480,25.865034312755125,True
MSLesSeg,P2_T4,Tversky,0,7,61,2.23606797749979,True
MSLesSeg,P2_T4,Tversky,0,8,51,1.4142135623730951,False
MSLesSeg,P2_T4,Tversky,0,9,263,7.0,True
MSLesSeg,P2_T4,Tversky,0,10,100,4.123105625617661,True
MSLesSeg,P2_T4,Tversky,0,11,258,4.123105625617661,True
MSLesSeg,P2_T4,Tversky,0,12,37,10.44030650891055,True
MSLesSeg,P2_T4,Tversky,0,13,369,4.123105625617661,True
MSLesSeg,P2_T4,Tversky,0,14,647,11.313708498984761,True
MSLesSeg,P2_T4,Tversky,0,15,1,17.05872210923198,False
MSLesSeg,P2_T4,Tversky,0,16,49,2.0,True
MSLesSeg,P2_T4,Tversky,0,17,53,15.427248620541512,True
MSLesSeg,P2_T4,Tversky,0,18,147,18.24828759089466,True
MSLesSeg,P2_T4,Tversky,1,1,74,31.25699921617557,False
MSLesSeg,P2_T4,Tversky,1,2,105,22.759613353482084,True
MSLesSeg,P2_T4,Tversky,1,3,55,9.486832980505138,True
MSLesSeg,P2_T4,Tversky,1,4,131,29.068883707497267,True
MSLesSeg,P2_T4,Tversky,1,5,59,12.12435565298214,True
MSLesSeg,P2_T4,Tversky,1,6,480,25.865034312755125,True
MSLesSeg,P2_T4,Tversky,1,7,61,2.23606797749979,True
MSLesSeg,P2_T4,Tversky,1,8,51,1.4142135623730951,False
MSLesSeg,P2_T4,Tversky,1,9,263,7.0,True
MSLesSeg,P2_T4,Tversky,1,10,100,4.123105625617661,True
MSLesSeg,P2_T4,Tversky,1,11,258,4.123105625617661,True
MSLesSeg,P2_T4,Tversky,1,12,37,10.44030650891055,True
MSLesSeg,P2_T4,Tversky,1,13,369,4.123105625617661,True
MSLesSeg,P2_T4,Tversky,1,14,647,11.313708498984761,True
MSLesSeg,P2_T4,Tversky,1,15,1,17.05872210923198,False
MSLesSeg,P2_T4,Tversky,1,16,49,2.0,True
MSLesSeg,P2_T4,Tversky,1,17,53,15.427248620541512,True
MSLesSeg,P2_T4,Tversky,1,18,147,18.24828759089466,True
MSLesSeg,P2_T4,Tversky,2,1,74,31.25699921617557,False
MSLesSeg,P2_T4,Tversky,2,2,105,22.759613353482084,True
MSLesSeg,P2_T4,Tversky,2,3,55,9.486832980505138,True
MSLesSeg,P2_T4,Tversky,2,4,131,29.068883707497267,True
MSLesSeg,P2_T4,Tversky,2,5,59,12.12435565298214,True
MSLesSeg,P2_T4,Tversky,2,6,480,25.865034312755125,True
MSLesSeg,P2_T4,Tversky,2,7,61,2.23606797749979,True
MSLesSeg,P2_T4,Tversky,2,8,51,1.4142135623730951,False
MSLesSeg,P2_T4,Tversky,2,9,263,7.0,True
MSLesSeg,P2_T4,Tversky,2,10,100,4.123105625617661,True
MSLesSeg,P2_T4,Tversky,2,11,258,4.123105625617661,True
MSLesSeg,P2_T4,Tversky,2,12,37,10.44030650891055,True
MSLesSeg,P2_T4,Tversky,2,13,369,4.123105625617661,True
MSLesSeg,P2_T4,Tversky,2,14,647,11.313708498984761,True
MSLesSeg,P2_T4,Tversky,2,15,1,17.05872210923198,False
MSLesSeg,P2_T4,Tversky,2,16,49,2.0,True
MSLesSeg,P2_T4,Tversky,2,17,53,15.427248620541512,True
MSLesSeg,P2_T4,Tversky,2,18,147,18.24828759089466,True
MSLesSeg,P2_T4,Tversky,3,1,74,31.25699921617557,False
MSLesSeg,P2_T4,Tversky,3,2,105,22.759613353482084,True
MSLesSeg,P2_T4,Tversky,3,3,55,9.486832980505138,True
MSLesSeg,P2_T4,Tversky,3,4,131,29.068883707497267,True
MSLesSeg,P2_T4,Tversky,3,5,59,12.12435565298214,True
MSLesSeg,P2_T4,Tversky,3,6,480,25.865034312755125,True
MSLesSeg,P2_T4,Tversky,3,7,61,2.23606797749979,True
MSLesSeg,P2_T4,Tversky,3,8,51,1.4142135623730951,False
MSLesSeg,P2_T4,Tversky,3,9,263,7.0,True
MSLesSeg,P2_T4,Tversky,3,10,100,4.123105625617661,True
MSLesSeg,P2_T4,Tversky,3,11,258,4.123105625617661,True
MSLesSeg,P2_T4,Tversky,3,12,37,10.44030650891055,True
MSLesSeg,P2_T4,Tversky,3,13,369,4.123105625617661,True
MSLesSeg,P2_T4,Tversky,3,14,647,11.313708498984761,True
MSLesSeg,P2_T4,Tversky,3,15,1,17.05872210923198,False
MSLesSeg,P2_T4,Tversky,3,16,49,2.0,True
MSLesSeg,P2_T4,Tversky,3,17,53,15.427248620541512,True
MSLesSeg,P2_T4,Tversky,3,18,147,18.24828759089466,True
MSLesSeg,P2_T4,Tversky,4,1,74,31.25699921617557,False
MSLesSeg,P2_T4,Tversky,4,2,105,22.759613353482084,True
MSLesSeg,P2_T4,Tversky,4,3,55,9.486832980505138,True
MSLesSeg,P2_T4,Tversky,4,4,131,29.068883707497267,True
MSLesSeg,P2_T4,Tversky,4,5,59,12.12435565298214,True
MSLesSeg,P2_T4,Tversky,4,6,480,25.865034312755125,True
MSLesSeg,P2_T4,Tversky,4,7,61,2.23606797749979,True
MSLesSeg,P2_T4,Tversky,4,8,51,1.4142135623730951,False
MSLesSeg,P2_T4,Tversky,4,9,263,7.0,True
MSLesSeg,P2_T4,Tversky,4,10,100,4.123105625617661,True
MSLesSeg,P2_T4,Tversky,4,11,258,4.123105625617661,True
MSLesSeg,P2_T4,Tversky,4,12,37,10.44030650891055,True
MSLesSeg,P2_T4,Tversky,4,13,369,4.123105625617661,True
MSLesSeg,P2_T4,Tversky,4,14,647,11.313708498984761,True
MSLesSeg,P2_T4,Tversky,4,15,1,17.05872210923198,False
MSLesSeg,P2_T4,Tversky,4,16,49,2.0,True
MSLesSeg,P2_T4,Tversky,4,17,53,15.427248620541512,True
MSLesSeg,P2_T4,Tversky,4,18,147,18.24828759089466,True
MSLesSeg,P2_T4,FocalTversky,0,1,74,31.25699921617557,False
MSLesSeg,P2_T4,FocalTversky,0,2,105,22.759613353482084,True
MSLesSeg,P2_T4,FocalTversky,0,3,55,9.486832980505138,True
MSLesSeg,P2_T4,FocalTversky,0,4,131,29.068883707497267,True
MSLesSeg,P2_T4,FocalTversky,0,5,59,12.12435565298214,True
MSLesSeg,P2_T4,FocalTversky,0,6,480,25.865034312755125,True
MSLesSeg,P2_T4,FocalTversky,0,7,61,2.23606797749979,True
MSLesSeg,P2_T4,FocalTversky,0,8,51,1.4142135623730951,False
MSLesSeg,P2_T4,FocalTversky,0,9,263,7.0,True
MSLesSeg,P2_T4,FocalTversky,0,10,100,4.123105625617661,True
MSLesSeg,P2_T4,FocalTversky,0,11,258,4.123105625617661,True
MSLesSeg,P2_T4,FocalTversky,0,12,37,10.44030650891055,True
MSLesSeg,P2_T4,FocalTversky,0,13,369,4.123105625617661,True
MSLesSeg,P2_T4,FocalTversky,0,14,647,11.313708498984761,True
MSLesSeg,P2_T4,FocalTversky,0,15,1,17.05872210923198,False
MSLesSeg,P2_T4,FocalTversky,0,16,49,2.0,True
MSLesSeg,P2_T4,FocalTversky,0,17,53,15.427248620541512,True
MSLesSeg,P2_T4,FocalTversky,0,18,147,18.24828759089466,True
MSLesSeg,P2_T4,FocalTversky,1,1,74,31.25699921617557,False
MSLesSeg,P2_T4,FocalTversky,1,2,105,22.759613353482084,True
MSLesSeg,P2_T4,FocalTversky,1,3,55,9.486832980505138,True
MSLesSeg,P2_T4,FocalTversky,1,4,131,29.068883707497267,True
MSLesSeg,P2_T4,FocalTversky,1,5,59,12.12435565298214,True
MSLesSeg,P2_T4,FocalTversky,1,6,480,25.865034312755125,True
MSLesSeg,P2_T4,FocalTversky,1,7,61,2.23606797749979,True
MSLesSeg,P2_T4,FocalTversky,1,8,51,1.4142135623730951,False
MSLesSeg,P2_T4,FocalTversky,1,9,263,7.0,True
MSLesSeg,P2_T4,FocalTversky,1,10,100,4.123105625617661,True
MSLesSeg,P2_T4,FocalTversky,1,11,258,4.123105625617661,True
MSLesSeg,P2_T4,FocalTversky,1,12,37,10.44030650891055,True
MSLesSeg,P2_T4,FocalTversky,1,13,369,4.123105625617661,True
MSLesSeg,P2_T4,FocalTversky,1,14,647,11.313708498984761,True
MSLesSeg,P2_T4,FocalTversky,1,15,1,17.05872210923198,False
MSLesSeg,P2_T4,FocalTversky,1,16,49,2.0,True
MSLesSeg,P2_T4,FocalTversky,1,17,53,15.427248620541512,True
MSLesSeg,P2_T4,FocalTversky,1,18,147,18.24828759089466,True
MSLesSeg,P2_T4,FocalTversky,2,1,74,31.25699921617557,False
MSLesSeg,P2_T4,FocalTversky,2,2,105,22.759613353482084,True
MSLesSeg,P2_T4,FocalTversky,2,3,55,9.486832980505138,True
MSLesSeg,P2_T4,FocalTversky,2,4,131,29.068883707497267,True
MSLesSeg,P2_T4,FocalTversky,2,5,59,12.12435565298214,True
MSLesSeg,P2_T4,FocalTversky,2,6,480,25.865034312755125,True
MSLesSeg,P2_T4,FocalTversky,2,7,61,2.23606797749979,True
MSLesSeg,P2_T4,FocalTversky,2,8,51,1.4142135623730951,False
MSLesSeg,P2_T4,FocalTversky,2,9,263,7.0,True
MSLesSeg,P2_T4,FocalTversky,2,10,100,4.123105625617661,True
MSLesSeg,P2_T4,FocalTversky,2,11,258,4.123105625617661,True
MSLesSeg,P2_T4,FocalTversky,2,12,37,10.44030650891055,True
MSLesSeg,P2_T4,FocalTversky,2,13,369,4.123105625617661,True
MSLesSeg,P2_T4,FocalTversky,2,14,647,11.313708498984761,True
MSLesSeg,P2_T4,FocalTversky,2,15,1,17.05872210923198,False
MSLesSeg,P2_T4,FocalTversky,2,16,49,2.0,True
MSLesSeg,P2_T4,FocalTversky,2,17,53,15.427248620541512,True
MSLesSeg,P2_T4,FocalTversky,2,18,147,18.24828759089466,True
MSLesSeg,P2_T4,FocalTversky,3,1,74,31.25699921617557,False
MSLesSeg,P2_T4,FocalTversky,3,2,105,22.759613353482084,True
MSLesSeg,P2_T4,FocalTversky,3,3,55,9.486832980505138,True
MSLesSeg,P2_T4,FocalTversky,3,4,131,29.068883707497267,True
MSLesSeg,P2_T4,FocalTversky,3,5,59,12.12435565298214,True
MSLesSeg,P2_T4,FocalTversky,3,6,480,25.865034312755125,True
MSLesSeg,P2_T4,FocalTversky,3,7,61,2.23606797749979,True
MSLesSeg,P2_T4,FocalTversky,3,8,51,1.4142135623730951,False
MSLesSeg,P2_T4,FocalTversky,3,9,263,7.0,True
MSLesSeg,P2_T4,FocalTversky,3,10,100,4.123105625617661,True
MSLesSeg,P2_T4,FocalTversky,3,11,258,4.123105625617661,True
MSLesSeg,P2_T4,FocalTversky,3,12,37,10.44030650891055,True
MSLesSeg,P2_T4,FocalTversky,3,13,369,4.123105625617661,True
MSLesSeg,P2_T4,FocalTversky,3,14,647,11.313708498984761,True
MSLesSeg,P2_T4,FocalTversky,3,15,1,17.05872210923198,False
MSLesSeg,P2_T4,FocalTversky,3,16,49,2.0,True
MSLesSeg,P2_T4,FocalTversky,3,17,53,15.427248620541512,True
MSLesSeg,P2_T4,FocalTversky,3,18,147,18.24828759089466,True
MSLesSeg,P2_T4,FocalTversky,4,1,74,31.25699921617557,False
MSLesSeg,P2_T4,FocalTversky,4,2,105,22.759613353482084,True
MSLesSeg,P2_T4,FocalTversky,4,3,55,9.486832980505138,True
MSLesSeg,P2_T4,FocalTversky,4,4,131,29.068883707497267,True
MSLesSeg,P2_T4,FocalTversky,4,5,59,12.12435565298214,True
MSLesSeg,P2_T4,FocalTversky,4,6,480,25.865034312755125,True
MSLesSeg,P2_T4,FocalTversky,4,7,61,2.23606797749979,True
MSLesSeg,P2_T4,FocalTversky,4,8,51,1.4142135623730951,False
MSLesSeg,P2_T4,FocalTversky,4,9,263,7.0,True
MSLesSeg,P2_T4,FocalTversky,4,10,100,4.123105625617661,True
MSLesSeg,P2_T4,FocalTversky,4,11,258,4.123105625617661,True
MSLesSeg,P2_T4,FocalTversky,4,12,37,10.44030650891055,True
MSLesSeg,P2_T4,FocalTversky,4,13,369,4.123105625617661,True
MSLesSeg,P2_T4,FocalTversky,4,14,647,11.313708498984761,True
MSLesSeg,P2_T4,FocalTversky,4,15,1,17.05872210923198,False
MSLesSeg,P2_T4,FocalTversky,4,16,49,2.0,True
MSLesSeg,P2_T4,FocalTversky,4,17,53,15.427248620541512,True
MSLesSeg,P2_T4,FocalTversky,4,18,147,18.24828759089466,True
MSLesSeg,P47_T1,CATMIL,0,1,21,27.313000567495326,True
MSLesSeg,P47_T1,CATMIL,0,2,59,34.46737587922817,True
MSLesSeg,P47_T1,CATMIL,0,3,552,9.273618495495704,True
MSLesSeg,P47_T1,CATMIL,0,4,70,10.677078252031311,True
MSLesSeg,P47_T1,CATMIL,0,5,200,26.019223662515376,True
MSLesSeg,P47_T1,CATMIL,0,6,3502,1.0,True
MSLesSeg,P47_T1,CATMIL,0,7,96,16.401219466856727,True
MSLesSeg,P47_T1,CATMIL,0,8,27,13.0,True
MSLesSeg,P47_T1,CATMIL,0,9,26,22.561028345356956,True
MSLesSeg,P47_T1,CATMIL,0,10,124,9.695359714832659,True
MSLesSeg,P47_T1,CATMIL,0,11,55,13.601470508735444,True
MSLesSeg,P47_T1,CATMIL,0,12,8,25.25866188063018,True
MSLesSeg,P47_T1,CATMIL,0,13,20,14.866068747318506,True
MSLesSeg,P47_T1,CATMIL,0,14,15,22.494443758403985,True
MSLesSeg,P47_T1,CATMIL,0,15,95,35.81898937714463,True
MSLesSeg,P47_T1,CATMIL,0,16,129,13.96424004376894,True
MSLesSeg,P47_T1,CATMIL,0,17,17,18.466185312619388,True
MSLesSeg,P47_T1,CATMIL,0,18,65,7.681145747868608,True
MSLesSeg,P47_T1,CATMIL,0,19,27,25.079872407968907,True
MSLesSeg,P47_T1,CATMIL,0,20,96,10.44030650891055,True
MSLesSeg,P47_T1,CATMIL,0,21,622,1.4142135623730951,True
MSLesSeg,P47_T1,CATMIL,0,22,87,6.4031242374328485,True
MSLesSeg,P47_T1,CATMIL,0,23,192,5.830951894845301,True
MSLesSeg,P47_T1,CATMIL,0,24,25,14.966629547095765,True
MSLesSeg,P47_T1,CATMIL,0,25,198,12.24744871391589,True
MSLesSeg,P47_T1,CATMIL,0,26,95,3.605551275463989,True
MSLesSeg,P47_T1,CATMIL,0,27,106,23.345235059857504,True
MSLesSeg,P47_T1,CATMIL,0,28,5,32.817678162843876,True
MSLesSeg,P47_T1,CATMIL,0,29,22,28.792360097775937,True
MSLesSeg,P47_T1,CATMIL,0,30,20,21.42428528562855,True
MSLesSeg,P47_T1,CATMIL,0,31,76,38.01315561749642,True
MSLesSeg,P47_T1,CATMIL,0,32,13,29.698484809834994,True
MSLesSeg,P47_T1,CATMIL,0,33,174,1.0,True
MSLesSeg,P47_T1,CATMIL,0,34,67,1.4142135623730951,True
MSLesSeg,P47_T1,CATMIL,0,35,38,10.392304845413264,True
MSLesSeg,P47_T1,CATMIL,0,36,263,28.319604517012593,True
MSLesSeg,P47_T1,CATMIL,0,37,15,28.809720581775867,True
MSLesSeg,P47_T1,CATMIL,0,38,6029,1.0,True
MSLesSeg,P47_T1,CATMIL,0,39,1594,1.0,True
MSLesSeg,P47_T1,CATMIL,0,40,2670,1.4142135623730951,True
MSLesSeg,P47_T1,CATMIL,0,41,35,31.464265445104548,True
MSLesSeg,P47_T1,CATMIL,0,42,17,29.068883707497267,True
MSLesSeg,P47_T1,CATMIL,0,43,79,2.8284271247461903,True
MSLesSeg,P47_T1,CATMIL,0,44,58,29.8496231131986,True
MSLesSeg,P47_T1,CATMIL,0,45,9,15.033296378372908,True
MSLesSeg,P47_T1,CATMIL,0,46,87,42.731721238442994,False
MSLesSeg,P47_T1,CATMIL,0,47,1,4.123105625617661,False
MSLesSeg,P47_T1,CATMIL,0,48,224,1.4142135623730951,True
MSLesSeg,P47_T1,CATMIL,0,49,40,8.306623862918075,True
MSLesSeg,P47_T1,CATMIL,0,50,40,36.72873534441391,True
MSLesSeg,P47_T1,CATMIL,0,51,88,12.884098726725126,True
MSLesSeg,P47_T1,CATMIL,0,52,12,12.206555615733702,False
MSLesSeg,P47_T1,CATMIL,0,53,118,19.1049731745428,True
MSLesSeg,P47_T1,CATMIL,0,54,1,15.937377450509228,True
MSLesSeg,P47_T1,CATMIL,0,55,91,22.360679774997898,True
MSLesSeg,P47_T1,CATMIL,0,56,31,18.708286933869708,True
MSLesSeg,P47_T1,CATMIL,0,57,76,17.60681686165901,True
MSLesSeg,P47_T1,CATMIL,0,58,2,19.339079605813716,False
MSLesSeg,P47_T1,CATMIL,0,59,212,23.706539182259394,True
MSLesSeg,P47_T1,CATMIL,1,1,21,27.313000567495326,True
MSLesSeg,P47_T1,CATMIL,1,2,59,34.46737587922817,True
MSLesSeg,P47_T1,CATMIL,1,3,552,9.273618495495704,True
MSLesSeg,P47_T1,CATMIL,1,4,70,10.677078252031311,True
MSLesSeg,P47_T1,CATMIL,1,5,200,26.019223662515376,True
MSLesSeg,P47_T1,CATMIL,1,6,3502,1.0,True
MSLesSeg,P47_T1,CATMIL,1,7,96,16.401219466856727,True
MSLesSeg,P47_T1,CATMIL,1,8,27,13.0,True
MSLesSeg,P47_T1,CATMIL,1,9,26,22.561028345356956,True
MSLesSeg,P47_T1,CATMIL,1,10,124,9.695359714832659,True
MSLesSeg,P47_T1,CATMIL,1,11,55,13.601470508735444,True
MSLesSeg,P47_T1,CATMIL,1,12,8,25.25866188063018,True
MSLesSeg,P47_T1,CATMIL,1,13,20,14.866068747318506,True
MSLesSeg,P47_T1,CATMIL,1,14,15,22.494443758403985,True
MSLesSeg,P47_T1,CATMIL,1,15,95,35.81898937714463,True
MSLesSeg,P47_T1,CATMIL,1,16,129,13.96424004376894,True
MSLesSeg,P47_T1,CATMIL,1,17,17,18.466185312619388,True
MSLesSeg,P47_T1,CATMIL,1,18,65,7.681145747868608,True
MSLesSeg,P47_T1,CATMIL,1,19,27,25.079872407968907,True
MSLesSeg,P47_T1,CATMIL,1,20,96,10.44030650891055,True
MSLesSeg,P47_T1,CATMIL,1,21,622,1.4142135623730951,True
MSLesSeg,P47_T1,CATMIL,1,22,87,6.4031242374328485,True
MSLesSeg,P47_T1,CATMIL,1,23,192,5.830951894845301,True
MSLesSeg,P47_T1,CATMIL,1,24,25,14.966629547095765,True
MSLesSeg,P47_T1,CATMIL,1,25,198,12.24744871391589,True
MSLesSeg,P47_T1,CATMIL,1,26,95,3.605551275463989,True
MSLesSeg,P47_T1,CATMIL,1,27,106,23.345235059857504,True
MSLesSeg,P47_T1,CATMIL,1,28,5,32.817678162843876,True
MSLesSeg,P47_T1,CATMIL,1,29,22,28.792360097775937,True
MSLesSeg,P47_T1,CATMIL,1,30,20,21.42428528562855,True
MSLesSeg,P47_T1,CATMIL,1,31,76,38.01315561749642,True
MSLesSeg,P47_T1,CATMIL,1,32,13,29.698484809834994,True
MSLesSeg,P47_T1,CATMIL,1,33,174,1.0,True
MSLesSeg,P47_T1,CATMIL,1,34,67,1.4142135623730951,True
MSLesSeg,P47_T1,CATMIL,1,35,38,10.392304845413264,True
MSLesSeg,P47_T1,CATMIL,1,36,263,28.319604517012593,True
MSLesSeg,P47_T1,CATMIL,1,37,15,28.809720581775867,True
MSLesSeg,P47_T1,CATMIL,1,38,6029,1.0,True
MSLesSeg,P47_T1,CATMIL,1,39,1594,1.0,True
MSLesSeg,P47_T1,CATMIL,1,40,2670,1.4142135623730951,True
MSLesSeg,P47_T1,CATMIL,1,41,35,31.464265445104548,True
MSLesSeg,P47_T1,CATMIL,1,42,17,29.068883707497267,True
MSLesSeg,P47_T1,CATMIL,1,43,79,2.8284271247461903,True
MSLesSeg,P47_T1,CATMIL,1,44,58,29.8496231131986,True
MSLesSeg,P47_T1,CATMIL,1,45,9,15.033296378372908,True
MSLesSeg,P47_T1,CATMIL,1,46,87,42.731721238442994,True
MSLesSeg,P47_T1,CATMIL,1,47,1,4.123105625617661,False
MSLesSeg,P47_T1,CATMIL,1,48,224,1.4142135623730951,True
MSLesSeg,P47_T1,CATMIL,1,49,40,8.306623862918075,True
MSLesSeg,P47_T1,CATMIL,1,50,40,36.72873534441391,True
MSLesSeg,P47_T1,CATMIL,1,51,88,12.884098726725126,True
MSLesSeg,P47_T1,CATMIL,1,52,12,12.206555615733702,False
MSLesSeg,P47_T1,CATMIL,1,53,118,19.1049731745428,True
MSLesSeg,P47_T1,CATMIL,1,54,1,15.937377450509228,True
MSLesSeg,P47_T1,CATMIL,1,55,91,22.360679774997898,True
MSLesSeg,P47_T1,CATMIL,1,56,31,18.708286933869708,True
MSLesSeg,P47_T1,CATMIL,1,57,76,17.60681686165901,True
MSLesSeg,P47_T1,CATMIL,1,58,2,19.339079605813716,False
MSLesSeg,P47_T1,CATMIL,1,59,212,23.706539182259394,True
MSLesSeg,P47_T1,CATMIL,2,1,21,27.313000567495326,True
MSLesSeg,P47_T1,CATMIL,2,2,59,34.46737587922817,True
MSLesSeg,P47_T1,CATMIL,2,3,552,9.273618495495704,True
MSLesSeg,P47_T1,CATMIL,2,4,70,10.677078252031311,True
MSLesSeg,P47_T1,CATMIL,2,5,200,26.019223662515376,True
MSLesSeg,P47_T1,CATMIL,2,6,3502,1.0,True
MSLesSeg,P47_T1,CATMIL,2,7,96,16.401219466856727,True
MSLesSeg,P47_T1,CATMIL,2,8,27,13.0,True
MSLesSeg,P47_T1,CATMIL,2,9,26,22.561028345356956,True
MSLesSeg,P47_T1,CATMIL,2,10,124,9.695359714832659,True
MSLesSeg,P47_T1,CATMIL,2,11,55,13.601470508735444,True
MSLesSeg,P47_T1,CATMIL,2,12,8,25.25866188063018,True
MSLesSeg,P47_T1,CATMIL,2,13,20,14.866068747318506,True
MSLesSeg,P47_T1,CATMIL,2,14,15,22.494443758403985,True
MSLesSeg,P47_T1,CATMIL,2,15,95,35.81898937714463,True
MSLesSeg,P47_T1,CATMIL,2,16,129,13.96424004376894,True
MSLesSeg,P47_T1,CATMIL,2,17,17,18.466185312619388,True
MSLesSeg,P47_T1,CATMIL,2,18,65,7.681145747868608,True
MSLesSeg,P47_T1,CATMIL,2,19,27,25.079872407968907,True
MSLesSeg,P47_T1,CATMIL,2,20,96,10.44030650891055,True
MSLesSeg,P47_T1,CATMIL,2,21,622,1.4142135623730951,True
MSLesSeg,P47_T1,CATMIL,2,22,87,6.4031242374328485,True
MSLesSeg,P47_T1,CATMIL,2,23,192,5.830951894845301,True
MSLesSeg,P47_T1,CATMIL,2,24,25,14.966629547095765,True
MSLesSeg,P47_T1,CATMIL,2,25,198,12.24744871391589,True
MSLesSeg,P47_T1,CATMIL,2,26,95,3.605551275463989,True
MSLesSeg,P47_T1,CATMIL,2,27,106,23.345235059857504,True
MSLesSeg,P47_T1,CATMIL,2,28,5,32.817678162843876,True
MSLesSeg,P47_T1,CATMIL,2,29,22,28.792360097775937,True
MSLesSeg,P47_T1,CATMIL,2,30,20,21.42428528562855,True
MSLesSeg,P47_T1,CATMIL,2,31,76,38.01315561749642,True
MSLesSeg,P47_T1,CATMIL,2,32,13,29.698484809834994,True
MSLesSeg,P47_T1,CATMIL,2,33,174,1.0,True
MSLesSeg,P47_T1,CATMIL,2,34,67,1.4142135623730951,True
MSLesSeg,P47_T1,CATMIL,2,35,38,10.392304845413264,True
MSLesSeg,P47_T1,CATMIL,2,36,263,28.319604517012593,True
MSLesSeg,P47_T1,CATMIL,2,37,15,28.809720581775867,True
MSLesSeg,P47_T1,CATMIL,2,38,6029,1.0,True
MSLesSeg,P47_T1,CATMIL,2,39,1594,1.0,True
MSLesSeg,P47_T1,CATMIL,2,40,2670,1.4142135623730951,True
MSLesSeg,P47_T1,CATMIL,2,41,35,31.464265445104548,True
MSLesSeg,P47_T1,CATMIL,2,42,17,29.068883707497267,True
MSLesSeg,P47_T1,CATMIL,2,43,79,2.8284271247461903,True
MSLesSeg,P47_T1,CATMIL,2,44,58,29.8496231131986,True
MSLesSeg,P47_T1,CATMIL,2,45,9,15.033296378372908,True
MSLesSeg,P47_T1,CATMIL,2,46,87,42.731721238442994,True
MSLesSeg,P47_T1,CATMIL,2,47,1,4.123105625617661,False
MSLesSeg,P47_T1,CATMIL,2,48,224,1.4142135623730951,True
MSLesSeg,P47_T1,CATMIL,2,49,40,8.306623862918075,True
MSLesSeg,P47_T1,CATMIL,2,50,40,36.72873534441391,True
MSLesSeg,P47_T1,CATMIL,2,51,88,12.884098726725126,True
MSLesSeg,P47_T1,CATMIL,2,52,12,12.206555615733702,False
MSLesSeg,P47_T1,CATMIL,2,53,118,19.1049731745428,True
MSLesSeg,P47_T1,CATMIL,2,54,1,15.937377450509228,True
MSLesSeg,P47_T1,CATMIL,2,55,91,22.360679774997898,True
MSLesSeg,P47_T1,CATMIL,2,56,31,18.708286933869708,True
MSLesSeg,P47_T1,CATMIL,2,57,76,17.60681686165901,True
MSLesSeg,P47_T1,CATMIL,2,58,2,19.339079605813716,False
MSLesSeg,P47_T1,CATMIL,2,59,212,23.706539182259394,True
MSLesSeg,P47_T1,CATMIL,3,1,21,27.313000567495326,True
MSLesSeg,P47_T1,CATMIL,3,2,59,34.46737587922817,True
MSLesSeg,P47_T1,CATMIL,3,3,552,9.273618495495704,True
MSLesSeg,P47_T1,CATMIL,3,4,70,10.677078252031311,True
MSLesSeg,P47_T1,CATMIL,3,5,200,26.019223662515376,True
MSLesSeg,P47_T1,CATMIL,3,6,3502,1.0,True
MSLesSeg,P47_T1,CATMIL,3,7,96,16.401219466856727,True
MSLesSeg,P47_T1,CATMIL,3,8,27,13.0,True
MSLesSeg,P47_T1,CATMIL,3,9,26,22.561028345356956,True
MSLesSeg,P47_T1,CATMIL,3,10,124,9.695359714832659,True
MSLesSeg,P47_T1,CATMIL,3,11,55,13.601470508735444,True
MSLesSeg,P47_T1,CATMIL,3,12,8,25.25866188063018,True
MSLesSeg,P47_T1,CATMIL,3,13,20,14.866068747318506,True
MSLesSeg,P47_T1,CATMIL,3,14,15,22.494443758403985,True
MSLesSeg,P47_T1,CATMIL,3,15,95,35.81898937714463,True
MSLesSeg,P47_T1,CATMIL,3,16,129,13.96424004376894,True
MSLesSeg,P47_T1,CATMIL,3,17,17,18.466185312619388,True
MSLesSeg,P47_T1,CATMIL,3,18,65,7.681145747868608,True
MSLesSeg,P47_T1,CATMIL,3,19,27,25.079872407968907,True
MSLesSeg,P47_T1,CATMIL,3,20,96,10.44030650891055,True
MSLesSeg,P47_T1,CATMIL,3,21,622,1.4142135623730951,True
MSLesSeg,P47_T1,CATMIL,3,22,87,6.4031242374328485,True
MSLesSeg,P47_T1,CATMIL,3,23,192,5.830951894845301,True
MSLesSeg,P47_T1,CATMIL,3,24,25,14.966629547095765,True
MSLesSeg,P47_T1,CATMIL,3,25,198,12.24744871391589,True
MSLesSeg,P47_T1,CATMIL,3,26,95,3.605551275463989,True
MSLesSeg,P47_T1,CATMIL,3,27,106,23.345235059857504,True
MSLesSeg,P47_T1,CATMIL,3,28,5,32.817678162843876,True
MSLesSeg,P47_T1,CATMIL,3,29,22,28.792360097775937,True
MSLesSeg,P47_T1,CATMIL,3,30,20,21.42428528562855,True
MSLesSeg,P47_T1,CATMIL,3,31,76,38.01315561749642,True
MSLesSeg,P47_T1,CATMIL,3,32,13,29.698484809834994,True
MSLesSeg,P47_T1,CATMIL,3,33,174,1.0,True
MSLesSeg,P47_T1,CATMIL,3,34,67,1.4142135623730951,True
MSLesSeg,P47_T1,CATMIL,3,35,38,10.392304845413264,True
MSLesSeg,P47_T1,CATMIL,3,36,263,28.319604517012593,True
MSLesSeg,P47_T1,CATMIL,3,37,15,28.809720581775867,True
MSLesSeg,P47_T1,CATMIL,3,38,6029,1.0,True
MSLesSeg,P47_T1,CATMIL,3,39,1594,1.0,True
MSLesSeg,P47_T1,CATMIL,3,40,2670,1.4142135623730951,True
MSLesSeg,P47_T1,CATMIL,3,41,35,31.464265445104548,True
MSLesSeg,P47_T1,CATMIL,3,42,17,29.068883707497267,True
MSLesSeg,P47_T1,CATMIL,3,43,79,2.8284271247461903,True
MSLesSeg,P47_T1,CATMIL,3,44,58,29.8496231131986,True
MSLesSeg,P47_T1,CATMIL,3,45,9,15.033296378372908,True
MSLesSeg,P47_T1,CATMIL,3,46,87,42.731721238442994,True
MSLesSeg,P47_T1,CATMIL,3,47,1,4.123105625617661,False
MSLesSeg,P47_T1,CATMIL,3,48,224,1.4142135623730951,True
MSLesSeg,P47_T1,CATMIL,3,49,40,8.306623862918075,True
MSLesSeg,P47_T1,CATMIL,3,50,40,36.72873534441391,True
MSLesSeg,P47_T1,CATMIL,3,51,88,12.884098726725126,True
MSLesSeg,P47_T1,CATMIL,3,52,12,12.206555615733702,False
MSLesSeg,P47_T1,CATMIL,3,53,118,19.1049731745428,True
MSLesSeg,P47_T1,CATMIL,3,54,1,15.937377450509228,True
MSLesSeg,P47_T1,CATMIL,3,55,91,22.360679774997898,True
MSLesSeg,P47_T1,CATMIL,3,56,31,18.708286933869708,True
MSLesSeg,P47_T1,CATMIL,3,57,76,17.60681686165901,True
MSLesSeg,P47_T1,CATMIL,3,58,2,19.339079605813716,False
MSLesSeg,P47_T1,CATMIL,3,59,212,23.706539182259394,True
MSLesSeg,P47_T1,CATMIL,4,1,21,27.313000567495326,True
MSLesSeg,P47_T1,CATMIL,4,2,59,34.46737587922817,True
MSLesSeg,P47_T1,CATMIL,4,3,552,9.273618495495704,True
MSLesSeg,P47_T1,CATMIL,4,4,70,10.677078252031311,True
MSLesSeg,P47_T1,CATMIL,4,5,200,26.019223662515376,True
MSLesSeg,P47_T1,CATMIL,4,6,3502,1.0,True
MSLesSeg,P47_T1,CATMIL,4,7,96,16.401219466856727,True
MSLesSeg,P47_T1,CATMIL,4,8,27,13.0,True
MSLesSeg,P47_T1,CATMIL,4,9,26,22.561028345356956,True
MSLesSeg,P47_T1,CATMIL,4,10,124,9.695359714832659,True
MSLesSeg,P47_T1,CATMIL,4,11,55,13.601470508735444,True
MSLesSeg,P47_T1,CATMIL,4,12,8,25.25866188063018,True
MSLesSeg,P47_T1,CATMIL,4,13,20,14.866068747318506,True
MSLesSeg,P47_T1,CATMIL,4,14,15,22.494443758403985,True
MSLesSeg,P47_T1,CATMIL,4,15,95,35.81898937714463,False
MSLesSeg,P47_T1,CATMIL,4,16,129,13.96424004376894,True
MSLesSeg,P47_T1,CATMIL,4,17,17,18.466185312619388,True
MSLesSeg,P47_T1,CATMIL,4,18,65,7.681145747868608,True
MSLesSeg,P47_T1,CATMIL,4,19,27,25.079872407968907,True
MSLesSeg,P47_T1,CATMIL,4,20,96,10.44030650891055,True
MSLesSeg,P47_T1,CATMIL,4,21,622,1.4142135623730951,True
MSLesSeg,P47_T1,CATMIL,4,22,87,6.4031242374328485,True
MSLesSeg,P47_T1,CATMIL,4,23,192,5.830951894845301,True
MSLesSeg,P47_T1,CATMIL,4,24,25,14.966629547095765,True
MSLesSeg,P47_T1,CATMIL,4,25,198,12.24744871391589,True
MSLesSeg,P47_T1,CATMIL,4,26,95,3.605551275463989,True
MSLesSeg,P47_T1,CATMIL,4,27,106,23.345235059857504,True
MSLesSeg,P47_T1,CATMIL,4,28,5,32.817678162843876,True
MSLesSeg,P47_T1,CATMIL,4,29,22,28.792360097775937,True
MSLesSeg,P47_T1,CATMIL,4,30,20,21.42428528562855,True
MSLesSeg,P47_T1,CATMIL,4,31,76,38.01315561749642,True
MSLesSeg,P47_T1,CATMIL,4,32,13,29.698484809834994,True
MSLesSeg,P47_T1,CATMIL,4,33,174,1.0,True
MSLesSeg,P47_T1,CATMIL,4,34,67,1.4142135623730951,True
MSLesSeg,P47_T1,CATMIL,4,35,38,10.392304845413264,True
MSLesSeg,P47_T1,CATMIL,4,36,263,28.319604517012593,True
MSLesSeg,P47_T1,CATMIL,4,37,15,28.809720581775867,True
MSLesSeg,P47_T1,CATMIL,4,38,6029,1.0,True
MSLesSeg,P47_T1,CATMIL,4,39,1594,1.0,True
MSLesSeg,P47_T1,CATMIL,4,40,2670,1.4142135623730951,True
MSLesSeg,P47_T1,CATMIL,4,41,35,31.464265445104548,True
MSLesSeg,P47_T1,CATMIL,4,42,17,29.068883707497267,True
MSLesSeg,P47_T1,CATMIL,4,43,79,2.8284271247461903,True
MSLesSeg,P47_T1,CATMIL,4,44,58,29.8496231131986,True
MSLesSeg,P47_T1,CATMIL,4,45,9,15.033296378372908,True
MSLesSeg,P47_T1,CATMIL,4,46,87,42.731721238442994,False
MSLesSeg,P47_T1,CATMIL,4,47,1,4.123105625617661,False
MSLesSeg,P47_T1,CATMIL,4,48,224,1.4142135623730951,True
MSLesSeg,P47_T1,CATMIL,4,49,40,8.306623862918075,True
MSLesSeg,P47_T1,CATMIL,4,50,40,36.72873534441391,True
MSLesSeg,P47_T1,CATMIL,4,51,88,12.884098726725126,True
MSLesSeg,P47_T1,CATMIL,4,52,12,12.206555615733702,False
MSLesSeg,P47_T1,CATMIL,4,53,118,19.1049731745428,True
MSLesSeg,P47_T1,CATMIL,4,54,1,15.937377450509228,True
MSLesSeg,P47_T1,CATMIL,4,55,91,22.360679774997898,True
MSLesSeg,P47_T1,CATMIL,4,56,31,18.708286933869708,True
MSLesSeg,P47_T1,CATMIL,4,57,76,17.60681686165901,True
MSLesSeg,P47_T1,CATMIL,4,58,2,19.339079605813716,False
MSLesSeg,P47_T1,CATMIL,4,59,212,23.706539182259394,True
MSLesSeg,P47_T1,DiceCE,0,1,21,27.313000567495326,False
MSLesSeg,P47_T1,DiceCE,0,2,59,34.46737587922817,True
MSLesSeg,P47_T1,DiceCE,0,3,552,9.273618495495704,True
MSLesSeg,P47_T1,DiceCE,0,4,70,10.677078252031311,True
MSLesSeg,P47_T1,DiceCE,0,5,200,26.019223662515376,True
MSLesSeg,P47_T1,DiceCE,0,6,3502,1.0,True
MSLesSeg,P47_T1,DiceCE,0,7,96,16.401219466856727,True
MSLesSeg,P47_T1,DiceCE,0,8,27,13.0,True
MSLesSeg,P47_T1,DiceCE,0,9,26,22.561028345356956,False
MSLesSeg,P47_T1,DiceCE,0,10,124,9.695359714832659,True
MSLesSeg,P47_T1,DiceCE,0,11,55,13.601470508735444,True
MSLesSeg,P47_T1,DiceCE,0,12,8,25.25866188063018,False
MSLesSeg,P47_T1,DiceCE,0,13,20,14.866068747318506,True
MSLesSeg,P47_T1,DiceCE,0,14,15,22.494443758403985,False
MSLesSeg,P47_T1,DiceCE,0,15,95,35.81898937714463,True
MSLesSeg,P47_T1,DiceCE,0,16,129,13.96424004376894,True
MSLesSeg,P47_T1,DiceCE,0,17,17,18.466185312619388,True
MSLesSeg,P47_T1,DiceCE,0,18,65,7.681145747868608,True
MSLesSeg,P47_T1,DiceCE,0,19,27,25.079872407968907,True
MSLesSeg,P47_T1,DiceCE,0,20,96,10.44030650891055,True
MSLesSeg,P47_T1,DiceCE,0,21,622,1.4142135623730951,True
MSLesSeg,P47_T1,DiceCE,0,22,87,6.4031242374328485,True
MSLesSeg,P47_T1,DiceCE,0,23,192,5.830951894845301,True
MSLesSeg,P47_T1,DiceCE,0,24,25,14.966629547095765,True
MSLesSeg,P47_T1,DiceCE,0,25,198,12.24744871391589,True
MSLesSeg,P47_T1,DiceCE,0,26,95,3.605551275463989,True
MSLesSeg,P47_T1,DiceCE,0,27,106,23.345235059857504,True
MSLesSeg,P47_T1,DiceCE,0,28,5,32.817678162843876,False
MSLesSeg,P47_T1,DiceCE,0,29,22,28.792360097775937,True
MSLesSeg,P47_T1,DiceCE,0,30,20,21.42428528562855,True
MSLesSeg,P47_T1,DiceCE,0,31,76,38.01315561749642,True
MSLesSeg,P47_T1,DiceCE,0,32,13,29.698484809834994,False
MSLesSeg,P47_T1,DiceCE,0,33,174,1.0,True
MSLesSeg,P47_T1,DiceCE,0,34,67,1.4142135623730951,False
MSLesSeg,P47_T1,DiceCE,0,35,38,10.392304845413264,True
MSLesSeg,P47_T1,DiceCE,0,36,263,28.319604517012593,True
MSLesSeg,P47_T1,DiceCE,0,37,15,28.809720581775867,False
MSLesSeg,P47_T1,DiceCE,0,38,6029,1.0,True
MSLesSeg,P47_T1,DiceCE,0,39,1594,1.0,True
MSLesSeg,P47_T1,DiceCE,0,40,2670,1.4142135623730951,True
MSLesSeg,P47_T1,DiceCE,0,41,35,31.464265445104548,True
MSLesSeg,P47_T1,DiceCE,0,42,17,29.068883707497267,False
MSLesSeg,P47_T1,DiceCE,0,43,79,2.8284271247461903,True
MSLesSeg,P47_T1,DiceCE,0,44,58,29.8496231131986,True
MSLesSeg,P47_T1,DiceCE,0,45,9,15.033296378372908,False
MSLesSeg,P47_T1,DiceCE,0,46,87,42.731721238442994,False
MSLesSeg,P47_T1,DiceCE,0,47,1,4.123105625617661,False
MSLesSeg,P47_T1,DiceCE,0,48,224,1.4142135623730951,True
MSLesSeg,P47_T1,DiceCE,0,49,40,8.306623862918075,True
MSLesSeg,P47_T1,DiceCE,0,50,40,36.72873534441391,True
MSLesSeg,P47_T1,DiceCE,0,51,88,12.884098726725126,True
MSLesSeg,P47_T1,DiceCE,0,52,12,12.206555615733702,False
MSLesSeg,P47_T1,DiceCE,0,53,118,19.1049731745428,True
MSLesSeg,P47_T1,DiceCE,0,54,1,15.937377450509228,False
MSLesSeg,P47_T1,DiceCE,0,55,91,22.360679774997898,True
MSLesSeg,P47_T1,DiceCE,0,56,31,18.708286933869708,True
MSLesSeg,P47_T1,DiceCE,0,57,76,17.60681686165901,True
MSLesSeg,P47_T1,DiceCE,0,58,2,19.339079605813716,False
MSLesSeg,P47_T1,DiceCE,0,59,212,23.706539182259394,True
MSLesSeg,P47_T1,DiceCE,1,1,21,27.313000567495326,False
MSLesSeg,P47_T1,DiceCE,1,2,59,34.46737587922817,True
MSLesSeg,P47_T1,DiceCE,1,3,552,9.273618495495704,True
MSLesSeg,P47_T1,DiceCE,1,4,70,10.677078252031311,True
MSLesSeg,P47_T1,DiceCE,1,5,200,26.019223662515376,True
MSLesSeg,P47_T1,DiceCE,1,6,3502,1.0,True
MSLesSeg,P47_T1,DiceCE,1,7,96,16.401219466856727,True
MSLesSeg,P47_T1,DiceCE,1,8,27,13.0,True
MSLesSeg,P47_T1,DiceCE,1,9,26,22.561028345356956,False
MSLesSeg,P47_T1,DiceCE,1,10,124,9.695359714832659,True
MSLesSeg,P47_T1,DiceCE,1,11,55,13.601470508735444,True
MSLesSeg,P47_T1,DiceCE,1,12,8,25.25866188063018,False
MSLesSeg,P47_T1,DiceCE,1,13,20,14.866068747318506,True
MSLesSeg,P47_T1,DiceCE,1,14,15,22.494443758403985,True
MSLesSeg,P47_T1,DiceCE,1,15,95,35.81898937714463,True
MSLesSeg,P47_T1,DiceCE,1,16,129,13.96424004376894,True
MSLesSeg,P47_T1,DiceCE,1,17,17,18.466185312619388,True
MSLesSeg,P47_T1,DiceCE,1,18,65,7.681145747868608,True
MSLesSeg,P47_T1,DiceCE,1,19,27,25.079872407968907,True
MSLesSeg,P47_T1,DiceCE,1,20,96,10.44030650891055,True
MSLesSeg,P47_T1,DiceCE,1,21,622,1.4142135623730951,True
MSLesSeg,P47_T1,DiceCE,1,22,87,6.4031242374328485,True
MSLesSeg,P47_T1,DiceCE,1,23,192,5.830951894845301,True
MSLesSeg,P47_T1,DiceCE,1,24,25,14.966629547095765,True
MSLesSeg,P47_T1,DiceCE,1,25,198,12.24744871391589,True
MSLesSeg,P47_T1,DiceCE,1,26,95,3.605551275463989,True
MSLesSeg,P47_T1,DiceCE,1,27,106,23.345235059857504,True
MSLesSeg,P47_T1,DiceCE,1,28,5,32.817678162843876,False
MSLesSeg,P47_T1,DiceCE,1,29,22,28.792360097775937,False
MSLesSeg,P47_T1,DiceCE,1,30,20,21.42428528562855,True
MSLesSeg,P47_T1,DiceCE,1,31,76,38.01315561749642,True
MSLesSeg,P47_T1,DiceCE,1,32,13,29.698484809834994,False
MSLesSeg,P47_T1,DiceCE,1,33,174,1.0,True
MSLesSeg,P47_T1,DiceCE,1,34,67,1.4142135623730951,True
MSLesSeg,P47_T1,DiceCE,1,35,38,10.392304845413264,True
MSLesSeg,P47_T1,DiceCE,1,36,263,28.319604517012593,True
MSLesSeg,P47_T1,DiceCE,1,37,15,28.809720581775867,False
MSLesSeg,P47_T1,DiceCE,1,38,6029,1.0,True
MSLesSeg,P47_T1,DiceCE,1,39,1594,1.0,True
MSLesSeg,P47_T1,DiceCE,1,40,2670,1.4142135623730951,True
MSLesSeg,P47_T1,DiceCE,1,41,35,31.464265445104548,True
MSLesSeg,P47_T1,DiceCE,1,42,17,29.068883707497267,True
MSLesSeg,P47_T1,DiceCE,1,43,79,2.8284271247461903,True
MSLesSeg,P47_T1,DiceCE,1,44,58,29.8496231131986,True
MSLesSeg,P47_T1,DiceCE,1,45,9,15.033296378372908,False
MSLesSeg,P47_T1,DiceCE,1,46,87,42.731721238442994,False
MSLesSeg,P47_T1,DiceCE,1,47,1,4.123105625617661,False
MSLesSeg,P47_T1,DiceCE,1,48,224,1.4142135623730951,True
MSLesSeg,P47_T1,DiceCE,1,49,40,8.306623862918075,True
MSLesSeg,P47_T1,DiceCE,1,50,40,36.72873534441391,True
MSLesSeg,P47_T1,DiceCE,1,51,88,12.884098726725126,True
MSLesSeg,P47_T1,DiceCE,1,52,12,12.206555615733702,False
MSLesSeg,P47_T1,DiceCE,1,53,118,19.1049731745428,True
MSLesSeg,P47_T1,DiceCE,1,54,1,15.937377450509228,False
MSLesSeg,P47_T1,DiceCE,1,55,91,22.360679774997898,True
MSLesSeg,P47_T1,DiceCE,1,56,31,18.708286933869708,True
MSLesSeg,P47_T1,DiceCE,1,57,76,17.60681686165901,True
MSLesSeg,P47_T1,DiceCE,1,58,2,19.339079605813716,False
MSLesSeg,P47_T1,DiceCE,1,59,212,23.706539182259394,True
MSLesSeg,P47_T1,DiceCE,2,1,21,27.313000567495326,False
MSLesSeg,P47_T1,DiceCE,2,2,59,34.46737587922817,True
MSLesSeg,P47_T1,DiceCE,2,3,552,9.273618495495704,True
MSLesSeg,P47_T1,DiceCE,2,4,70,10.677078252031311,True
MSLesSeg,P47_T1,DiceCE,2,5,200,26.019223662515376,True
MSLesSeg,P47_T1,DiceCE,2,6,3502,1.0,True
MSLesSeg,P47_T1,DiceCE,2,7,96,16.401219466856727,True
MSLesSeg,P47_T1,DiceCE,2,8,27,13.0,True
MSLesSeg,P47_T1,DiceCE,2,9,26,22.561028345356956,False
MSLesSeg,P47_T1,DiceCE,2,10,124,9.695359714832659,True
MSLesSeg,P47_T1,DiceCE,2,11,55,13.601470508735444,True
MSLesSeg,P47_T1,DiceCE,2,12,8,25.25866188063018,False
MSLesSeg,P47_T1,DiceCE,2,13,20,14.866068747318506,True
MSLesSeg,P47_T1,DiceCE,2,14,15,22.494443758403985,False
MSLesSeg,P47_T1,DiceCE,2,15,95,35.81898937714463,False
MSLesSeg,P47_T1,DiceCE,2,16,129,13.96424004376894,True
MSLesSeg,P47_T1,DiceCE,2,17,17,18.466185312619388,True
MSLesSeg,P47_T1,DiceCE,2,18,65,7.681145747868608,True
MSLesSeg,P47_T1,DiceCE,2,19,27,25.079872407968907,True
MSLesSeg,P47_T1,DiceCE,2,20,96,10.44030650891055,True
MSLesSeg,P47_T1,DiceCE,2,21,622,1.4142135623730951,True
MSLesSeg,P47_T1,DiceCE,2,22,87,6.4031242374328485,True
MSLesSeg,P47_T1,DiceCE,2,23,192,5.830951894845301,True
MSLesSeg,P47_T1,DiceCE,2,24,25,14.966629547095765,True
MSLesSeg,P47_T1,DiceCE,2,25,198,12.24744871391589,True
MSLesSeg,P47_T1,DiceCE,2,26,95,3.605551275463989,True
MSLesSeg,P47_T1,DiceCE,2,27,106,23.345235059857504,True
MSLesSeg,P47_T1,DiceCE,2,28,5,32.817678162843876,False
MSLesSeg,P47_T1,DiceCE,2,29,22,28.792360097775937,False
MSLesSeg,P47_T1,DiceCE,2,30,20,21.42428528562855,True
MSLesSeg,P47_T1,DiceCE,2,31,76,38.01315561749642,True
MSLesSeg,P47_T1,DiceCE,2,32,13,29.698484809834994,False
MSLesSeg,P47_T1,DiceCE,2,33,174,1.0,True
MSLesSeg,P47_T1,DiceCE,2,34,67,1.4142135623730951,False
MSLesSeg,P47_T1,DiceCE,2,35,38,10.392304845413264,True
MSLesSeg,P47_T1,DiceCE,2,36,263,28.319604517012593,True
MSLesSeg,P47_T1,DiceCE,2,37,15,28.809720581775867,False
MSLesSeg,P47_T1,DiceCE,2,38,6029,1.0,True
MSLesSeg,P47_T1,DiceCE,2,39,1594,1.0,True
MSLesSeg,P47_T1,DiceCE,2,40,2670,1.4142135623730951,True
MSLesSeg,P47_T1,DiceCE,2,41,35,31.464265445104548,True
MSLesSeg,P47_T1,DiceCE,2,42,17,29.068883707497267,True
MSLesSeg,P47_T1,DiceCE,2,43,79,2.8284271247461903,True
MSLesSeg,P47_T1,DiceCE,2,44,58,29.8496231131986,True
MSLesSeg,P47_T1,DiceCE,2,45,9,15.033296378372908,False
MSLesSeg,P47_T1,DiceCE,2,46,87,42.731721238442994,False
MSLesSeg,P47_T1,DiceCE,2,47,1,4.123105625617661,False
MSLesSeg,P47_T1,DiceCE,2,48,224,1.4142135623730951,True
MSLesSeg,P47_T1,DiceCE,2,49,40,8.306623862918075,True
MSLesSeg,P47_T1,DiceCE,2,50,40,36.72873534441391,True
MSLesSeg,P47_T1,DiceCE,2,51,88,12.884098726725126,True
MSLesSeg,P47_T1,DiceCE,2,52,12,12.206555615733702,False
MSLesSeg,P47_T1,DiceCE,2,53,118,19.1049731745428,True
MSLesSeg,P47_T1,DiceCE,2,54,1,15.937377450509228,False
MSLesSeg,P47_T1,DiceCE,2,55,91,22.360679774997898,True
MSLesSeg,P47_T1,DiceCE,2,56,31,18.708286933869708,True
MSLesSeg,P47_T1,DiceCE,2,57,76,17.60681686165901,True
MSLesSeg,P47_T1,DiceCE,2,58,2,19.339079605813716,False
MSLesSeg,P47_T1,DiceCE,2,59,212,23.706539182259394,True
MSLesSeg,P47_T1,DiceCE,3,1,21,27.313000567495326,False
MSLesSeg,P47_T1,DiceCE,3,2,59,34.46737587922817,True
MSLesSeg,P47_T1,DiceCE,3,3,552,9.273618495495704,True
MSLesSeg,P47_T1,DiceCE,3,4,70,10.677078252031311,True
MSLesSeg,P47_T1,DiceCE,3,5,200,26.019223662515376,True
MSLesSeg,P47_T1,DiceCE,3,6,3502,1.0,True
MSLesSeg,P47_T1,DiceCE,3,7,96,16.401219466856727,True
MSLesSeg,P47_T1,DiceCE,3,8,27,13.0,True
MSLesSeg,P47_T1,DiceCE,3,9,26,22.561028345356956,False
MSLesSeg,P47_T1,DiceCE,3,10,124,9.695359714832659,True
MSLesSeg,P47_T1,DiceCE,3,11,55,13.601470508735444,True
MSLesSeg,P47_T1,DiceCE,3,12,8,25.25866188063018,False
MSLesSeg,P47_T1,DiceCE,3,13,20,14.866068747318506,True
MSLesSeg,P47_T1,DiceCE,3,14,15,22.494443758403985,False
MSLesSeg,P47_T1,DiceCE,3,15,95,35.81898937714463,False
MSLesSeg,P47_T1,DiceCE,3,16,129,13.96424004376894,True
MSLesSeg,P47_T1,DiceCE,3,17,17,18.466185312619388,True
MSLesSeg,P47_T1,DiceCE,3,18,65,7.681145747868608,True
MSLesSeg,P47_T1,DiceCE,3,19,27,25.079872407968907,True
MSLesSeg,P47_T1,DiceCE,3,20,96,10.44030650891055,True
MSLesSeg,P47_T1,DiceCE,3,21,622,1.4142135623730951,True
MSLesSeg,P47_T1,DiceCE,3,22,87,6.4031242374328485,True
MSLesSeg,P47_T1,DiceCE,3,23,192,5.830951894845301,True
MSLesSeg,P47_T1,DiceCE,3,24,25,14.966629547095765,True
MSLesSeg,P47_T1,DiceCE,3,25,198,12.24744871391589,True
MSLesSeg,P47_T1,DiceCE,3,26,95,3.605551275463989,True
MSLesSeg,P47_T1,DiceCE,3,27,106,23.345235059857504,True
MSLesSeg,P47_T1,DiceCE,3,28,5,32.817678162843876,False
MSLesSeg,P47_T1,DiceCE,3,29,22,28.792360097775937,False
MSLesSeg,P47_T1,DiceCE,3,30,20,21.42428528562855,True
MSLesSeg,P47_T1,DiceCE,3,31,76,38.01315561749642,True
MSLesSeg,P47_T1,DiceCE,3,32,13,29.698484809834994,False
MSLesSeg,P47_T1,DiceCE,3,33,174,1.0,True
MSLesSeg,P47_T1,DiceCE,3,34,67,1.4142135623730951,True
MSLesSeg,P47_T1,DiceCE,3,35,38,10.392304845413264,True
MSLesSeg,P47_T1,DiceCE,3,36,263,28.319604517012593,True
MSLesSeg,P47_T1,DiceCE,3,37,15,28.809720581775867,True
MSLesSeg,P47_T1,DiceCE,3,38,6029,1.0,True
MSLesSeg,P47_T1,DiceCE,3,39,1594,1.0,True
MSLesSeg,P47_T1,DiceCE,3,40,2670,1.4142135623730951,True
MSLesSeg,P47_T1,DiceCE,3,41,35,31.464265445104548,True
MSLesSeg,P47_T1,DiceCE,3,42,17,29.068883707497267,True
MSLesSeg,P47_T1,DiceCE,3,43,79,2.8284271247461903,True
MSLesSeg,P47_T1,DiceCE,3,44,58,29.8496231131986,True
MSLesSeg,P47_T1,DiceCE,3,45,9,15.033296378372908,False
MSLesSeg,P47_T1,DiceCE,3,46,87,42.731721238442994,False
MSLesSeg,P47_T1,DiceCE,3,47,1,4.123105625617661,False
MSLesSeg,P47_T1,DiceCE,3,48,224,1.4142135623730951,True
MSLesSeg,P47_T1,DiceCE,3,49,40,8.306623862918075,True
MSLesSeg,P47_T1,DiceCE,3,50,40,36.72873534441391,True
MSLesSeg,P47_T1,DiceCE,3,51,88,12.884098726725126,True
MSLesSeg,P47_T1,DiceCE,3,52,12,12.206555615733702,False
MSLesSeg,P47_T1,DiceCE,3,53,118,19.1049731745428,True
MSLesSeg,P47_T1,DiceCE,3,54,1,15.937377450509228,False
MSLesSeg,P47_T1,DiceCE,3,55,91,22.360679774997898,True
MSLesSeg,P47_T1,DiceCE,3,56,31,18.708286933869708,True
MSLesSeg,P47_T1,DiceCE,3,57,76,17.60681686165901,True
MSLesSeg,P47_T1,DiceCE,3,58,2,19.339079605813716,False
MSLesSeg,P47_T1,DiceCE,3,59,212,23.706539182259394,True
MSLesSeg,P47_T1,DiceCE,4,1,21,27.313000567495326,False
MSLesSeg,P47_T1,DiceCE,4,2,59,34.46737587922817,True
MSLesSeg,P47_T1,DiceCE,4,3,552,9.273618495495704,True
MSLesSeg,P47_T1,DiceCE,4,4,70,10.677078252031311,True
MSLesSeg,P47_T1,DiceCE,4,5,200,26.019223662515376,True
MSLesSeg,P47_T1,DiceCE,4,6,3502,1.0,True
MSLesSeg,P47_T1,DiceCE,4,7,96,16.401219466856727,True
MSLesSeg,P47_T1,DiceCE,4,8,27,13.0,True
MSLesSeg,P47_T1,DiceCE,4,9,26,22.561028345356956,False
MSLesSeg,P47_T1,DiceCE,4,10,124,9.695359714832659,True
MSLesSeg,P47_T1,DiceCE,4,11,55,13.601470508735444,True
MSLesSeg,P47_T1,DiceCE,4,12,8,25.25866188063018,False
MSLesSeg,P47_T1,DiceCE,4,13,20,14.866068747318506,True
MSLesSeg,P47_T1,DiceCE,4,14,15,22.494443758403985,False
MSLesSeg,P47_T1,DiceCE,4,15,95,35.81898937714463,True
MSLesSeg,P47_T1,DiceCE,4,16,129,13.96424004376894,True
MSLesSeg,P47_T1,DiceCE,4,17,17,18.466185312619388,True
MSLesSeg,P47_T1,DiceCE,4,18,65,7.681145747868608,True
MSLesSeg,P47_T1,DiceCE,4,19,27,25.079872407968907,True
MSLesSeg,P47_T1,DiceCE,4,20,96,10.44030650891055,True
MSLesSeg,P47_T1,DiceCE,4,21,622,1.4142135623730951,True
MSLesSeg,P47_T1,DiceCE,4,22,87,6.4031242374328485,True
MSLesSeg,P47_T1,DiceCE,4,23,192,5.830951894845301,True
MSLesSeg,P47_T1,DiceCE,4,24,25,14.966629547095765,True
MSLesSeg,P47_T1,DiceCE,4,25,198,12.24744871391589,True
MSLesSeg,P47_T1,DiceCE,4,26,95,3.605551275463989,True
MSLesSeg,P47_T1,DiceCE,4,27,106,23.345235059857504,True
MSLesSeg,P47_T1,DiceCE,4,28,5,32.817678162843876,False
MSLesSeg,P47_T1,DiceCE,4,29,22,28.792360097775937,False
MSLesSeg,P47_T1,DiceCE,4,30,20,21.42428528562855,True
MSLesSeg,P47_T1,DiceCE,4,31,76,38.01315561749642,True
MSLesSeg,P47_T1,DiceCE,4,32,13,29.698484809834994,False
MSLesSeg,P47_T1,DiceCE,4,33,174,1.0,True
MSLesSeg,P47_T1,DiceCE,4,34,67,1.4142135623730951,True
MSLesSeg,P47_T1,DiceCE,4,35,38,10.392304845413264,True
MSLesSeg,P47_T1,DiceCE,4,36,263,28.319604517012593,True
MSLesSeg,P47_T1,DiceCE,4,37,15,28.809720581775867,True
MSLesSeg,P47_T1,DiceCE,4,38,6029,1.0,True
MSLesSeg,P47_T1,DiceCE,4,39,1594,1.0,True
MSLesSeg,P47_T1,DiceCE,4,40,2670,1.4142135623730951,True
MSLesSeg,P47_T1,DiceCE,4,41,35,31.464265445104548,True
MSLesSeg,P47_T1,DiceCE,4,42,17,29.068883707497267,False
MSLesSeg,P47_T1,DiceCE,4,43,79,2.8284271247461903,True
MSLesSeg,P47_T1,DiceCE,4,44,58,29.8496231131986,True
MSLesSeg,P47_T1,DiceCE,4,45,9,15.033296378372908,False
MSLesSeg,P47_T1,DiceCE,4,46,87,42.731721238442994,False
MSLesSeg,P47_T1,DiceCE,4,47,1,4.123105625617661,False
MSLesSeg,P47_T1,DiceCE,4,48,224,1.4142135623730951,True
MSLesSeg,P47_T1,DiceCE,4,49,40,8.306623862918075,True
MSLesSeg,P47_T1,DiceCE,4,50,40,36.72873534441391,True
MSLesSeg,P47_T1,DiceCE,4,51,88,12.884098726725126,True
MSLesSeg,P47_T1,DiceCE,4,52,12,12.206555615733702,False
MSLesSeg,P47_T1,DiceCE,4,53,118,19.1049731745428,True
MSLesSeg,P47_T1,DiceCE,4,54,1,15.937377450509228,False
MSLesSeg,P47_T1,DiceCE,4,55,91,22.360679774997898,True
MSLesSeg,P47_T1,DiceCE,4,56,31,18.708286933869708,True
MSLesSeg,P47_T1,DiceCE,4,57,76,17.60681686165901,True
MSLesSeg,P47_T1,DiceCE,4,58,2,19.339079605813716,False
MSLesSeg,P47_T1,DiceCE,4,59,212,23.706539182259394,True
MSLesSeg,P47_T1,Tversky,0,1,21,27.313000567495326,False
MSLesSeg,P47_T1,Tversky,0,2,59,34.46737587922817,True
MSLesSeg,P47_T1,Tversky,0,3,552,9.273618495495704,True
MSLesSeg,P47_T1,Tversky,0,4,70,10.677078252031311,True
MSLesSeg,P47_T1,Tversky,0,5,200,26.019223662515376,True
MSLesSeg,P47_T1,Tversky,0,6,3502,1.0,True
MSLesSeg,P47_T1,Tversky,0,7,96,16.401219466856727,True
MSLesSeg,P47_T1,Tversky,0,8,27,13.0,True
MSLesSeg,P47_T1,Tversky,0,9,26,22.561028345356956,True
MSLesSeg,P47_T1,Tversky,0,10,124,9.695359714832659,True
MSLesSeg,P47_T1,Tversky,0,11,55,13.601470508735444,True
MSLesSeg,P47_T1,Tversky,0,12,8,25.25866188063018,False
MSLesSeg,P47_T1,Tversky,0,13,20,14.866068747318506,True
MSLesSeg,P47_T1,Tversky,0,14,15,22.494443758403985,True
MSLesSeg,P47_T1,Tversky,0,15,95,35.81898937714463,True
MSLesSeg,P47_T1,Tversky,0,16,129,13.96424004376894,True
MSLesSeg,P47_T1,Tversky,0,17,17,18.466185312619388,True
MSLesSeg,P47_T1,Tversky,0,18,65,7.681145747868608,True
MSLesSeg,P47_T1,Tversky,0,19,27,25.079872407968907,True
MSLesSeg,P47_T1,Tversky,0,20,96,10.44030650891055,True
MSLesSeg,P47_T1,Tversky,0,21,622,1.4142135623730951,True
MSLesSeg,P47_T1,Tversky,0,22,87,6.4031242374328485,True
MSLesSeg,P47_T1,Tversky,0,23,192,5.830951894845301,True
MSLesSeg,P47_T1,Tversky,0,24,25,14.966629547095765,True
MSLesSeg,P47_T1,Tversky,0,25,198,12.24744871391589,True
MSLesSeg,P47_T1,Tversky,0,26,95,3.605551275463989,True
MSLesSeg,P47_T1,Tversky,0,27,106,23.345235059857504,True
MSLesSeg,P47_T1,Tversky,0,28,5,32.817678162843876,False
MSLesSeg,P47_T1,Tversky,0,29,22,28.792360097775937,True
MSLesSeg,P47_T1,Tversky,0,30,20,21.42428528562855,True
MSLesSeg,P47_T1,Tversky,0,31,76,38.01315561749642,True
MSLesSeg,P47_T1,Tversky,0,32,13,29.698484809834994,False
MSLesSeg,P47_T1,Tversky,0,33,174,1.0,True
MSLesSeg,P47_T1,Tversky,0,34,67,1.4142135623730951,True
MSLesSeg,P47_T1,Tversky,0,35,38,10.392304845413264,True
MSLesSeg,P47_T1,Tversky,0,36,263,28.319604517012593,True
MSLesSeg,P47_T1,Tversky,0,37,15,28.809720581775867,True
MSLesSeg,P47_T1,Tversky,0,38,6029,1.0,True
MSLesSeg,P47_T1,Tversky,0,39,1594,1.0,True
MSLesSeg,P47_T1,Tversky,0,40,2670,1.4142135623730951,True
MSLesSeg,P47_T1,Tversky,0,41,35,31.464265445104548,True
MSLesSeg,P47_T1,Tversky,0,42,17,29.068883707497267,True
MSLesSeg,P47_T1,Tversky,0,43,79,2.8284271247461903,True
MSLesSeg,P47_T1,Tversky,0,44,58,29.8496231131986,True
MSLesSeg,P47_T1,Tversky,0,45,9,15.033296378372908,True
MSLesSeg,P47_T1,Tversky,0,46,87,42.731721238442994,False
MSLesSeg,P47_T1,Tversky,0,47,1,4.123105625617661,False
MSLesSeg,P47_T1,Tversky,0,48,224,1.4142135623730951,True
MSLesSeg,P47_T1,Tversky,0,49,40,8.306623862918075,True
MSLesSeg,P47_T1,Tversky,0,50,40,36.72873534441391,True
MSLesSeg,P47_T1,Tversky,0,51,88,12.884098726725126,True
MSLesSeg,P47_T1,Tversky,0,52,12,12.206555615733702,False
MSLesSeg,P47_T1,Tversky,0,53,118,19.1049731745428,True
MSLesSeg,P47_T1,Tversky,0,54,1,15.937377450509228,False
MSLesSeg,P47_T1,Tversky,0,55,91,22.360679774997898,True
MSLesSeg,P47_T1,Tversky,0,56,31,18.708286933869708,True
MSLesSeg,P47_T1,Tversky,0,57,76,17.60681686165901,True
MSLesSeg,P47_T1,Tversky,0,58,2,19.339079605813716,False
MSLesSeg,P47_T1,Tversky,0,59,212,23.706539182259394,True
MSLesSeg,P47_T1,Tversky,1,1,21,27.313000567495326,False
MSLesSeg,P47_T1,Tversky,1,2,59,34.46737587922817,True
MSLesSeg,P47_T1,Tversky,1,3,552,9.273618495495704,True
MSLesSeg,P47_T1,Tversky,1,4,70,10.677078252031311,True
MSLesSeg,P47_T1,Tversky,1,5,200,26.019223662515376,True
MSLesSeg,P47_T1,Tversky,1,6,3502,1.0,True
MSLesSeg,P47_T1,Tversky,1,7,96,16.401219466856727,True
MSLesSeg,P47_T1,Tversky,1,8,27,13.0,True
MSLesSeg,P47_T1,Tversky,1,9,26,22.561028345356956,False
MSLesSeg,P47_T1,Tversky,1,10,124,9.695359714832659,True
MSLesSeg,P47_T1,Tversky,1,11,55,13.601470508735444,True
MSLesSeg,P47_T1,Tversky,1,12,8,25.25866188063018,False
MSLesSeg,P47_T1,Tversky,1,13,20,14.866068747318506,True
MSLesSeg,P47_T1,Tversky,1,14,15,22.494443758403985,False
MSLesSeg,P47_T1,Tversky,1,15,95,35.81898937714463,True
MSLesSeg,P47_T1,Tversky,1,16,129,13.96424004376894,True
MSLesSeg,P47_T1,Tversky,1,17,17,18.466185312619388,True
MSLesSeg,P47_T1,Tversky,1,18,65,7.681145747868608,True
MSLesSeg,P47_T1,Tversky,1,19,27,25.079872407968907,True
MSLesSeg,P47_T1,Tversky,1,20,96,10.44030650891055,True
MSLesSeg,P47_T1,Tversky,1,21,622,1.4142135623730951,True
MSLesSeg,P47_T1,Tversky,1,22,87,6.4031242374328485,True
MSLesSeg,P47_T1,Tversky,1,23,192,5.830951894845301,True
MSLesSeg,P47_T1,Tversky,1,24,25,14.966629547095765,True
MSLesSeg,P47_T1,Tversky,1,25,198,12.24744871391589,True
MSLesSeg,P47_T1,Tversky,1,26,95,3.605551275463989,True
MSLesSeg,P47_T1,Tversky,1,27,106,23.345235059857504,True
MSLesSeg,P47_T1,Tversky,1,28,5,32.817678162843876,False
MSLesSeg,P47_T1,Tversky,1,29,22,28.792360097775937,True
MSLesSeg,P47_T1,Tversky,1,30,20,21.42428528562855,True
MSLesSeg,P47_T1,Tversky,1,31,76,38.01315561749642,True
MSLesSeg,P47_T1,Tversky,1,32,13,29.698484809834994,False
MSLesSeg,P47_T1,Tversky,1,33,174,1.0,True
MSLesSeg,P47_T1,Tversky,1,34,67,1.4142135623730951,True
MSLesSeg,P47_T1,Tversky,1,35,38,10.392304845413264,True
MSLesSeg,P47_T1,Tversky,1,36,263,28.319604517012593,True
MSLesSeg,P47_T1,Tversky,1,37,15,28.809720581775867,True
MSLesSeg,P47_T1,Tversky,1,38,6029,1.0,True
MSLesSeg,P47_T1,Tversky,1,39,1594,1.0,True
MSLesSeg,P47_T1,Tversky,1,40,2670,1.4142135623730951,True
MSLesSeg,P47_T1,Tversky,1,41,35,31.464265445104548,True
MSLesSeg,P47_T1,Tversky,1,42,17,29.068883707497267,False
MSLesSeg,P47_T1,Tversky,1,43,79,2.8284271247461903,True
MSLesSeg,P47_T1,Tversky,1,44,58,29.8496231131986,True
MSLesSeg,P47_T1,Tversky,1,45,9,15.033296378372908,False
MSLesSeg,P47_T1,Tversky,1,46,87,42.731721238442994,False
MSLesSeg,P47_T1,Tversky,1,47,1,4.123105625617661,True
MSLesSeg,P47_T1,Tversky,1,48,224,1.4142135623730951,True
MSLesSeg,P47_T1,Tversky,1,49,40,8.306623862918075,True
MSLesSeg,P47_T1,Tversky,1,50,40,36.72873534441391,True
MSLesSeg,P47_T1,Tversky,1,51,88,12.884098726725126,True
MSLesSeg,P47_T1,Tversky,1,52,12,12.206555615733702,False
MSLesSeg,P47_T1,Tversky,1,53,118,19.1049731745428,True
MSLesSeg,P47_T1,Tversky,1,54,1,15.937377450509228,True
MSLesSeg,P47_T1,Tversky,1,55,91,22.360679774997898,True
MSLesSeg,P47_T1,Tversky,1,56,31,18.708286933869708,True
MSLesSeg,P47_T1,Tversky,1,57,76,17.60681686165901,True
MSLesSeg,P47_T1,Tversky,1,58,2,19.339079605813716,False
MSLesSeg,P47_T1,Tversky,1,59,212,23.706539182259394,True
MSLesSeg,P47_T1,Tversky,2,1,21,27.313000567495326,False
MSLesSeg,P47_T1,Tversky,2,2,59,34.46737587922817,True
MSLesSeg,P47_T1,Tversky,2,3,552,9.273618495495704,True
MSLesSeg,P47_T1,Tversky,2,4,70,10.677078252031311,True
MSLesSeg,P47_T1,Tversky,2,5,200,26.019223662515376,True
MSLesSeg,P47_T1,Tversky,2,6,3502,1.0,True
MSLesSeg,P47_T1,Tversky,2,7,96,16.401219466856727,True
MSLesSeg,P47_T1,Tversky,2,8,27,13.0,True
MSLesSeg,P47_T1,Tversky,2,9,26,22.561028345356956,True
MSLesSeg,P47_T1,Tversky,2,10,124,9.695359714832659,True
MSLesSeg,P47_T1,Tversky,2,11,55,13.601470508735444,True
MSLesSeg,P47_T1,Tversky,2,12,8,25.25866188063018,True
MSLesSeg,P47_T1,Tversky,2,13,20,14.866068747318506,True
MSLesSeg,P47_T1,Tversky,2,14,15,22.494443758403985,True
MSLesSeg,P47_T1,Tversky,2,15,95,35.81898937714463,True
MSLesSeg,P47_T1,Tversky,2,16,129,13.96424004376894,True
MSLesSeg,P47_T1,Tversky,2,17,17,18.466185312619388,True
MSLesSeg,P47_T1,Tversky,2,18,65,7.681145747868608,True
MSLesSeg,P47_T1,Tversky,2,19,27,25.079872407968907,True
MSLesSeg,P47_T1,Tversky,2,20,96,10.44030650891055,True
MSLesSeg,P47_T1,Tversky,2,21,622,1.4142135623730951,True
MSLesSeg,P47_T1,Tversky,2,22,87,6.4031242374328485,True
MSLesSeg,P47_T1,Tversky,2,23,192,5.830951894845301,True
MSLesSeg,P47_T1,Tversky,2,24,25,14.966629547095765,True
MSLesSeg,P47_T1,Tversky,2,25,198,12.24744871391589,True
MSLesSeg,P47_T1,Tversky,2,26,95,3.605551275463989,True
MSLesSeg,P47_T1,Tversky,2,27,106,23.345235059857504,True
MSLesSeg,P47_T1,Tversky,2,28,5,32.817678162843876,True
MSLesSeg,P47_T1,Tversky,2,29,22,28.792360097775937,True
MSLesSeg,P47_T1,Tversky,2,30,20,21.42428528562855,True
MSLesSeg,P47_T1,Tversky,2,31,76,38.01315561749642,True
MSLesSeg,P47_T1,Tversky,2,32,13,29.698484809834994,False
MSLesSeg,P47_T1,Tversky,2,33,174,1.0,True
MSLesSeg,P47_T1,Tversky,2,34,67,1.4142135623730951,True
MSLesSeg,P47_T1,Tversky,2,35,38,10.392304845413264,True
MSLesSeg,P47_T1,Tversky,2,36,263,28.319604517012593,True
MSLesSeg,P47_T1,Tversky,2,37,15,28.809720581775867,False
MSLesSeg,P47_T1,Tversky,2,38,6029,1.0,True
MSLesSeg,P47_T1,Tversky,2,39,1594,1.0,True
MSLesSeg,P47_T1,Tversky,2,40,2670,1.4142135623730951,True
MSLesSeg,P47_T1,Tversky,2,41,35,31.464265445104548,True
MSLesSeg,P47_T1,Tversky,2,42,17,29.068883707497267,True
MSLesSeg,P47_T1,Tversky,2,43,79,2.8284271247461903,True
MSLesSeg,P47_T1,Tversky,2,44,58,29.8496231131986,True
MSLesSeg,P47_T1,Tversky,2,45,9,15.033296378372908,False
MSLesSeg,P47_T1,Tversky,2,46,87,42.731721238442994,False
MSLesSeg,P47_T1,Tversky,2,47,1,4.123105625617661,False
MSLesSeg,P47_T1,Tversky,2,48,224,1.4142135623730951,True
MSLesSeg,P47_T1,Tversky,2,49,40,8.306623862918075,True
MSLesSeg,P47_T1,Tversky,2,50,40,36.72873534441391,True
MSLesSeg,P47_T1,Tversky,2,51,88,12.884098726725126,True
MSLesSeg,P47_T1,Tversky,2,52,12,12.206555615733702,False
MSLesSeg,P47_T1,Tversky,2,53,118,19.1049731745428,True
MSLesSeg,P47_T1,Tversky,2,54,1,15.937377450509228,False
MSLesSeg,P47_T1,Tversky,2,55,91,22.360679774997898,True
MSLesSeg,P47_T1,Tversky,2,56,31,18.708286933869708,True
MSLesSeg,P47_T1,Tversky,2,57,76,17.60681686165901,True
MSLesSeg,P47_T1,Tversky,2,58,2,19.339079605813716,False
MSLesSeg,P47_T1,Tversky,2,59,212,23.706539182259394,True
MSLesSeg,P47_T1,Tversky,3,1,21,27.313000567495326,False
MSLesSeg,P47_T1,Tversky,3,2,59,34.46737587922817,True
MSLesSeg,P47_T1,Tversky,3,3,552,9.273618495495704,True
MSLesSeg,P47_T1,Tversky,3,4,70,10.677078252031311,True
MSLesSeg,P47_T1,Tversky,3,5,200,26.019223662515376,True
MSLesSeg,P47_T1,Tversky,3,6,3502,1.0,True
MSLesSeg,P47_T1,Tversky,3,7,96,16.401219466856727,True
MSLesSeg,P47_T1,Tversky,3,8,27,13.0,True
MSLesSeg,P47_T1,Tversky,3,9,26,22.561028345356956,True
MSLesSeg,P47_T1,Tversky,3,10,124,9.695359714832659,True
MSLesSeg,P47_T1,Tversky,3,11,55,13.601470508735444,True
MSLesSeg,P47_T1,Tversky,3,12,8,25.25866188063018,False
MSLesSeg,P47_T1,Tversky,3,13,20,14.866068747318506,True
MSLesSeg,P47_T1,Tversky,3,14,15,22.494443758403985,True
MSLesSeg,P47_T1,Tversky,3,15,95,35.81898937714463,True
MSLesSeg,P47_T1,Tversky,3,16,129,13.96424004376894,True
MSLesSeg,P47_T1,Tversky,3,17,17,18.466185312619388,True
MSLesSeg,P47_T1,Tversky,3,18,65,7.681145747868608,True
MSLesSeg,P47_T1,Tversky,3,19,27,25.079872407968907,True
MSLesSeg,P47_T1,Tversky,3,20,96,10.44030650891055,True
MSLesSeg,P47_T1,Tversky,3,21,622,1.4142135623730951,True
MSLesSeg,P47_T1,Tversky,3,22,87,6.4031242374328485,True
MSLesSeg,P47_T1,Tversky,3,23,192,5.830951894845301,True
MSLesSeg,P47_T1,Tversky,3,24,25,14.966629547095765,True
MSLesSeg,P47_T1,Tversky,3,25,198,12.24744871391589,True
MSLesSeg,P47_T1,Tversky,3,26,95,3.605551275463989,True
MSLesSeg,P47_T1,Tversky,3,27,106,23.345235059857504,True
MSLesSeg,P47_T1,Tversky,3,28,5,32.817678162843876,False
MSLesSeg,P47_T1,Tversky,3,29,22,28.792360097775937,True
MSLesSeg,P47_T1,Tversky,3,30,20,21.42428528562855,True
MSLesSeg,P47_T1,Tversky,3,31,76,38.01315561749642,True
MSLesSeg,P47_T1,Tversky,3,32,13,29.698484809834994,False
MSLesSeg,P47_T1,Tversky,3,33,174,1.0,True
MSLesSeg,P47_T1,Tversky,3,34,67,1.4142135623730951,True
MSLesSeg,P47_T1,Tversky,3,35,38,10.392304845413264,True
MSLesSeg,P47_T1,Tversky,3,36,263,28.319604517012593,True
MSLesSeg,P47_T1,Tversky,3,37,15,28.809720581775867,True
MSLesSeg,P47_T1,Tversky,3,38,6029,1.0,True
MSLesSeg,P47_T1,Tversky,3,39,1594,1.0,True
MSLesSeg,P47_T1,Tversky,3,40,2670,1.4142135623730951,True
MSLesSeg,P47_T1,Tversky,3,41,35,31.464265445104548,True
MSLesSeg,P47_T1,Tversky,3,42,17,29.068883707497267,True
MSLesSeg,P47_T1,Tversky,3,43,79,2.8284271247461903,True
MSLesSeg,P47_T1,Tversky,3,44,58,29.8496231131986,True
MSLesSeg,P47_T1,Tversky,3,45,9,15.033296378372908,False
MSLesSeg,P47_T1,Tversky,3,46,87,42.731721238442994,False
MSLesSeg,P47_T1,Tversky,3,47,1,4.123105625617661,False
MSLesSeg,P47_T1,Tversky,3,48,224,1.4142135623730951,True
MSLesSeg,P47_T1,Tversky,3,49,40,8.306623862918075,True
MSLesSeg,P47_T1,Tversky,3,50,40,36.72873534441391,True
MSLesSeg,P47_T1,Tversky,3,51,88,12.884098726725126,True
MSLesSeg,P47_T1,Tversky,3,52,12,12.206555615733702,False
MSLesSeg,P47_T1,Tversky,3,53,118,19.1049731745428,True
MSLesSeg,P47_T1,Tversky,3,54,1,15.937377450509228,True
MSLesSeg,P47_T1,Tversky,3,55,91,22.360679774997898,True
MSLesSeg,P47_T1,Tversky,3,56,31,18.708286933869708,True
MSLesSeg,P47_T1,Tversky,3,57,76,17.60681686165901,True
MSLesSeg,P47_T1,Tversky,3,58,2,19.339079605813716,False
MSLesSeg,P47_T1,Tversky,3,59,212,23.706539182259394,True
MSLesSeg,P47_T1,Tversky,4,1,21,27.313000567495326,False
MSLesSeg,P47_T1,Tversky,4,2,59,34.46737587922817,True
MSLesSeg,P47_T1,Tversky,4,3,552,9.273618495495704,True
MSLesSeg,P47_T1,Tversky,4,4,70,10.677078252031311,True
MSLesSeg,P47_T1,Tversky,4,5,200,26.019223662515376,True
MSLesSeg,P47_T1,Tversky,4,6,3502,1.0,True
MSLesSeg,P47_T1,Tversky,4,7,96,16.401219466856727,True
MSLesSeg,P47_T1,Tversky,4,8,27,13.0,True
MSLesSeg,P47_T1,Tversky,4,9,26,22.561028345356956,True
MSLesSeg,P47_T1,Tversky,4,10,124,9.695359714832659,True
MSLesSeg,P47_T1,Tversky,4,11,55,13.601470508735444,True
MSLesSeg,P47_T1,Tversky,4,12,8,25.25866188063018,False
MSLesSeg,P47_T1,Tversky,4,13,20,14.866068747318506,True
MSLesSeg,P47_T1,Tversky,4,14,15,22.494443758403985,True
MSLesSeg,P47_T1,Tversky,4,15,95,35.81898937714463,False
MSLesSeg,P47_T1,Tversky,4,16,129,13.96424004376894,True
MSLesSeg,P47_T1,Tversky,4,17,17,18.466185312619388,True
MSLesSeg,P47_T1,Tversky,4,18,65,7.681145747868608,True
MSLesSeg,P47_T1,Tversky,4,19,27,25.079872407968907,True
MSLesSeg,P47_T1,Tversky,4,20,96,10.44030650891055,True
MSLesSeg,P47_T1,Tversky,4,21,622,1.4142135623730951,True
MSLesSeg,P47_T1,Tversky,4,22,87,6.4031242374328485,True
MSLesSeg,P47_T1,Tversky,4,23,192,5.830951894845301,True
MSLesSeg,P47_T1,Tversky,4,24,25,14.966629547095765,True
MSLesSeg,P47_T1,Tversky,4,25,198,12.24744871391589,True
MSLesSeg,P47_T1,Tversky,4,26,95,3.605551275463989,True
MSLesSeg,P47_T1,Tversky,4,27,106,23.345235059857504,True
MSLesSeg,P47_T1,Tversky,4,28,5,32.817678162843876,False
MSLesSeg,P47_T1,Tversky,4,29,22,28.792360097775937,True
MSLesSeg,P47_T1,Tversky,4,30,20,21.42428528562855,True
MSLesSeg,P47_T1,Tversky,4,31,76,38.01315561749642,True
MSLesSeg,P47_T1,Tversky,4,32,13,29.698484809834994,False
MSLesSeg,P47_T1,Tversky,4,33,174,1.0,True
MSLesSeg,P47_T1,Tversky,4,34,67,1.4142135623730951,True
MSLesSeg,P47_T1,Tversky,4,35,38,10.392304845413264,True
MSLesSeg,P47_T1,Tversky,4,36,263,28.319604517012593,True
MSLesSeg,P47_T1,Tversky,4,37,15,28.809720581775867,True
MSLesSeg,P47_T1,Tversky,4,38,6029,1.0,True
MSLesSeg,P47_T1,Tversky,4,39,1594,1.0,True
MSLesSeg,P47_T1,Tversky,4,40,2670,1.4142135623730951,True
MSLesSeg,P47_T1,Tversky,4,41,35,31.464265445104548,True
MSLesSeg,P47_T1,Tversky,4,42,17,29.068883707497267,False
MSLesSeg,P47_T1,Tversky,4,43,79,2.8284271247461903,True
MSLesSeg,P47_T1,Tversky,4,44,58,29.8496231131986,True
MSLesSeg,P47_T1,Tversky,4,45,9,15.033296378372908,False
MSLesSeg,P47_T1,Tversky,4,46,87,42.731721238442994,False
MSLesSeg,P47_T1,Tversky,4,47,1,4.123105625617661,False
MSLesSeg,P47_T1,Tversky,4,48,224,1.4142135623730951,True
MSLesSeg,P47_T1,Tversky,4,49,40,8.306623862918075,True
MSLesSeg,P47_T1,Tversky,4,50,40,36.72873534441391,True
MSLesSeg,P47_T1,Tversky,4,51,88,12.884098726725126,True
MSLesSeg,P47_T1,Tversky,4,52,12,12.206555615733702,False
MSLesSeg,P47_T1,Tversky,4,53,118,19.1049731745428,True
MSLesSeg,P47_T1,Tversky,4,54,1,15.937377450509228,False
MSLesSeg,P47_T1,Tversky,4,55,91,22.360679774997898,True
MSLesSeg,P47_T1,Tversky,4,56,31,18.708286933869708,True
MSLesSeg,P47_T1,Tversky,4,57,76,17.60681686165901,True
MSLesSeg,P47_T1,Tversky,4,58,2,19.339079605813716,False
MSLesSeg,P47_T1,Tversky,4,59,212,23.706539182259394,True
MSLesSeg,P47_T1,FocalTversky,0,1,21,27.313000567495326,False
MSLesSeg,P47_T1,FocalTversky,0,2,59,34.46737587922817,True
MSLesSeg,P47_T1,FocalTversky,0,3,552,9.273618495495704,True
MSLesSeg,P47_T1,FocalTversky,0,4,70,10.677078252031311,True
MSLesSeg,P47_T1,FocalTversky,0,5,200,26.019223662515376,True
MSLesSeg,P47_T1,FocalTversky,0,6,3502,1.0,True
MSLesSeg,P47_T1,FocalTversky,0,7,96,16.401219466856727,True
MSLesSeg,P47_T1,FocalTversky,0,8,27,13.0,True
MSLesSeg,P47_T1,FocalTversky,0,9,26,22.561028345356956,False
MSLesSeg,P47_T1,FocalTversky,0,10,124,9.695359714832659,True
MSLesSeg,P47_T1,FocalTversky,0,11,55,13.601470508735444,True
MSLesSeg,P47_T1,FocalTversky,0,12,8,25.25866188063018,False
MSLesSeg,P47_T1,FocalTversky,0,13,20,14.866068747318506,True
MSLesSeg,P47_T1,FocalTversky,0,14,15,22.494443758403985,True
MSLesSeg,P47_T1,FocalTversky,0,15,95,35.81898937714463,True
MSLesSeg,P47_T1,FocalTversky,0,16,129,13.96424004376894,True
MSLesSeg,P47_T1,FocalTversky,0,17,17,18.466185312619388,True
MSLesSeg,P47_T1,FocalTversky,0,18,65,7.681145747868608,True
MSLesSeg,P47_T1,FocalTversky,0,19,27,25.079872407968907,True
MSLesSeg,P47_T1,FocalTversky,0,20,96,10.44030650891055,True
MSLesSeg,P47_T1,FocalTversky,0,21,622,1.4142135623730951,True
MSLesSeg,P47_T1,FocalTversky,0,22,87,6.4031242374328485,True
MSLesSeg,P47_T1,FocalTversky,0,23,192,5.830951894845301,True
MSLesSeg,P47_T1,FocalTversky,0,24,25,14.966629547095765,True
MSLesSeg,P47_T1,FocalTversky,0,25,198,12.24744871391589,True
MSLesSeg,P47_T1,FocalTversky,0,26,95,3.605551275463989,True
MSLesSeg,P47_T1,FocalTversky,0,27,106,23.345235059857504,True
MSLesSeg,P47_T1,FocalTversky,0,28,5,32.817678162843876,False
MSLesSeg,P47_T1,FocalTversky,0,29,22,28.792360097775937,True
MSLesSeg,P47_T1,FocalTversky,0,30,20,21.42428528562855,True
MSLesSeg,P47_T1,FocalTversky,0,31,76,38.01315561749642,True
MSLesSeg,P47_T1,FocalTversky,0,32,13,29.698484809834994,False
MSLesSeg,P47_T1,FocalTversky,0,33,174,1.0,True
MSLesSeg,P47_T1,FocalTversky,0,34,67,1.4142135623730951,True
MSLesSeg,P47_T1,FocalTversky,0,35,38,10.392304845413264,True
MSLesSeg,P47_T1,FocalTversky,0,36,263,28.319604517012593,True
MSLesSeg,P47_T1,FocalTversky,0,37,15,28.809720581775867,False
MSLesSeg,P47_T1,FocalTversky,0,38,6029,1.0,True
MSLesSeg,P47_T1,FocalTversky,0,39,1594,1.0,True
MSLesSeg,P47_T1,FocalTversky,0,40,2670,1.4142135623730951,True
MSLesSeg,P47_T1,FocalTversky,0,41,35,31.464265445104548,True
MSLesSeg,P47_T1,FocalTversky,0,42,17,29.068883707497267,False
MSLesSeg,P47_T1,FocalTversky,0,43,79,2.8284271247461903,True
MSLesSeg,P47_T1,FocalTversky,0,44,58,29.8496231131986,True
MSLesSeg,P47_T1,FocalTversky,0,45,9,15.033296378372908,True
MSLesSeg,P47_T1,FocalTversky,0,46,87,42.731721238442994,False
MSLesSeg,P47_T1,FocalTversky,0,47,1,4.123105625617661,True
MSLesSeg,P47_T1,FocalTversky,0,48,224,1.4142135623730951,True
MSLesSeg,P47_T1,FocalTversky,0,49,40,8.306623862918075,True
MSLesSeg,P47_T1,FocalTversky,0,50,40,36.72873534441391,True
MSLesSeg,P47_T1,FocalTversky,0,51,88,12.884098726725126,True
MSLesSeg,P47_T1,FocalTversky,0,52,12,12.206555615733702,False
MSLesSeg,P47_T1,FocalTversky,0,53,118,19.1049731745428,True
MSLesSeg,P47_T1,FocalTversky,0,54,1,15.937377450509228,True
MSLesSeg,P47_T1,FocalTversky,0,55,91,22.360679774997898,True
MSLesSeg,P47_T1,FocalTversky,0,56,31,18.708286933869708,True
MSLesSeg,P47_T1,FocalTversky,0,57,76,17.60681686165901,True
MSLesSeg,P47_T1,FocalTversky,0,58,2,19.339079605813716,False
MSLesSeg,P47_T1,FocalTversky,0,59,212,23.706539182259394,True
MSLesSeg,P47_T1,FocalTversky,1,1,21,27.313000567495326,False
MSLesSeg,P47_T1,FocalTversky,1,2,59,34.46737587922817,True
MSLesSeg,P47_T1,FocalTversky,1,3,552,9.273618495495704,True
MSLesSeg,P47_T1,FocalTversky,1,4,70,10.677078252031311,True
MSLesSeg,P47_T1,FocalTversky,1,5,200,26.019223662515376,True
MSLesSeg,P47_T1,FocalTversky,1,6,3502,1.0,True
MSLesSeg,P47_T1,FocalTversky,1,7,96,16.401219466856727,True
MSLesSeg,P47_T1,FocalTversky,1,8,27,13.0,True
MSLesSeg,P47_T1,FocalTversky,1,9,26,22.561028345356956,False
MSLesSeg,P47_T1,FocalTversky,1,10,124,9.695359714832659,True
MSLesSeg,P47_T1,FocalTversky,1,11,55,13.601470508735444,True
MSLesSeg,P47_T1,FocalTversky,1,12,8,25.25866188063018,False
MSLesSeg,P47_T1,FocalTversky,1,13,20,14.866068747318506,True
MSLesSeg,P47_T1,FocalTversky,1,14,15,22.494443758403985,True
MSLesSeg,P47_T1,FocalTversky,1,15,95,35.81898937714463,True
MSLesSeg,P47_T1,FocalTversky,1,16,129,13.96424004376894,True
MSLesSeg,P47_T1,FocalTversky,1,17,17,18.466185312619388,True
MSLesSeg,P47_T1,FocalTversky,1,18,65,7.681145747868608,True
MSLesSeg,P47_T1,FocalTversky,1,19,27,25.079872407968907,True
MSLesSeg,P47_T1,FocalTversky,1,20,96,10.44030650891055,True
MSLesSeg,P47_T1,FocalTversky,1,21,622,1.4142135623730951,True
MSLesSeg,P47_T1,FocalTversky,1,22,87,6.4031242374328485,True
MSLesSeg,P47_T1,FocalTversky,1,23,192,5.830951894845301,True
MSLesSeg,P47_T1,FocalTversky,1,24,25,14.966629547095765,True
MSLesSeg,P47_T1,FocalTversky,1,25,198,12.24744871391589,True
MSLesSeg,P47_T1,FocalTversky,1,26,95,3.605551275463989,True
MSLesSeg,P47_T1,FocalTversky,1,27,106,23.345235059857504,True
MSLesSeg,P47_T1,FocalTversky,1,28,5,32.817678162843876,False
MSLesSeg,P47_T1,FocalTversky,1,29,22,28.792360097775937,False
MSLesSeg,P47_T1,FocalTversky,1,30,20,21.42428528562855,True
MSLesSeg,P47_T1,FocalTversky,1,31,76,38.01315561749642,True
MSLesSeg,P47_T1,FocalTversky,1,32,13,29.698484809834994,False
MSLesSeg,P47_T1,FocalTversky,1,33,174,1.0,True
MSLesSeg,P47_T1,FocalTversky,1,34,67,1.4142135623730951,True
MSLesSeg,P47_T1,FocalTversky,1,35,38,10.392304845413264,True
MSLesSeg,P47_T1,FocalTversky,1,36,263,28.319604517012593,True
MSLesSeg,P47_T1,FocalTversky,1,37,15,28.809720581775867,True
MSLesSeg,P47_T1,FocalTversky,1,38,6029,1.0,True
MSLesSeg,P47_T1,FocalTversky,1,39,1594,1.0,True
MSLesSeg,P47_T1,FocalTversky,1,40,2670,1.4142135623730951,True
MSLesSeg,P47_T1,FocalTversky,1,41,35,31.464265445104548,True
MSLesSeg,P47_T1,FocalTversky,1,42,17,29.068883707497267,False
MSLesSeg,P47_T1,FocalTversky,1,43,79,2.8284271247461903,True
MSLesSeg,P47_T1,FocalTversky,1,44,58,29.8496231131986,True
MSLesSeg,P47_T1,FocalTversky,1,45,9,15.033296378372908,False
MSLesSeg,P47_T1,FocalTversky,1,46,87,42.731721238442994,False
MSLesSeg,P47_T1,FocalTversky,1,47,1,4.123105625617661,True
MSLesSeg,P47_T1,FocalTversky,1,48,224,1.4142135623730951,True
MSLesSeg,P47_T1,FocalTversky,1,49,40,8.306623862918075,True
MSLesSeg,P47_T1,FocalTversky,1,50,40,36.72873534441391,True
MSLesSeg,P47_T1,FocalTversky,1,51,88,12.884098726725126,True
MSLesSeg,P47_T1,FocalTversky,1,52,12,12.206555615733702,False
MSLesSeg,P47_T1,FocalTversky,1,53,118,19.1049731745428,True
MSLesSeg,P47_T1,FocalTversky,1,54,1,15.937377450509228,True
MSLesSeg,P47_T1,FocalTversky,1,55,91,22.360679774997898,True
MSLesSeg,P47_T1,FocalTversky,1,56,31,18.708286933869708,True
MSLesSeg,P47_T1,FocalTversky,1,57,76,17.60681686165901,True
MSLesSeg,P47_T1,FocalTversky,1,58,2,19.339079605813716,False
MSLesSeg,P47_T1,FocalTversky,1,59,212,23.706539182259394,True
MSLesSeg,P47_T1,FocalTversky,2,1,21,27.313000567495326,False
MSLesSeg,P47_T1,FocalTversky,2,2,59,34.46737587922817,True
MSLesSeg,P47_T1,FocalTversky,2,3,552,9.273618495495704,True
MSLesSeg,P47_T1,FocalTversky,2,4,70,10.677078252031311,True
MSLesSeg,P47_T1,FocalTversky,2,5,200,26.019223662515376,True
MSLesSeg,P47_T1,FocalTversky,2,6,3502,1.0,True
MSLesSeg,P47_T1,FocalTversky,2,7,96,16.401219466856727,True
MSLesSeg,P47_T1,FocalTversky,2,8,27,13.0,True
MSLesSeg,P47_T1,FocalTversky,2,9,26,22.561028345356956,True
MSLesSeg,P47_T1,FocalTversky,2,10,124,9.695359714832659,True
MSLesSeg,P47_T1,FocalTversky,2,11,55,13.601470508735444,True
MSLesSeg,P47_T1,FocalTversky,2,12,8,25.25866188063018,True
MSLesSeg,P47_T1,FocalTversky,2,13,20,14.866068747318506,True
MSLesSeg,P47_T1,FocalTversky,2,14,15,22.494443758403985,True
MSLesSeg,P47_T1,FocalTversky,2,15,95,35.81898937714463,True
MSLesSeg,P47_T1,FocalTversky,2,16,129,13.96424004376894,True
MSLesSeg,P47_T1,FocalTversky,2,17,17,18.466185312619388,True
MSLesSeg,P47_T1,FocalTversky,2,18,65,7.681145747868608,True
MSLesSeg,P47_T1,FocalTversky,2,19,27,25.079872407968907,True
MSLesSeg,P47_T1,FocalTversky,2,20,96,10.44030650891055,True
MSLesSeg,P47_T1,FocalTversky,2,21,622,1.4142135623730951,True
MSLesSeg,P47_T1,FocalTversky,2,22,87,6.4031242374328485,True
MSLesSeg,P47_T1,FocalTversky,2,23,192,5.830951894845301,True
MSLesSeg,P47_T1,FocalTversky,2,24,25,14.966629547095765,True
MSLesSeg,P47_T1,FocalTversky,2,25,198,12.24744871391589,True
MSLesSeg,P47_T1,FocalTversky,2,26,95,3.605551275463989,True
MSLesSeg,P47_T1,FocalTversky,2,27,106,23.345235059857504,True
MSLesSeg,P47_T1,FocalTversky,2,28,5,32.817678162843876,True
MSLesSeg,P47_T1,FocalTversky,2,29,22,28.792360097775937,True
MSLesSeg,P47_T1,FocalTversky,2,30,20,21.42428528562855,True
MSLesSeg,P47_T1,FocalTversky,2,31,76,38.01315561749642,True
MSLesSeg,P47_T1,FocalTversky,2,32,13,29.698484809834994,False
MSLesSeg,P47_T1,FocalTversky,2,33,174,1.0,True
MSLesSeg,P47_T1,FocalTversky,2,34,67,1.4142135623730951,True
MSLesSeg,P47_T1,FocalTversky,2,35,38,10.392304845413264,True
MSLesSeg,P47_T1,FocalTversky,2,36,263,28.319604517012593,True
MSLesSeg,P47_T1,FocalTversky,2,37,15,28.809720581775867,True
MSLesSeg,P47_T1,FocalTversky,2,38,6029,1.0,True
MSLesSeg,P47_T1,FocalTversky,2,39,1594,1.0,True
MSLesSeg,P47_T1,FocalTversky,2,40,2670,1.4142135623730951,True
MSLesSeg,P47_T1,FocalTversky,2,41,35,31.464265445104548,True
MSLesSeg,P47_T1,FocalTversky,2,42,17,29.068883707497267,True
MSLesSeg,P47_T1,FocalTversky,2,43,79,2.8284271247461903,True
MSLesSeg,P47_T1,FocalTversky,2,44,58,29.8496231131986,True
MSLesSeg,P47_T1,FocalTversky,2,45,9,15.033296378372908,False
MSLesSeg,P47_T1,FocalTversky,2,46,87,42.731721238442994,False
MSLesSeg,P47_T1,FocalTversky,2,47,1,4.123105625617661,False
MSLesSeg,P47_T1,FocalTversky,2,48,224,1.4142135623730951,True
MSLesSeg,P47_T1,FocalTversky,2,49,40,8.306623862918075,True
MSLesSeg,P47_T1,FocalTversky,2,50,40,36.72873534441391,True
MSLesSeg,P47_T1,FocalTversky,2,51,88,12.884098726725126,True
MSLesSeg,P47_T1,FocalTversky,2,52,12,12.206555615733702,False
MSLesSeg,P47_T1,FocalTversky,2,53,118,19.1049731745428,True
MSLesSeg,P47_T1,FocalTversky,2,54,1,15.937377450509228,False
MSLesSeg,P47_T1,FocalTversky,2,55,91,22.360679774997898,True
MSLesSeg,P47_T1,FocalTversky,2,56,31,18.708286933869708,True
MSLesSeg,P47_T1,FocalTversky,2,57,76,17.60681686165901,True
MSLesSeg,P47_T1,FocalTversky,2,58,2,19.339079605813716,False
MSLesSeg,P47_T1,FocalTversky,2,59,212,23.706539182259394,True
MSLesSeg,P47_T1,FocalTversky,3,1,21,27.313000567495326,False
MSLesSeg,P47_T1,FocalTversky,3,2,59,34.46737587922817,True
MSLesSeg,P47_T1,FocalTversky,3,3,552,9.273618495495704,True
MSLesSeg,P47_T1,FocalTversky,3,4,70,10.677078252031311,True
MSLesSeg,P47_T1,FocalTversky,3,5,200,26.019223662515376,True
MSLesSeg,P47_T1,FocalTversky,3,6,3502,1.0,True
MSLesSeg,P47_T1,FocalTversky,3,7,96,16.401219466856727,True
MSLesSeg,P47_T1,FocalTversky,3,8,27,13.0,True
MSLesSeg,P47_T1,FocalTversky,3,9,26,22.561028345356956,True
MSLesSeg,P47_T1,FocalTversky,3,10,124,9.695359714832659,True
MSLesSeg,P47_T1,FocalTversky,3,11,55,13.601470508735444,True
MSLesSeg,P47_T1,FocalTversky,3,12,8,25.25866188063018,False
MSLesSeg,P47_T1,FocalTversky,3,13,20,14.866068747318506,True
MSLesSeg,P47_T1,FocalTversky,3,14,15,22.494443758403985,True
MSLesSeg,P47_T1,FocalTversky,3,15,95,35.81898937714463,True
MSLesSeg,P47_T1,FocalTversky,3,16,129,13.96424004376894,True
MSLesSeg,P47_T1,FocalTversky,3,17,17,18.466185312619388,True
MSLesSeg,P47_T1,FocalTversky,3,18,65,7.681145747868608,True
MSLesSeg,P47_T1,FocalTversky,3,19,27,25.079872407968907,True
MSLesSeg,P47_T1,FocalTversky,3,20,96,10.44030650891055,True
MSLesSeg,P47_T1,FocalTversky,3,21,622,1.4142135623730951,True
MSLesSeg,P47_T1,FocalTversky,3,22,87,6.4031242374328485,True
MSLesSeg,P47_T1,FocalTversky,3,23,192,5.830951894845301,True
MSLesSeg,P47_T1,FocalTversky,3,24,25,14.966629547095765,True
MSLesSeg,P47_T1,FocalTversky,3,25,198,12.24744871391589,True
MSLesSeg,P47_T1,FocalTversky,3,26,95,3.605551275463989,True
MSLesSeg,P47_T1,FocalTversky,3,27,106,23.345235059857504,True
MSLesSeg,P47_T1,FocalTversky,3,28,5,32.817678162843876,False
MSLesSeg,P47_T1,FocalTversky,3,29,22,28.792360097775937,True
MSLesSeg,P47_T1,FocalTversky,3,30,20,21.42428528562855,True
MSLesSeg,P47_T1,FocalTversky,3,31,76,38.01315561749642,True
MSLesSeg,P47_T1,FocalTversky,3,32,13,29.698484809834994,False
MSLesSeg,P47_T1,FocalTversky,3,33,174,1.0,True
MSLesSeg,P47_T1,FocalTversky,3,34,67,1.4142135623730951,True
MSLesSeg,P47_T1,FocalTversky,3,35,38,10.392304845413264,True
MSLesSeg,P47_T1,FocalTversky,3,36,263,28.319604517012593,True
MSLesSeg,P47_T1,FocalTversky,3,37,15,28.809720581775867,True
MSLesSeg,P47_T1,FocalTversky,3,38,6029,1.0,True
MSLesSeg,P47_T1,FocalTversky,3,39,1594,1.0,True
MSLesSeg,P47_T1,FocalTversky,3,40,2670,1.4142135623730951,True
MSLesSeg,P47_T1,FocalTversky,3,41,35,31.464265445104548,True
MSLesSeg,P47_T1,FocalTversky,3,42,17,29.068883707497267,True
MSLesSeg,P47_T1,FocalTversky,3,43,79,2.8284271247461903,True
MSLesSeg,P47_T1,FocalTversky,3,44,58,29.8496231131986,True
MSLesSeg,P47_T1,FocalTversky,3,45,9,15.033296378372908,False
MSLesSeg,P47_T1,FocalTversky,3,46,87,42.731721238442994,False
MSLesSeg,P47_T1,FocalTversky,3,47,1,4.123105625617661,True
MSLesSeg,P47_T1,FocalTversky,3,48,224,1.4142135623730951,True
MSLesSeg,P47_T1,FocalTversky,3,49,40,8.306623862918075,True
MSLesSeg,P47_T1,FocalTversky,3,50,40,36.72873534441391,True
MSLesSeg,P47_T1,FocalTversky,3,51,88,12.884098726725126,True
MSLesSeg,P47_T1,FocalTversky,3,52,12,12.206555615733702,False
MSLesSeg,P47_T1,FocalTversky,3,53,118,19.1049731745428,True
MSLesSeg,P47_T1,FocalTversky,3,54,1,15.937377450509228,True
MSLesSeg,P47_T1,FocalTversky,3,55,91,22.360679774997898,True
MSLesSeg,P47_T1,FocalTversky,3,56,31,18.708286933869708,True
MSLesSeg,P47_T1,FocalTversky,3,57,76,17.60681686165901,True
MSLesSeg,P47_T1,FocalTversky,3,58,2,19.339079605813716,False
MSLesSeg,P47_T1,FocalTversky,3,59,212,23.706539182259394,True
MSLesSeg,P47_T1,FocalTversky,4,1,21,27.313000567495326,False
MSLesSeg,P47_T1,FocalTversky,4,2,59,34.46737587922817,True
MSLesSeg,P47_T1,FocalTversky,4,3,552,9.273618495495704,True
MSLesSeg,P47_T1,FocalTversky,4,4,70,10.677078252031311,True
MSLesSeg,P47_T1,FocalTversky,4,5,200,26.019223662515376,True
MSLesSeg,P47_T1,FocalTversky,4,6,3502,1.0,True
MSLesSeg,P47_T1,FocalTversky,4,7,96,16.401219466856727,True
MSLesSeg,P47_T1,FocalTversky,4,8,27,13.0,True
MSLesSeg,P47_T1,FocalTversky,4,9,26,22.561028345356956,True
MSLesSeg,P47_T1,FocalTversky,4,10,124,9.695359714832659,True
MSLesSeg,P47_T1,FocalTversky,4,11,55,13.601470508735444,True
MSLesSeg,P47_T1,FocalTversky,4,12,8,25.25866188063018,False
MSLesSeg,P47_T1,FocalTversky,4,13,20,14.866068747318506,True
MSLesSeg,P47_T1,FocalTversky,4,14,15,22.494443758403985,False
MSLesSeg,P47_T1,FocalTversky,4,15,95,35.81898937714463,True
MSLesSeg,P47_T1,FocalTversky,4,16,129,13.96424004376894,True
MSLesSeg,P47_T1,FocalTversky,4,17,17,18.466185312619388,True
MSLesSeg,P47_T1,FocalTversky,4,18,65,7.681145747868608,True
MSLesSeg,P47_T1,FocalTversky,4,19,27,25.079872407968907,True
MSLesSeg,P47_T1,FocalTversky,4,20,96,10.44030650891055,True
MSLesSeg,P47_T1,FocalTversky,4,21,622,1.4142135623730951,True
MSLesSeg,P47_T1,FocalTversky,4,22,87,6.4031242374328485,True
MSLesSeg,P47_T1,FocalTversky,4,23,192,5.830951894845301,True
MSLesSeg,P47_T1,FocalTversky,4,24,25,14.966629547095765,True
MSLesSeg,P47_T1,FocalTversky,4,25,198,12.24744871391589,True
MSLesSeg,P47_T1,FocalTversky,4,26,95,3.605551275463989,True
MSLesSeg,P47_T1,FocalTversky,4,27,106,23.345235059857504,True
MSLesSeg,P47_T1,FocalTversky,4,28,5,32.817678162843876,False
MSLesSeg,P47_T1,FocalTversky,4,29,22,28.792360097775937,True
MSLesSeg,P47_T1,FocalTversky,4,30,20,21.42428528562855,True
MSLesSeg,P47_T1,FocalTversky,4,31,76,38.01315561749642,True
MSLesSeg,P47_T1,FocalTversky,4,32,13,29.698484809834994,False
MSLesSeg,P47_T1,FocalTversky,4,33,174,1.0,True
MSLesSeg,P47_T1,FocalTversky,4,34,67,1.4142135623730951,True
MSLesSeg,P47_T1,FocalTversky,4,35,38,10.392304845413264,True
MSLesSeg,P47_T1,FocalTversky,4,36,263,28.319604517012593,True
MSLesSeg,P47_T1,FocalTversky,4,37,15,28.809720581775867,True
MSLesSeg,P47_T1,FocalTversky,4,38,6029,1.0,True
MSLesSeg,P47_T1,FocalTversky,4,39,1594,1.0,True
MSLesSeg,P47_T1,FocalTversky,4,40,2670,1.4142135623730951,True
MSLesSeg,P47_T1,FocalTversky,4,41,35,31.464265445104548,True
MSLesSeg,P47_T1,FocalTversky,4,42,17,29.068883707497267,True
MSLesSeg,P47_T1,FocalTversky,4,43,79,2.8284271247461903,True
MSLesSeg,P47_T1,FocalTversky,4,44,58,29.8496231131986,True
MSLesSeg,P47_T1,FocalTversky,4,45,9,15.033296378372908,True
MSLesSeg,P47_T1,FocalTversky,4,46,87,42.731721238442994,False
MSLesSeg,P47_T1,FocalTversky,4,47,1,4.123105625617661,True
MSLesSeg,P47_T1,FocalTversky,4,48,224,1.4142135623730951,True
MSLesSeg,P47_T1,FocalTversky,4,49,40,8.306623862918075,True
MSLesSeg,P47_T1,FocalTversky,4,50,40,36.72873534441391,True
MSLesSeg,P47_T1,FocalTversky,4,51,88,12.884098726725126,True
MSLesSeg,P47_T1,FocalTversky,4,52,12,12.206555615733702,False
MSLesSeg,P47_T1,FocalTversky,4,53,118,19.1049731745428,True
MSLesSeg,P47_T1,FocalTversky,4,54,1,15.937377450509228,True
MSLesSeg,P47_T1,FocalTversky,4,55,91,22.360679774997898,True
MSLesSeg,P47_T1,FocalTversky,4,56,31,18.708286933869708,True
MSLesSeg,P47_T1,FocalTversky,4,57,76,17.60681686165901,True
MSLesSeg,P47_T1,FocalTversky,4,58,2,19.339079605813716,False
MSLesSeg,P47_T1,FocalTversky,4,59,212,23.706539182259394,True
MSLesSeg,P49_T1,CATMIL,0,1,732,17.74823934929885,True
MSLesSeg,P49_T1,CATMIL,0,2,71,25.96150997149434,True
MSLesSeg,P49_T1,CATMIL,0,3,47,24.698178070456937,True
MSLesSeg,P49_T1,CATMIL,0,4,96,21.047565179849187,True
MSLesSeg,P49_T1,CATMIL,0,5,69,26.419689627245813,True
MSLesSeg,P49_T1,CATMIL,0,6,17982,1.4142135623730951,True
MSLesSeg,P49_T1,CATMIL,0,7,545,12.041594578792296,True
MSLesSeg,P49_T1,CATMIL,0,8,32,10.862780491200215,True
MSLesSeg,P49_T1,CATMIL,0,9,166,9.273618495495704,True
MSLesSeg,P49_T1,CATMIL,0,10,60,25.337718918639855,True
MSLesSeg,P49_T1,CATMIL,0,11,11,13.152946437965905,True
MSLesSeg,P49_T1,CATMIL,0,12,291,48.76474136094644,True
MSLesSeg,P49_T1,CATMIL,0,13,9,49.44694126030446,True
MSLesSeg,P49_T1,CATMIL,0,14,7665,1.4142135623730951,True
MSLesSeg,P49_T1,CATMIL,0,15,103,1.7320508075688772,True
MSLesSeg,P49_T1,CATMIL,0,16,168,1.4142135623730951,True
MSLesSeg,P49_T1,CATMIL,0,17,168,43.485629810317796,True
MSLesSeg,P49_T1,CATMIL,0,18,5335,1.4142135623730951,True
MSLesSeg,P49_T1,CATMIL,0,19,30,2.23606797749979,True
MSLesSeg,P49_T1,CATMIL,0,20,66,4.58257569495584,True
MSLesSeg,P49_T1,CATMIL,0,21,4,11.180339887498949,False
MSLesSeg,P49_T1,CATMIL,0,22,351,36.72873534441391,True
MSLesSeg,P49_T1,CATMIL,0,23,38,8.602325267042627,True
MSLesSeg,P49_T1,CATMIL,0,24,98,15.811388300841896,True
MSLesSeg,P49_T1,CATMIL,0,25,130,11.0,True
MSLesSeg,P49_T1,CATMIL,0,26,56,17.291616465790582,True
MSLesSeg,P49_T1,CATMIL,0,27,271,39.52214569073901,True
MSLesSeg,P49_T1,CATMIL,0,28,60,46.593991028886975,True
MSLesSeg,P49_T1,CATMIL,0,29,8,50.53711507397311,False
MSLesSeg,P49_T1,CATMIL,0,30,47,50.24937810560445,True
MSLesSeg,P49_T1,CATMIL,1,1,732,17.74823934929885,True
MSLesSeg,P49_T1,CATMIL,1,2,71,25.96150997149434,True
MSLesSeg,P49_T1,CATMIL,1,3,47,24.698178070456937,True
MSLesSeg,P49_T1,CATMIL,1,4,96,21.047565179849187,True
MSLesSeg,P49_T1,CATMIL,1,5,69,26.419689627245813,True
MSLesSeg,P49_T1,CATMIL,1,6,17982,1.4142135623730951,True
MSLesSeg,P49_T1,CATMIL,1,7,545,12.041594578792296,True
MSLesSeg,P49_T1,CATMIL,1,8,32,10.862780491200215,True
MSLesSeg,P49_T1,CATMIL,1,9,166,9.273618495495704,True
MSLesSeg,P49_T1,CATMIL,1,10,60,25.337718918639855,True
MSLesSeg,P49_T1,CATMIL,1,11,11,13.152946437965905,True
MSLesSeg,P49_T1,CATMIL,1,12,291,48.76474136094644,True
MSLesSeg,P49_T1,CATMIL,1,13,9,49.44694126030446,True
MSLesSeg,P49_T1,CATMIL,1,14,7665,1.4142135623730951,True
MSLesSeg,P49_T1,CATMIL,1,15,103,1.7320508075688772,True
MSLesSeg,P49_T1,CATMIL,1,16,168,1.4142135623730951,True
MSLesSeg,P49_T1,CATMIL,1,17,168,43.485629810317796,True
MSLesSeg,P49_T1,CATMIL,1,18,5335,1.4142135623730951,True
MSLesSeg,P49_T1,CATMIL,1,19,30,2.23606797749979,True
MSLesSeg,P49_T1,CATMIL,1,20,66,4.58257569495584,True
MSLesSeg,P49_T1,CATMIL,1,21,4,11.180339887498949,False
MSLesSeg,P49_T1,CATMIL,1,22,351,36.72873534441391,True
MSLesSeg,P49_T1,CATMIL,1,23,38,8.602325267042627,True
MSLesSeg,P49_T1,CATMIL,1,24,98,15.811388300841896,True
MSLesSeg,P49_T1,CATMIL,1,25,130,11.0,True
MSLesSeg,P49_T1,CATMIL,1,26,56,17.291616465790582,True
MSLesSeg,P49_T1,CATMIL,1,27,271,39.52214569073901,True
MSLesSeg,P49_T1,CATMIL,1,28,60,46.593991028886975,True
MSLesSeg,P49_T1,CATMIL,1,29,8,50.53711507397311,False
MSLesSeg,P49_T1,CATMIL,1,30,47,50.24937810560445,True
MSLesSeg,P49_T1,CATMIL,2,1,732,17.74823934929885,True
MSLesSeg,P49_T1,CATMIL,2,2,71,25.96150997149434,True
MSLesSeg,P49_T1,CATMIL,2,3,47,24.698178070456937,True
MSLesSeg,P49_T1,CATMIL,2,4,96,21.047565179849187,True
MSLesSeg,P49_T1,CATMIL,2,5,69,26.419689627245813,True
MSLesSeg,P49_T1,CATMIL,2,6,17982,1.4142135623730951,True
MSLesSeg,P49_T1,CATMIL,2,7,545,12.041594578792296,True
MSLesSeg,P49_T1,CATMIL,2,8,32,10.862780491200215,True
MSLesSeg,P49_T1,CATMIL,2,9,166,9.273618495495704,True
MSLesSeg,P49_T1,CATMIL,2,10,60,25.337718918639855,True
MSLesSeg,P49_T1,CATMIL,2,11,11,13.152946437965905,True
MSLesSeg,P49_T1,CATMIL,2,12,291,48.76474136094644,True
MSLesSeg,P49_T1,CATMIL,2,13,9,49.44694126030446,True
MSLesSeg,P49_T1,CATMIL,2,14,7665,1.4142135623730951,True
MSLesSeg,P49_T1,CATMIL,2,15,103,1.7320508075688772,True
MSLesSeg,P49_T1,CATMIL,2,16,168,1.4142135623730951,True
MSLesSeg,P49_T1,CATMIL,2,17,168,43.485629810317796,True
MSLesSeg,P49_T1,CATMIL,2,18,5335,1.4142135623730951,True
MSLesSeg,P49_T1,CATMIL,2,19,30,2.23606797749979,True
MSLesSeg,P49_T1,CATMIL,2,20,66,4.58257569495584,True
MSLesSeg,P49_T1,CATMIL,2,21,4,11.180339887498949,False
MSLesSeg,P49_T1,CATMIL,2,22,351,36.72873534441391,True
MSLesSeg,P49_T1,CATMIL,2,23,38,8.602325267042627,True
MSLesSeg,P49_T1,CATMIL,2,24,98,15.811388300841896,True
MSLesSeg,P49_T1,CATMIL,2,25,130,11.0,True
MSLesSeg,P49_T1,CATMIL,2,26,56,17.291616465790582,True
MSLesSeg,P49_T1,CATMIL,2,27,271,39.52214569073901,True
MSLesSeg,P49_T1,CATMIL,2,28,60,46.593991028886975,True
MSLesSeg,P49_T1,CATMIL,2,29,8,50.53711507397311,False
MSLesSeg,P49_T1,CATMIL,2,30,47,50.24937810560445,True
MSLesSeg,P49_T1,CATMIL,3,1,732,17.74823934929885,True
MSLesSeg,P49_T1,CATMIL,3,2,71,25.96150997149434,True
MSLesSeg,P49_T1,CATMIL,3,3,47,24.698178070456937,True
MSLesSeg,P49_T1,CATMIL,3,4,96,21.047565179849187,True
MSLesSeg,P49_T1,CATMIL,3,5,69,26.419689627245813,True
MSLesSeg,P49_T1,CATMIL,3,6,17982,1.4142135623730951,True
MSLesSeg,P49_T1,CATMIL,3,7,545,12.041594578792296,True
MSLesSeg,P49_T1,CATMIL,3,8,32,10.862780491200215,True
MSLesSeg,P49_T1,CATMIL,3,9,166,9.273618495495704,True
MSLesSeg,P49_T1,CATMIL,3,10,60,25.337718918639855,True
MSLesSeg,P49_T1,CATMIL,3,11,11,13.152946437965905,True
MSLesSeg,P49_T1,CATMIL,3,12,291,48.76474136094644,True
MSLesSeg,P49_T1,CATMIL,3,13,9,49.44694126030446,True
MSLesSeg,P49_T1,CATMIL,3,14,7665,1.4142135623730951,True
MSLesSeg,P49_T1,CATMIL,3,15,103,1.7320508075688772,True
MSLesSeg,P49_T1,CATMIL,3,16,168,1.4142135623730951,True
MSLesSeg,P49_T1,CATMIL,3,17,168,43.485629810317796,True
MSLesSeg,P49_T1,CATMIL,3,18,5335,1.4142135623730951,True
MSLesSeg,P49_T1,CATMIL,3,19,30,2.23606797749979,True
MSLesSeg,P49_T1,CATMIL,3,20,66,4.58257569495584,True
MSLesSeg,P49_T1,CATMIL,3,21,4,11.180339887498949,True
MSLesSeg,P49_T1,CATMIL,3,22,351,36.72873534441391,True
MSLesSeg,P49_T1,CATMIL,3,23,38,8.602325267042627,True
MSLesSeg,P49_T1,CATMIL,3,24,98,15.811388300841896,True
MSLesSeg,P49_T1,CATMIL,3,25,130,11.0,True
MSLesSeg,P49_T1,CATMIL,3,26,56,17.291616465790582,True
MSLesSeg,P49_T1,CATMIL,3,27,271,39.52214569073901,True
MSLesSeg,P49_T1,CATMIL,3,28,60,46.593991028886975,True
MSLesSeg,P49_T1,CATMIL,3,29,8,50.53711507397311,False
MSLesSeg,P49_T1,CATMIL,3,30,47,50.24937810560445,True
MSLesSeg,P49_T1,CATMIL,4,1,732,17.74823934929885,True
MSLesSeg,P49_T1,CATMIL,4,2,71,25.96150997149434,True
MSLesSeg,P49_T1,CATMIL,4,3,47,24.698178070456937,True
MSLesSeg,P49_T1,CATMIL,4,4,96,21.047565179849187,True
MSLesSeg,P49_T1,CATMIL,4,5,69,26.419689627245813,True
MSLesSeg,P49_T1,CATMIL,4,6,17982,1.4142135623730951,True
MSLesSeg,P49_T1,CATMIL,4,7,545,12.041594578792296,True
MSLesSeg,P49_T1,CATMIL,4,8,32,10.862780491200215,True
MSLesSeg,P49_T1,CATMIL,4,9,166,9.273618495495704,True
MSLesSeg,P49_T1,CATMIL,4,10,60,25.337718918639855,True
MSLesSeg,P49_T1,CATMIL,4,11,11,13.152946437965905,True
MSLesSeg,P49_T1,CATMIL,4,12,291,48.76474136094644,True
MSLesSeg,P49_T1,CATMIL,4,13,9,49.44694126030446,True
MSLesSeg,P49_T1,CATMIL,4,14,7665,1.4142135623730951,True
MSLesSeg,P49_T1,CATMIL,4,15,103,1.7320508075688772,True
MSLesSeg,P49_T1,CATMIL,4,16,168,1.4142135623730951,False
MSLesSeg,P49_T1,CATMIL,4,17,168,43.485629810317796,True
MSLesSeg,P49_T1,CATMIL,4,18,5335,1.4142135623730951,True
MSLesSeg,P49_T1,CATMIL,4,19,30,2.23606797749979,True
MSLesSeg,P49_T1,CATMIL,4,20,66,4.58257569495584,True
MSLesSeg,P49_T1,CATMIL,4,21,4,11.180339887498949,False
MSLesSeg,P49_T1,CATMIL,4,22,351,36.72873534441391,True
MSLesSeg,P49_T1,CATMIL,4,23,38,8.602325267042627,True
MSLesSeg,P49_T1,CATMIL,4,24,98,15.811388300841896,True
MSLesSeg,P49_T1,CATMIL,4,25,130,11.0,True
MSLesSeg,P49_T1,CATMIL,4,26,56,17.291616465790582,True
MSLesSeg,P49_T1,CATMIL,4,27,271,39.52214569073901,True
MSLesSeg,P49_T1,CATMIL,4,28,60,46.593991028886975,True
MSLesSeg,P49_T1,CATMIL,4,29,8,50.53711507397311,False
MSLesSeg,P49_T1,CATMIL,4,30,47,50.24937810560445,True
MSLesSeg,P49_T1,DiceCE,0,1,732,17.74823934929885,True
MSLesSeg,P49_T1,DiceCE,0,2,71,25.96150997149434,True
MSLesSeg,P49_T1,DiceCE,0,3,47,24.698178070456937,True
MSLesSeg,P49_T1,DiceCE,0,4,96,21.047565179849187,True
MSLesSeg,P49_T1,DiceCE,0,5,69,26.419689627245813,True
MSLesSeg,P49_T1,DiceCE,0,6,17982,1.4142135623730951,True
MSLesSeg,P49_T1,DiceCE,0,7,545,12.041594578792296,True
MSLesSeg,P49_T1,DiceCE,0,8,32,10.862780491200215,True
MSLesSeg,P49_T1,DiceCE,0,9,166,9.273618495495704,True
MSLesSeg,P49_T1,DiceCE,0,10,60,25.337718918639855,True
MSLesSeg,P49_T1,DiceCE,0,11,11,13.152946437965905,True
MSLesSeg,P49_T1,DiceCE,0,12,291,48.76474136094644,True
MSLesSeg,P49_T1,DiceCE,0,13,9,49.44694126030446,False
MSLesSeg,P49_T1,DiceCE,0,14,7665,1.4142135623730951,True
MSLesSeg,P49_T1,DiceCE,0,15,103,1.7320508075688772,False
MSLesSeg,P49_T1,DiceCE,0,16,168,1.4142135623730951,False
MSLesSeg,P49_T1,DiceCE,0,17,168,43.485629810317796,True
MSLesSeg,P49_T1,DiceCE,0,18,5335,1.4142135623730951,True
MSLesSeg,P49_T1,DiceCE,0,19,30,2.23606797749979,False
MSLesSeg,P49_T1,DiceCE,0,20,66,4.58257569495584,True
MSLesSeg,P49_T1,DiceCE,0,21,4,11.180339887498949,False
MSLesSeg,P49_T1,DiceCE,0,22,351,36.72873534441391,True
MSLesSeg,P49_T1,DiceCE,0,23,38,8.602325267042627,True
MSLesSeg,P49_T1,DiceCE,0,24,98,15.811388300841896,True
MSLesSeg,P49_T1,DiceCE,0,25,130,11.0,True
MSLesSeg,P49_T1,DiceCE,0,26,56,17.291616465790582,True
MSLesSeg,P49_T1,DiceCE,0,27,271,39.52214569073901,False
MSLesSeg,P49_T1,DiceCE,0,28,60,46.593991028886975,True
MSLesSeg,P49_T1,DiceCE,0,29,8,50.53711507397311,False
MSLesSeg,P49_T1,DiceCE,0,30,47,50.24937810560445,False
MSLesSeg,P49_T1,DiceCE,1,1,732,17.74823934929885,True
MSLesSeg,P49_T1,DiceCE,1,2,71,25.96150997149434,True
MSLesSeg,P49_T1,DiceCE,1,3,47,24.698178070456937,True
MSLesSeg,P49_T1,DiceCE,1,4,96,21.047565179849187,True
MSLesSeg,P49_T1,DiceCE,1,5,69,26.419689627245813,True
MSLesSeg,P49_T1,DiceCE,1,6,17982,1.4142135623730951,True
MSLesSeg,P49_T1,DiceCE,1,7,545,12.041594578792296,True
MSLesSeg,P49_T1,DiceCE,1,8,32,10.862780491200215,True
MSLesSeg,P49_T1,DiceCE,1,9,166,9.273618495495704,True
MSLesSeg,P49_T1,DiceCE,1,10,60,25.337718918639855,True
MSLesSeg,P49_T1,DiceCE,1,11,11,13.152946437965905,True
MSLesSeg,P49_T1,DiceCE,1,12,291,48.76474136094644,True
MSLesSeg,P49_T1,DiceCE,1,13,9,49.44694126030446,False
MSLesSeg,P49_T1,DiceCE,1,14,7665,1.4142135623730951,True
MSLesSeg,P49_T1,DiceCE,1,15,103,1.7320508075688772,True
MSLesSeg,P49_T1,DiceCE,1,16,168,1.4142135623730951,True
MSLesSeg,P49_T1,DiceCE,1,17,168,43.485629810317796,True
MSLesSeg,P49_T1,DiceCE,1,18,5335,1.4142135623730951,True
MSLesSeg,P49_T1,DiceCE,1,19,30,2.23606797749979,False
MSLesSeg,P49_T1,DiceCE,1,20,66,4.58257569495584,True
MSLesSeg,P49_T1,DiceCE,1,21,4,11.180339887498949,False
MSLesSeg,P49_T1,DiceCE,1,22,351,36.72873534441391,True
MSLesSeg,P49_T1,DiceCE,1,23,38,8.602325267042627,True
MSLesSeg,P49_T1,DiceCE,1,24,98,15.811388300841896,True
MSLesSeg,P49_T1,DiceCE,1,25,130,11.0,True
MSLesSeg,P49_T1,DiceCE,1,26,56,17.291616465790582,True
MSLesSeg,P49_T1,DiceCE,1,27,271,39.52214569073901,False
MSLesSeg,P49_T1,DiceCE,1,28,60,46.593991028886975,False
MSLesSeg,P49_T1,DiceCE,1,29,8,50.53711507397311,False
MSLesSeg,P49_T1,DiceCE,1,30,47,50.24937810560445,True
MSLesSeg,P49_T1,DiceCE,2,1,732,17.74823934929885,True
MSLesSeg,P49_T1,DiceCE,2,2,71,25.96150997149434,True
MSLesSeg,P49_T1,DiceCE,2,3,47,24.698178070456937,True
MSLesSeg,P49_T1,DiceCE,2,4,96,21.047565179849187,True
MSLesSeg,P49_T1,DiceCE,2,5,69,26.419689627245813,True
MSLesSeg,P49_T1,DiceCE,2,6,17982,1.4142135623730951,True
MSLesSeg,P49_T1,DiceCE,2,7,545,12.041594578792296,True
MSLesSeg,P49_T1,DiceCE,2,8,32,10.862780491200215,True
MSLesSeg,P49_T1,DiceCE,2,9,166,9.273618495495704,True
MSLesSeg,P49_T1,DiceCE,2,10,60,25.337718918639855,True
MSLesSeg,P49_T1,DiceCE,2,11,11,13.152946437965905,True
MSLesSeg,P49_T1,DiceCE,2,12,291,48.76474136094644,False
MSLesSeg,P49_T1,DiceCE,2,13,9,49.44694126030446,False
MSLesSeg,P49_T1,DiceCE,2,14,7665,1.4142135623730951,True
MSLesSeg,P49_T1,DiceCE,2,15,103,1.7320508075688772,False
MSLesSeg,P49_T1,DiceCE,2,16,168,1.4142135623730951,False
MSLesSeg,P49_T1,DiceCE,2,17,168,43.485629810317796,True
MSLesSeg,P49_T1,DiceCE,2,18,5335,1.4142135623730951,True
MSLesSeg,P49_T1,DiceCE,2,19,30,2.23606797749979,False
MSLesSeg,P49_T1,DiceCE,2,20,66,4.58257569495584,True
MSLesSeg,P49_T1,DiceCE,2,21,4,11.180339887498949,False
MSLesSeg,P49_T1,DiceCE,2,22,351,36.72873534441391,False
MSLesSeg,P49_T1,DiceCE,2,23,38,8.602325267042627,True
MSLesSeg,P49_T1,DiceCE,2,24,98,15.811388300841896,True
MSLesSeg,P49_T1,DiceCE,2,25,130,11.0,True
MSLesSeg,P49_T1,DiceCE,2,26,56,17.291616465790582,True
MSLesSeg,P49_T1,DiceCE,2,27,271,39.52214569073901,False
MSLesSeg,P49_T1,DiceCE,2,28,60,46.593991028886975,False
MSLesSeg,P49_T1,DiceCE,2,29,8,50.53711507397311,False
MSLesSeg,P49_T1,DiceCE,2,30,47,50.24937810560445,False
MSLesSeg,P49_T1,DiceCE,3,1,732,17.74823934929885,True
MSLesSeg,P49_T1,DiceCE,3,2,71,25.96150997149434,True
MSLesSeg,P49_T1,DiceCE,3,3,47,24.698178070456937,True
MSLesSeg,P49_T1,DiceCE,3,4,96,21.047565179849187,True
MSLesSeg,P49_T1,DiceCE,3,5,69,26.419689627245813,True
MSLesSeg,P49_T1,DiceCE,3,6,17982,1.4142135623730951,True
MSLesSeg,P49_T1,DiceCE,3,7,545,12.041594578792296,True
MSLesSeg,P49_T1,DiceCE,3,8,32,10.862780491200215,True
MSLesSeg,P49_T1,DiceCE,3,9,166,9.273618495495704,True
MSLesSeg,P49_T1,DiceCE,3,10,60,25.337718918639855,True
MSLesSeg,P49_T1,DiceCE,3,11,11,13.152946437965905,True
MSLesSeg,P49_T1,DiceCE,3,12,291,48.76474136094644,True
MSLesSeg,P49_T1,DiceCE,3,13,9,49.44694126030446,False
MSLesSeg,P49_T1,DiceCE,3,14,7665,1.4142135623730951,True
MSLesSeg,P49_T1,DiceCE,3,15,103,1.7320508075688772,False
MSLesSeg,P49_T1,DiceCE,3,16,168,1.4142135623730951,False
MSLesSeg,P49_T1,DiceCE,3,17,168,43.485629810317796,True
MSLesSeg,P49_T1,DiceCE,3,18,5335,1.4142135623730951,True
MSLesSeg,P49_T1,DiceCE,3,19,30,2.23606797749979,False
MSLesSeg,P49_T1,DiceCE,3,20,66,4.58257569495584,True
MSLesSeg,P49_T1,DiceCE,3,21,4,11.180339887498949,False
MSLesSeg,P49_T1,DiceCE,3,22,351,36.72873534441391,True
MSLesSeg,P49_T1,DiceCE,3,23,38,8.602325267042627,True
MSLesSeg,P49_T1,DiceCE,3,24,98,15.811388300841896,True
MSLesSeg,P49_T1,DiceCE,3,25,130,11.0,True
MSLesSeg,P49_T1,DiceCE,3,26,56,17.291616465790582,True
MSLesSeg,P49_T1,DiceCE,3,27,271,39.52214569073901,True
MSLesSeg,P49_T1,DiceCE,3,28,60,46.593991028886975,True
MSLesSeg,P49_T1,DiceCE,3,29,8,50.53711507397311,False
MSLesSeg,P49_T1,DiceCE,3,30,47,50.24937810560445,False
MSLesSeg,P49_T1,DiceCE,4,1,732,17.74823934929885,True
MSLesSeg,P49_T1,DiceCE,4,2,71,25.96150997149434,True
MSLesSeg,P49_T1,DiceCE,4,3,47,24.698178070456937,True
MSLesSeg,P49_T1,DiceCE,4,4,96,21.047565179849187,True
MSLesSeg,P49_T1,DiceCE,4,5,69,26.419689627245813,True
MSLesSeg,P49_T1,DiceCE,4,6,17982,1.4142135623730951,True
MSLesSeg,P49_T1,DiceCE,4,7,545,12.041594578792296,True
MSLesSeg,P49_T1,DiceCE,4,8,32,10.862780491200215,True
MSLesSeg,P49_T1,DiceCE,4,9,166,9.273618495495704,False
MSLesSeg,P49_T1,DiceCE,4,10,60,25.337718918639855,True
MSLesSeg,P49_T1,DiceCE,4,11,11,13.152946437965905,True
MSLesSeg,P49_T1,DiceCE,4,12,291,48.76474136094644,True
MSLesSeg,P49_T1,DiceCE,4,13,9,49.44694126030446,False
MSLesSeg,P49_T1,DiceCE,4,14,7665,1.4142135623730951,True
MSLesSeg,P49_T1,DiceCE,4,15,103,1.7320508075688772,False
MSLesSeg,P49_T1,DiceCE,4,16,168,1.4142135623730951,False
MSLesSeg,P49_T1,DiceCE,4,17,168,43.485629810317796,True
MSLesSeg,P49_T1,DiceCE,4,18,5335,1.4142135623730951,True
MSLesSeg,P49_T1,DiceCE,4,19,30,2.23606797749979,False
MSLesSeg,P49_T1,DiceCE,4,20,66,4.58257569495584,True
MSLesSeg,P49_T1,DiceCE,4,21,4,11.180339887498949,False
MSLesSeg,P49_T1,DiceCE,4,22,351,36.72873534441391,True
MSLesSeg,P49_T1,DiceCE,4,23,38,8.602325267042627,True
MSLesSeg,P49_T1,DiceCE,4,24,98,15.811388300841896,True
MSLesSeg,P49_T1,DiceCE,4,25,130,11.0,True
MSLesSeg,P49_T1,DiceCE,4,26,56,17.291616465790582,True
MSLesSeg,P49_T1,DiceCE,4,27,271,39.52214569073901,False
MSLesSeg,P49_T1,DiceCE,4,28,60,46.593991028886975,True
MSLesSeg,P49_T1,DiceCE,4,29,8,50.53711507397311,False
MSLesSeg,P49_T1,DiceCE,4,30,47,50.24937810560445,False
MSLesSeg,P49_T1,Tversky,0,1,732,17.74823934929885,True
MSLesSeg,P49_T1,Tversky,0,2,71,25.96150997149434,True
MSLesSeg,P49_T1,Tversky,0,3,47,24.698178070456937,True
MSLesSeg,P49_T1,Tversky,0,4,96,21.047565179849187,True
MSLesSeg,P49_T1,Tversky,0,5,69,26.419689627245813,True
MSLesSeg,P49_T1,Tversky,0,6,17982,1.4142135623730951,True
MSLesSeg,P49_T1,Tversky,0,7,545,12.041594578792296,True
MSLesSeg,P49_T1,Tversky,0,8,32,10.862780491200215,True
MSLesSeg,P49_T1,Tversky,0,9,166,9.273618495495704,True
MSLesSeg,P49_T1,Tversky,0,10,60,25.337718918639855,True
MSLesSeg,P49_T1,Tversky,0,11,11,13.152946437965905,True
MSLesSeg,P49_T1,Tversky,0,12,291,48.76474136094644,True
MSLesSeg,P49_T1,Tversky,0,13,9,49.44694126030446,True
MSLesSeg,P49_T1,Tversky,0,14,7665,1.4142135623730951,True
MSLesSeg,P49_T1,Tversky,0,15,103,1.7320508075688772,True
MSLesSeg,P49_T1,Tversky,0,16,168,1.4142135623730951,False
MSLesSeg,P49_T1,Tversky,0,17,168,43.485629810317796,True
MSLesSeg,P49_T1,Tversky,0,18,5335,1.4142135623730951,True
MSLesSeg,P49_T1,Tversky,0,19,30,2.23606797749979,False
MSLesSeg,P49_T1,Tversky,0,20,66,4.58257569495584,True
MSLesSeg,P49_T1,Tversky,0,21,4,11.180339887498949,False
MSLesSeg,P49_T1,Tversky,0,22,351,36.72873534441391,True
MSLesSeg,P49_T1,Tversky,0,23,38,8.602325267042627,True
MSLesSeg,P49_T1,Tversky,0,24,98,15.811388300841896,True
MSLesSeg,P49_T1,Tversky,0,25,130,11.0,True
MSLesSeg,P49_T1,Tversky,0,26,56,17.291616465790582,True
MSLesSeg,P49_T1,Tversky,0,27,271,39.52214569073901,True
MSLesSeg,P49_T1,Tversky,0,28,60,46.593991028886975,True
MSLesSeg,P49_T1,Tversky,0,29,8,50.53711507397311,False
MSLesSeg,P49_T1,Tversky,0,30,47,50.24937810560445,False
MSLesSeg,P49_T1,Tversky,1,1,732,17.74823934929885,True
MSLesSeg,P49_T1,Tversky,1,2,71,25.96150997149434,True
MSLesSeg,P49_T1,Tversky,1,3,47,24.698178070456937,True
MSLesSeg,P49_T1,Tversky,1,4,96,21.047565179849187,True
MSLesSeg,P49_T1,Tversky,1,5,69,26.419689627245813,True
MSLesSeg,P49_T1,Tversky,1,6,17982,1.4142135623730951,True
MSLesSeg,P49_T1,Tversky,1,7,545,12.041594578792296,True
MSLesSeg,P49_T1,Tversky,1,8,32,10.862780491200215,True
MSLesSeg,P49_T1,Tversky,1,9,166,9.273618495495704,True
MSLesSeg,P49_T1,Tversky,1,10,60,25.337718918639855,True
MSLesSeg,P49_T1,Tversky,1,11,11,13.152946437965905,True
MSLesSeg,P49_T1,Tversky,1,12,291,48.76474136094644,True
MSLesSeg,P49_T1,Tversky,1,13,9,49.44694126030446,False
MSLesSeg,P49_T1,Tversky,1,14,7665,1.4142135623730951,True
MSLesSeg,P49_T1,Tversky,1,15,103,1.7320508075688772,True
MSLesSeg,P49_T1,Tversky,1,16,168,1.4142135623730951,True
MSLesSeg,P49_T1,Tversky,1,17,168,43.485629810317796,True
MSLesSeg,P49_T1,Tversky,1,18,5335,1.4142135623730951,True
MSLesSeg,P49_T1,Tversky,1,19,30,2.23606797749979,False
MSLesSeg,P49_T1,Tversky,1,20,66,4.58257569495584,True
MSLesSeg,P49_T1,Tversky,1,21,4,11.180339887498949,False
MSLesSeg,P49_T1,Tversky,1,22,351,36.72873534441391,True
MSLesSeg,P49_T1,Tversky,1,23,38,8.602325267042627,True
MSLesSeg,P49_T1,Tversky,1,24,98,15.811388300841896,True
MSLesSeg,P49_T1,Tversky,1,25,130,11.0,True
MSLesSeg,P49_T1,Tversky,1,26,56,17.291616465790582,True
MSLesSeg,P49_T1,Tversky,1,27,271,39.52214569073901,True
MSLesSeg,P49_T1,Tversky,1,28,60,46.593991028886975,True
MSLesSeg,P49_T1,Tversky,1,29,8,50.53711507397311,False
MSLesSeg,P49_T1,Tversky,1,30,47,50.24937810560445,False
MSLesSeg,P49_T1,Tversky,2,1,732,17.74823934929885,True
MSLesSeg,P49_T1,Tversky,2,2,71,25.96150997149434,True
MSLesSeg,P49_T1,Tversky,2,3,47,24.698178070456937,True
MSLesSeg,P49_T1,Tversky,2,4,96,21.047565179849187,True
MSLesSeg,P49_T1,Tversky,2,5,69,26.419689627245813,True
MSLesSeg,P49_T1,Tversky,2,6,17982,1.4142135623730951,True
MSLesSeg,P49_T1,Tversky,2,7,545,12.041594578792296,True
MSLesSeg,P49_T1,Tversky,2,8,32,10.862780491200215,True
MSLesSeg,P49_T1,Tversky,2,9,166,9.273618495495704,True
MSLesSeg,P49_T1,Tversky,2,10,60,25.337718918639855,True
MSLesSeg,P49_T1,Tversky,2,11,11,13.152946437965905,True
MSLesSeg,P49_T1,Tversky,2,12,291,48.76474136094644,True
MSLesSeg,P49_T1,Tversky,2,13,9,49.44694126030446,False
MSLesSeg,P49_T1,Tversky,2,14,7665,1.4142135623730951,True
MSLesSeg,P49_T1,Tversky,2,15,103,1.7320508075688772,True
MSLesSeg,P49_T1,Tversky,2,16,168,1.4142135623730951,False
MSLesSeg,P49_T1,Tversky,2,17,168,43.485629810317796,True
MSLesSeg,P49_T1,Tversky,2,18,5335,1.4142135623730951,True
MSLesSeg,P49_T1,Tversky,2,19,30,2.23606797749979,True
MSLesSeg,P49_T1,Tversky,2,20,66,4.58257569495584,True
MSLesSeg,P49_T1,Tversky,2,21,4,11.180339887498949,False
MSLesSeg,P49_T1,Tversky,2,22,351,36.72873534441391,True
MSLesSeg,P49_T1,Tversky,2,23,38,8.602325267042627,True
MSLesSeg,P49_T1,Tversky,2,24,98,15.811388300841896,True
MSLesSeg,P49_T1,Tversky,2,25,130,11.0,True
MSLesSeg,P49_T1,Tversky,2,26,56,17.291616465790582,True
MSLesSeg,P49_T1,Tversky,2,27,271,39.52214569073901,False
MSLesSeg,P49_T1,Tversky,2,28,60,46.593991028886975,True
MSLesSeg,P49_T1,Tversky,2,29,8,50.53711507397311,False
MSLesSeg,P49_T1,Tversky,2,30,47,50.24937810560445,True
MSLesSeg,P49_T1,Tversky,3,1,732,17.74823934929885,True
MSLesSeg,P49_T1,Tversky,3,2,71,25.96150997149434,True
MSLesSeg,P49_T1,Tversky,3,3,47,24.698178070456937,True
MSLesSeg,P49_T1,Tversky,3,4,96,21.047565179849187,True
MSLesSeg,P49_T1,Tversky,3,5,69,26.419689627245813,True
MSLesSeg,P49_T1,Tversky,3,6,17982,1.4142135623730951,True
MSLesSeg,P49_T1,Tversky,3,7,545,12.041594578792296,True
MSLesSeg,P49_T1,Tversky,3,8,32,10.862780491200215,True
MSLesSeg,P49_T1,Tversky,3,9,166,9.273618495495704,True
MSLesSeg,P49_T1,Tversky,3,10,60,25.337718918639855,True
MSLesSeg,P49_T1,Tversky,3,11,11,13.152946437965905,True
MSLesSeg,P49_T1,Tversky,3,12,291,48.76474136094644,True
MSLesSeg,P49_T1,Tversky,3,13,9,49.44694126030446,False
MSLesSeg,P49_T1,Tversky,3,14,7665,1.4142135623730951,True
MSLesSeg,P49_T1,Tversky,3,15,103,1.7320508075688772,True
MSLesSeg,P49_T1,Tversky,3,16,168,1.4142135623730951,False
MSLesSeg,P49_T1,Tversky,3,17,168,43.485629810317796,True
MSLesSeg,P49_T1,Tversky,3,18,5335,1.4142135623730951,True
MSLesSeg,P49_T1,Tversky,3,19,30,2.23606797749979,True
MSLesSeg,P49_T1,Tversky,3,20,66,4.58257569495584,True
MSLesSeg,P49_T1,Tversky,3,21,4,11.180339887498949,False
MSLesSeg,P49_T1,Tversky,3,22,351,36.72873534441391,True
MSLesSeg,P49_T1,Tversky,3,23,38,8.602325267042627,True
MSLesSeg,P49_T1,Tversky,3,24,98,15.811388300841896,True
MSLesSeg,P49_T1,Tversky,3,25,130,11.0,True
MSLesSeg,P49_T1,Tversky,3,26,56,17.291616465790582,True
MSLesSeg,P49_T1,Tversky,3,27,271,39.52214569073901,True
MSLesSeg,P49_T1,Tversky,3,28,60,46.593991028886975,True
MSLesSeg,P49_T1,Tversky,3,29,8,50.53711507397311,False
MSLesSeg,P49_T1,Tversky,3,30,47,50.24937810560445,True
MSLesSeg,P49_T1,Tversky,4,1,732,17.74823934929885,True
MSLesSeg,P49_T1,Tversky,4,2,71,25.96150997149434,True
MSLesSeg,P49_T1,Tversky,4,3,47,24.698178070456937,True
MSLesSeg,P49_T1,Tversky,4,4,96,21.047565179849187,True
MSLesSeg,P49_T1,Tversky,4,5,69,26.419689627245813,True
MSLesSeg,P49_T1,Tversky,4,6,17982,1.4142135623730951,True
MSLesSeg,P49_T1,Tversky,4,7,545,12.041594578792296,True
MSLesSeg,P49_T1,Tversky,4,8,32,10.862780491200215,True
MSLesSeg,P49_T1,Tversky,4,9,166,9.273618495495704,True
MSLesSeg,P49_T1,Tversky,4,10,60,25.337718918639855,True
MSLesSeg,P49_T1,Tversky,4,11,11,13.152946437965905,True
MSLesSeg,P49_T1,Tversky,4,12,291,48.76474136094644,True
MSLesSeg,P49_T1,Tversky,4,13,9,49.44694126030446,True
MSLesSeg,P49_T1,Tversky,4,14,7665,1.4142135623730951,True
MSLesSeg,P49_T1,Tversky,4,15,103,1.7320508075688772,True
MSLesSeg,P49_T1,Tversky,4,16,168,1.4142135623730951,False
MSLesSeg,P49_T1,Tversky,4,17,168,43.485629810317796,True
MSLesSeg,P49_T1,Tversky,4,18,5335,1.4142135623730951,True
MSLesSeg,P49_T1,Tversky,4,19,30,2.23606797749979,True
MSLesSeg,P49_T1,Tversky,4,20,66,4.58257569495584,True
MSLesSeg,P49_T1,Tversky,4,21,4,11.180339887498949,False
MSLesSeg,P49_T1,Tversky,4,22,351,36.72873534441391,True
MSLesSeg,P49_T1,Tversky,4,23,38,8.602325267042627,True
MSLesSeg,P49_T1,Tversky,4,24,98,15.811388300841896,True
MSLesSeg,P49_T1,Tversky,4,25,130,11.0,True
MSLesSeg,P49_T1,Tversky,4,26,56,17.291616465790582,True
MSLesSeg,P49_T1,Tversky,4,27,271,39.52214569073901,False
MSLesSeg,P49_T1,Tversky,4,28,60,46.593991028886975,True
MSLesSeg,P49_T1,Tversky,4,29,8,50.53711507397311,False
MSLesSeg,P49_T1,Tversky,4,30,47,50.24937810560445,True
MSLesSeg,P49_T1,FocalTversky,0,1,732,17.74823934929885,True
MSLesSeg,P49_T1,FocalTversky,0,2,71,25.96150997149434,True
MSLesSeg,P49_T1,FocalTversky,0,3,47,24.698178070456937,True
MSLesSeg,P49_T1,FocalTversky,0,4,96,21.047565179849187,True
MSLesSeg,P49_T1,FocalTversky,0,5,69,26.419689627245813,True
MSLesSeg,P49_T1,FocalTversky,0,6,17982,1.4142135623730951,True
MSLesSeg,P49_T1,FocalTversky,0,7,545,12.041594578792296,True
MSLesSeg,P49_T1,FocalTversky,0,8,32,10.862780491200215,True
MSLesSeg,P49_T1,FocalTversky,0,9,166,9.273618495495704,True
MSLesSeg,P49_T1,FocalTversky,0,10,60,25.337718918639855,True
MSLesSeg,P49_T1,FocalTversky,0,11,11,13.152946437965905,True
MSLesSeg,P49_T1,FocalTversky,0,12,291,48.76474136094644,True
MSLesSeg,P49_T1,FocalTversky,0,13,9,49.44694126030446,False
MSLesSeg,P49_T1,FocalTversky,0,14,7665,1.4142135623730951,True
MSLesSeg,P49_T1,FocalTversky,0,15,103,1.7320508075688772,True
MSLesSeg,P49_T1,FocalTversky,0,16,168,1.4142135623730951,False
MSLesSeg,P49_T1,FocalTversky,0,17,168,43.485629810317796,True
MSLesSeg,P49_T1,FocalTversky,0,18,5335,1.4142135623730951,True
MSLesSeg,P49_T1,FocalTversky,0,19,30,2.23606797749979,True
MSLesSeg,P49_T1,FocalTversky,0,20,66,4.58257569495584,True
MSLesSeg,P49_T1,FocalTversky,0,21,4,11.180339887498949,False
MSLesSeg,P49_T1,FocalTversky,0,22,351,36.72873534441391,False
MSLesSeg,P49_T1,FocalTversky,0,23,38,8.602325267042627,True
MSLesSeg,P49_T1,FocalTversky,0,24,98,15.811388300841896,True
MSLesSeg,P49_T1,FocalTversky,0,25,130,11.0,True
MSLesSeg,P49_T1,FocalTversky,0,26,56,17.291616465790582,True
MSLesSeg,P49_T1,FocalTversky,0,27,271,39.52214569073901,False
MSLesSeg,P49_T1,FocalTversky,0,28,60,46.593991028886975,True
MSLesSeg,P49_T1,FocalTversky,0,29,8,50.53711507397311,False
MSLesSeg,P49_T1,FocalTversky,0,30,47,50.24937810560445,False
MSLesSeg,P49_T1,FocalTversky,1,1,732,17.74823934929885,True
MSLesSeg,P49_T1,FocalTversky,1,2,71,25.96150997149434,True
MSLesSeg,P49_T1,FocalTversky,1,3,47,24.698178070456937,True
MSLesSeg,P49_T1,FocalTversky,1,4,96,21.047565179849187,True
MSLesSeg,P49_T1,FocalTversky,1,5,69,26.419689627245813,True
MSLesSeg,P49_T1,FocalTversky,1,6,17982,1.4142135623730951,True
MSLesSeg,P49_T1,FocalTversky,1,7,545,12.041594578792296,True
MSLesSeg,P49_T1,FocalTversky,1,8,32,10.862780491200215,True
MSLesSeg,P49_T1,FocalTversky,1,9,166,9.273618495495704,True
MSLesSeg,P49_T1,FocalTversky,1,10,60,25.337718918639855,True
MSLesSeg,P49_T1,FocalTversky,1,11,11,13.152946437965905,True
MSLesSeg,P49_T1,FocalTversky,1,12,291,48.76474136094644,True
MSLesSeg,P49_T1,FocalTversky,1,13,9,49.44694126030446,False
MSLesSeg,P49_T1,FocalTversky,1,14,7665,1.4142135623730951,True
MSLesSeg,P49_T1,FocalTversky,1,15,103,1.7320508075688772,True
MSLesSeg,P49_T1,FocalTversky,1,16,168,1.4142135623730951,True
MSLesSeg,P49_T1,FocalTversky,1,17,168,43.485629810317796,True
MSLesSeg,P49_T1,FocalTversky,1,18,5335,1.4142135623730951,True
MSLesSeg,P49_T1,FocalTversky,1,19,30,2.23606797749979,False
MSLesSeg,P49_T1,FocalTversky,1,20,66,4.58257569495584,True
MSLesSeg,P49_T1,FocalTversky,1,21,4,11.180339887498949,False
MSLesSeg,P49_T1,FocalTversky,1,22,351,36.72873534441391,True
MSLesSeg,P49_T1,FocalTversky,1,23,38,8.602325267042627,True
MSLesSeg,P49_T1,FocalTversky,1,24,98,15.811388300841896,True
MSLesSeg,P49_T1,FocalTversky,1,25,130,11.0,True
MSLesSeg,P49_T1,FocalTversky,1,26,56,17.291616465790582,True
MSLesSeg,P49_T1,FocalTversky,1,27,271,39.52214569073901,True
MSLesSeg,P49_T1,FocalTversky,1,28,60,46.593991028886975,True
MSLesSeg,P49_T1,FocalTversky,1,29,8,50.53711507397311,False
MSLesSeg,P49_T1,FocalTversky,1,30,47,50.24937810560445,True
MSLesSeg,P49_T1,FocalTversky,2,1,732,17.74823934929885,True
MSLesSeg,P49_T1,FocalTversky,2,2,71,25.96150997149434,True
MSLesSeg,P49_T1,FocalTversky,2,3,47,24.698178070456937,True
MSLesSeg,P49_T1,FocalTversky,2,4,96,21.047565179849187,True
MSLesSeg,P49_T1,FocalTversky,2,5,69,26.419689627245813,True
MSLesSeg,P49_T1,FocalTversky,2,6,17982,1.4142135623730951,True
MSLesSeg,P49_T1,FocalTversky,2,7,545,12.041594578792296,True
MSLesSeg,P49_T1,FocalTversky,2,8,32,10.862780491200215,True
MSLesSeg,P49_T1,FocalTversky,2,9,166,9.273618495495704,True
MSLesSeg,P49_T1,FocalTversky,2,10,60,25.337718918639855,True
MSLesSeg,P49_T1,FocalTversky,2,11,11,13.152946437965905,True
MSLesSeg,P49_T1,FocalTversky,2,12,291,48.76474136094644,True
MSLesSeg,P49_T1,FocalTversky,2,13,9,49.44694126030446,False
MSLesSeg,P49_T1,FocalTversky,2,14,7665,1.4142135623730951,True
MSLesSeg,P49_T1,FocalTversky,2,15,103,1.7320508075688772,True
MSLesSeg,P49_T1,FocalTversky,2,16,168,1.4142135623730951,False
MSLesSeg,P49_T1,FocalTversky,2,17,168,43.485629810317796,False
MSLesSeg,P49_T1,FocalTversky,2,18,5335,1.4142135623730951,True
MSLesSeg,P49_T1,FocalTversky,2,19,30,2.23606797749979,True
MSLesSeg,P49_T1,FocalTversky,2,20,66,4.58257569495584,True
MSLesSeg,P49_T1,FocalTversky,2,21,4,11.180339887498949,False
MSLesSeg,P49_T1,FocalTversky,2,22,351,36.72873534441391,True
MSLesSeg,P49_T1,FocalTversky,2,23,38,8.602325267042627,True
MSLesSeg,P49_T1,FocalTversky,2,24,98,15.811388300841896,True
MSLesSeg,P49_T1,FocalTversky,2,25,130,11.0,True
MSLesSeg,P49_T1,FocalTversky,2,26,56,17.291616465790582,True
MSLesSeg,P49_T1,FocalTversky,2,27,271,39.52214569073901,True
MSLesSeg,P49_T1,FocalTversky,2,28,60,46.593991028886975,True
MSLesSeg,P49_T1,FocalTversky,2,29,8,50.53711507397311,False
MSLesSeg,P49_T1,FocalTversky,2,30,47,50.24937810560445,False
MSLesSeg,P49_T1,FocalTversky,3,1,732,17.74823934929885,True
MSLesSeg,P49_T1,FocalTversky,3,2,71,25.96150997149434,True
MSLesSeg,P49_T1,FocalTversky,3,3,47,24.698178070456937,True
MSLesSeg,P49_T1,FocalTversky,3,4,96,21.047565179849187,True
MSLesSeg,P49_T1,FocalTversky,3,5,69,26.419689627245813,True
MSLesSeg,P49_T1,FocalTversky,3,6,17982,1.4142135623730951,True
MSLesSeg,P49_T1,FocalTversky,3,7,545,12.041594578792296,True
MSLesSeg,P49_T1,FocalTversky,3,8,32,10.862780491200215,True
MSLesSeg,P49_T1,FocalTversky,3,9,166,9.273618495495704,True
MSLesSeg,P49_T1,FocalTversky,3,10,60,25.337718918639855,True
MSLesSeg,P49_T1,FocalTversky,3,11,11,13.152946437965905,True
MSLesSeg,P49_T1,FocalTversky,3,12,291,48.76474136094644,True
MSLesSeg,P49_T1,FocalTversky,3,13,9,49.44694126030446,True
MSLesSeg,P49_T1,FocalTversky,3,14,7665,1.4142135623730951,True
MSLesSeg,P49_T1,FocalTversky,3,15,103,1.7320508075688772,True
MSLesSeg,P49_T1,FocalTversky,3,16,168,1.4142135623730951,False
MSLesSeg,P49_T1,FocalTversky,3,17,168,43.485629810317796,True
MSLesSeg,P49_T1,FocalTversky,3,18,5335,1.4142135623730951,True
MSLesSeg,P49_T1,FocalTversky,3,19,30,2.23606797749979,True
MSLesSeg,P49_T1,FocalTversky,3,20,66,4.58257569495584,True
MSLesSeg,P49_T1,FocalTversky,3,21,4,11.180339887498949,False
MSLesSeg,P49_T1,FocalTversky,3,22,351,36.72873534441391,True
MSLesSeg,P49_T1,FocalTversky,3,23,38,8.602325267042627,True
MSLesSeg,P49_T1,FocalTversky,3,24,98,15.811388300841896,True
MSLesSeg,P49_T1,FocalTversky,3,25,130,11.0,True
MSLesSeg,P49_T1,FocalTversky,3,26,56,17.291616465790582,True
MSLesSeg,P49_T1,FocalTversky,3,27,271,39.52214569073901,True
MSLesSeg,P49_T1,FocalTversky,3,28,60,46.593991028886975,True
MSLesSeg,P49_T1,FocalTversky,3,29,8,50.53711507397311,False
MSLesSeg,P49_T1,FocalTversky,3,30,47,50.24937810560445,True
MSLesSeg,P49_T1,FocalTversky,4,1,732,17.74823934929885,True
MSLesSeg,P49_T1,FocalTversky,4,2,71,25.96150997149434,True
MSLesSeg,P49_T1,FocalTversky,4,3,47,24.698178070456937,True
MSLesSeg,P49_T1,FocalTversky,4,4,96,21.047565179849187,True
MSLesSeg,P49_T1,FocalTversky,4,5,69,26.419689627245813,True
MSLesSeg,P49_T1,FocalTversky,4,6,17982,1.4142135623730951,True
MSLesSeg,P49_T1,FocalTversky,4,7,545,12.041594578792296,True
MSLesSeg,P49_T1,FocalTversky,4,8,32,10.862780491200215,True
MSLesSeg,P49_T1,FocalTversky,4,9,166,9.273618495495704,True
MSLesSeg,P49_T1,FocalTversky,4,10,60,25.337718918639855,True
MSLesSeg,P49_T1,FocalTversky,4,11,11,13.152946437965905,True
MSLesSeg,P49_T1,FocalTversky,4,12,291,48.76474136094644,True
MSLesSeg,P49_T1,FocalTversky,4,13,9,49.44694126030446,False
MSLesSeg,P49_T1,FocalTversky,4,14,7665,1.4142135623730951,True
MSLesSeg,P49_T1,FocalTversky,4,15,103,1.7320508075688772,True
MSLesSeg,P49_T1,FocalTversky,4,16,168,1.4142135623730951,False
MSLesSeg,P49_T1,FocalTversky,4,17,168,43.485629810317796,True
MSLesSeg,P49_T1,FocalTversky,4,18,5335,1.4142135623730951,True
MSLesSeg,P49_T1,FocalTversky,4,19,30,2.23606797749979,True
MSLesSeg,P49_T1,FocalTversky,4,20,66,4.58257569495584,True
MSLesSeg,P49_T1,FocalTversky,4,21,4,11.180339887498949,False
MSLesSeg,P49_T1,FocalTversky,4,22,351,36.72873534441391,True
MSLesSeg,P49_T1,FocalTversky,4,23,38,8.602325267042627,True
MSLesSeg,P49_T1,FocalTversky,4,24,98,15.811388300841896,True
MSLesSeg,P49_T1,FocalTversky,4,25,130,11.0,True
MSLesSeg,P49_T1,FocalTversky,4,26,56,17.291616465790582,True
MSLesSeg,P49_T1,FocalTversky,4,27,271,39.52214569073901,False
MSLesSeg,P49_T1,FocalTversky,4,28,60,46.593991028886975,True
MSLesSeg,P49_T1,FocalTversky,4,29,8,50.53711507397311,False
MSLesSeg,P49_T1,FocalTversky,4,30,47,50.24937810560445,True
MSLesSeg,P49_T2,CATMIL,0,1,524,11.180339887498949,True
MSLesSeg,P49_T2,CATMIL,0,2,98,19.544820285692065,True
MSLesSeg,P49_T2,CATMIL,0,3,137,21.283796653792763,True
MSLesSeg,P49_T2,CATMIL,0,4,63,37.22902093797257,True
MSLesSeg,P49_T2,CATMIL,0,5,291,2.23606797749979,True
MSLesSeg,P49_T2,CATMIL,0,6,367,3.0,True
MSLesSeg,P49_T2,CATMIL,0,7,63,3.1622776601683795,True
MSLesSeg,P49_T2,CATMIL,0,8,950,2.0,True
MSLesSeg,P49_T2,CATMIL,0,9,167,1.7320508075688772,True
MSLesSeg,P49_T2,CATMIL,0,10,173,3.0,True
MSLesSeg,P49_T2,CATMIL,0,11,133,32.14031735997639,True
MSLesSeg,P49_T2,CATMIL,0,12,57,2.449489742783178,False
MSLesSeg,P49_T2,CATMIL,0,13,461,2.23606797749979,True
MSLesSeg,P49_T2,CATMIL,0,14,3256,1.0,True
MSLesSeg,P49_T2,CATMIL,0,15,294,1.7320508075688772,True
MSLesSeg,P49_T2,CATMIL,0,16,150,12.083045973594572,True
MSLesSeg,P49_T2,CATMIL,0,17,334,3.0,True
MSLesSeg,P49_T2,CATMIL,0,18,57,10.0,True
MSLesSeg,P49_T2,CATMIL,0,19,188,16.792855623746664,True
MSLesSeg,P49_T2,CATMIL,1,1,524,11.180339887498949,True
MSLesSeg,P49_T2,CATMIL,1,2,98,19.544820285692065,True
MSLesSeg,P49_T2,CATMIL,1,3,137,21.283796653792763,True
MSLesSeg,P49_T2,CATMIL,1,4,63,37.22902093797257,True
MSLesSeg,P49_T2,CATMIL,1,5,291,2.23606797749979,True
MSLesSeg,P49_T2,CATMIL,1,6,367,3.0,True
MSLesSeg,P49_T2,CATMIL,1,7,63,3.1622776601683795,True
MSLesSeg,P49_T2,CATMIL,1,8,950,2.0,True
MSLesSeg,P49_T2,CATMIL,1,9,167,1.7320508075688772,True
MSLesSeg,P49_T2,CATMIL,1,10,173,3.0,True
MSLesSeg,P49_T2,CATMIL,1,11,133,32.14031735997639,True
MSLesSeg,P49_T2,CATMIL,1,12,57,2.449489742783178,True
MSLesSeg,P49_T2,CATMIL,1,13,461,2.23606797749979,True
MSLesSeg,P49_T2,CATMIL,1,14,3256,1.0,True
MSLesSeg,P49_T2,CATMIL,1,15,294,1.7320508075688772,True
MSLesSeg,P49_T2,CATMIL,1,16,150,12.083045973594572,True
MSLesSeg,P49_T2,CATMIL,1,17,334,3.0,True
MSLesSeg,P49_T2,CATMIL,1,18,57,10.0,True
MSLesSeg,P49_T2,CATMIL,1,19,188,16.792855623746664,True
MSLesSeg,P49_T2,CATMIL,2,1,524,11.180339887498949,True
MSLesSeg,P49_T2,CATMIL,2,2,98,19.544820285692065,True
MSLesSeg,P49_T2,CATMIL,2,3,137,21.283796653792763,True
MSLesSeg,P49_T2,CATMIL,2,4,63,37.22902093797257,True
MSLesSeg,P49_T2,CATMIL,2,5,291,2.23606797749979,True
MSLesSeg,P49_T2,CATMIL,2,6,367,3.0,True
MSLesSeg,P49_T2,CATMIL,2,7,63,3.1622776601683795,True
MSLesSeg,P49_T2,CATMIL,2,8,950,2.0,True
MSLesSeg,P49_T2,CATMIL,2,9,167,1.7320508075688772,True
MSLesSeg,P49_T2,CATMIL,2,10,173,3.0,True
MSLesSeg,P49_T2,CATMIL,2,11,133,32.14031735997639,True
MSLesSeg,P49_T2,CATMIL,2,12,57,2.449489742783178,True
MSLesSeg,P49_T2,CATMIL,2,13,461,2.23606797749979,True
MSLesSeg,P49_T2,CATMIL,2,14,3256,1.0,True
MSLesSeg,P49_T2,CATMIL,2,15,294,1.7320508075688772,True
MSLesSeg,P49_T2,CATMIL,2,16,150,12.083045973594572,True
MSLesSeg,P49_T2,CATMIL,2,17,334,3.0,True
MSLesSeg,P49_T2,CATMIL,2,18,57,10.0,True
MSLesSeg,P49_T2,CATMIL,2,19,188,16.792855623746664,True
MSLesSeg,P49_T2,CATMIL,3,1,524,11.180339887498949,True
MSLesSeg,P49_T2,CATMIL,3,2,98,19.544820285692065,True
MSLesSeg,P49_T2,CATMIL,3,3,137,21.283796653792763,True
MSLesSeg,P49_T2,CATMIL,3,4,63,37.22902093797257,True
MSLesSeg,P49_T2,CATMIL,3,5,291,2.23606797749979,True
MSLesSeg,P49_T2,CATMIL,3,6,367,3.0,True
MSLesSeg,P49_T2,CATMIL,3,7,63,3.1622776601683795,True
MSLesSeg,P49_T2,CATMIL,3,8,950,2.0,True
MSLesSeg,P49_T2,CATMIL,3,9,167,1.7320508075688772,True
MSLesSeg,P49_T2,CATMIL,3,10,173,3.0,True
MSLesSeg,P49_T2,CATMIL,3,11,133,32.14031735997639,True
MSLesSeg,P49_T2,CATMIL,3,12,57,2.449489742783178,True
MSLesSeg,P49_T2,CATMIL,3,13,461,2.23606797749979,True
MSLesSeg,P49_T2,CATMIL,3,14,3256,1.0,True
MSLesSeg,P49_T2,CATMIL,3,15,294,1.7320508075688772,True
MSLesSeg,P49_T2,CATMIL,3,16,150,12.083045973594572,True
MSLesSeg,P49_T2,CATMIL,3,17,334,3.0,True
MSLesSeg,P49_T2,CATMIL,3,18,57,10.0,True
MSLesSeg,P49_T2,CATMIL,3,19,188,16.792855623746664,True
MSLesSeg,P49_T2,CATMIL,4,1,524,11.180339887498949,True
MSLesSeg,P49_T2,CATMIL,4,2,98,19.544820285692065,True
MSLesSeg,P49_T2,CATMIL,4,3,137,21.283796653792763,True
MSLesSeg,P49_T2,CATMIL,4,4,63,37.22902093797257,True
MSLesSeg,P49_T2,CATMIL,4,5,291,2.23606797749979,True
MSLesSeg,P49_T2,CATMIL,4,6,367,3.0,True
MSLesSeg,P49_T2,CATMIL,4,7,63,3.1622776601683795,True
MSLesSeg,P49_T2,CATMIL,4,8,950,2.0,True
MSLesSeg,P49_T2,CATMIL,4,9,167,1.7320508075688772,True
MSLesSeg,P49_T2,CATMIL,4,10,173,3.0,True
MSLesSeg,P49_T2,CATMIL,4,11,133,32.14031735997639,True
MSLesSeg,P49_T2,CATMIL,4,12,57,2.449489742783178,False
MSLesSeg,P49_T2,CATMIL,4,13,461,2.23606797749979,True
MSLesSeg,P49_T2,CATMIL,4,14,3256,1.0,True
MSLesSeg,P49_T2,CATMIL,4,15,294,1.7320508075688772,True
MSLesSeg,P49_T2,CATMIL,4,16,150,12.083045973594572,True
MSLesSeg,P49_T2,CATMIL,4,17,334,3.0,True
MSLesSeg,P49_T2,CATMIL,4,18,57,10.0,True
MSLesSeg,P49_T2,CATMIL,4,19,188,16.792855623746664,True
MSLesSeg,P49_T2,DiceCE,0,1,524,11.180339887498949,True
MSLesSeg,P49_T2,DiceCE,0,2,98,19.544820285692065,True
MSLesSeg,P49_T2,DiceCE,0,3,137,21.283796653792763,True
MSLesSeg,P49_T2,DiceCE,0,4,63,37.22902093797257,True
MSLesSeg,P49_T2,DiceCE,0,5,291,2.23606797749979,True
MSLesSeg,P49_T2,DiceCE,0,6,367,3.0,True
MSLesSeg,P49_T2,DiceCE,0,7,63,3.1622776601683795,True
MSLesSeg,P49_T2,DiceCE,0,8,950,2.0,True
MSLesSeg,P49_T2,DiceCE,0,9,167,1.7320508075688772,True
MSLesSeg,P49_T2,DiceCE,0,10,173,3.0,True
MSLesSeg,P49_T2,DiceCE,0,11,133,32.14031735997639,True
MSLesSeg,P49_T2,DiceCE,0,12,57,2.449489742783178,True
MSLesSeg,P49_T2,DiceCE,0,13,461,2.23606797749979,True
MSLesSeg,P49_T2,DiceCE,0,14,3256,1.0,True
MSLesSeg,P49_T2,DiceCE,0,15,294,1.7320508075688772,True
MSLesSeg,P49_T2,DiceCE,0,16,150,12.083045973594572,True
MSLesSeg,P49_T2,DiceCE,0,17,334,3.0,True
MSLesSeg,P49_T2,DiceCE,0,18,57,10.0,False
MSLesSeg,P49_T2,DiceCE,0,19,188,16.792855623746664,True
MSLesSeg,P49_T2,DiceCE,1,1,524,11.180339887498949,True
MSLesSeg,P49_T2,DiceCE,1,2,98,19.544820285692065,True
MSLesSeg,P49_T2,DiceCE,1,3,137,21.283796653792763,True
MSLesSeg,P49_T2,DiceCE,1,4,63,37.22902093797257,True
MSLesSeg,P49_T2,DiceCE,1,5,291,2.23606797749979,True
MSLesSeg,P49_T2,DiceCE,1,6,367,3.0,True
MSLesSeg,P49_T2,DiceCE,1,7,63,3.1622776601683795,True
MSLesSeg,P49_T2,DiceCE,1,8,950,2.0,True
MSLesSeg,P49_T2,DiceCE,1,9,167,1.7320508075688772,True
MSLesSeg,P49_T2,DiceCE,1,10,173,3.0,True
MSLesSeg,P49_T2,DiceCE,1,11,133,32.14031735997639,True
MSLesSeg,P49_T2,DiceCE,1,12,57,2.449489742783178,True
MSLesSeg,P49_T2,DiceCE,1,13,461,2.23606797749979,True
MSLesSeg,P49_T2,DiceCE,1,14,3256,1.0,True
MSLesSeg,P49_T2,DiceCE,1,15,294,1.7320508075688772,True
MSLesSeg,P49_T2,DiceCE,1,16,150,12.083045973594572,True
MSLesSeg,P49_T2,DiceCE,1,17,334,3.0,True
MSLesSeg,P49_T2,DiceCE,1,18,57,10.0,False
MSLesSeg,P49_T2,DiceCE,1,19,188,16.792855623746664,True
MSLesSeg,P49_T2,DiceCE,2,1,524,11.180339887498949,True
MSLesSeg,P49_T2,DiceCE,2,2,98,19.544820285692065,True
MSLesSeg,P49_T2,DiceCE,2,3,137,21.283796653792763,True
MSLesSeg,P49_T2,DiceCE,2,4,63,37.22902093797257,False
MSLesSeg,P49_T2,DiceCE,2,5,291,2.23606797749979,True
MSLesSeg,P49_T2,DiceCE,2,6,367,3.0,True
MSLesSeg,P49_T2,DiceCE,2,7,63,3.1622776601683795,True
MSLesSeg,P49_T2,DiceCE,2,8,950,2.0,True
MSLesSeg,P49_T2,DiceCE,2,9,167,1.7320508075688772,True
MSLesSeg,P49_T2,DiceCE,2,10,173,3.0,True
MSLesSeg,P49_T2,DiceCE,2,11,133,32.14031735997639,False
MSLesSeg,P49_T2,DiceCE,2,12,57,2.449489742783178,True
MSLesSeg,P49_T2,DiceCE,2,13,461,2.23606797749979,True
MSLesSeg,P49_T2,DiceCE,2,14,3256,1.0,True
MSLesSeg,P49_T2,DiceCE,2,15,294,1.7320508075688772,True
MSLesSeg,P49_T2,DiceCE,2,16,150,12.083045973594572,True
MSLesSeg,P49_T2,DiceCE,2,17,334,3.0,True
MSLesSeg,P49_T2,DiceCE,2,18,57,10.0,True
MSLesSeg,P49_T2,DiceCE,2,19,188,16.792855623746664,True
MSLesSeg,P49_T2,DiceCE,3,1,524,11.180339887498949,True
MSLesSeg,P49_T2,DiceCE,3,2,98,19.544820285692065,True
MSLesSeg,P49_T2,DiceCE,3,3,137,21.283796653792763,False
MSLesSeg,P49_T2,DiceCE,3,4,63,37.22902093797257,False
MSLesSeg,P49_T2,DiceCE,3,5,291,2.23606797749979,True
MSLesSeg,P49_T2,DiceCE,3,6,367,3.0,True
MSLesSeg,P49_T2,DiceCE,3,7,63,3.1622776601683795,True
MSLesSeg,P49_T2,DiceCE,3,8,950,2.0,True
MSLesSeg,P49_T2,DiceCE,3,9,167,1.7320508075688772,True
MSLesSeg,P49_T2,DiceCE,3,10,173,3.0,True
MSLesSeg,P49_T2,DiceCE,3,11,133,32.14031735997639,False
MSLesSeg,P49_T2,DiceCE,3,12,57,2.449489742783178,True
MSLesSeg,P49_T2,DiceCE,3,13,461,2.23606797749979,True
MSLesSeg,P49_T2,DiceCE,3,14,3256,1.0,True
MSLesSeg,P49_T2,DiceCE,3,15,294,1.7320508075688772,True
MSLesSeg,P49_T2,DiceCE,3,16,150,12.083045973594572,True
MSLesSeg,P49_T2,DiceCE,3,17,334,3.0,True
MSLesSeg,P49_T2,DiceCE,3,18,57,10.0,True
MSLesSeg,P49_T2,DiceCE,3,19,188,16.792855623746664,True
MSLesSeg,P49_T2,DiceCE,4,1,524,11.180339887498949,True
MSLesSeg,P49_T2,DiceCE,4,2,98,19.544820285692065,True
MSLesSeg,P49_T2,DiceCE,4,3,137,21.283796653792763,True
MSLesSeg,P49_T2,DiceCE,4,4,63,37.22902093797257,True
MSLesSeg,P49_T2,DiceCE,4,5,291,2.23606797749979,True
MSLesSeg,P49_T2,DiceCE,4,6,367,3.0,True
MSLesSeg,P49_T2,DiceCE,4,7,63,3.1622776601683795,True
MSLesSeg,P49_T2,DiceCE,4,8,950,2.0,True
MSLesSeg,P49_T2,DiceCE,4,9,167,1.7320508075688772,True
MSLesSeg,P49_T2,DiceCE,4,10,173,3.0,True
MSLesSeg,P49_T2,DiceCE,4,11,133,32.14031735997639,True
MSLesSeg,P49_T2,DiceCE,4,12,57,2.449489742783178,True
MSLesSeg,P49_T2,DiceCE,4,13,461,2.23606797749979,True
MSLesSeg,P49_T2,DiceCE,4,14,3256,1.0,True
MSLesSeg,P49_T2,DiceCE,4,15,294,1.7320508075688772,True
MSLesSeg,P49_T2,DiceCE,4,16,150,12.083045973594572,True
MSLesSeg,P49_T2,DiceCE,4,17,334,3.0,True
MSLesSeg,P49_T2,DiceCE,4,18,57,10.0,True
MSLesSeg,P49_T2,DiceCE,4,19,188,16.792855623746664,True
MSLesSeg,P49_T2,Tversky,0,1,524,11.180339887498949,True
MSLesSeg,P49_T2,Tversky,0,2,98,19.544820285692065,True
MSLesSeg,P49_T2,Tversky,0,3,137,21.283796653792763,True
MSLesSeg,P49_T2,Tversky,0,4,63,37.22902093797257,True
MSLesSeg,P49_T2,Tversky,0,5,291,2.23606797749979,True
MSLesSeg,P49_T2,Tversky,0,6,367,3.0,True
MSLesSeg,P49_T2,Tversky,0,7,63,3.1622776601683795,True
MSLesSeg,P49_T2,Tversky,0,8,950,2.0,True
MSLesSeg,P49_T2,Tversky,0,9,167,1.7320508075688772,True
MSLesSeg,P49_T2,Tversky,0,10,173,3.0,True
MSLesSeg,P49_T2,Tversky,0,11,133,32.14031735997639,True
MSLesSeg,P49_T2,Tversky,0,12,57,2.449489742783178,True
MSLesSeg,P49_T2,Tversky,0,13,461,2.23606797749979,True
MSLesSeg,P49_T2,Tversky,0,14,3256,1.0,True
MSLesSeg,P49_T2,Tversky,0,15,294,1.7320508075688772,True
MSLesSeg,P49_T2,Tversky,0,16,150,12.083045973594572,True
MSLesSeg,P49_T2,Tversky,0,17,334,3.0,True
MSLesSeg,P49_T2,Tversky,0,18,57,10.0,True
MSLesSeg,P49_T2,Tversky,0,19,188,16.792855623746664,True
MSLesSeg,P49_T2,Tversky,1,1,524,11.180339887498949,True
MSLesSeg,P49_T2,Tversky,1,2,98,19.544820285692065,True
MSLesSeg,P49_T2,Tversky,1,3,137,21.283796653792763,True
MSLesSeg,P49_T2,Tversky,1,4,63,37.22902093797257,True
MSLesSeg,P49_T2,Tversky,1,5,291,2.23606797749979,True
MSLesSeg,P49_T2,Tversky,1,6,367,3.0,True
MSLesSeg,P49_T2,Tversky,1,7,63,3.1622776601683795,True
MSLesSeg,P49_T2,Tversky,1,8,950,2.0,True
MSLesSeg,P49_T2,Tversky,1,9,167,1.7320508075688772,True
MSLesSeg,P49_T2,Tversky,1,10,173,3.0,True
MSLesSeg,P49_T2,Tversky,1,11,133,32.14031735997639,False
MSLesSeg,P49_T2,Tversky,1,12,57,2.449489742783178,True
MSLesSeg,P49_T2,Tversky,1,13,461,2.23606797749979,True
MSLesSeg,P49_T2,Tversky,1,14,3256,1.0,True
MSLesSeg,P49_T2,Tversky,1,15,294,1.7320508075688772,True
MSLesSeg,P49_T2,Tversky,1,16,150,12.083045973594572,True
MSLesSeg,P49_T2,Tversky,1,17,334,3.0,True
MSLesSeg,P49_T2,Tversky,1,18,57,10.0,False
MSLesSeg,P49_T2,Tversky,1,19,188,16.792855623746664,True
MSLesSeg,P49_T2,Tversky,2,1,524,11.180339887498949,True
MSLesSeg,P49_T2,Tversky,2,2,98,19.544820285692065,True
MSLesSeg,P49_T2,Tversky,2,3,137,21.283796653792763,True
MSLesSeg,P49_T2,Tversky,2,4,63,37.22902093797257,True
MSLesSeg,P49_T2,Tversky,2,5,291,2.23606797749979,True
MSLesSeg,P49_T2,Tversky,2,6,367,3.0,True
MSLesSeg,P49_T2,Tversky,2,7,63,3.1622776601683795,True
MSLesSeg,P49_T2,Tversky,2,8,950,2.0,True
MSLesSeg,P49_T2,Tversky,2,9,167,1.7320508075688772,True
MSLesSeg,P49_T2,Tversky,2,10,173,3.0,True
MSLesSeg,P49_T2,Tversky,2,11,133,32.14031735997639,False
MSLesSeg,P49_T2,Tversky,2,12,57,2.449489742783178,True
MSLesSeg,P49_T2,Tversky,2,13,461,2.23606797749979,True
MSLesSeg,P49_T2,Tversky,2,14,3256,1.0,True
MSLesSeg,P49_T2,Tversky,2,15,294,1.7320508075688772,True
MSLesSeg,P49_T2,Tversky,2,16,150,12.083045973594572,True
MSLesSeg,P49_T2,Tversky,2,17,334,3.0,True
MSLesSeg,P49_T2,Tversky,2,18,57,10.0,False
MSLesSeg,P49_T2,Tversky,2,19,188,16.792855623746664,True
MSLesSeg,P49_T2,Tversky,3,1,524,11.180339887498949,True
MSLesSeg,P49_T2,Tversky,3,2,98,19.544820285692065,True
MSLesSeg,P49_T2,Tversky,3,3,137,21.283796653792763,True
MSLesSeg,P49_T2,Tversky,3,4,63,37.22902093797257,False
MSLesSeg,P49_T2,Tversky,3,5,291,2.23606797749979,True
MSLesSeg,P49_T2,Tversky,3,6,367,3.0,True
MSLesSeg,P49_T2,Tversky,3,7,63,3.1622776601683795,True
MSLesSeg,P49_T2,Tversky,3,8,950,2.0,True
MSLesSeg,P49_T2,Tversky,3,9,167,1.7320508075688772,True
MSLesSeg,P49_T2,Tversky,3,10,173,3.0,True
MSLesSeg,P49_T2,Tversky,3,11,133,32.14031735997639,True
MSLesSeg,P49_T2,Tversky,3,12,57,2.449489742783178,True
MSLesSeg,P49_T2,Tversky,3,13,461,2.23606797749979,True
MSLesSeg,P49_T2,Tversky,3,14,3256,1.0,True
MSLesSeg,P49_T2,Tversky,3,15,294,1.7320508075688772,True
MSLesSeg,P49_T2,Tversky,3,16,150,12.083045973594572,True
MSLesSeg,P49_T2,Tversky,3,17,334,3.0,True
MSLesSeg,P49_T2,Tversky,3,18,57,10.0,True
MSLesSeg,P49_T2,Tversky,3,19,188,16.792855623746664,True
MSLesSeg,P49_T2,Tversky,4,1,524,11.180339887498949,True
MSLesSeg,P49_T2,Tversky,4,2,98,19.544820285692065,True
MSLesSeg,P49_T2,Tversky,4,3,137,21.283796653792763,True
MSLesSeg,P49_T2,Tversky,4,4,63,37.22902093797257,True
MSLesSeg,P49_T2,Tversky,4,5,291,2.23606797749979,True
MSLesSeg,P49_T2,Tversky,4,6,367,3.0,True
MSLesSeg,P49_T2,Tversky,4,7,63,3.1622776601683795,True
MSLesSeg,P49_T2,Tversky,4,8,950,2.0,True
MSLesSeg,P49_T2,Tversky,4,9,167,1.7320508075688772,True
MSLesSeg,P49_T2,Tversky,4,10,173,3.0,True
MSLesSeg,P49_T2,Tversky,4,11,133,32.14031735997639,False
MSLesSeg,P49_T2,Tversky,4,12,57,2.449489742783178,True
MSLesSeg,P49_T2,Tversky,4,13,461,2.23606797749979,True
MSLesSeg,P49_T2,Tversky,4,14,3256,1.0,True
MSLesSeg,P49_T2,Tversky,4,15,294,1.7320508075688772,True
MSLesSeg,P49_T2,Tversky,4,16,150,12.083045973594572,True
MSLesSeg,P49_T2,Tversky,4,17,334,3.0,True
MSLesSeg,P49_T2,Tversky,4,18,57,10.0,True
MSLesSeg,P49_T2,Tversky,4,19,188,16.792855623746664,True
MSLesSeg,P49_T2,FocalTversky,0,1,524,11.180339887498949,True
MSLesSeg,P49_T2,FocalTversky,0,2,98,19.544820285692065,True
MSLesSeg,P49_T2,FocalTversky,0,3,137,21.283796653792763,True
MSLesSeg,P49_T2,FocalTversky,0,4,63,37.22902093797257,True
MSLesSeg,P49_T2,FocalTversky,0,5,291,2.23606797749979,True
MSLesSeg,P49_T2,FocalTversky,0,6,367,3.0,True
MSLesSeg,P49_T2,FocalTversky,0,7,63,3.1622776601683795,True
MSLesSeg,P49_T2,FocalTversky,0,8,950,2.0,True
MSLesSeg,P49_T2,FocalTversky,0,9,167,1.7320508075688772,True
MSLesSeg,P49_T2,FocalTversky,0,10,173,3.0,True
MSLesSeg,P49_T2,FocalTversky,0,11,133,32.14031735997639,True
MSLesSeg,P49_T2,FocalTversky,0,12,57,2.449489742783178,True
MSLesSeg,P49_T2,FocalTversky,0,13,461,2.23606797749979,True
MSLesSeg,P49_T2,FocalTversky,0,14,3256,1.0,True
MSLesSeg,P49_T2,FocalTversky,0,15,294,1.7320508075688772,True
MSLesSeg,P49_T2,FocalTversky,0,16,150,12.083045973594572,True
MSLesSeg,P49_T2,FocalTversky,0,17,334,3.0,True
MSLesSeg,P49_T2,FocalTversky,0,18,57,10.0,True
MSLesSeg,P49_T2,FocalTversky,0,19,188,16.792855623746664,True
MSLesSeg,P49_T2,FocalTversky,1,1,524,11.180339887498949,True
MSLesSeg,P49_T2,FocalTversky,1,2,98,19.544820285692065,True
MSLesSeg,P49_T2,FocalTversky,1,3,137,21.283796653792763,True
MSLesSeg,P49_T2,FocalTversky,1,4,63,37.22902093797257,False
MSLesSeg,P49_T2,FocalTversky,1,5,291,2.23606797749979,True
MSLesSeg,P49_T2,FocalTversky,1,6,367,3.0,True
MSLesSeg,P49_T2,FocalTversky,1,7,63,3.1622776601683795,True
MSLesSeg,P49_T2,FocalTversky,1,8,950,2.0,True
MSLesSeg,P49_T2,FocalTversky,1,9,167,1.7320508075688772,True
MSLesSeg,P49_T2,FocalTversky,1,10,173,3.0,True
MSLesSeg,P49_T2,FocalTversky,1,11,133,32.14031735997639,False
MSLesSeg,P49_T2,FocalTversky,1,12,57,2.449489742783178,True
MSLesSeg,P49_T2,FocalTversky,1,13,461,2.23606797749979,True
MSLesSeg,P49_T2,FocalTversky,1,14,3256,1.0,True
MSLesSeg,P49_T2,FocalTversky,1,15,294,1.7320508075688772,True
MSLesSeg,P49_T2,FocalTversky,1,16,150,12.083045973594572,True
MSLesSeg,P49_T2,FocalTversky,1,17,334,3.0,True
MSLesSeg,P49_T2,FocalTversky,1,18,57,10.0,False
MSLesSeg,P49_T2,FocalTversky,1,19,188,16.792855623746664,True
MSLesSeg,P49_T2,FocalTversky,2,1,524,11.180339887498949,True
MSLesSeg,P49_T2,FocalTversky,2,2,98,19.544820285692065,True
MSLesSeg,P49_T2,FocalTversky,2,3,137,21.283796653792763,True
MSLesSeg,P49_T2,FocalTversky,2,4,63,37.22902093797257,True
MSLesSeg,P49_T2,FocalTversky,2,5,291,2.23606797749979,True
MSLesSeg,P49_T2,FocalTversky,2,6,367,3.0,True
MSLesSeg,P49_T2,FocalTversky,2,7,63,3.1622776601683795,True
MSLesSeg,P49_T2,FocalTversky,2,8,950,2.0,True
MSLesSeg,P49_T2,FocalTversky,2,9,167,1.7320508075688772,True
MSLesSeg,P49_T2,FocalTversky,2,10,173,3.0,True
MSLesSeg,P49_T2,FocalTversky,2,11,133,32.14031735997639,True
MSLesSeg,P49_T2,FocalTversky,2,12,57,2.449489742783178,True
MSLesSeg,P49_T2,FocalTversky,2,13,461,2.23606797749979,True
MSLesSeg,P49_T2,FocalTversky,2,14,3256,1.0,True
MSLesSeg,P49_T2,FocalTversky,2,15,294,1.7320508075688772,True
MSLesSeg,P49_T2,FocalTversky,2,16,150,12.083045973594572,True
MSLesSeg,P49_T2,FocalTversky,2,17,334,3.0,True
MSLesSeg,P49_T2,FocalTversky,2,18,57,10.0,True
MSLesSeg,P49_T2,FocalTversky,2,19,188,16.792855623746664,True
MSLesSeg,P49_T2,FocalTversky,3,1,524,11.180339887498949,True
MSLesSeg,P49_T2,FocalTversky,3,2,98,19.544820285692065,True
MSLesSeg,P49_T2,FocalTversky,3,3,137,21.283796653792763,False
MSLesSeg,P49_T2,FocalTversky,3,4,63,37.22902093797257,False
MSLesSeg,P49_T2,FocalTversky,3,5,291,2.23606797749979,True
MSLesSeg,P49_T2,FocalTversky,3,6,367,3.0,True
MSLesSeg,P49_T2,FocalTversky,3,7,63,3.1622776601683795,True
MSLesSeg,P49_T2,FocalTversky,3,8,950,2.0,True
MSLesSeg,P49_T2,FocalTversky,3,9,167,1.7320508075688772,True
MSLesSeg,P49_T2,FocalTversky,3,10,173,3.0,True
MSLesSeg,P49_T2,FocalTversky,3,11,133,32.14031735997639,False
MSLesSeg,P49_T2,FocalTversky,3,12,57,2.449489742783178,True
MSLesSeg,P49_T2,FocalTversky,3,13,461,2.23606797749979,True
MSLesSeg,P49_T2,FocalTversky,3,14,3256,1.0,True
MSLesSeg,P49_T2,FocalTversky,3,15,294,1.7320508075688772,True
MSLesSeg,P49_T2,FocalTversky,3,16,150,12.083045973594572,True
MSLesSeg,P49_T2,FocalTversky,3,17,334,3.0,True
MSLesSeg,P49_T2,FocalTversky,3,18,57,10.0,True
MSLesSeg,P49_T2,FocalTversky,3,19,188,16.792855623746664,True
MSLesSeg,P49_T2,FocalTversky,4,1,524,11.180339887498949,True
MSLesSeg,P49_T2,FocalTversky,4,2,98,19.544820285692065,True
MSLesSeg,P49_T2,FocalTversky,4,3,137,21.283796653792763,True
MSLesSeg,P49_T2,FocalTversky,4,4,63,37.22902093797257,True
MSLesSeg,P49_T2,FocalTversky,4,5,291,2.23606797749979,True
MSLesSeg,P49_T2,FocalTversky,4,6,367,3.0,True
MSLesSeg,P49_T2,FocalTversky,4,7,63,3.1622776601683795,True
MSLesSeg,P49_T2,FocalTversky,4,8,950,2.0,True
MSLesSeg,P49_T2,FocalTversky,4,9,167,1.7320508075688772,True
MSLesSeg,P49_T2,FocalTversky,4,10,173,3.0,True
MSLesSeg,P49_T2,FocalTversky,4,11,133,32.14031735997639,False
MSLesSeg,P49_T2,FocalTversky,4,12,57,2.449489742783178,True
MSLesSeg,P49_T2,FocalTversky,4,13,461,2.23606797749979,True
MSLesSeg,P49_T2,FocalTversky,4,14,3256,1.0,True
MSLesSeg,P49_T2,FocalTversky,4,15,294,1.7320508075688772,True
MSLesSeg,P49_T2,FocalTversky,4,16,150,12.083045973594572,True
MSLesSeg,P49_T2,FocalTversky,4,17,334,3.0,True
MSLesSeg,P49_T2,FocalTversky,4,18,57,10.0,False
MSLesSeg,P49_T2,FocalTversky,4,19,188,16.792855623746664,True
MSLesSeg,P52_T1,CATMIL,0,1,46,38.41874542459709,True
MSLesSeg,P52_T1,CATMIL,0,2,31,36.359317925395686,True
MSLesSeg,P52_T1,CATMIL,0,3,360,1.4142135623730951,True
MSLesSeg,P52_T1,CATMIL,0,4,82,36.89173349139343,True
MSLesSeg,P52_T1,CATMIL,0,5,37,3.7416573867739413,False
MSLesSeg,P52_T1,CATMIL,0,6,3,36.193922141707716,False
MSLesSeg,P52_T1,CATMIL,0,7,2,37.94733192202055,False
MSLesSeg,P52_T1,CATMIL,0,8,149,34.9857113690718,True
MSLesSeg,P52_T1,CATMIL,0,9,32,2.23606797749979,True
MSLesSeg,P52_T1,CATMIL,0,10,25,11.045361017187261,True
MSLesSeg,P52_T1,CATMIL,0,11,353,3.0,True
MSLesSeg,P52_T1,CATMIL,0,12,255,1.4142135623730951,True
MSLesSeg,P52_T1,CATMIL,0,13,70,4.47213595499958,True
MSLesSeg,P52_T1,CATMIL,0,14,299,2.0,True
MSLesSeg,P52_T1,CATMIL,0,15,117,2.23606797749979,True
MSLesSeg,P52_T1,CATMIL,0,16,177,32.03123475609393,True
MSLesSeg,P52_T1,CATMIL,0,17,54,8.48528137423857,True
MSLesSeg,P52_T1,CATMIL,0,18,312,3.0,True
MSLesSeg,P52_T1,CATMIL,0,19,44,19.621416870348583,True
MSLesSeg,P52_T1,CATMIL,0,20,410,1.4142135623730951,True
MSLesSeg,P52_T1,CATMIL,0,21,38,2.23606797749979,True
MSLesSeg,P52_T1,CATMIL,0,22,100,12.806248474865697,True
MSLesSeg,P52_T1,CATMIL,0,23,1,2.449489742783178,False
MSLesSeg,P52_T1,CATMIL,0,24,71,12.806248474865697,True
MSLesSeg,P52_T1,CATMIL,0,25,37,10.677078252031311,True
MSLesSeg,P52_T1,CATMIL,0,26,86,12.409673645990857,True
MSLesSeg,P52_T1,CATMIL,0,27,18,23.62202362203543,True
MSLesSeg,P52_T1,CATMIL,0,28,97,36.235341863986875,True
MSLesSeg,P52_T1,CATMIL,1,1,46,38.41874542459709,True
MSLesSeg,P52_T1,CATMIL,1,2,31,36.359317925395686,True
MSLesSeg,P52_T1,CATMIL,1,3,360,1.4142135623730951,True
MSLesSeg,P52_T1,CATMIL,1,4,82,36.89173349139343,True
MSLesSeg,P52_T1,CATMIL,1,5,37,3.7416573867739413,True
MSLesSeg,P52_T1,CATMIL,1,6,3,36.193922141707716,False
MSLesSeg,P52_T1,CATMIL,1,7,2,37.94733192202055,False
MSLesSeg,P52_T1,CATMIL,1,8,149,34.9857113690718,True
MSLesSeg,P52_T1,CATMIL,1,9,32,2.23606797749979,False
MSLesSeg,P52_T1,CATMIL,1,10,25,11.045361017187261,True
MSLesSeg,P52_T1,CATMIL,1,11,353,3.0,True
MSLesSeg,P52_T1,CATMIL,1,12,255,1.4142135623730951,True
MSLesSeg,P52_T1,CATMIL,1,13,70,4.47213595499958,True
MSLesSeg,P52_T1,CATMIL,1,14,299,2.0,True
MSLesSeg,P52_T1,CATMIL,1,15,117,2.23606797749979,True
MSLesSeg,P52_T1,CATMIL,1,16,177,32.03123475609393,True
MSLesSeg,P52_T1,CATMIL,1,17,54,8.48528137423857,True
MSLesSeg,P52_T1,CATMIL,1,18,312,3.0,True
MSLesSeg,P52_T1,CATMIL,1,19,44,19.621416870348583,True
MSLesSeg,P52_T1,CATMIL,1,20,410,1.4142135623730951,True
MSLesSeg,P52_T1,CATMIL,1,21,38,2.23606797749979,True
MSLesSeg,P52_T1,CATMIL,1,22,100,12.806248474865697,True
MSLesSeg,P52_T1,CATMIL,1,23,1,2.449489742783178,False
MSLesSeg,P52_T1,CATMIL,1,24,71,12.806248474865697,True
MSLesSeg,P52_T1,CATMIL,1,25,37,10.677078252031311,True
MSLesSeg,P52_T1,CATMIL,1,26,86,12.409673645990857,True
MSLesSeg,P52_T1,CATMIL,1,27,18,23.62202362203543,True
MSLesSeg,P52_T1,CATMIL,1,28,97,36.235341863986875,True
MSLesSeg,P52_T1,CATMIL,2,1,46,38.41874542459709,True
MSLesSeg,P52_T1,CATMIL,2,2,31,36.359317925395686,True
MSLesSeg,P52_T1,CATMIL,2,3,360,1.4142135623730951,True
MSLesSeg,P52_T1,CATMIL,2,4,82,36.89173349139343,True
MSLesSeg,P52_T1,CATMIL,2,5,37,3.7416573867739413,False
MSLesSeg,P52_T1,CATMIL,2,6,3,36.193922141707716,False
MSLesSeg,P52_T1,CATMIL,2,7,2,37.94733192202055,False
MSLesSeg,P52_T1,CATMIL,2,8,149,34.9857113690718,True
MSLesSeg,P52_T1,CATMIL,2,9,32,2.23606797749979,False
MSLesSeg,P52_T1,CATMIL,2,10,25,11.045361017187261,True
MSLesSeg,P52_T1,CATMIL,2,11,353,3.0,True
MSLesSeg,P52_T1,CATMIL,2,12,255,1.4142135623730951,True
MSLesSeg,P52_T1,CATMIL,2,13,70,4.47213595499958,True
MSLesSeg,P52_T1,CATMIL,2,14,299,2.0,True
MSLesSeg,P52_T1,CATMIL,2,15,117,2.23606797749979,True
MSLesSeg,P52_T1,CATMIL,2,16,177,32.03123475609393,True
MSLesSeg,P52_T1,CATMIL,2,17,54,8.48528137423857,True
MSLesSeg,P52_T1,CATMIL,2,18,312,3.0,True
MSLesSeg,P52_T1,CATMIL,2,19,44,19.621416870348583,True
MSLesSeg,P52_T1,CATMIL,2,20,410,1.4142135623730951,True
MSLesSeg,P52_T1,CATMIL,2,21,38,2.23606797749979,True
MSLesSeg,P52_T1,CATMIL,2,22,100,12.806248474865697,True
MSLesSeg,P52_T1,CATMIL,2,23,1,2.449489742783178,False
MSLesSeg,P52_T1,CATMIL,2,24,71,12.806248474865697,True
MSLesSeg,P52_T1,CATMIL,2,25,37,10.677078252031311,True
MSLesSeg,P52_T1,CATMIL,2,26,86,12.409673645990857,True
MSLesSeg,P52_T1,CATMIL,2,27,18,23.62202362203543,True
MSLesSeg,P52_T1,CATMIL,2,28,97,36.235341863986875,True
MSLesSeg,P52_T1,CATMIL,3,1,46,38.41874542459709,True
MSLesSeg,P52_T1,CATMIL,3,2,31,36.359317925395686,True
MSLesSeg,P52_T1,CATMIL,3,3,360,1.4142135623730951,True
MSLesSeg,P52_T1,CATMIL,3,4,82,36.89173349139343,True
MSLesSeg,P52_T1,CATMIL,3,5,37,3.7416573867739413,True
MSLesSeg,P52_T1,CATMIL,3,6,3,36.193922141707716,False
MSLesSeg,P52_T1,CATMIL,3,7,2,37.94733192202055,False
MSLesSeg,P52_T1,CATMIL,3,8,149,34.9857113690718,True
MSLesSeg,P52_T1,CATMIL,3,9,32,2.23606797749979,False
MSLesSeg,P52_T1,CATMIL,3,10,25,11.045361017187261,True
MSLesSeg,P52_T1,CATMIL,3,11,353,3.0,True
MSLesSeg,P52_T1,CATMIL,3,12,255,1.4142135623730951,True
MSLesSeg,P52_T1,CATMIL,3,13,70,4.47213595499958,True
MSLesSeg,P52_T1,CATMIL,3,14,299,2.0,True
MSLesSeg,P52_T1,CATMIL,3,15,117,2.23606797749979,True
MSLesSeg,P52_T1,CATMIL,3,16,177,32.03123475609393,True
MSLesSeg,P52_T1,CATMIL,3,17,54,8.48528137423857,True
MSLesSeg,P52_T1,CATMIL,3,18,312,3.0,True
MSLesSeg,P52_T1,CATMIL,3,19,44,19.621416870348583,True
MSLesSeg,P52_T1,CATMIL,3,20,410,1.4142135623730951,True
MSLesSeg,P52_T1,CATMIL,3,21,38,2.23606797749979,True
MSLesSeg,P52_T1,CATMIL,3,22,100,12.806248474865697,True
MSLesSeg,P52_T1,CATMIL,3,23,1,2.449489742783178,False
MSLesSeg,P52_T1,CATMIL,3,24,71,12.806248474865697,True
MSLesSeg,P52_T1,CATMIL,3,25,37,10.677078252031311,True
MSLesSeg,P52_T1,CATMIL,3,26,86,12.409673645990857,True
MSLesSeg,P52_T1,CATMIL,3,27,18,23.62202362203543,True
MSLesSeg,P52_T1,CATMIL,3,28,97,36.235341863986875,True
MSLesSeg,P52_T1,CATMIL,4,1,46,38.41874542459709,True
MSLesSeg,P52_T1,CATMIL,4,2,31,36.359317925395686,True
MSLesSeg,P52_T1,CATMIL,4,3,360,1.4142135623730951,True
MSLesSeg,P52_T1,CATMIL,4,4,82,36.89173349139343,True
MSLesSeg,P52_T1,CATMIL,4,5,37,3.7416573867739413,True
MSLesSeg,P52_T1,CATMIL,4,6,3,36.193922141707716,True
MSLesSeg,P52_T1,CATMIL,4,7,2,37.94733192202055,True
MSLesSeg,P52_T1,CATMIL,4,8,149,34.9857113690718,True
MSLesSeg,P52_T1,CATMIL,4,9,32,2.23606797749979,True
MSLesSeg,P52_T1,CATMIL,4,10,25,11.045361017187261,True
MSLesSeg,P52_T1,CATMIL,4,11,353,3.0,True
MSLesSeg,P52_T1,CATMIL,4,12,255,1.4142135623730951,True
MSLesSeg,P52_T1,CATMIL,4,13,70,4.47213595499958,True
MSLesSeg,P52_T1,CATMIL,4,14,299,2.0,True
MSLesSeg,P52_T1,CATMIL,4,15,117,2.23606797749979,True
MSLesSeg,P52_T1,CATMIL,4,16,177,32.03123475609393,True
MSLesSeg,P52_T1,CATMIL,4,17,54,8.48528137423857,True
MSLesSeg,P52_T1,CATMIL,4,18,312,3.0,True
MSLesSeg,P52_T1,CATMIL,4,19,44,19.621416870348583,True
MSLesSeg,P52_T1,CATMIL,4,20,410,1.4142135623730951,True
MSLesSeg,P52_T1,CATMIL,4,21,38,2.23606797749979,True
MSLesSeg,P52_T1,CATMIL,4,22,100,12.806248474865697,True
MSLesSeg,P52_T1,CATMIL,4,23,1,2.449489742783178,False
MSLesSeg,P52_T1,CATMIL,4,24,71,12.806248474865697,True
MSLesSeg,P52_T1,CATMIL,4,25,37,10.677078252031311,True
MSLesSeg,P52_T1,CATMIL,4,26,86,12.409673645990857,True
MSLesSeg,P52_T1,CATMIL,4,27,18,23.62202362203543,True
MSLesSeg,P52_T1,CATMIL,4,28,97,36.235341863986875,True
MSLesSeg,P52_T1,DiceCE,0,1,46,38.41874542459709,True
MSLesSeg,P52_T1,DiceCE,0,2,31,36.359317925395686,True
MSLesSeg,P52_T1,DiceCE,0,3,360,1.4142135623730951,True
MSLesSeg,P52_T1,DiceCE,0,4,82,36.89173349139343,True
MSLesSeg,P52_T1,DiceCE,0,5,37,3.7416573867739413,True
MSLesSeg,P52_T1,DiceCE,0,6,3,36.193922141707716,False
MSLesSeg,P52_T1,DiceCE,0,7,2,37.94733192202055,False
MSLesSeg,P52_T1,DiceCE,0,8,149,34.9857113690718,True
MSLesSeg,P52_T1,DiceCE,0,9,32,2.23606797749979,False
MSLesSeg,P52_T1,DiceCE,0,10,25,11.045361017187261,True
MSLesSeg,P52_T1,DiceCE,0,11,353,3.0,True
MSLesSeg,P52_T1,DiceCE,0,12,255,1.4142135623730951,True
MSLesSeg,P52_T1,DiceCE,0,13,70,4.47213595499958,True
MSLesSeg,P52_T1,DiceCE,0,14,299,2.0,True
MSLesSeg,P52_T1,DiceCE,0,15,117,2.23606797749979,True
MSLesSeg,P52_T1,DiceCE,0,16,177,32.03123475609393,True
MSLesSeg,P52_T1,DiceCE,0,17,54,8.48528137423857,True
MSLesSeg,P52_T1,DiceCE,0,18,312,3.0,True
MSLesSeg,P52_T1,DiceCE,0,19,44,19.621416870348583,True
MSLesSeg,P52_T1,DiceCE,0,20,410,1.4142135623730951,True
MSLesSeg,P52_T1,DiceCE,0,21,38,2.23606797749979,True
MSLesSeg,P52_T1,DiceCE,0,22,100,12.806248474865697,True
MSLesSeg,P52_T1,DiceCE,0,23,1,2.449489742783178,False
MSLesSeg,P52_T1,DiceCE,0,24,71,12.806248474865697,True
MSLesSeg,P52_T1,DiceCE,0,25,37,10.677078252031311,True
MSLesSeg,P52_T1,DiceCE,0,26,86,12.409673645990857,True
MSLesSeg,P52_T1,DiceCE,0,27,18,23.62202362203543,True
MSLesSeg,P52_T1,DiceCE,0,28,97,36.235341863986875,True
MSLesSeg,P52_T1,DiceCE,1,1,46,38.41874542459709,True
MSLesSeg,P52_T1,DiceCE,1,2,31,36.359317925395686,True
MSLesSeg,P52_T1,DiceCE,1,3,360,1.4142135623730951,True
MSLesSeg,P52_T1,DiceCE,1,4,82,36.89173349139343,True
MSLesSeg,P52_T1,DiceCE,1,5,37,3.7416573867739413,True
MSLesSeg,P52_T1,DiceCE,1,6,3,36.193922141707716,False
MSLesSeg,P52_T1,DiceCE,1,7,2,37.94733192202055,False
MSLesSeg,P52_T1,DiceCE,1,8,149,34.9857113690718,True
MSLesSeg,P52_T1,DiceCE,1,9,32,2.23606797749979,False
MSLesSeg,P52_T1,DiceCE,1,10,25,11.045361017187261,True
MSLesSeg,P52_T1,DiceCE,1,11,353,3.0,True
MSLesSeg,P52_T1,DiceCE,1,12,255,1.4142135623730951,True
MSLesSeg,P52_T1,DiceCE,1,13,70,4.47213595499958,True
MSLesSeg,P52_T1,DiceCE,1,14,299,2.0,True
MSLesSeg,P52_T1,DiceCE,1,15,117,2.23606797749979,True
MSLesSeg,P52_T1,DiceCE,1,16,177,32.03123475609393,True
MSLesSeg,P52_T1,DiceCE,1,17,54,8.48528137423857,True
MSLesSeg,P52_T1,DiceCE,1,18,312,3.0,True
MSLesSeg,P52_T1,DiceCE,1,19,44,19.621416870348583,True
MSLesSeg,P52_T1,DiceCE,1,20,410,1.4142135623730951,True
MSLesSeg,P52_T1,DiceCE,1,21,38,2.23606797749979,True
MSLesSeg,P52_T1,DiceCE,1,22,100,12.806248474865697,True
MSLesSeg,P52_T1,DiceCE,1,23,1,2.449489742783178,False
MSLesSeg,P52_T1,DiceCE,1,24,71,12.806248474865697,True
MSLesSeg,P52_T1,DiceCE,1,25,37,10.677078252031311,True
MSLesSeg,P52_T1,DiceCE,1,26,86,12.409673645990857,True
MSLesSeg,P52_T1,DiceCE,1,27,18,23.62202362203543,True
MSLesSeg,P52_T1,DiceCE,1,28,97,36.235341863986875,True
MSLesSeg,P52_T1,DiceCE,2,1,46,38.41874542459709,True
MSLesSeg,P52_T1,DiceCE,2,2,31,36.359317925395686,True
MSLesSeg,P52_T1,DiceCE,2,3,360,1.4142135623730951,True
MSLesSeg,P52_T1,DiceCE,2,4,82,36.89173349139343,True
MSLesSeg,P52_T1,DiceCE,2,5,37,3.7416573867739413,True
MSLesSeg,P52_T1,DiceCE,2,6,3,36.193922141707716,False
MSLesSeg,P52_T1,DiceCE,2,7,2,37.94733192202055,False
MSLesSeg,P52_T1,DiceCE,2,8,149,34.9857113690718,True
MSLesSeg,P52_T1,DiceCE,2,9,32,2.23606797749979,False
MSLesSeg,P52_T1,DiceCE,2,10,25,11.045361017187261,True
MSLesSeg,P52_T1,DiceCE,2,11,353,3.0,True
MSLesSeg,P52_T1,DiceCE,2,12,255,1.4142135623730951,True
MSLesSeg,P52_T1,DiceCE,2,13,70,4.47213595499958,True
MSLesSeg,P52_T1,DiceCE,2,14,299,2.0,True
MSLesSeg,P52_T1,DiceCE,2,15,117,2.23606797749979,True
MSLesSeg,P52_T1,DiceCE,2,16,177,32.03123475609393,True
MSLesSeg,P52_T1,DiceCE,2,17,54,8.48528137423857,True
MSLesSeg,P52_T1,DiceCE,2,18,312,3.0,True
MSLesSeg,P52_T1,DiceCE,2,19,44,19.621416870348583,True
MSLesSeg,P52_T1,DiceCE,2,20,410,1.4142135623730951,True
MSLesSeg,P52_T1,DiceCE,2,21,38,2.23606797749979,True
MSLesSeg,P52_T1,DiceCE,2,22,100,12.806248474865697,True
MSLesSeg,P52_T1,DiceCE,2,23,1,2.449489742783178,False
MSLesSeg,P52_T1,DiceCE,2,24,71,12.806248474865697,True
MSLesSeg,P52_T1,DiceCE,2,25,37,10.677078252031311,True
MSLesSeg,P52_T1,DiceCE,2,26,86,12.409673645990857,True
MSLesSeg,P52_T1,DiceCE,2,27,18,23.62202362203543,True
MSLesSeg,P52_T1,DiceCE,2,28,97,36.235341863986875,True
MSLesSeg,P52_T1,DiceCE,3,1,46,38.41874542459709,True
MSLesSeg,P52_T1,DiceCE,3,2,31,36.359317925395686,True
MSLesSeg,P52_T1,DiceCE,3,3,360,1.4142135623730951,True
MSLesSeg,P52_T1,DiceCE,3,4,82,36.89173349139343,True
MSLesSeg,P52_T1,DiceCE,3,5,37,3.7416573867739413,False
MSLesSeg,P52_T1,DiceCE,3,6,3,36.193922141707716,False
MSLesSeg,P52_T1,DiceCE,3,7,2,37.94733192202055,False
MSLesSeg,P52_T1,DiceCE,3,8,149,34.9857113690718,True
MSLesSeg,P52_T1,DiceCE,3,9,32,2.23606797749979,False
MSLesSeg,P52_T1,DiceCE,3,10,25,11.045361017187261,True
MSLesSeg,P52_T1,DiceCE,3,11,353,3.0,True
MSLesSeg,P52_T1,DiceCE,3,12,255,1.4142135623730951,True
MSLesSeg,P52_T1,DiceCE,3,13,70,4.47213595499958,True
MSLesSeg,P52_T1,DiceCE,3,14,299,2.0,True
MSLesSeg,P52_T1,DiceCE,3,15,117,2.23606797749979,True
MSLesSeg,P52_T1,DiceCE,3,16,177,32.03123475609393,True
MSLesSeg,P52_T1,DiceCE,3,17,54,8.48528137423857,True
MSLesSeg,P52_T1,DiceCE,3,18,312,3.0,True
MSLesSeg,P52_T1,DiceCE,3,19,44,19.621416870348583,True
MSLesSeg,P52_T1,DiceCE,3,20,410,1.4142135623730951,True
MSLesSeg,P52_T1,DiceCE,3,21,38,2.23606797749979,True
MSLesSeg,P52_T1,DiceCE,3,22,100,12.806248474865697,True
MSLesSeg,P52_T1,DiceCE,3,23,1,2.449489742783178,False
MSLesSeg,P52_T1,DiceCE,3,24,71,12.806248474865697,True
MSLesSeg,P52_T1,DiceCE,3,25,37,10.677078252031311,True
MSLesSeg,P52_T1,DiceCE,3,26,86,12.409673645990857,True
MSLesSeg,P52_T1,DiceCE,3,27,18,23.62202362203543,True
MSLesSeg,P52_T1,DiceCE,3,28,97,36.235341863986875,True
MSLesSeg,P52_T1,DiceCE,4,1,46,38.41874542459709,True
MSLesSeg,P52_T1,DiceCE,4,2,31,36.359317925395686,True
MSLesSeg,P52_T1,DiceCE,4,3,360,1.4142135623730951,True
MSLesSeg,P52_T1,DiceCE,4,4,82,36.89173349139343,True
MSLesSeg,P52_T1,DiceCE,4,5,37,3.7416573867739413,False
MSLesSeg,P52_T1,DiceCE,4,6,3,36.193922141707716,False
MSLesSeg,P52_T1,DiceCE,4,7,2,37.94733192202055,False
MSLesSeg,P52_T1,DiceCE,4,8,149,34.9857113690718,True
MSLesSeg,P52_T1,DiceCE,4,9,32,2.23606797749979,True
MSLesSeg,P52_T1,DiceCE,4,10,25,11.045361017187261,True
MSLesSeg,P52_T1,DiceCE,4,11,353,3.0,True
MSLesSeg,P52_T1,DiceCE,4,12,255,1.4142135623730951,True
MSLesSeg,P52_T1,DiceCE,4,13,70,4.47213595499958,True
MSLesSeg,P52_T1,DiceCE,4,14,299,2.0,True
MSLesSeg,P52_T1,DiceCE,4,15,117,2.23606797749979,True
MSLesSeg,P52_T1,DiceCE,4,16,177,32.03123475609393,True
MSLesSeg,P52_T1,DiceCE,4,17,54,8.48528137423857,True
MSLesSeg,P52_T1,DiceCE,4,18,312,3.0,True
MSLesSeg,P52_T1,DiceCE,4,19,44,19.621416870348583,True
MSLesSeg,P52_T1,DiceCE,4,20,410,1.4142135623730951,True
MSLesSeg,P52_T1,DiceCE,4,21,38,2.23606797749979,True
MSLesSeg,P52_T1,DiceCE,4,22,100,12.806248474865697,True
MSLesSeg,P52_T1,DiceCE,4,23,1,2.449489742783178,False
MSLesSeg,P52_T1,DiceCE,4,24,71,12.806248474865697,True
MSLesSeg,P52_T1,DiceCE,4,25,37,10.677078252031311,True
MSLesSeg,P52_T1,DiceCE,4,26,86,12.409673645990857,True
MSLesSeg,P52_T1,DiceCE,4,27,18,23.62202362203543,True
MSLesSeg,P52_T1,DiceCE,4,28,97,36.235341863986875,True
MSLesSeg,P52_T1,Tversky,0,1,46,38.41874542459709,True
MSLesSeg,P52_T1,Tversky,0,2,31,36.359317925395686,True
MSLesSeg,P52_T1,Tversky,0,3,360,1.4142135623730951,True
MSLesSeg,P52_T1,Tversky,0,4,82,36.89173349139343,True
MSLesSeg,P52_T1,Tversky,0,5,37,3.7416573867739413,True
MSLesSeg,P52_T1,Tversky,0,6,3,36.193922141707716,False
MSLesSeg,P52_T1,Tversky,0,7,2,37.94733192202055,False
MSLesSeg,P52_T1,Tversky,0,8,149,34.9857113690718,True
MSLesSeg,P52_T1,Tversky,0,9,32,2.23606797749979,False
MSLesSeg,P52_T1,Tversky,0,10,25,11.045361017187261,True
MSLesSeg,P52_T1,Tversky,0,11,353,3.0,True
MSLesSeg,P52_T1,Tversky,0,12,255,1.4142135623730951,True
MSLesSeg,P52_T1,Tversky,0,13,70,4.47213595499958,True
MSLesSeg,P52_T1,Tversky,0,14,299,2.0,True
MSLesSeg,P52_T1,Tversky,0,15,117,2.23606797749979,True
MSLesSeg,P52_T1,Tversky,0,16,177,32.03123475609393,True
MSLesSeg,P52_T1,Tversky,0,17,54,8.48528137423857,True
MSLesSeg,P52_T1,Tversky,0,18,312,3.0,True
MSLesSeg,P52_T1,Tversky,0,19,44,19.621416870348583,True
MSLesSeg,P52_T1,Tversky,0,20,410,1.4142135623730951,True
MSLesSeg,P52_T1,Tversky,0,21,38,2.23606797749979,True
MSLesSeg,P52_T1,Tversky,0,22,100,12.806248474865697,True
MSLesSeg,P52_T1,Tversky,0,23,1,2.449489742783178,False
MSLesSeg,P52_T1,Tversky,0,24,71,12.806248474865697,True
MSLesSeg,P52_T1,Tversky,0,25,37,10.677078252031311,True
MSLesSeg,P52_T1,Tversky,0,26,86,12.409673645990857,True
MSLesSeg,P52_T1,Tversky,0,27,18,23.62202362203543,True
MSLesSeg,P52_T1,Tversky,0,28,97,36.235341863986875,True
MSLesSeg,P52_T1,Tversky,1,1,46,38.41874542459709,True
MSLesSeg,P52_T1,Tversky,1,2,31,36.359317925395686,True
MSLesSeg,P52_T1,Tversky,1,3,360,1.4142135623730951,True
MSLesSeg,P52_T1,Tversky,1,4,82,36.89173349139343,True
MSLesSeg,P52_T1,Tversky,1,5,37,3.7416573867739413,True
MSLesSeg,P52_T1,Tversky,1,6,3,36.193922141707716,False
MSLesSeg,P52_T1,Tversky,1,7,2,37.94733192202055,False
MSLesSeg,P52_T1,Tversky,1,8,149,34.9857113690718,True
MSLesSeg,P52_T1,Tversky,1,9,32,2.23606797749979,False
MSLesSeg,P52_T1,Tversky,1,10,25,11.045361017187261,True
MSLesSeg,P52_T1,Tversky,1,11,353,3.0,True
MSLesSeg,P52_T1,Tversky,1,12,255,1.4142135623730951,True
MSLesSeg,P52_T1,Tversky,1,13,70,4.47213595499958,True
MSLesSeg,P52_T1,Tversky,1,14,299,2.0,True
MSLesSeg,P52_T1,Tversky,1,15,117,2.23606797749979,True
MSLesSeg,P52_T1,Tversky,1,16,177,32.03123475609393,True
MSLesSeg,P52_T1,Tversky,1,17,54,8.48528137423857,True
MSLesSeg,P52_T1,Tversky,1,18,312,3.0,True
MSLesSeg,P52_T1,Tversky,1,19,44,19.621416870348583,True
MSLesSeg,P52_T1,Tversky,1,20,410,1.4142135623730951,True
MSLesSeg,P52_T1,Tversky,1,21,38,2.23606797749979,True
MSLesSeg,P52_T1,Tversky,1,22,100,12.806248474865697,True
MSLesSeg,P52_T1,Tversky,1,23,1,2.449489742783178,False
MSLesSeg,P52_T1,Tversky,1,24,71,12.806248474865697,True
MSLesSeg,P52_T1,Tversky,1,25,37,10.677078252031311,True
MSLesSeg,P52_T1,Tversky,1,26,86,12.409673645990857,True
MSLesSeg,P52_T1,Tversky,1,27,18,23.62202362203543,True
MSLesSeg,P52_T1,Tversky,1,28,97,36.235341863986875,True
MSLesSeg,P52_T1,Tversky,2,1,46,38.41874542459709,True
MSLesSeg,P52_T1,Tversky,2,2,31,36.359317925395686,True
MSLesSeg,P52_T1,Tversky,2,3,360,1.4142135623730951,True
MSLesSeg,P52_T1,Tversky,2,4,82,36.89173349139343,True
MSLesSeg,P52_T1,Tversky,2,5,37,3.7416573867739413,True
MSLesSeg,P52_T1,Tversky,2,6,3,36.193922141707716,False
MSLesSeg,P52_T1,Tversky,2,7,2,37.94733192202055,False
MSLesSeg,P52_T1,Tversky,2,8,149,34.9857113690718,True
MSLesSeg,P52_T1,Tversky,2,9,32,2.23606797749979,False
MSLesSeg,P52_T1,Tversky,2,10,25,11.045361017187261,True
MSLesSeg,P52_T1,Tversky,2,11,353,3.0,True
MSLesSeg,P52_T1,Tversky,2,12,255,1.4142135623730951,True
MSLesSeg,P52_T1,Tversky,2,13,70,4.47213595499958,True
MSLesSeg,P52_T1,Tversky,2,14,299,2.0,True
MSLesSeg,P52_T1,Tversky,2,15,117,2.23606797749979,True
MSLesSeg,P52_T1,Tversky,2,16,177,32.03123475609393,True
MSLesSeg,P52_T1,Tversky,2,17,54,8.48528137423857,True
MSLesSeg,P52_T1,Tversky,2,18,312,3.0,True
MSLesSeg,P52_T1,Tversky,2,19,44,19.621416870348583,True
MSLesSeg,P52_T1,Tversky,2,20,410,1.4142135623730951,True
MSLesSeg,P52_T1,Tversky,2,21,38,2.23606797749979,True
MSLesSeg,P52_T1,Tversky,2,22,100,12.806248474865697,True
MSLesSeg,P52_T1,Tversky,2,23,1,2.449489742783178,False
MSLesSeg,P52_T1,Tversky,2,24,71,12.806248474865697,True
MSLesSeg,P52_T1,Tversky,2,25,37,10.677078252031311,True
MSLesSeg,P52_T1,Tversky,2,26,86,12.409673645990857,True
MSLesSeg,P52_T1,Tversky,2,27,18,23.62202362203543,True
MSLesSeg,P52_T1,Tversky,2,28,97,36.235341863986875,True
MSLesSeg,P52_T1,Tversky,3,1,46,38.41874542459709,True
MSLesSeg,P52_T1,Tversky,3,2,31,36.359317925395686,True
MSLesSeg,P52_T1,Tversky,3,3,360,1.4142135623730951,True
MSLesSeg,P52_T1,Tversky,3,4,82,36.89173349139343,True
MSLesSeg,P52_T1,Tversky,3,5,37,3.7416573867739413,True
MSLesSeg,P52_T1,Tversky,3,6,3,36.193922141707716,False
MSLesSeg,P52_T1,Tversky,3,7,2,37.94733192202055,True
MSLesSeg,P52_T1,Tversky,3,8,149,34.9857113690718,True
MSLesSeg,P52_T1,Tversky,3,9,32,2.23606797749979,True
MSLesSeg,P52_T1,Tversky,3,10,25,11.045361017187261,True
MSLesSeg,P52_T1,Tversky,3,11,353,3.0,True
MSLesSeg,P52_T1,Tversky,3,12,255,1.4142135623730951,True
MSLesSeg,P52_T1,Tversky,3,13,70,4.47213595499958,True
MSLesSeg,P52_T1,Tversky,3,14,299,2.0,True
MSLesSeg,P52_T1,Tversky,3,15,117,2.23606797749979,True
MSLesSeg,P52_T1,Tversky,3,16,177,32.03123475609393,True
MSLesSeg,P52_T1,Tversky,3,17,54,8.48528137423857,True
MSLesSeg,P52_T1,Tversky,3,18,312,3.0,True
MSLesSeg,P52_T1,Tversky,3,19,44,19.621416870348583,True
MSLesSeg,P52_T1,Tversky,3,20,410,1.4142135623730951,True
MSLesSeg,P52_T1,Tversky,3,21,38,2.23606797749979,True
MSLesSeg,P52_T1,Tversky,3,22,100,12.806248474865697,True
MSLesSeg,P52_T1,Tversky,3,23,1,2.449489742783178,False
MSLesSeg,P52_T1,Tversky,3,24,71,12.806248474865697,True
MSLesSeg,P52_T1,Tversky,3,25,37,10.677078252031311,True
MSLesSeg,P52_T1,Tversky,3,26,86,12.409673645990857,True
MSLesSeg,P52_T1,Tversky,3,27,18,23.62202362203543,True
MSLesSeg,P52_T1,Tversky,3,28,97,36.235341863986875,True
MSLesSeg,P52_T1,Tversky,4,1,46,38.41874542459709,True
MSLesSeg,P52_T1,Tversky,4,2,31,36.359317925395686,True
MSLesSeg,P52_T1,Tversky,4,3,360,1.4142135623730951,True
MSLesSeg,P52_T1,Tversky,4,4,82,36.89173349139343,True
MSLesSeg,P52_T1,Tversky,4,5,37,3.7416573867739413,False
MSLesSeg,P52_T1,Tversky,4,6,3,36.193922141707716,False
MSLesSeg,P52_T1,Tversky,4,7,2,37.94733192202055,False
MSLesSeg,P52_T1,Tversky,4,8,149,34.9857113690718,True
MSLesSeg,P52_T1,Tversky,4,9,32,2.23606797749979,False
MSLesSeg,P52_T1,Tversky,4,10,25,11.045361017187261,True
MSLesSeg,P52_T1,Tversky,4,11,353,3.0,True
MSLesSeg,P52_T1,Tversky,4,12,255,1.4142135623730951,True
MSLesSeg,P52_T1,Tversky,4,13,70,4.47213595499958,True
MSLesSeg,P52_T1,Tversky,4,14,299,2.0,True
MSLesSeg,P52_T1,Tversky,4,15,117,2.23606797749979,True
MSLesSeg,P52_T1,Tversky,4,16,177,32.03123475609393,True
MSLesSeg,P52_T1,Tversky,4,17,54,8.48528137423857,True
MSLesSeg,P52_T1,Tversky,4,18,312,3.0,True
MSLesSeg,P52_T1,Tversky,4,19,44,19.621416870348583,True
MSLesSeg,P52_T1,Tversky,4,20,410,1.4142135623730951,True
MSLesSeg,P52_T1,Tversky,4,21,38,2.23606797749979,True
MSLesSeg,P52_T1,Tversky,4,22,100,12.806248474865697,True
MSLesSeg,P52_T1,Tversky,4,23,1,2.449489742783178,False
MSLesSeg,P52_T1,Tversky,4,24,71,12.806248474865697,True
MSLesSeg,P52_T1,Tversky,4,25,37,10.677078252031311,True
MSLesSeg,P52_T1,Tversky,4,26,86,12.409673645990857,True
MSLesSeg,P52_T1,Tversky,4,27,18,23.62202362203543,True
MSLesSeg,P52_T1,Tversky,4,28,97,36.235341863986875,True
MSLesSeg,P52_T1,FocalTversky,0,1,46,38.41874542459709,True
MSLesSeg,P52_T1,FocalTversky,0,2,31,36.359317925395686,True
MSLesSeg,P52_T1,FocalTversky,0,3,360,1.4142135623730951,True
MSLesSeg,P52_T1,FocalTversky,0,4,82,36.89173349139343,True
MSLesSeg,P52_T1,FocalTversky,0,5,37,3.7416573867739413,True
MSLesSeg,P52_T1,FocalTversky,0,6,3,36.193922141707716,False
MSLesSeg,P52_T1,FocalTversky,0,7,2,37.94733192202055,False
MSLesSeg,P52_T1,FocalTversky,0,8,149,34.9857113690718,True
MSLesSeg,P52_T1,FocalTversky,0,9,32,2.23606797749979,False
MSLesSeg,P52_T1,FocalTversky,0,10,25,11.045361017187261,True
MSLesSeg,P52_T1,FocalTversky,0,11,353,3.0,True
MSLesSeg,P52_T1,FocalTversky,0,12,255,1.4142135623730951,True
MSLesSeg,P52_T1,FocalTversky,0,13,70,4.47213595499958,True
MSLesSeg,P52_T1,FocalTversky,0,14,299,2.0,True
MSLesSeg,P52_T1,FocalTversky,0,15,117,2.23606797749979,True
MSLesSeg,P52_T1,FocalTversky,0,16,177,32.03123475609393,True
MSLesSeg,P52_T1,FocalTversky,0,17,54,8.48528137423857,True
MSLesSeg,P52_T1,FocalTversky,0,18,312,3.0,True
MSLesSeg,P52_T1,FocalTversky,0,19,44,19.621416870348583,True
MSLesSeg,P52_T1,FocalTversky,0,20,410,1.4142135623730951,True
MSLesSeg,P52_T1,FocalTversky,0,21,38,2.23606797749979,True
MSLesSeg,P52_T1,FocalTversky,0,22,100,12.806248474865697,True
MSLesSeg,P52_T1,FocalTversky,0,23,1,2.449489742783178,False
MSLesSeg,P52_T1,FocalTversky,0,24,71,12.806248474865697,True
MSLesSeg,P52_T1,FocalTversky,0,25,37,10.677078252031311,True
MSLesSeg,P52_T1,FocalTversky,0,26,86,12.409673645990857,True
MSLesSeg,P52_T1,FocalTversky,0,27,18,23.62202362203543,True
MSLesSeg,P52_T1,FocalTversky,0,28,97,36.235341863986875,True
MSLesSeg,P52_T1,FocalTversky,1,1,46,38.41874542459709,True
MSLesSeg,P52_T1,FocalTversky,1,2,31,36.359317925395686,True
MSLesSeg,P52_T1,FocalTversky,1,3,360,1.4142135623730951,True
MSLesSeg,P52_T1,FocalTversky,1,4,82,36.89173349139343,True
MSLesSeg,P52_T1,FocalTversky,1,5,37,3.7416573867739413,True
MSLesSeg,P52_T1,FocalTversky,1,6,3,36.193922141707716,False
MSLesSeg,P52_T1,FocalTversky,1,7,2,37.94733192202055,False
MSLesSeg,P52_T1,FocalTversky,1,8,149,34.9857113690718,True
MSLesSeg,P52_T1,FocalTversky,1,9,32,2.23606797749979,False
MSLesSeg,P52_T1,FocalTversky,1,10,25,11.045361017187261,True
MSLesSeg,P52_T1,FocalTversky,1,11,353,3.0,True
MSLesSeg,P52_T1,FocalTversky,1,12,255,1.4142135623730951,True
MSLesSeg,P52_T1,FocalTversky,1,13,70,4.47213595499958,True
MSLesSeg,P52_T1,FocalTversky,1,14,299,2.0,True
MSLesSeg,P52_T1,FocalTversky,1,15,117,2.23606797749979,True
MSLesSeg,P52_T1,FocalTversky,1,16,177,32.03123475609393,True
MSLesSeg,P52_T1,FocalTversky,1,17,54,8.48528137423857,True
MSLesSeg,P52_T1,FocalTversky,1,18,312,3.0,True
MSLesSeg,P52_T1,FocalTversky,1,19,44,19.621416870348583,True
MSLesSeg,P52_T1,FocalTversky,1,20,410,1.4142135623730951,True
MSLesSeg,P52_T1,FocalTversky,1,21,38,2.23606797749979,True
MSLesSeg,P52_T1,FocalTversky,1,22,100,12.806248474865697,True
MSLesSeg,P52_T1,FocalTversky,1,23,1,2.449489742783178,False
MSLesSeg,P52_T1,FocalTversky,1,24,71,12.806248474865697,True
MSLesSeg,P52_T1,FocalTversky,1,25,37,10.677078252031311,True
MSLesSeg,P52_T1,FocalTversky,1,26,86,12.409673645990857,True
MSLesSeg,P52_T1,FocalTversky,1,27,18,23.62202362203543,True
MSLesSeg,P52_T1,FocalTversky,1,28,97,36.235341863986875,True
MSLesSeg,P52_T1,FocalTversky,2,1,46,38.41874542459709,True
MSLesSeg,P52_T1,FocalTversky,2,2,31,36.359317925395686,True
MSLesSeg,P52_T1,FocalTversky,2,3,360,1.4142135623730951,True
MSLesSeg,P52_T1,FocalTversky,2,4,82,36.89173349139343,True
MSLesSeg,P52_T1,FocalTversky,2,5,37,3.7416573867739413,True
MSLesSeg,P52_T1,FocalTversky,2,6,3,36.193922141707716,False
MSLesSeg,P52_T1,FocalTversky,2,7,2,37.94733192202055,False
MSLesSeg,P52_T1,FocalTversky,2,8,149,34.9857113690718,True
MSLesSeg,P52_T1,FocalTversky,2,9,32,2.23606797749979,False
MSLesSeg,P52_T1,FocalTversky,2,10,25,11.045361017187261,True
MSLesSeg,P52_T1,FocalTversky,2,11,353,3.0,True
MSLesSeg,P52_T1,FocalTversky,2,12,255,1.4142135623730951,True
MSLesSeg,P52_T1,FocalTversky,2,13,70,4.47213595499958,True
MSLesSeg,P52_T1,FocalTversky,2,14,299,2.0,True
MSLesSeg,P52_T1,FocalTversky,2,15,117,2.23606797749979,True
MSLesSeg,P52_T1,FocalTversky,2,16,177,32.03123475609393,True
MSLesSeg,P52_T1,FocalTversky,2,17,54,8.48528137423857,True
MSLesSeg,P52_T1,FocalTversky,2,18,312,3.0,True
MSLesSeg,P52_T1,FocalTversky,2,19,44,19.621416870348583,True
MSLesSeg,P52_T1,FocalTversky,2,20,410,1.4142135623730951,True
MSLesSeg,P52_T1,FocalTversky,2,21,38,2.23606797749979,True
MSLesSeg,P52_T1,FocalTversky,2,22,100,12.806248474865697,True
MSLesSeg,P52_T1,FocalTversky,2,23,1,2.449489742783178,False
MSLesSeg,P52_T1,FocalTversky,2,24,71,12.806248474865697,True
MSLesSeg,P52_T1,FocalTversky,2,25,37,10.677078252031311,True
MSLesSeg,P52_T1,FocalTversky,2,26,86,12.409673645990857,True
MSLesSeg,P52_T1,FocalTversky,2,27,18,23.62202362203543,True
MSLesSeg,P52_T1,FocalTversky,2,28,97,36.235341863986875,True
MSLesSeg,P52_T1,FocalTversky,3,1,46,38.41874542459709,True
MSLesSeg,P52_T1,FocalTversky,3,2,31,36.359317925395686,True
MSLesSeg,P52_T1,FocalTversky,3,3,360,1.4142135623730951,True
MSLesSeg,P52_T1,FocalTversky,3,4,82,36.89173349139343,True
MSLesSeg,P52_T1,FocalTversky,3,5,37,3.7416573867739413,True
MSLesSeg,P52_T1,FocalTversky,3,6,3,36.193922141707716,False
MSLesSeg,P52_T1,FocalTversky,3,7,2,37.94733192202055,False
MSLesSeg,P52_T1,FocalTversky,3,8,149,34.9857113690718,True
MSLesSeg,P52_T1,FocalTversky,3,9,32,2.23606797749979,True
MSLesSeg,P52_T1,FocalTversky,3,10,25,11.045361017187261,True
MSLesSeg,P52_T1,FocalTversky,3,11,353,3.0,True
MSLesSeg,P52_T1,FocalTversky,3,12,255,1.4142135623730951,True
MSLesSeg,P52_T1,FocalTversky,3,13,70,4.47213595499958,True
MSLesSeg,P52_T1,FocalTversky,3,14,299,2.0,True
MSLesSeg,P52_T1,FocalTversky,3,15,117,2.23606797749979,True
MSLesSeg,P52_T1,FocalTversky,3,16,177,32.03123475609393,True
MSLesSeg,P52_T1,FocalTversky,3,17,54,8.48528137423857,True
MSLesSeg,P52_T1,FocalTversky,3,18,312,3.0,True
MSLesSeg,P52_T1,FocalTversky,3,19,44,19.621416870348583,True
MSLesSeg,P52_T1,FocalTversky,3,20,410,1.4142135623730951,True
MSLesSeg,P52_T1,FocalTversky,3,21,38,2.23606797749979,True
MSLesSeg,P52_T1,FocalTversky,3,22,100,12.806248474865697,True
MSLesSeg,P52_T1,FocalTversky,3,23,1,2.449489742783178,False
MSLesSeg,P52_T1,FocalTversky,3,24,71,12.806248474865697,True
MSLesSeg,P52_T1,FocalTversky,3,25,37,10.677078252031311,True
MSLesSeg,P52_T1,FocalTversky,3,26,86,12.409673645990857,True
MSLesSeg,P52_T1,FocalTversky,3,27,18,23.62202362203543,True
MSLesSeg,P52_T1,FocalTversky,3,28,97,36.235341863986875,True
MSLesSeg,P52_T1,FocalTversky,4,1,46,38.41874542459709,True
MSLesSeg,P52_T1,FocalTversky,4,2,31,36.359317925395686,True
MSLesSeg,P52_T1,FocalTversky,4,3,360,1.4142135623730951,True
MSLesSeg,P52_T1,FocalTversky,4,4,82,36.89173349139343,True
MSLesSeg,P52_T1,FocalTversky,4,5,37,3.7416573867739413,True
MSLesSeg,P52_T1,FocalTversky,4,6,3,36.193922141707716,False
MSLesSeg,P52_T1,FocalTversky,4,7,2,37.94733192202055,False
MSLesSeg,P52_T1,FocalTversky,4,8,149,34.9857113690718,True
MSLesSeg,P52_T1,FocalTversky,4,9,32,2.23606797749979,False
MSLesSeg,P52_T1,FocalTversky,4,10,25,11.045361017187261,True
MSLesSeg,P52_T1,FocalTversky,4,11,353,3.0,True
MSLesSeg,P52_T1,FocalTversky,4,12,255,1.4142135623730951,True
MSLesSeg,P52_T1,FocalTversky,4,13,70,4.47213595499958,True
MSLesSeg,P52_T1,FocalTversky,4,14,299,2.0,True
MSLesSeg,P52_T1,FocalTversky,4,15,117,2.23606797749979,True
MSLesSeg,P52_T1,FocalTversky,4,16,177,32.03123475609393,True
MSLesSeg,P52_T1,FocalTversky,4,17,54,8.48528137423857,True
MSLesSeg,P52_T1,FocalTversky,4,18,312,3.0,True
MSLesSeg,P52_T1,FocalTversky,4,19,44,19.621416870348583,True
MSLesSeg,P52_T1,FocalTversky,4,20,410,1.4142135623730951,True
MSLesSeg,P52_T1,FocalTversky,4,21,38,2.23606797749979,True
MSLesSeg,P52_T1,FocalTversky,4,22,100,12.806248474865697,True
MSLesSeg,P52_T1,FocalTversky,4,23,1,2.449489742783178,False
MSLesSeg,P52_T1,FocalTversky,4,24,71,12.806248474865697,True
MSLesSeg,P52_T1,FocalTversky,4,25,37,10.677078252031311,True
MSLesSeg,P52_T1,FocalTversky,4,26,86,12.409673645990857,True
MSLesSeg,P52_T1,FocalTversky,4,27,18,23.62202362203543,True
MSLesSeg,P52_T1,FocalTversky,4,28,97,36.235341863986875,True
MSLesSeg,P52_T2,CATMIL,0,1,726,1.7320508075688772,True
MSLesSeg,P52_T2,CATMIL,0,2,254,1.0,True
MSLesSeg,P52_T2,CATMIL,0,3,288,2.0,True
MSLesSeg,P52_T2,CATMIL,0,4,70,2.449489742783178,True
MSLesSeg,P52_T2,CATMIL,0,5,96,4.242640687119285,True
MSLesSeg,P52_T2,CATMIL,0,6,162,32.2490309931942,True
MSLesSeg,P52_T2,CATMIL,0,7,18,45.617978911828175,False
MSLesSeg,P52_T2,CATMIL,0,8,194,2.23606797749979,True
MSLesSeg,P52_T2,CATMIL,0,9,468,1.4142135623730951,True
MSLesSeg,P52_T2,CATMIL,0,10,132,18.05547008526779,False
MSLesSeg,P52_T2,CATMIL,0,11,70,10.295630140987,True
MSLesSeg,P52_T2,CATMIL,0,12,175,37.107950630558946,True
MSLesSeg,P52_T2,CATMIL,0,13,98,38.41874542459709,True
MSLesSeg,P52_T2,CATMIL,0,14,92,10.0,True
MSLesSeg,P52_T2,CATMIL,1,1,726,1.7320508075688772,True
MSLesSeg,P52_T2,CATMIL,1,2,254,1.0,True
MSLesSeg,P52_T2,CATMIL,1,3,288,2.0,True
MSLesSeg,P52_T2,CATMIL,1,4,70,2.449489742783178,True
MSLesSeg,P52_T2,CATMIL,1,5,96,4.242640687119285,True
MSLesSeg,P52_T2,CATMIL,1,6,162,32.2490309931942,True
MSLesSeg,P52_T2,CATMIL,1,7,18,45.617978911828175,False
MSLesSeg,P52_T2,CATMIL,1,8,194,2.23606797749979,True
MSLesSeg,P52_T2,CATMIL,1,9,468,1.4142135623730951,True
MSLesSeg,P52_T2,CATMIL,1,10,132,18.05547008526779,True
MSLesSeg,P52_T2,CATMIL,1,11,70,10.295630140987,True
MSLesSeg,P52_T2,CATMIL,1,12,175,37.107950630558946,False
MSLesSeg,P52_T2,CATMIL,1,13,98,38.41874542459709,True
MSLesSeg,P52_T2,CATMIL,1,14,92,10.0,True
MSLesSeg,P52_T2,CATMIL,2,1,726,1.7320508075688772,True
MSLesSeg,P52_T2,CATMIL,2,2,254,1.0,True
MSLesSeg,P52_T2,CATMIL,2,3,288,2.0,True
MSLesSeg,P52_T2,CATMIL,2,4,70,2.449489742783178,True
MSLesSeg,P52_T2,CATMIL,2,5,96,4.242640687119285,True
MSLesSeg,P52_T2,CATMIL,2,6,162,32.2490309931942,True
MSLesSeg,P52_T2,CATMIL,2,7,18,45.617978911828175,False
MSLesSeg,P52_T2,CATMIL,2,8,194,2.23606797749979,True
MSLesSeg,P52_T2,CATMIL,2,9,468,1.4142135623730951,True
MSLesSeg,P52_T2,CATMIL,2,10,132,18.05547008526779,False
MSLesSeg,P52_T2,CATMIL,2,11,70,10.295630140987,True
MSLesSeg,P52_T2,CATMIL,2,12,175,37.107950630558946,True
MSLesSeg,P52_T2,CATMIL,2,13,98,38.41874542459709,True
MSLesSeg,P52_T2,CATMIL,2,14,92,10.0,True
MSLesSeg,P52_T2,CATMIL,3,1,726,1.7320508075688772,True
MSLesSeg,P52_T2,CATMIL,3,2,254,1.0,True
MSLesSeg,P52_T2,CATMIL,3,3,288,2.0,True
MSLesSeg,P52_T2,CATMIL,3,4,70,2.449489742783178,True
MSLesSeg,P52_T2,CATMIL,3,5,96,4.242640687119285,True
MSLesSeg,P52_T2,CATMIL,3,6,162,32.2490309931942,True
MSLesSeg,P52_T2,CATMIL,3,7,18,45.617978911828175,False
MSLesSeg,P52_T2,CATMIL,3,8,194,2.23606797749979,True
MSLesSeg,P52_T2,CATMIL,3,9,468,1.4142135623730951,True
MSLesSeg,P52_T2,CATMIL,3,10,132,18.05547008526779,False
MSLesSeg,P52_T2,CATMIL,3,11,70,10.295630140987,True
MSLesSeg,P52_T2,CATMIL,3,12,175,37.107950630558946,False
MSLesSeg,P52_T2,CATMIL,3,13,98,38.41874542459709,True
MSLesSeg,P52_T2,CATMIL,3,14,92,10.0,True
MSLesSeg,P52_T2,CATMIL,4,1,726,1.7320508075688772,True
MSLesSeg,P52_T2,CATMIL,4,2,254,1.0,True
MSLesSeg,P52_T2,CATMIL,4,3,288,2.0,True
MSLesSeg,P52_T2,CATMIL,4,4,70,2.449489742783178,True
MSLesSeg,P52_T2,CATMIL,4,5,96,4.242640687119285,True
MSLesSeg,P52_T2,CATMIL,4,6,162,32.2490309931942,True
MSLesSeg,P52_T2,CATMIL,4,7,18,45.617978911828175,False
MSLesSeg,P52_T2,CATMIL,4,8,194,2.23606797749979,True
MSLesSeg,P52_T2,CATMIL,4,9,468,1.4142135623730951,True
MSLesSeg,P52_T2,CATMIL,4,10,132,18.05547008526779,True
MSLesSeg,P52_T2,CATMIL,4,11,70,10.295630140987,True
MSLesSeg,P52_T2,CATMIL,4,12,175,37.107950630558946,True
MSLesSeg,P52_T2,CATMIL,4,13,98,38.41874542459709,True
MSLesSeg,P52_T2,CATMIL,4,14,92,10.0,True
MSLesSeg,P52_T2,DiceCE,0,1,726,1.7320508075688772,True
MSLesSeg,P52_T2,DiceCE,0,2,254,1.0,True
MSLesSeg,P52_T2,DiceCE,0,3,288,2.0,True
MSLesSeg,P52_T2,DiceCE,0,4,70,2.449489742783178,True
MSLesSeg,P52_T2,DiceCE,0,5,96,4.242640687119285,True
MSLesSeg,P52_T2,DiceCE,0,6,162,32.2490309931942,True
MSLesSeg,P52_T2,DiceCE,0,7,18,45.617978911828175,False
MSLesSeg,P52_T2,DiceCE,0,8,194,2.23606797749979,True
MSLesSeg,P52_T2,DiceCE,0,9,468,1.4142135623730951,True
MSLesSeg,P52_T2,DiceCE,0,10,132,18.05547008526779,False
MSLesSeg,P52_T2,DiceCE,0,11,70,10.295630140987,True
MSLesSeg,P52_T2,DiceCE,0,12,175,37.107950630558946,False
MSLesSeg,P52_T2,DiceCE,0,13,98,38.41874542459709,True
MSLesSeg,P52_T2,DiceCE,0,14,92,10.0,True
MSLesSeg,P52_T2,DiceCE,1,1,726,1.7320508075688772,True
MSLesSeg,P52_T2,DiceCE,1,2,254,1.0,True
MSLesSeg,P52_T2,DiceCE,1,3,288,2.0,True
MSLesSeg,P52_T2,DiceCE,1,4,70,2.449489742783178,True
MSLesSeg,P52_T2,DiceCE,1,5,96,4.242640687119285,True
MSLesSeg,P52_T2,DiceCE,1,6,162,32.2490309931942,False
MSLesSeg,P52_T2,DiceCE,1,7,18,45.617978911828175,False
MSLesSeg,P52_T2,DiceCE,1,8,194,2.23606797749979,True
MSLesSeg,P52_T2,DiceCE,1,9,468,1.4142135623730951,True
MSLesSeg,P52_T2,DiceCE,1,10,132,18.05547008526779,False
MSLesSeg,P52_T2,DiceCE,1,11,70,10.295630140987,True
MSLesSeg,P52_T2,DiceCE,1,12,175,37.107950630558946,False
MSLesSeg,P52_T2,DiceCE,1,13,98,38.41874542459709,True
MSLesSeg,P52_T2,DiceCE,1,14,92,10.0,True
MSLesSeg,P52_T2,DiceCE,2,1,726,1.7320508075688772,True
MSLesSeg,P52_T2,DiceCE,2,2,254,1.0,True
MSLesSeg,P52_T2,DiceCE,2,3,288,2.0,True
MSLesSeg,P52_T2,DiceCE,2,4,70,2.449489742783178,True
MSLesSeg,P52_T2,DiceCE,2,5,96,4.242640687119285,True
MSLesSeg,P52_T2,DiceCE,2,6,162,32.2490309931942,True
MSLesSeg,P52_T2,DiceCE,2,7,18,45.617978911828175,False
MSLesSeg,P52_T2,DiceCE,2,8,194,2.23606797749979,True
MSLesSeg,P52_T2,DiceCE,2,9,468,1.4142135623730951,True
MSLesSeg,P52_T2,DiceCE,2,10,132,18.05547008526779,True
MSLesSeg,P52_T2,DiceCE,2,11,70,10.295630140987,True
MSLesSeg,P52_T2,DiceCE,2,12,175,37.107950630558946,False
MSLesSeg,P52_T2,DiceCE,2,13,98,38.41874542459709,True
MSLesSeg,P52_T2,DiceCE,2,14,92,10.0,True
MSLesSeg,P52_T2,DiceCE,3,1,726,1.7320508075688772,True
MSLesSeg,P52_T2,DiceCE,3,2,254,1.0,True
MSLesSeg,P52_T2,DiceCE,3,3,288,2.0,True
MSLesSeg,P52_T2,DiceCE,3,4,70,2.449489742783178,True
MSLesSeg,P52_T2,DiceCE,3,5,96,4.242640687119285,True
MSLesSeg,P52_T2,DiceCE,3,6,162,32.2490309931942,False
MSLesSeg,P52_T2,DiceCE,3,7,18,45.617978911828175,False
MSLesSeg,P52_T2,DiceCE,3,8,194,2.23606797749979,True
MSLesSeg,P52_T2,DiceCE,3,9,468,1.4142135623730951,True
MSLesSeg,P52_T2,DiceCE,3,10,132,18.05547008526779,False
MSLesSeg,P52_T2,DiceCE,3,11,70,10.295630140987,True
MSLesSeg,P52_T2,DiceCE,3,12,175,37.107950630558946,False
MSLesSeg,P52_T2,DiceCE,3,13,98,38.41874542459709,True
MSLesSeg,P52_T2,DiceCE,3,14,92,10.0,False
MSLesSeg,P52_T2,DiceCE,4,1,726,1.7320508075688772,True
MSLesSeg,P52_T2,DiceCE,4,2,254,1.0,True
MSLesSeg,P52_T2,DiceCE,4,3,288,2.0,True
MSLesSeg,P52_T2,DiceCE,4,4,70,2.449489742783178,True
MSLesSeg,P52_T2,DiceCE,4,5,96,4.242640687119285,True
MSLesSeg,P52_T2,DiceCE,4,6,162,32.2490309931942,True
MSLesSeg,P52_T2,DiceCE,4,7,18,45.617978911828175,False
MSLesSeg,P52_T2,DiceCE,4,8,194,2.23606797749979,True
MSLesSeg,P52_T2,DiceCE,4,9,468,1.4142135623730951,True
MSLesSeg,P52_T2,DiceCE,4,10,132,18.05547008526779,True
MSLesSeg,P52_T2,DiceCE,4,11,70,10.295630140987,True
MSLesSeg,P52_T2,DiceCE,4,12,175,37.107950630558946,True
MSLesSeg,P52_T2,DiceCE,4,13,98,38.41874542459709,True
MSLesSeg,P52_T2,DiceCE,4,14,92,10.0,True
MSLesSeg,P52_T2,Tversky,0,1,726,1.7320508075688772,True
MSLesSeg,P52_T2,Tversky,0,2,254,1.0,True
MSLesSeg,P52_T2,Tversky,0,3,288,2.0,True
MSLesSeg,P52_T2,Tversky,0,4,70,2.449489742783178,True
MSLesSeg,P52_T2,Tversky,0,5,96,4.242640687119285,True
MSLesSeg,P52_T2,Tversky,0,6,162,32.2490309931942,True
MSLesSeg,P52_T2,Tversky,0,7,18,45.617978911828175,False
MSLesSeg,P52_T2,Tversky,0,8,194,2.23606797749979,True
MSLesSeg,P52_T2,Tversky,0,9,468,1.4142135623730951,True
MSLesSeg,P52_T2,Tversky,0,10,132,18.05547008526779,True
MSLesSeg,P52_T2,Tversky,0,11,70,10.295630140987,True
MSLesSeg,P52_T2,Tversky,0,12,175,37.107950630558946,True
MSLesSeg,P52_T2,Tversky,0,13,98,38.41874542459709,True
MSLesSeg,P52_T2,Tversky,0,14,92,10.0,True
MSLesSeg,P52_T2,Tversky,1,1,726,1.7320508075688772,True
MSLesSeg,P52_T2,Tversky,1,2,254,1.0,True
MSLesSeg,P52_T2,Tversky,1,3,288,2.0,True
MSLesSeg,P52_T2,Tversky,1,4,70,2.449489742783178,True
MSLesSeg,P52_T2,Tversky,1,5,96,4.242640687119285,True
MSLesSeg,P52_T2,Tversky,1,6,162,32.2490309931942,True
MSLesSeg,P52_T2,Tversky,1,7,18,45.617978911828175,False
MSLesSeg,P52_T2,Tversky,1,8,194,2.23606797749979,True
MSLesSeg,P52_T2,Tversky,1,9,468,1.4142135623730951,True
MSLesSeg,P52_T2,Tversky,1,10,132,18.05547008526779,False
MSLesSeg,P52_T2,Tversky,1,11,70,10.295630140987,True
MSLesSeg,P52_T2,Tversky,1,12,175,37.107950630558946,False
MSLesSeg,P52_T2,Tversky,1,13,98,38.41874542459709,True
MSLesSeg,P52_T2,Tversky,1,14,92,10.0,True
MSLesSeg,P52_T2,Tversky,2,1,726,1.7320508075688772,True
MSLesSeg,P52_T2,Tversky,2,2,254,1.0,True
MSLesSeg,P52_T2,Tversky,2,3,288,2.0,True
MSLesSeg,P52_T2,Tversky,2,4,70,2.449489742783178,True
MSLesSeg,P52_T2,Tversky,2,5,96,4.242640687119285,True
MSLesSeg,P52_T2,Tversky,2,6,162,32.2490309931942,True
MSLesSeg,P52_T2,Tversky,2,7,18,45.617978911828175,False
MSLesSeg,P52_T2,Tversky,2,8,194,2.23606797749979,True
MSLesSeg,P52_T2,Tversky,2,9,468,1.4142135623730951,True
MSLesSeg,P52_T2,Tversky,2,10,132,18.05547008526779,True
MSLesSeg,P52_T2,Tversky,2,11,70,10.295630140987,True
MSLesSeg,P52_T2,Tversky,2,12,175,37.107950630558946,True
MSLesSeg,P52_T2,Tversky,2,13,98,38.41874542459709,True
MSLesSeg,P52_T2,Tversky,2,14,92,10.0,True
MSLesSeg,P52_T2,Tversky,3,1,726,1.7320508075688772,True
MSLesSeg,P52_T2,Tversky,3,2,254,1.0,True
MSLesSeg,P52_T2,Tversky,3,3,288,2.0,True
MSLesSeg,P52_T2,Tversky,3,4,70,2.449489742783178,True
MSLesSeg,P52_T2,Tversky,3,5,96,4.242640687119285,True
MSLesSeg,P52_T2,Tversky,3,6,162,32.2490309931942,True
MSLesSeg,P52_T2,Tversky,3,7,18,45.617978911828175,False
MSLesSeg,P52_T2,Tversky,3,8,194,2.23606797749979,True
MSLesSeg,P52_T2,Tversky,3,9,468,1.4142135623730951,True
MSLesSeg,P52_T2,Tversky,3,10,132,18.05547008526779,False
MSLesSeg,P52_T2,Tversky,3,11,70,10.295630140987,True
MSLesSeg,P52_T2,Tversky,3,12,175,37.107950630558946,True
MSLesSeg,P52_T2,Tversky,3,13,98,38.41874542459709,True
MSLesSeg,P52_T2,Tversky,3,14,92,10.0,True
MSLesSeg,P52_T2,Tversky,4,1,726,1.7320508075688772,True
MSLesSeg,P52_T2,Tversky,4,2,254,1.0,True
MSLesSeg,P52_T2,Tversky,4,3,288,2.0,True
MSLesSeg,P52_T2,Tversky,4,4,70,2.449489742783178,True
MSLesSeg,P52_T2,Tversky,4,5,96,4.242640687119285,True
MSLesSeg,P52_T2,Tversky,4,6,162,32.2490309931942,True
MSLesSeg,P52_T2,Tversky,4,7,18,45.617978911828175,False
MSLesSeg,P52_T2,Tversky,4,8,194,2.23606797749979,True
MSLesSeg,P52_T2,Tversky,4,9,468,1.4142135623730951,True
MSLesSeg,P52_T2,Tversky,4,10,132,18.05547008526779,False
MSLesSeg,P52_T2,Tversky,4,11,70,10.295630140987,True
MSLesSeg,P52_T2,Tversky,4,12,175,37.107950630558946,False
MSLesSeg,P52_T2,Tversky,4,13,98,38.41874542459709,True
MSLesSeg,P52_T2,Tversky,4,14,92,10.0,True
MSLesSeg,P52_T2,FocalTversky,0,1,726,1.7320508075688772,True
MSLesSeg,P52_T2,FocalTversky,0,2,254,1.0,True
MSLesSeg,P52_T2,FocalTversky,0,3,288,2.0,True
MSLesSeg,P52_T2,FocalTversky,0,4,70,2.449489742783178,True
MSLesSeg,P52_T2,FocalTversky,0,5,96,4.242640687119285,True
MSLesSeg,P52_T2,FocalTversky,0,6,162,32.2490309931942,True
MSLesSeg,P52_T2,FocalTversky,0,7,18,45.617978911828175,False
MSLesSeg,P52_T2,FocalTversky,0,8,194,2.23606797749979,True
MSLesSeg,P52_T2,FocalTversky,0,9,468,1.4142135623730951,True
MSLesSeg,P52_T2,FocalTversky,0,10,132,18.05547008526779,True
MSLesSeg,P52_T2,FocalTversky,0,11,70,10.295630140987,True
MSLesSeg,P52_T2,FocalTversky,0,12,175,37.107950630558946,True
MSLesSeg,P52_T2,FocalTversky,0,13,98,38.41874542459709,True
MSLesSeg,P52_T2,FocalTversky,0,14,92,10.0,True
MSLesSeg,P52_T2,FocalTversky,1,1,726,1.7320508075688772,True
MSLesSeg,P52_T2,FocalTversky,1,2,254,1.0,True
MSLesSeg,P52_T2,FocalTversky,1,3,288,2.0,True
MSLesSeg,P52_T2,FocalTversky,1,4,70,2.449489742783178,True
MSLesSeg,P52_T2,FocalTversky,1,5,96,4.242640687119285,True
MSLesSeg,P52_T2,FocalTversky,1,6,162,32.2490309931942,True
MSLesSeg,P52_T2,FocalTversky,1,7,18,45.617978911828175,False
MSLesSeg,P52_T2,FocalTversky,1,8,194,2.23606797749979,True
MSLesSeg,P52_T2,FocalTversky,1,9,468,1.4142135623730951,True
MSLesSeg,P52_T2,FocalTversky,1,10,132,18.05547008526779,False
MSLesSeg,P52_T2,FocalTversky,1,11,70,10.295630140987,True
MSLesSeg,P52_T2,FocalTversky,1,12,175,37.107950630558946,False
MSLesSeg,P52_T2,FocalTversky,1,13,98,38.41874542459709,True
MSLesSeg,P52_T2,FocalTversky,1,14,92,10.0,True
MSLesSeg,P52_T2,FocalTversky,2,1,726,1.7320508075688772,True
MSLesSeg,P52_T2,FocalTversky,2,2,254,1.0,True
MSLesSeg,P52_T2,FocalTversky,2,3,288,2.0,True
MSLesSeg,P52_T2,FocalTversky,2,4,70,2.449489742783178,False
MSLesSeg,P52_T2,FocalTversky,2,5,96,4.242640687119285,True
MSLesSeg,P52_T2,FocalTversky,2,6,162,32.2490309931942,True
MSLesSeg,P52_T2,FocalTversky,2,7,18,45.617978911828175,False
MSLesSeg,P52_T2,FocalTversky,2,8,194,2.23606797749979,True
MSLesSeg,P52_T2,FocalTversky,2,9,468,1.4142135623730951,True
MSLesSeg,P52_T2,FocalTversky,2,10,132,18.05547008526779,True
MSLesSeg,P52_T2,FocalTversky,2,11,70,10.295630140987,True
MSLesSeg,P52_T2,FocalTversky,2,12,175,37.107950630558946,True
MSLesSeg,P52_T2,FocalTversky,2,13,98,38.41874542459709,True
MSLesSeg,P52_T2,FocalTversky,2,14,92,10.0,True
MSLesSeg,P52_T2,FocalTversky,3,1,726,1.7320508075688772,True
MSLesSeg,P52_T2,FocalTversky,3,2,254,1.0,True
MSLesSeg,P52_T2,FocalTversky,3,3,288,2.0,True
MSLesSeg,P52_T2,FocalTversky,3,4,70,2.449489742783178,True
MSLesSeg,P52_T2,FocalTversky,3,5,96,4.242640687119285,True
MSLesSeg,P52_T2,FocalTversky,3,6,162,32.2490309931942,True
MSLesSeg,P52_T2,FocalTversky,3,7,18,45.617978911828175,False
MSLesSeg,P52_T2,FocalTversky,3,8,194,2.23606797749979,True
MSLesSeg,P52_T2,FocalTversky,3,9,468,1.4142135623730951,True
MSLesSeg,P52_T2,FocalTversky,3,10,132,18.05547008526779,True
MSLesSeg,P52_T2,FocalTversky,3,11,70,10.295630140987,True
MSLesSeg,P52_T2,FocalTversky,3,12,175,37.107950630558946,True
MSLesSeg,P52_T2,FocalTversky,3,13,98,38.41874542459709,True
MSLesSeg,P52_T2,FocalTversky,3,14,92,10.0,True
MSLesSeg,P52_T2,FocalTversky,4,1,726,1.7320508075688772,True
MSLesSeg,P52_T2,FocalTversky,4,2,254,1.0,True
MSLesSeg,P52_T2,FocalTversky,4,3,288,2.0,True
MSLesSeg,P52_T2,FocalTversky,4,4,70,2.449489742783178,True
MSLesSeg,P52_T2,FocalTversky,4,5,96,4.242640687119285,True
MSLesSeg,P52_T2,FocalTversky,4,6,162,32.2490309931942,True
MSLesSeg,P52_T2,FocalTversky,4,7,18,45.617978911828175,False
MSLesSeg,P52_T2,FocalTversky,4,8,194,2.23606797749979,True
MSLesSeg,P52_T2,FocalTversky,4,9,468,1.4142135623730951,True
MSLesSeg,P52_T2,FocalTversky,4,10,132,18.05547008526779,False
MSLesSeg,P52_T2,FocalTversky,4,11,70,10.295630140987,True
MSLesSeg,P52_T2,FocalTversky,4,12,175,37.107950630558946,True
MSLesSeg,P52_T2,FocalTversky,4,13,98,38.41874542459709,True
MSLesSeg,P52_T2,FocalTversky,4,14,92,10.0,True
3D-MR-MS,patient03,CATMIL,0,1,23,21.080754529579995,True
3D-MR-MS,patient03,CATMIL,0,2,1525,0.46875,True
3D-MR-MS,patient03,CATMIL,0,3,239,7.199742292719475,True
3D-MR-MS,patient03,CATMIL,0,4,25,14.80411955746042,True
3D-MR-MS,patient03,CATMIL,0,5,26,10.34898106078961,True
3D-MR-MS,patient03,CATMIL,0,6,46,9.536840654532947,True
3D-MR-MS,patient03,CATMIL,0,7,7,5.274289080546854,False
3D-MR-MS,patient03,CATMIL,0,8,1406,0.46875,True
3D-MR-MS,patient03,CATMIL,0,9,6,4.583295961169842,False
3D-MR-MS,patient03,CATMIL,0,10,50,24.794251012872664,True
3D-MR-MS,patient03,CATMIL,0,11,1494,0.46875,True
3D-MR-MS,patient03,CATMIL,0,12,1,1.690102160373745,False
3D-MR-MS,patient03,CATMIL,0,13,11,26.75573098655688,True
3D-MR-MS,patient03,CATMIL,0,14,694,16.29688671371317,False
3D-MR-MS,patient03,CATMIL,0,15,55,23.4558336631119,True
3D-MR-MS,patient03,CATMIL,0,16,27,23.310593923418168,True
3D-MR-MS,patient03,CATMIL,0,17,257,0.6629126073623883,False
3D-MR-MS,patient03,CATMIL,0,18,115,0.6629126073623883,False
3D-MR-MS,patient03,CATMIL,0,19,54,10.279737805870946,True
3D-MR-MS,patient03,CATMIL,0,20,21,19.118385474080405,True
3D-MR-MS,patient03,CATMIL,0,21,121,4.890695956266911,True
3D-MR-MS,patient03,CATMIL,1,1,23,21.080754529579995,True
3D-MR-MS,patient03,CATMIL,1,2,1525,0.46875,True
3D-MR-MS,patient03,CATMIL,1,3,239,7.199742292719475,True
3D-MR-MS,patient03,CATMIL,1,4,25,14.80411955746042,True
3D-MR-MS,patient03,CATMIL,1,5,26,10.34898106078961,True
3D-MR-MS,patient03,CATMIL,1,6,46,9.536840654532947,True
3D-MR-MS,patient03,CATMIL,1,7,7,5.274289080546854,False
3D-MR-MS,patient03,CATMIL,1,8,1406,0.46875,True
3D-MR-MS,patient03,CATMIL,1,9,6,4.583295961169842,False
3D-MR-MS,patient03,CATMIL,1,10,50,24.794251012872664,True
3D-MR-MS,patient03,CATMIL,1,11,1494,0.46875,True
3D-MR-MS,patient03,CATMIL,1,12,1,1.690102160373745,False
3D-MR-MS,patient03,CATMIL,1,13,11,26.75573098655688,True
3D-MR-MS,patient03,CATMIL,1,14,694,16.29688671371317,False
3D-MR-MS,patient03,CATMIL,1,15,55,23.4558336631119,True
3D-MR-MS,patient03,CATMIL,1,16,27,23.310593923418168,True
3D-MR-MS,patient03,CATMIL,1,17,257,0.6629126073623883,False
3D-MR-MS,patient03,CATMIL,1,18,115,0.6629126073623883,False
3D-MR-MS,patient03,CATMIL,1,19,54,10.279737805870946,True
3D-MR-MS,patient03,CATMIL,1,20,21,19.118385474080405,True
3D-MR-MS,patient03,CATMIL,1,21,121,4.890695956266911,True
3D-MR-MS,patient03,CATMIL,2,1,23,21.080754529579995,True
3D-MR-MS,patient03,CATMIL,2,2,1525,0.46875,True
3D-MR-MS,patient03,CATMIL,2,3,239,7.199742292719475,True
3D-MR-MS,patient03,CATMIL,2,4,25,14.80411955746042,True
3D-MR-MS,patient03,CATMIL,2,5,26,10.34898106078961,True
3D-MR-MS,patient03,CATMIL,2,6,46,9.536840654532947,True
3D-MR-MS,patient03,CATMIL,2,7,7,5.274289080546854,False
3D-MR-MS,patient03,CATMIL,2,8,1406,0.46875,True
3D-MR-MS,patient03,CATMIL,2,9,6,4.583295961169842,False
3D-MR-MS,patient03,CATMIL,2,10,50,24.794251012872664,True
3D-MR-MS,patient03,CATMIL,2,11,1494,0.46875,True
3D-MR-MS,patient03,CATMIL,2,12,1,1.690102160373745,False
3D-MR-MS,patient03,CATMIL,2,13,11,26.75573098655688,True
3D-MR-MS,patient03,CATMIL,2,14,694,16.29688671371317,True
3D-MR-MS,patient03,CATMIL,2,15,55,23.4558336631119,True
3D-MR-MS,patient03,CATMIL,2,16,27,23.310593923418168,True
3D-MR-MS,patient03,CATMIL,2,17,257,0.6629126073623883,False
3D-MR-MS,patient03,CATMIL,2,18,115,0.6629126073623883,False
3D-MR-MS,patient03,CATMIL,2,19,54,10.279737805870946,True
3D-MR-MS,patient03,CATMIL,2,20,21,19.118385474080405,True
3D-MR-MS,patient03,CATMIL,2,21,121,4.890695956266911,True
3D-MR-MS,patient03,CATMIL,3,1,23,21.080754529579995,True
3D-MR-MS,patient03,CATMIL,3,2,1525,0.46875,True
3D-MR-MS,patient03,CATMIL,3,3,239,7.199742292719475,True
3D-MR-MS,patient03,CATMIL,3,4,25,14.80411955746042,True
3D-MR-MS,patient03,CATMIL,3,5,26,10.34898106078961,True
3D-MR-MS,patient03,CATMIL,3,6,46,9.536840654532947,True
3D-MR-MS,patient03,CATMIL,3,7,7,5.274289080546854,False
3D-MR-MS,patient03,CATMIL,3,8,1406,0.46875,True
3D-MR-MS,patient03,CATMIL,3,9,6,4.583295961169842,False
3D-MR-MS,patient03,CATMIL,3,10,50,24.794251012872664,True
3D-MR-MS,patient03,CATMIL,3,11,1494,0.46875,True
3D-MR-MS,patient03,CATMIL,3,12,1,1.690102160373745,False
3D-MR-MS,patient03,CATMIL,3,13,11,26.75573098655688,True
3D-MR-MS,patient03,CATMIL,3,14,694,16.29688671371317,True
3D-MR-MS,patient03,CATMIL,3,15,55,23.4558336631119,True
3D-MR-MS,patient03,CATMIL,3,16,27,23.310593923418168,True
3D-MR-MS,patient03,CATMIL,3,17,257,0.6629126073623883,False
3D-MR-MS,patient03,CATMIL,3,18,115,0.6629126073623883,False
3D-MR-MS,patient03,CATMIL,3,19,54,10.279737805870946,True
3D-MR-MS,patient03,CATMIL,3,20,21,19.118385474080405,True
3D-MR-MS,patient03,CATMIL,3,21,121,4.890695956266911,True
3D-MR-MS,patient03,CATMIL,4,1,23,21.080754529579995,True
3D-MR-MS,patient03,CATMIL,4,2,1525,0.46875,True
3D-MR-MS,patient03,CATMIL,4,3,239,7.199742292719475,True
3D-MR-MS,patient03,CATMIL,4,4,25,14.80411955746042,True
3D-MR-MS,patient03,CATMIL,4,5,26,10.34898106078961,True
3D-MR-MS,patient03,CATMIL,4,6,46,9.536840654532947,True
3D-MR-MS,patient03,CATMIL,4,7,7,5.274289080546854,False
3D-MR-MS,patient03,CATMIL,4,8,1406,0.46875,True
3D-MR-MS,patient03,CATMIL,4,9,6,4.583295961169842,False
3D-MR-MS,patient03,CATMIL,4,10,50,24.794251012872664,True
3D-MR-MS,patient03,CATMIL,4,11,1494,0.46875,True
3D-MR-MS,patient03,CATMIL,4,12,1,1.690102160373745,False
3D-MR-MS,patient03,CATMIL,4,13,11,26.75573098655688,True
3D-MR-MS,patient03,CATMIL,4,14,694,16.29688671371317,False
3D-MR-MS,patient03,CATMIL,4,15,55,23.4558336631119,True
3D-MR-MS,patient03,CATMIL,4,16,27,23.310593923418168,True
3D-MR-MS,patient03,CATMIL,4,17,257,0.6629126073623883,False
3D-MR-MS,patient03,CATMIL,4,18,115,0.6629126073623883,False
3D-MR-MS,patient03,CATMIL,4,19,54,10.279737805870946,True
3D-MR-MS,patient03,CATMIL,4,20,21,19.118385474080405,True
3D-MR-MS,patient03,CATMIL,4,21,121,4.890695956266911,True
3D-MR-MS,patient03,DiceCE,0,1,23,21.080754529579995,True
3D-MR-MS,patient03,DiceCE,0,2,1525,0.46875,True
3D-MR-MS,patient03,DiceCE,0,3,239,7.199742292719475,True
3D-MR-MS,patient03,DiceCE,0,4,25,14.80411955746042,True
3D-MR-MS,patient03,DiceCE,0,5,26,10.34898106078961,True
3D-MR-MS,patient03,DiceCE,0,6,46,9.536840654532947,True
3D-MR-MS,patient03,DiceCE,0,7,7,5.274289080546854,False
3D-MR-MS,patient03,DiceCE,0,8,1406,0.46875,True
3D-MR-MS,patient03,DiceCE,0,9,6,4.583295961169842,False
3D-MR-MS,patient03,DiceCE,0,10,50,24.794251012872664,True
3D-MR-MS,patient03,DiceCE,0,11,1494,0.46875,True
3D-MR-MS,patient03,DiceCE,0,12,1,1.690102160373745,False
3D-MR-MS,patient03,DiceCE,0,13,11,26.75573098655688,True
3D-MR-MS,patient03,DiceCE,0,14,694,16.29688671371317,True
3D-MR-MS,patient03,DiceCE,0,15,55,23.4558336631119,True
3D-MR-MS,patient03,DiceCE,0,16,27,23.310593923418168,True
3D-MR-MS,patient03,DiceCE,0,17,257,0.6629126073623883,False
3D-MR-MS,patient03,DiceCE,0,18,115,0.6629126073623883,False
3D-MR-MS,patient03,DiceCE,0,19,54,10.279737805870946,True
3D-MR-MS,patient03,DiceCE,0,20,21,19.118385474080405,True
3D-MR-MS,patient03,DiceCE,0,21,121,4.890695956266911,True
3D-MR-MS,patient03,DiceCE,1,1,23,21.080754529579995,True
3D-MR-MS,patient03,DiceCE,1,2,1525,0.46875,True
3D-MR-MS,patient03,DiceCE,1,3,239,7.199742292719475,True
3D-MR-MS,patient03,DiceCE,1,4,25,14.80411955746042,True
3D-MR-MS,patient03,DiceCE,1,5,26,10.34898106078961,True
3D-MR-MS,patient03,DiceCE,1,6,46,9.536840654532947,True
3D-MR-MS,patient03,DiceCE,1,7,7,5.274289080546854,False
3D-MR-MS,patient03,DiceCE,1,8,1406,0.46875,True
3D-MR-MS,patient03,DiceCE,1,9,6,4.583295961169842,False
3D-MR-MS,patient03,DiceCE,1,10,50,24.794251012872664,True
3D-MR-MS,patient03,DiceCE,1,11,1494,0.46875,True
3D-MR-MS,patient03,DiceCE,1,12,1,1.690102160373745,False
3D-MR-MS,patient03,DiceCE,1,13,11,26.75573098655688,True
3D-MR-MS,patient03,DiceCE,1,14,694,16.29688671371317,True
3D-MR-MS,patient03,DiceCE,1,15,55,23.4558336631119,True
3D-MR-MS,patient03,DiceCE,1,16,27,23.310593923418168,True
3D-MR-MS,patient03,DiceCE,1,17,257,0.6629126073623883,False
3D-MR-MS,patient03,DiceCE,1,18,115,0.6629126073623883,False
3D-MR-MS,patient03,DiceCE,1,19,54,10.279737805870946,True
3D-MR-MS,patient03,DiceCE,1,20,21,19.118385474080405,True
3D-MR-MS,patient03,DiceCE,1,21,121,4.890695956266911,True
3D-MR-MS,patient03,DiceCE,2,1,23,21.080754529579995,True
3D-MR-MS,patient03,DiceCE,2,2,1525,0.46875,True
3D-MR-MS,patient03,DiceCE,2,3,239,7.199742292719475,True
3D-MR-MS,patient03,DiceCE,2,4,25,14.80411955746042,True
3D-MR-MS,patient03,DiceCE,2,5,26,10.34898106078961,True
3D-MR-MS,patient03,DiceCE,2,6,46,9.536840654532947,True
3D-MR-MS,patient03,DiceCE,2,7,7,5.274289080546854,False
3D-MR-MS,patient03,DiceCE,2,8,1406,0.46875,True
3D-MR-MS,patient03,DiceCE,2,9,6,4.583295961169842,False
3D-MR-MS,patient03,DiceCE,2,10,50,24.794251012872664,True
3D-MR-MS,patient03,DiceCE,2,11,1494,0.46875,True
3D-MR-MS,patient03,DiceCE,2,12,1,1.690102160373745,False
3D-MR-MS,patient03,DiceCE,2,13,11,26.75573098655688,True
3D-MR-MS,patient03,DiceCE,2,14,694,16.29688671371317,True
3D-MR-MS,patient03,DiceCE,2,15,55,23.4558336631119,True
3D-MR-MS,patient03,DiceCE,2,16,27,23.310593923418168,True
3D-MR-MS,patient03,DiceCE,2,17,257,0.6629126073623883,False
3D-MR-MS,patient03,DiceCE,2,18,115,0.6629126073623883,False
3D-MR-MS,patient03,DiceCE,2,19,54,10.279737805870946,True
3D-MR-MS,patient03,DiceCE,2,20,21,19.118385474080405,True
3D-MR-MS,patient03,DiceCE,2,21,121,4.890695956266911,True
3D-MR-MS,patient03,DiceCE,3,1,23,21.080754529579995,True
3D-MR-MS,patient03,DiceCE,3,2,1525,0.46875,True
3D-MR-MS,patient03,DiceCE,3,3,239,7.199742292719475,True
3D-MR-MS,patient03,DiceCE,3,4,25,14.80411955746042,True
3D-MR-MS,patient03,DiceCE,3,5,26,10.34898106078961,True
3D-MR-MS,patient03,DiceCE,3,6,46,9.536840654532947,True
3D-MR-MS,patient03,DiceCE,3,7,7,5.274289080546854,False
3D-MR-MS,patient03,DiceCE,3,8,1406,0.46875,True
3D-MR-MS,patient03,DiceCE,3,9,6,4.583295961169842,False
3D-MR-MS,patient03,DiceCE,3,10,50,24.794251012872664,True
3D-MR-MS,patient03,DiceCE,3,11,1494,0.46875,True
3D-MR-MS,patient03,DiceCE,3,12,1,1.690102160373745,False
3D-MR-MS,patient03,DiceCE,3,13,11,26.75573098655688,True
3D-MR-MS,patient03,DiceCE,3,14,694,16.29688671371317,True
3D-MR-MS,patient03,DiceCE,3,15,55,23.4558336631119,True
3D-MR-MS,patient03,DiceCE,3,16,27,23.310593923418168,True
3D-MR-MS,patient03,DiceCE,3,17,257,0.6629126073623883,False
3D-MR-MS,patient03,DiceCE,3,18,115,0.6629126073623883,False
3D-MR-MS,patient03,DiceCE,3,19,54,10.279737805870946,True
3D-MR-MS,patient03,DiceCE,3,20,21,19.118385474080405,True
3D-MR-MS,patient03,DiceCE,3,21,121,4.890695956266911,True
3D-MR-MS,patient03,DiceCE,4,1,23,21.080754529579995,True
3D-MR-MS,patient03,DiceCE,4,2,1525,0.46875,True
3D-MR-MS,patient03,DiceCE,4,3,239,7.199742292719475,True
3D-MR-MS,patient03,DiceCE,4,4,25,14.80411955746042,True
3D-MR-MS,patient03,DiceCE,4,5,26,10.34898106078961,True
3D-MR-MS,patient03,DiceCE,4,6,46,9.536840654532947,True
3D-MR-MS,patient03,DiceCE,4,7,7,5.274289080546854,False
3D-MR-MS,patient03,DiceCE,4,8,1406,0.46875,True
3D-MR-MS,patient03,DiceCE,4,9,6,4.583295961169842,False
3D-MR-MS,patient03,DiceCE,4,10,50,24.794251012872664,True
3D-MR-MS,patient03,DiceCE,4,11,1494,0.46875,True
3D-MR-MS,patient03,DiceCE,4,12,1,1.690102160373745,False
3D-MR-MS,patient03,DiceCE,4,13,11,26.75573098655688,True
3D-MR-MS,patient03,DiceCE,4,14,694,16.29688671371317,False
3D-MR-MS,patient03,DiceCE,4,15,55,23.4558336631119,True
3D-MR-MS,patient03,DiceCE,4,16,27,23.310593923418168,True
3D-MR-MS,patient03,DiceCE,4,17,257,0.6629126073623883,False
3D-MR-MS,patient03,DiceCE,4,18,115,0.6629126073623883,False
3D-MR-MS,patient03,DiceCE,4,19,54,10.279737805870946,True
3D-MR-MS,patient03,DiceCE,4,20,21,19.118385474080405,True
3D-MR-MS,patient03,DiceCE,4,21,121,4.890695956266911,True
3D-MR-MS,patient03,Tversky,0,1,23,21.080754529579995,True
3D-MR-MS,patient03,Tversky,0,2,1525,0.46875,True
3D-MR-MS,patient03,Tversky,0,3,239,7.199742292719475,True
3D-MR-MS,patient03,Tversky,0,4,25,14.80411955746042,True
3D-MR-MS,patient03,Tversky,0,5,26,10.34898106078961,True
3D-MR-MS,patient03,Tversky,0,6,46,9.536840654532947,True
3D-MR-MS,patient03,Tversky,0,7,7,5.274289080546854,False
3D-MR-MS,patient03,Tversky,0,8,1406,0.46875,True
3D-MR-MS,patient03,Tversky,0,9,6,4.583295961169842,False
3D-MR-MS,patient03,Tversky,0,10,50,24.794251012872664,True
3D-MR-MS,patient03,Tversky,0,11,1494,0.46875,True
3D-MR-MS,patient03,Tversky,0,12,1,1.690102160373745,False
3D-MR-MS,patient03,Tversky,0,13,11,26.75573098655688,True
3D-MR-MS,patient03,Tversky,0,14,694,16.29688671371317,True
3D-MR-MS,patient03,Tversky,0,15,55,23.4558336631119,True
3D-MR-MS,patient03,Tversky,0,16,27,23.310593923418168,True
3D-MR-MS,patient03,Tversky,0,17,257,0.6629126073623883,False
3D-MR-MS,patient03,Tversky,0,18,115,0.6629126073623883,False
3D-MR-MS,patient03,Tversky,0,19,54,10.279737805870946,True
3D-MR-MS,patient03,Tversky,0,20,21,19.118385474080405,True
3D-MR-MS,patient03,Tversky,0,21,121,4.890695956266911,True
3D-MR-MS,patient03,Tversky,1,1,23,21.080754529579995,True
3D-MR-MS,patient03,Tversky,1,2,1525,0.46875,True
3D-MR-MS,patient03,Tversky,1,3,239,7.199742292719475,True
3D-MR-MS,patient03,Tversky,1,4,25,14.80411955746042,True
3D-MR-MS,patient03,Tversky,1,5,26,10.34898106078961,True
3D-MR-MS,patient03,Tversky,1,6,46,9.536840654532947,True
3D-MR-MS,patient03,Tversky,1,7,7,5.274289080546854,False
3D-MR-MS,patient03,Tversky,1,8,1406,0.46875,True
3D-MR-MS,patient03,Tversky,1,9,6,4.583295961169842,False
3D-MR-MS,patient03,Tversky,1,10,50,24.794251012872664,True
3D-MR-MS,patient03,Tversky,1,11,1494,0.46875,True
3D-MR-MS,patient03,Tversky,1,12,1,1.690102160373745,False
3D-MR-MS,patient03,Tversky,1,13,11,26.75573098655688,True
3D-MR-MS,patient03,Tversky,1,14,694,16.29688671371317,True
3D-MR-MS,patient03,Tversky,1,15,55,23.4558336631119,True
3D-MR-MS,patient03,Tversky,1,16,27,23.310593923418168,True
3D-MR-MS,patient03,Tversky,1,17,257,0.6629126073623883,False
3D-MR-MS,patient03,Tversky,1,18,115,0.6629126073623883,False
3D-MR-MS,patient03,Tversky,1,19,54,10.279737805870946,True
3D-MR-MS,patient03,Tversky,1,20,21,19.118385474080405,True
3D-MR-MS,patient03,Tversky,1,21,121,4.890695956266911,True
3D-MR-MS,patient03,Tversky,2,1,23,21.080754529579995,True
3D-MR-MS,patient03,Tversky,2,2,1525,0.46875,True
3D-MR-MS,patient03,Tversky,2,3,239,7.199742292719475,True
3D-MR-MS,patient03,Tversky,2,4,25,14.80411955746042,True
3D-MR-MS,patient03,Tversky,2,5,26,10.34898106078961,True
3D-MR-MS,patient03,Tversky,2,6,46,9.536840654532947,True
3D-MR-MS,patient03,Tversky,2,7,7,5.274289080546854,False
3D-MR-MS,patient03,Tversky,2,8,1406,0.46875,True
3D-MR-MS,patient03,Tversky,2,9,6,4.583295961169842,False
3D-MR-MS,patient03,Tversky,2,10,50,24.794251012872664,True
3D-MR-MS,patient03,Tversky,2,11,1494,0.46875,True
3D-MR-MS,patient03,Tversky,2,12,1,1.690102160373745,False
3D-MR-MS,patient03,Tversky,2,13,11,26.75573098655688,True
3D-MR-MS,patient03,Tversky,2,14,694,16.29688671371317,True
3D-MR-MS,patient03,Tversky,2,15,55,23.4558336631119,True
3D-MR-MS,patient03,Tversky,2,16,27,23.310593923418168,True
3D-MR-MS,patient03,Tversky,2,17,257,0.6629126073623883,False
3D-MR-MS,patient03,Tversky,2,18,115,0.6629126073623883,False
3D-MR-MS,patient03,Tversky,2,19,54,10.279737805870946,True
3D-MR-MS,patient03,Tversky,2,20,21,19.118385474080405,True
3D-MR-MS,patient03,Tversky,2,21,121,4.890695956266911,True
3D-MR-MS,patient03,Tversky,3,1,23,21.080754529579995,True
3D-MR-MS,patient03,Tversky,3,2,1525,0.46875,True
3D-MR-MS,patient03,Tversky,3,3,239,7.199742292719475,True
3D-MR-MS,patient03,Tversky,3,4,25,14.80411955746042,True
3D-MR-MS,patient03,Tversky,3,5,26,10.34898106078961,True
3D-MR-MS,patient03,Tversky,3,6,46,9.536840654532947,True
3D-MR-MS,patient03,Tversky,3,7,7,5.274289080546854,False
3D-MR-MS,patient03,Tversky,3,8,1406,0.46875,True
3D-MR-MS,patient03,Tversky,3,9,6,4.583295961169842,False
3D-MR-MS,patient03,Tversky,3,10,50,24.794251012872664,True
3D-MR-MS,patient03,Tversky,3,11,1494,0.46875,True
3D-MR-MS,patient03,Tversky,3,12,1,1.690102160373745,False
3D-MR-MS,patient03,Tversky,3,13,11,26.75573098655688,True
3D-MR-MS,patient03,Tversky,3,14,694,16.29688671371317,True
3D-MR-MS,patient03,Tversky,3,15,55,23.4558336631119,True
3D-MR-MS,patient03,Tversky,3,16,27,23.310593923418168,True
3D-MR-MS,patient03,Tversky,3,17,257,0.6629126073623883,False
3D-MR-MS,patient03,Tversky,3,18,115,0.6629126073623883,False
3D-MR-MS,patient03,Tversky,3,19,54,10.279737805870946,True
3D-MR-MS,patient03,Tversky,3,20,21,19.118385474080405,True
3D-MR-MS,patient03,Tversky,3,21,121,4.890695956266911,True
3D-MR-MS,patient03,Tversky,4,1,23,21.080754529579995,True
3D-MR-MS,patient03,Tversky,4,2,1525,0.46875,True
3D-MR-MS,patient03,Tversky,4,3,239,7.199742292719475,True
3D-MR-MS,patient03,Tversky,4,4,25,14.80411955746042,True
3D-MR-MS,patient03,Tversky,4,5,26,10.34898106078961,True
3D-MR-MS,patient03,Tversky,4,6,46,9.536840654532947,True
3D-MR-MS,patient03,Tversky,4,7,7,5.274289080546854,False
3D-MR-MS,patient03,Tversky,4,8,1406,0.46875,True
3D-MR-MS,patient03,Tversky,4,9,6,4.583295961169842,False
3D-MR-MS,patient03,Tversky,4,10,50,24.794251012872664,True
3D-MR-MS,patient03,Tversky,4,11,1494,0.46875,True
3D-MR-MS,patient03,Tversky,4,12,1,1.690102160373745,False
3D-MR-MS,patient03,Tversky,4,13,11,26.75573098655688,True
3D-MR-MS,patient03,Tversky,4,14,694,16.29688671371317,False
3D-MR-MS,patient03,Tversky,4,15,55,23.4558336631119,True
3D-MR-MS,patient03,Tversky,4,16,27,23.310593923418168,True
3D-MR-MS,patient03,Tversky,4,17,257,0.6629126073623883,False
3D-MR-MS,patient03,Tversky,4,18,115,0.6629126073623883,False
3D-MR-MS,patient03,Tversky,4,19,54,10.279737805870946,True
3D-MR-MS,patient03,Tversky,4,20,21,19.118385474080405,True
3D-MR-MS,patient03,Tversky,4,21,121,4.890695956266911,True
3D-MR-MS,patient03,FocalTversky,0,1,23,21.080754529579995,True
3D-MR-MS,patient03,FocalTversky,0,2,1525,0.46875,True
3D-MR-MS,patient03,FocalTversky,0,3,239,7.199742292719475,True
3D-MR-MS,patient03,FocalTversky,0,4,25,14.80411955746042,True
3D-MR-MS,patient03,FocalTversky,0,5,26,10.34898106078961,True
3D-MR-MS,patient03,FocalTversky,0,6,46,9.536840654532947,True
3D-MR-MS,patient03,FocalTversky,0,7,7,5.274289080546854,False
3D-MR-MS,patient03,FocalTversky,0,8,1406,0.46875,True
3D-MR-MS,patient03,FocalTversky,0,9,6,4.583295961169842,False
3D-MR-MS,patient03,FocalTversky,0,10,50,24.794251012872664,True
3D-MR-MS,patient03,FocalTversky,0,11,1494,0.46875,True
3D-MR-MS,patient03,FocalTversky,0,12,1,1.690102160373745,False
3D-MR-MS,patient03,FocalTversky,0,13,11,26.75573098655688,True
3D-MR-MS,patient03,FocalTversky,0,14,694,16.29688671371317,True
3D-MR-MS,patient03,FocalTversky,0,15,55,23.4558336631119,True
3D-MR-MS,patient03,FocalTversky,0,16,27,23.310593923418168,True
3D-MR-MS,patient03,FocalTversky,0,17,257,0.6629126073623883,False
3D-MR-MS,patient03,FocalTversky,0,18,115,0.6629126073623883,False
3D-MR-MS,patient03,FocalTversky,0,19,54,10.279737805870946,True
3D-MR-MS,patient03,FocalTversky,0,20,21,19.118385474080405,True
3D-MR-MS,patient03,FocalTversky,0,21,121,4.890695956266911,True
3D-MR-MS,patient03,FocalTversky,1,1,23,21.080754529579995,True
3D-MR-MS,patient03,FocalTversky,1,2,1525,0.46875,True
3D-MR-MS,patient03,FocalTversky,1,3,239,7.199742292719475,True
3D-MR-MS,patient03,FocalTversky,1,4,25,14.80411955746042,True
3D-MR-MS,patient03,FocalTversky,1,5,26,10.34898106078961,True
3D-MR-MS,patient03,FocalTversky,1,6,46,9.536840654532947,True
3D-MR-MS,patient03,FocalTversky,1,7,7,5.274289080546854,False
3D-MR-MS,patient03,FocalTversky,1,8,1406,0.46875,True
3D-MR-MS,patient03,FocalTversky,1,9,6,4.583295961169842,False
3D-MR-MS,patient03,FocalTversky,1,10,50,24.794251012872664,True
3D-MR-MS,patient03,FocalTversky,1,11,1494,0.46875,True
3D-MR-MS,patient03,FocalTversky,1,12,1,1.690102160373745,False
3D-MR-MS,patient03,FocalTversky,1,13,11,26.75573098655688,True
3D-MR-MS,patient03,FocalTversky,1,14,694,16.29688671371317,True
3D-MR-MS,patient03,FocalTversky,1,15,55,23.4558336631119,True
3D-MR-MS,patient03,FocalTversky,1,16,27,23.310593923418168,True
3D-MR-MS,patient03,FocalTversky,1,17,257,0.6629126073623883,False
3D-MR-MS,patient03,FocalTversky,1,18,115,0.6629126073623883,False
3D-MR-MS,patient03,FocalTversky,1,19,54,10.279737805870946,True
3D-MR-MS,patient03,FocalTversky,1,20,21,19.118385474080405,True
3D-MR-MS,patient03,FocalTversky,1,21,121,4.890695956266911,True
3D-MR-MS,patient03,FocalTversky,2,1,23,21.080754529579995,True
3D-MR-MS,patient03,FocalTversky,2,2,1525,0.46875,True
3D-MR-MS,patient03,FocalTversky,2,3,239,7.199742292719475,True
3D-MR-MS,patient03,FocalTversky,2,4,25,14.80411955746042,True
3D-MR-MS,patient03,FocalTversky,2,5,26,10.34898106078961,True
3D-MR-MS,patient03,FocalTversky,2,6,46,9.536840654532947,True
3D-MR-MS,patient03,FocalTversky,2,7,7,5.274289080546854,False
3D-MR-MS,patient03,FocalTversky,2,8,1406,0.46875,True
3D-MR-MS,patient03,FocalTversky,2,9,6,4.583295961169842,False
3D-MR-MS,patient03,FocalTversky,2,10,50,24.794251012872664,True
3D-MR-MS,patient03,FocalTversky,2,11,1494,0.46875,True
3D-MR-MS,patient03,FocalTversky,2,12,1,1.690102160373745,False
3D-MR-MS,patient03,FocalTversky,2,13,11,26.75573098655688,True
3D-MR-MS,patient03,FocalTversky,2,14,694,16.29688671371317,True
3D-MR-MS,patient03,FocalTversky,2,15,55,23.4558336631119,True
3D-MR-MS,patient03,FocalTversky,2,16,27,23.310593923418168,True
3D-MR-MS,patient03,FocalTversky,2,17,257,0.6629126073623883,False
3D-MR-MS,patient03,FocalTversky,2,18,115,0.6629126073623883,False
3D-MR-MS,patient03,FocalTversky,2,19,54,10.279737805870946,True
3D-MR-MS,patient03,FocalTversky,2,20,21,19.118385474080405,True
3D-MR-MS,patient03,FocalTversky,2,21,121,4.890695956266911,True
3D-MR-MS,patient03,FocalTversky,3,1,23,21.080754529579995,True
3D-MR-MS,patient03,FocalTversky,3,2,1525,0.46875,True
3D-MR-MS,patient03,FocalTversky,3,3,239,7.199742292719475,True
3D-MR-MS,patient03,FocalTversky,3,4,25,14.80411955746042,True
3D-MR-MS,patient03,FocalTversky,3,5,26,10.34898106078961,True
3D-MR-MS,patient03,FocalTversky,3,6,46,9.536840654532947,True
3D-MR-MS,patient03,FocalTversky,3,7,7,5.274289080546854,False
3D-MR-MS,patient03,FocalTversky,3,8,1406,0.46875,True
3D-MR-MS,patient03,FocalTversky,3,9,6,4.583295961169842,False
3D-MR-MS,patient03,FocalTversky,3,10,50,24.794251012872664,True
3D-MR-MS,patient03,FocalTversky,3,11,1494,0.46875,True
3D-MR-MS,patient03,FocalTversky,3,12,1,1.690102160373745,False
3D-MR-MS,patient03,FocalTversky,3,13,11,26.75573098655688,True
3D-MR-MS,patient03,FocalTversky,3,14,694,16.29688671371317,True
3D-MR-MS,patient03,FocalTversky,3,15,55,23.4558336631119,True
3D-MR-MS,patient03,FocalTversky,3,16,27,23.310593923418168,True
3D-MR-MS,patient03,FocalTversky,3,17,257,0.6629126073623883,False
3D-MR-MS,patient03,FocalTversky,3,18,115,0.6629126073623883,False
3D-MR-MS,patient03,FocalTversky,3,19,54,10.279737805870946,True
3D-MR-MS,patient03,FocalTversky,3,20,21,19.118385474080405,True
3D-MR-MS,patient03,FocalTversky,3,21,121,4.890695956266911,True
3D-MR-MS,patient03,FocalTversky,4,1,23,21.080754529579995,True
3D-MR-MS,patient03,FocalTversky,4,2,1525,0.46875,True
3D-MR-MS,patient03,FocalTversky,4,3,239,7.199742292719475,True
3D-MR-MS,patient03,FocalTversky,4,4,25,14.80411955746042,True
3D-MR-MS,patient03,FocalTversky,4,5,26,10.34898106078961,True
3D-MR-MS,patient03,FocalTversky,4,6,46,9.536840654532947,True
3D-MR-MS,patient03,FocalTversky,4,7,7,5.274289080546854,False
3D-MR-MS,patient03,FocalTversky,4,8,1406,0.46875,True
3D-MR-MS,patient03,FocalTversky,4,9,6,4.583295961169842,False
3D-MR-MS,patient03,FocalTversky,4,10,50,24.794251012872664,True
3D-MR-MS,patient03,FocalTversky,4,11,1494,0.46875,True
3D-MR-MS,patient03,FocalTversky,4,12,1,1.690102160373745,False
3D-MR-MS,patient03,FocalTversky,4,13,11,26.75573098655688,True
3D-MR-MS,patient03,FocalTversky,4,14,694,16.29688671371317,True
3D-MR-MS,patient03,FocalTversky,4,15,55,23.4558336631119,True
3D-MR-MS,patient03,FocalTversky,4,16,27,23.310593923418168,True
3D-MR-MS,patient03,FocalTversky,4,17,257,0.6629126073623883,False
3D-MR-MS,patient03,FocalTversky,4,18,115,0.6629126073623883,False
3D-MR-MS,patient03,FocalTversky,4,19,54,10.279737805870946,True
3D-MR-MS,patient03,FocalTversky,4,20,21,19.118385474080405,True
3D-MR-MS,patient03,FocalTversky,4,21,121,4.890695956266911,True
3D-MR-MS,patient13,CATMIL,0,1,124,36.08071526442221,True
3D-MR-MS,patient13,CATMIL,0,2,73,39.51217231481862,True
3D-MR-MS,patient13,CATMIL,0,3,128227,0.0,True
3D-MR-MS,patient13,CATMIL,0,4,292,29.450833651752596,False
3D-MR-MS,patient13,CATMIL,0,5,57,17.722876740921816,True
3D-MR-MS,patient13,CATMIL,0,6,48,12.96001367073751,False
3D-MR-MS,patient13,CATMIL,0,7,1,24.768071843233447,False
3D-MR-MS,patient13,CATMIL,0,8,1,0.9272144204947885,False
3D-MR-MS,patient13,CATMIL,0,9,112,17.79047000669409,True
3D-MR-MS,patient13,CATMIL,0,10,114,18.196061148271774,True
3D-MR-MS,patient13,CATMIL,0,11,61,27.83345856126341,False
3D-MR-MS,patient13,CATMIL,0,12,1013,12.288175535211131,True
3D-MR-MS,patient13,CATMIL,0,13,16,1.6672512224598746,False
3D-MR-MS,patient13,CATMIL,0,14,683,15.907163539351565,True
3D-MR-MS,patient13,CATMIL,0,15,12,12.645158757291298,False
3D-MR-MS,patient13,CATMIL,0,16,273,15.198017197455771,True
3D-MR-MS,patient13,CATMIL,0,17,5,1.600000023841858,False
3D-MR-MS,patient13,CATMIL,0,18,1,4.8309548923231915,False
3D-MR-MS,patient13,CATMIL,0,19,1,3.747441838317639,False
3D-MR-MS,patient13,CATMIL,0,20,2,27.735155162057474,False
3D-MR-MS,patient13,CATMIL,0,21,885,0.6629126073623883,True
3D-MR-MS,patient13,CATMIL,0,22,1273,22.31690181107836,True
3D-MR-MS,patient13,CATMIL,0,23,237,25.458135059373337,True
3D-MR-MS,patient13,CATMIL,0,24,176,32.363355254434566,False
3D-MR-MS,patient13,CATMIL,0,25,40,0.9272144204947885,True
3D-MR-MS,patient13,CATMIL,0,26,174,0.9272144204947885,True
3D-MR-MS,patient13,CATMIL,0,27,2,1.5484871711039412,False
3D-MR-MS,patient13,CATMIL,0,28,1,0.9272144204947885,False
3D-MR-MS,patient13,CATMIL,0,29,1,2.0779346900934943,False
3D-MR-MS,patient13,CATMIL,0,30,756,10.229220561541402,True
3D-MR-MS,patient13,CATMIL,0,31,52,0.46875,False
3D-MR-MS,patient13,CATMIL,0,32,10,14.598064161016197,False
3D-MR-MS,patient13,CATMIL,0,33,1,1.4823176532039277,False
3D-MR-MS,patient13,CATMIL,0,34,210,19.91183798169024,True
3D-MR-MS,patient13,CATMIL,0,35,1,2.8479296241433856,False
3D-MR-MS,patient13,CATMIL,0,36,34396,0.0,True
3D-MR-MS,patient13,CATMIL,0,37,85,24.601284629728013,True
3D-MR-MS,patient13,CATMIL,0,38,4,15.137887072477238,True
3D-MR-MS,patient13,CATMIL,0,39,2,0.46875,False
3D-MR-MS,patient13,CATMIL,0,40,58,22.77628035605139,True
3D-MR-MS,patient13,CATMIL,0,41,214,27.276255986205292,True
3D-MR-MS,patient13,CATMIL,0,42,1,0.9375,False
3D-MR-MS,patient13,CATMIL,0,43,98,30.327138869984704,True
3D-MR-MS,patient13,CATMIL,0,44,1,5.0017536673796235,False
3D-MR-MS,patient13,CATMIL,0,45,1,5.0017536673796235,False
3D-MR-MS,patient13,CATMIL,0,46,12,18.16216134676485,True
3D-MR-MS,patient13,CATMIL,0,47,18,19.952961379226476,True
3D-MR-MS,patient13,CATMIL,0,48,71,12.887568343209798,True
3D-MR-MS,patient13,CATMIL,0,49,10,27.675381809278388,False
3D-MR-MS,patient13,CATMIL,0,50,1498,12.711338611316059,True
3D-MR-MS,patient13,CATMIL,0,51,2,28.53936016822461,False
3D-MR-MS,patient13,CATMIL,0,52,8,26.491042868281827,False
3D-MR-MS,patient13,CATMIL,0,53,5,6.179998648004476,False
3D-MR-MS,patient13,CATMIL,1,1,124,36.08071526442221,True
3D-MR-MS,patient13,CATMIL,1,2,73,39.51217231481862,True
3D-MR-MS,patient13,CATMIL,1,3,128227,0.0,True
3D-MR-MS,patient13,CATMIL,1,4,292,29.450833651752596,True
3D-MR-MS,patient13,CATMIL,1,5,57,17.722876740921816,True
3D-MR-MS,patient13,CATMIL,1,6,48,12.96001367073751,False
3D-MR-MS,patient13,CATMIL,1,7,1,24.768071843233447,False
3D-MR-MS,patient13,CATMIL,1,8,1,0.9272144204947885,False
3D-MR-MS,patient13,CATMIL,1,9,112,17.79047000669409,True
3D-MR-MS,patient13,CATMIL,1,10,114,18.196061148271774,True
3D-MR-MS,patient13,CATMIL,1,11,61,27.83345856126341,False
3D-MR-MS,patient13,CATMIL,1,12,1013,12.288175535211131,True
3D-MR-MS,patient13,CATMIL,1,13,16,1.6672512224598746,False
3D-MR-MS,patient13,CATMIL,1,14,683,15.907163539351565,True
3D-MR-MS,patient13,CATMIL,1,15,12,12.645158757291298,False
3D-MR-MS,patient13,CATMIL,1,16,273,15.198017197455771,True
3D-MR-MS,patient13,CATMIL,1,17,5,1.600000023841858,False
3D-MR-MS,patient13,CATMIL,1,18,1,4.8309548923231915,False
3D-MR-MS,patient13,CATMIL,1,19,1,3.747441838317639,False
3D-MR-MS,patient13,CATMIL,1,20,2,27.735155162057474,False
3D-MR-MS,patient13,CATMIL,1,21,885,0.6629126073623883,True
3D-MR-MS,patient13,CATMIL,1,22,1273,22.31690181107836,True
3D-MR-MS,patient13,CATMIL,1,23,237,25.458135059373337,True
3D-MR-MS,patient13,CATMIL,1,24,176,32.363355254434566,True
3D-MR-MS,patient13,CATMIL,1,25,40,0.9272144204947885,False
3D-MR-MS,patient13,CATMIL,1,26,174,0.9272144204947885,True
3D-MR-MS,patient13,CATMIL,1,27,2,1.5484871711039412,False
3D-MR-MS,patient13,CATMIL,1,28,1,0.9272144204947885,False
3D-MR-MS,patient13,CATMIL,1,29,1,2.0779346900934943,False
3D-MR-MS,patient13,CATMIL,1,30,756,10.229220561541402,False
3D-MR-MS,patient13,CATMIL,1,31,52,0.46875,False
3D-MR-MS,patient13,CATMIL,1,32,10,14.598064161016197,False
3D-MR-MS,patient13,CATMIL,1,33,1,1.4823176532039277,False
3D-MR-MS,patient13,CATMIL,1,34,210,19.91183798169024,True
3D-MR-MS,patient13,CATMIL,1,35,1,2.8479296241433856,False
3D-MR-MS,patient13,CATMIL,1,36,34396,0.0,True
3D-MR-MS,patient13,CATMIL,1,37,85,24.601284629728013,True
3D-MR-MS,patient13,CATMIL,1,38,4,15.137887072477238,True
3D-MR-MS,patient13,CATMIL,1,39,2,0.46875,False
3D-MR-MS,patient13,CATMIL,1,40,58,22.77628035605139,True
3D-MR-MS,patient13,CATMIL,1,41,214,27.276255986205292,True
3D-MR-MS,patient13,CATMIL,1,42,1,0.9375,False
3D-MR-MS,patient13,CATMIL,1,43,98,30.327138869984704,True
3D-MR-MS,patient13,CATMIL,1,44,1,5.0017536673796235,False
3D-MR-MS,patient13,CATMIL,1,45,1,5.0017536673796235,False
3D-MR-MS,patient13,CATMIL,1,46,12,18.16216134676485,True
3D-MR-MS,patient13,CATMIL,1,47,18,19.952961379226476,True
3D-MR-MS,patient13,CATMIL,1,48,71,12.887568343209798,True
3D-MR-MS,patient13,CATMIL,1,49,10,27.675381809278388,False
3D-MR-MS,patient13,CATMIL,1,50,1498,12.711338611316059,True
3D-MR-MS,patient13,CATMIL,1,51,2,28.53936016822461,True
3D-MR-MS,patient13,CATMIL,1,52,8,26.491042868281827,True
3D-MR-MS,patient13,CATMIL,1,53,5,6.179998648004476,False
3D-MR-MS,patient13,CATMIL,2,1,124,36.08071526442221,True
3D-MR-MS,patient13,CATMIL,2,2,73,39.51217231481862,True
3D-MR-MS,patient13,CATMIL,2,3,128227,0.0,True
3D-MR-MS,patient13,CATMIL,2,4,292,29.450833651752596,False
3D-MR-MS,patient13,CATMIL,2,5,57,17.722876740921816,True
3D-MR-MS,patient13,CATMIL,2,6,48,12.96001367073751,False
3D-MR-MS,patient13,CATMIL,2,7,1,24.768071843233447,False
3D-MR-MS,patient13,CATMIL,2,8,1,0.9272144204947885,False
3D-MR-MS,patient13,CATMIL,2,9,112,17.79047000669409,True
3D-MR-MS,patient13,CATMIL,2,10,114,18.196061148271774,True
3D-MR-MS,patient13,CATMIL,2,11,61,27.83345856126341,False
3D-MR-MS,patient13,CATMIL,2,12,1013,12.288175535211131,True
3D-MR-MS,patient13,CATMIL,2,13,16,1.6672512224598746,False
3D-MR-MS,patient13,CATMIL,2,14,683,15.907163539351565,True
3D-MR-MS,patient13,CATMIL,2,15,12,12.645158757291298,False
3D-MR-MS,patient13,CATMIL,2,16,273,15.198017197455771,True
3D-MR-MS,patient13,CATMIL,2,17,5,1.600000023841858,False
3D-MR-MS,patient13,CATMIL,2,18,1,4.8309548923231915,False
3D-MR-MS,patient13,CATMIL,2,19,1,3.747441838317639,False
3D-MR-MS,patient13,CATMIL,2,20,2,27.735155162057474,False
3D-MR-MS,patient13,CATMIL,2,21,885,0.6629126073623883,True
3D-MR-MS,patient13,CATMIL,2,22,1273,22.31690181107836,True
3D-MR-MS,patient13,CATMIL,2,23,237,25.458135059373337,True
3D-MR-MS,patient13,CATMIL,2,24,176,32.363355254434566,False
3D-MR-MS,patient13,CATMIL,2,25,40,0.9272144204947885,True
3D-MR-MS,patient13,CATMIL,2,26,174,0.9272144204947885,True
3D-MR-MS,patient13,CATMIL,2,27,2,1.5484871711039412,False
3D-MR-MS,patient13,CATMIL,2,28,1,0.9272144204947885,False
3D-MR-MS,patient13,CATMIL,2,29,1,2.0779346900934943,False
3D-MR-MS,patient13,CATMIL,2,30,756,10.229220561541402,True
3D-MR-MS,patient13,CATMIL,2,31,52,0.46875,True
3D-MR-MS,patient13,CATMIL,2,32,10,14.598064161016197,False
3D-MR-MS,patient13,CATMIL,2,33,1,1.4823176532039277,False
3D-MR-MS,patient13,CATMIL,2,34,210,19.91183798169024,True
3D-MR-MS,patient13,CATMIL,2,35,1,2.8479296241433856,False
3D-MR-MS,patient13,CATMIL,2,36,34396,0.0,True
3D-MR-MS,patient13,CATMIL,2,37,85,24.601284629728013,True
3D-MR-MS,patient13,CATMIL,2,38,4,15.137887072477238,True
3D-MR-MS,patient13,CATMIL,2,39,2,0.46875,False
3D-MR-MS,patient13,CATMIL,2,40,58,22.77628035605139,True
3D-MR-MS,patient13,CATMIL,2,41,214,27.276255986205292,False
3D-MR-MS,patient13,CATMIL,2,42,1,0.9375,False
3D-MR-MS,patient13,CATMIL,2,43,98,30.327138869984704,True
3D-MR-MS,patient13,CATMIL,2,44,1,5.0017536673796235,False
3D-MR-MS,patient13,CATMIL,2,45,1,5.0017536673796235,False
3D-MR-MS,patient13,CATMIL,2,46,12,18.16216134676485,True
3D-MR-MS,patient13,CATMIL,2,47,18,19.952961379226476,True
3D-MR-MS,patient13,CATMIL,2,48,71,12.887568343209798,False
3D-MR-MS,patient13,CATMIL,2,49,10,27.675381809278388,False
3D-MR-MS,patient13,CATMIL,2,50,1498,12.711338611316059,True
3D-MR-MS,patient13,CATMIL,2,51,2,28.53936016822461,False
3D-MR-MS,patient13,CATMIL,2,52,8,26.491042868281827,False
3D-MR-MS,patient13,CATMIL,2,53,5,6.179998648004476,False
3D-MR-MS,patient13,CATMIL,3,1,124,36.08071526442221,True
3D-MR-MS,patient13,CATMIL,3,2,73,39.51217231481862,True
3D-MR-MS,patient13,CATMIL,3,3,128227,0.0,True
3D-MR-MS,patient13,CATMIL,3,4,292,29.450833651752596,False
3D-MR-MS,patient13,CATMIL,3,5,57,17.722876740921816,True
3D-MR-MS,patient13,CATMIL,3,6,48,12.96001367073751,True
3D-MR-MS,patient13,CATMIL,3,7,1,24.768071843233447,False
3D-MR-MS,patient13,CATMIL,3,8,1,0.9272144204947885,False
3D-MR-MS,patient13,CATMIL,3,9,112,17.79047000669409,True
3D-MR-MS,patient13,CATMIL,3,10,114,18.196061148271774,True
3D-MR-MS,patient13,CATMIL,3,11,61,27.83345856126341,False
3D-MR-MS,patient13,CATMIL,3,12,1013,12.288175535211131,True
3D-MR-MS,patient13,CATMIL,3,13,16,1.6672512224598746,False
3D-MR-MS,patient13,CATMIL,3,14,683,15.907163539351565,True
3D-MR-MS,patient13,CATMIL,3,15,12,12.645158757291298,False
3D-MR-MS,patient13,CATMIL,3,16,273,15.198017197455771,True
3D-MR-MS,patient13,CATMIL,3,17,5,1.600000023841858,False
3D-MR-MS,patient13,CATMIL,3,18,1,4.8309548923231915,False
3D-MR-MS,patient13,CATMIL,3,19,1,3.747441838317639,False
3D-MR-MS,patient13,CATMIL,3,20,2,27.735155162057474,False
3D-MR-MS,patient13,CATMIL,3,21,885,0.6629126073623883,True
3D-MR-MS,patient13,CATMIL,3,22,1273,22.31690181107836,True
3D-MR-MS,patient13,CATMIL,3,23,237,25.458135059373337,True
3D-MR-MS,patient13,CATMIL,3,24,176,32.363355254434566,True
3D-MR-MS,patient13,CATMIL,3,25,40,0.9272144204947885,True
3D-MR-MS,patient13,CATMIL,3,26,174,0.9272144204947885,True
3D-MR-MS,patient13,CATMIL,3,27,2,1.5484871711039412,False
3D-MR-MS,patient13,CATMIL,3,28,1,0.9272144204947885,False
3D-MR-MS,patient13,CATMIL,3,29,1,2.0779346900934943,False
3D-MR-MS,patient13,CATMIL,3,30,756,10.229220561541402,False
3D-MR-MS,patient13,CATMIL,3,31,52,0.46875,False
3D-MR-MS,patient13,CATMIL,3,32,10,14.598064161016197,False
3D-MR-MS,patient13,CATMIL,3,33,1,1.4823176532039277,False
3D-MR-MS,patient13,CATMIL,3,34,210,19.91183798169024,True
3D-MR-MS,patient13,CATMIL,3,35,1,2.8479296241433856,False
3D-MR-MS,patient13,CATMIL,3,36,34396,0.0,True
3D-MR-MS,patient13,CATMIL,3,37,85,24.601284629728013,True
3D-MR-MS,patient13,CATMIL,3,38,4,15.137887072477238,True
3D-MR-MS,patient13,CATMIL,3,39,2,0.46875,False
3D-MR-MS,patient13,CATMIL,3,40,58,22.77628035605139,True
3D-MR-MS,patient13,CATMIL,3,41,214,27.276255986205292,True
3D-MR-MS,patient13,CATMIL,3,42,1,0.9375,False
3D-MR-MS,patient13,CATMIL,3,43,98,30.327138869984704,True
3D-MR-MS,patient13,CATMIL,3,44,1,5.0017536673796235,False
3D-MR-MS,patient13,CATMIL,3,45,1,5.0017536673796235,False
3D-MR-MS,patient13,CATMIL,3,46,12,18.16216134676485,True
3D-MR-MS,patient13,CATMIL,3,47,18,19.952961379226476,True
3D-MR-MS,patient13,CATMIL,3,48,71,12.887568343209798,True
3D-MR-MS,patient13,CATMIL,3,49,10,27.675381809278388,False
3D-MR-MS,patient13,CATMIL,3,50,1498,12.711338611316059,True
3D-MR-MS,patient13,CATMIL,3,51,2,28.53936016822461,False
3D-MR-MS,patient13,CATMIL,3,52,8,26.491042868281827,False
3D-MR-MS,patient13,CATMIL,3,53,5,6.179998648004476,False
3D-MR-MS,patient13,CATMIL,4,1,124,36.08071526442221,True
3D-MR-MS,patient13,CATMIL,4,2,73,39.51217231481862,True
3D-MR-MS,patient13,CATMIL,4,3,128227,0.0,True
3D-MR-MS,patient13,CATMIL,4,4,292,29.450833651752596,False
3D-MR-MS,patient13,CATMIL,4,5,57,17.722876740921816,True
3D-MR-MS,patient13,CATMIL,4,6,48,12.96001367073751,False
3D-MR-MS,patient13,CATMIL,4,7,1,24.768071843233447,False
3D-MR-MS,patient13,CATMIL,4,8,1,0.9272144204947885,False
3D-MR-MS,patient13,CATMIL,4,9,112,17.79047000669409,True
3D-MR-MS,patient13,CATMIL,4,10,114,18.196061148271774,True
3D-MR-MS,patient13,CATMIL,4,11,61,27.83345856126341,False
3D-MR-MS,patient13,CATMIL,4,12,1013,12.288175535211131,True
3D-MR-MS,patient13,CATMIL,4,13,16,1.6672512224598746,False
3D-MR-MS,patient13,CATMIL,4,14,683,15.907163539351565,True
3D-MR-MS,patient13,CATMIL,4,15,12,12.645158757291298,False
3D-MR-MS,patient13,CATMIL,4,16,273,15.198017197455771,True
3D-MR-MS,patient13,CATMIL,4,17,5,1.600000023841858,False
3D-MR-MS,patient13,CATMIL,4,18,1,4.8309548923231915,False
3D-MR-MS,patient13,CATMIL,4,19,1,3.747441838317639,False
3D-MR-MS,patient13,CATMIL,4,20,2,27.735155162057474,False
3D-MR-MS,patient13,CATMIL,4,21,885,0.6629126073623883,True
3D-MR-MS,patient13,CATMIL,4,22,1273,22.31690181107836,True
3D-MR-MS,patient13,CATMIL,4,23,237,25.458135059373337,True
3D-MR-MS,patient13,CATMIL,4,24,176,32.363355254434566,True
3D-MR-MS,patient13,CATMIL,4,25,40,0.9272144204947885,True
3D-MR-MS,patient13,CATMIL,4,26,174,0.9272144204947885,True
3D-MR-MS,patient13,CATMIL,4,27,2,1.5484871711039412,False
3D-MR-MS,patient13,CATMIL,4,28,1,0.9272144204947885,False
3D-MR-MS,patient13,CATMIL,4,29,1,2.0779346900934943,False
3D-MR-MS,patient13,CATMIL,4,30,756,10.229220561541402,False
3D-MR-MS,patient13,CATMIL,4,31,52,0.46875,False
3D-MR-MS,patient13,CATMIL,4,32,10,14.598064161016197,False
3D-MR-MS,patient13,CATMIL,4,33,1,1.4823176532039277,False
3D-MR-MS,patient13,CATMIL,4,34,210,19.91183798169024,True
3D-MR-MS,patient13,CATMIL,4,35,1,2.8479296241433856,False
3D-MR-MS,patient13,CATMIL,4,36,34396,0.0,True
3D-MR-MS,patient13,CATMIL,4,37,85,24.601284629728013,True
3D-MR-MS,patient13,CATMIL,4,38,4,15.137887072477238,True
3D-MR-MS,patient13,CATMIL,4,39,2,0.46875,False
3D-MR-MS,patient13,CATMIL,4,40,58,22.77628035605139,True
3D-MR-MS,patient13,CATMIL,4,41,214,27.276255986205292,False
3D-MR-MS,patient13,CATMIL,4,42,1,0.9375,False
3D-MR-MS,patient13,CATMIL,4,43,98,30.327138869984704,False
3D-MR-MS,patient13,CATMIL,4,44,1,5.0017536673796235,False
3D-MR-MS,patient13,CATMIL,4,45,1,5.0017536673796235,False
3D-MR-MS,patient13,CATMIL,4,46,12,18.16216134676485,True
3D-MR-MS,patient13,CATMIL,4,47,18,19.952961379226476,True
3D-MR-MS,patient13,CATMIL,4,48,71,12.887568343209798,False
3D-MR-MS,patient13,CATMIL,4,49,10,27.675381809278388,False
3D-MR-MS,patient13,CATMIL,4,50,1498,12.711338611316059,True
3D-MR-MS,patient13,CATMIL,4,51,2,28.53936016822461,False
3D-MR-MS,patient13,CATMIL,4,52,8,26.491042868281827,False
3D-MR-MS,patient13,CATMIL,4,53,5,6.179998648004476,False
3D-MR-MS,patient13,DiceCE,0,1,124,36.08071526442221,True
3D-MR-MS,patient13,DiceCE,0,2,73,39.51217231481862,True
3D-MR-MS,patient13,DiceCE,0,3,128227,0.0,True
3D-MR-MS,patient13,DiceCE,0,4,292,29.450833651752596,False
3D-MR-MS,patient13,DiceCE,0,5,57,17.722876740921816,True
3D-MR-MS,patient13,DiceCE,0,6,48,12.96001367073751,False
3D-MR-MS,patient13,DiceCE,0,7,1,24.768071843233447,False
3D-MR-MS,patient13,DiceCE,0,8,1,0.9272144204947885,False
3D-MR-MS,patient13,DiceCE,0,9,112,17.79047000669409,True
3D-MR-MS,patient13,DiceCE,0,10,114,18.196061148271774,True
3D-MR-MS,patient13,DiceCE,0,11,61,27.83345856126341,False
3D-MR-MS,patient13,DiceCE,0,12,1013,12.288175535211131,True
3D-MR-MS,patient13,DiceCE,0,13,16,1.6672512224598746,False
3D-MR-MS,patient13,DiceCE,0,14,683,15.907163539351565,True
3D-MR-MS,patient13,DiceCE,0,15,12,12.645158757291298,False
3D-MR-MS,patient13,DiceCE,0,16,273,15.198017197455771,True
3D-MR-MS,patient13,DiceCE,0,17,5,1.600000023841858,False
3D-MR-MS,patient13,DiceCE,0,18,1,4.8309548923231915,False
3D-MR-MS,patient13,DiceCE,0,19,1,3.747441838317639,False
3D-MR-MS,patient13,DiceCE,0,20,2,27.735155162057474,False
3D-MR-MS,patient13,DiceCE,0,21,885,0.6629126073623883,True
3D-MR-MS,patient13,DiceCE,0,22,1273,22.31690181107836,True
3D-MR-MS,patient13,DiceCE,0,23,237,25.458135059373337,True
3D-MR-MS,patient13,DiceCE,0,24,176,32.363355254434566,False
3D-MR-MS,patient13,DiceCE,0,25,40,0.9272144204947885,False
3D-MR-MS,patient13,DiceCE,0,26,174,0.9272144204947885,True
3D-MR-MS,patient13,DiceCE,0,27,2,1.5484871711039412,False
3D-MR-MS,patient13,DiceCE,0,28,1,0.9272144204947885,False
3D-MR-MS,patient13,DiceCE,0,29,1,2.0779346900934943,False
3D-MR-MS,patient13,DiceCE,0,30,756,10.229220561541402,True
3D-MR-MS,patient13,DiceCE,0,31,52,0.46875,False
3D-MR-MS,patient13,DiceCE,0,32,10,14.598064161016197,False
3D-MR-MS,patient13,DiceCE,0,33,1,1.4823176532039277,False
3D-MR-MS,patient13,DiceCE,0,34,210,19.91183798169024,True
3D-MR-MS,patient13,DiceCE,0,35,1,2.8479296241433856,False
3D-MR-MS,patient13,DiceCE,0,36,34396,0.0,True
3D-MR-MS,patient13,DiceCE,0,37,85,24.601284629728013,False
3D-MR-MS,patient13,DiceCE,0,38,4,15.137887072477238,True
3D-MR-MS,patient13,DiceCE,0,39,2,0.46875,False
3D-MR-MS,patient13,DiceCE,0,40,58,22.77628035605139,True
3D-MR-MS,patient13,DiceCE,0,41,214,27.276255986205292,True
3D-MR-MS,patient13,DiceCE,0,42,1,0.9375,False
3D-MR-MS,patient13,DiceCE,0,43,98,30.327138869984704,True
3D-MR-MS,patient13,DiceCE,0,44,1,5.0017536673796235,False
3D-MR-MS,patient13,DiceCE,0,45,1,5.0017536673796235,False
3D-MR-MS,patient13,DiceCE,0,46,12,18.16216134676485,True
3D-MR-MS,patient13,DiceCE,0,47,18,19.952961379226476,True
3D-MR-MS,patient13,DiceCE,0,48,71,12.887568343209798,False
3D-MR-MS,patient13,DiceCE,0,49,10,27.675381809278388,False
3D-MR-MS,patient13,DiceCE,0,50,1498,12.711338611316059,True
3D-MR-MS,patient13,DiceCE,0,51,2,28.53936016822461,False
3D-MR-MS,patient13,DiceCE,0,52,8,26.491042868281827,False
3D-MR-MS,patient13,DiceCE,0,53,5,6.179998648004476,False
3D-MR-MS,patient13,DiceCE,1,1,124,36.08071526442221,True
3D-MR-MS,patient13,DiceCE,1,2,73,39.51217231481862,True
3D-MR-MS,patient13,DiceCE,1,3,128227,0.0,True
3D-MR-MS,patient13,DiceCE,1,4,292,29.450833651752596,False
3D-MR-MS,patient13,DiceCE,1,5,57,17.722876740921816,True
3D-MR-MS,patient13,DiceCE,1,6,48,12.96001367073751,False
3D-MR-MS,patient13,DiceCE,1,7,1,24.768071843233447,False
3D-MR-MS,patient13,DiceCE,1,8,1,0.9272144204947885,False
3D-MR-MS,patient13,DiceCE,1,9,112,17.79047000669409,True
3D-MR-MS,patient13,DiceCE,1,10,114,18.196061148271774,True
3D-MR-MS,patient13,DiceCE,1,11,61,27.83345856126341,False
3D-MR-MS,patient13,DiceCE,1,12,1013,12.288175535211131,True
3D-MR-MS,patient13,DiceCE,1,13,16,1.6672512224598746,False
3D-MR-MS,patient13,DiceCE,1,14,683,15.907163539351565,True
3D-MR-MS,patient13,DiceCE,1,15,12,12.645158757291298,False
3D-MR-MS,patient13,DiceCE,1,16,273,15.198017197455771,True
3D-MR-MS,patient13,DiceCE,1,17,5,1.600000023841858,False
3D-MR-MS,patient13,DiceCE,1,18,1,4.8309548923231915,False
3D-MR-MS,patient13,DiceCE,1,19,1,3.747441838317639,False
3D-MR-MS,patient13,DiceCE,1,20,2,27.735155162057474,False
3D-MR-MS,patient13,DiceCE,1,21,885,0.6629126073623883,True
3D-MR-MS,patient13,DiceCE,1,22,1273,22.31690181107836,True
3D-MR-MS,patient13,DiceCE,1,23,237,25.458135059373337,True
3D-MR-MS,patient13,DiceCE,1,24,176,32.363355254434566,False
3D-MR-MS,patient13,DiceCE,1,25,40,0.9272144204947885,False
3D-MR-MS,patient13,DiceCE,1,26,174,0.9272144204947885,False
3D-MR-MS,patient13,DiceCE,1,27,2,1.5484871711039412,False
3D-MR-MS,patient13,DiceCE,1,28,1,0.9272144204947885,False
3D-MR-MS,patient13,DiceCE,1,29,1,2.0779346900934943,False
3D-MR-MS,patient13,DiceCE,1,30,756,10.229220561541402,False
3D-MR-MS,patient13,DiceCE,1,31,52,0.46875,False
3D-MR-MS,patient13,DiceCE,1,32,10,14.598064161016197,False
3D-MR-MS,patient13,DiceCE,1,33,1,1.4823176532039277,False
3D-MR-MS,patient13,DiceCE,1,34,210,19.91183798169024,True
3D-MR-MS,patient13,DiceCE,1,35,1,2.8479296241433856,False
3D-MR-MS,patient13,DiceCE,1,36,34396,0.0,True
3D-MR-MS,patient13,DiceCE,1,37,85,24.601284629728013,False
3D-MR-MS,patient13,DiceCE,1,38,4,15.137887072477238,True
3D-MR-MS,patient13,DiceCE,1,39,2,0.46875,False
3D-MR-MS,patient13,DiceCE,1,40,58,22.77628035605139,False
3D-MR-MS,patient13,DiceCE,1,41,214,27.276255986205292,False
3D-MR-MS,patient13,DiceCE,1,42,1,0.9375,False
3D-MR-MS,patient13,DiceCE,1,43,98,30.327138869984704,False
3D-MR-MS,patient13,DiceCE,1,44,1,5.0017536673796235,False
3D-MR-MS,patient13,DiceCE,1,45,1,5.0017536673796235,False
3D-MR-MS,patient13,DiceCE,1,46,12,18.16216134676485,True
3D-MR-MS,patient13,DiceCE,1,47,18,19.952961379226476,True
3D-MR-MS,patient13,DiceCE,1,48,71,12.887568343209798,False
3D-MR-MS,patient13,DiceCE,1,49,10,27.675381809278388,False
3D-MR-MS,patient13,DiceCE,1,50,1498,12.711338611316059,True
3D-MR-MS,patient13,DiceCE,1,51,2,28.53936016822461,False
3D-MR-MS,patient13,DiceCE,1,52,8,26.491042868281827,False
3D-MR-MS,patient13,DiceCE,1,53,5,6.179998648004476,False
3D-MR-MS,patient13,DiceCE,2,1,124,36.08071526442221,False
3D-MR-MS,patient13,DiceCE,2,2,73,39.51217231481862,True
3D-MR-MS,patient13,DiceCE,2,3,128227,0.0,True
3D-MR-MS,patient13,DiceCE,2,4,292,29.450833651752596,False
3D-MR-MS,patient13,DiceCE,2,5,57,17.722876740921816,True
3D-MR-MS,patient13,DiceCE,2,6,48,12.96001367073751,False
3D-MR-MS,patient13,DiceCE,2,7,1,24.768071843233447,False
3D-MR-MS,patient13,DiceCE,2,8,1,0.9272144204947885,False
3D-MR-MS,patient13,DiceCE,2,9,112,17.79047000669409,True
3D-MR-MS,patient13,DiceCE,2,10,114,18.196061148271774,True
3D-MR-MS,patient13,DiceCE,2,11,61,27.83345856126341,False
3D-MR-MS,patient13,DiceCE,2,12,1013,12.288175535211131,True
3D-MR-MS,patient13,DiceCE,2,13,16,1.6672512224598746,False
3D-MR-MS,patient13,DiceCE,2,14,683,15.907163539351565,True
3D-MR-MS,patient13,DiceCE,2,15,12,12.645158757291298,False
3D-MR-MS,patient13,DiceCE,2,16,273,15.198017197455771,True
3D-MR-MS,patient13,DiceCE,2,17,5,1.600000023841858,False
3D-MR-MS,patient13,DiceCE,2,18,1,4.8309548923231915,False
3D-MR-MS,patient13,DiceCE,2,19,1,3.747441838317639,False
3D-MR-MS,patient13,DiceCE,2,20,2,27.735155162057474,True
3D-MR-MS,patient13,DiceCE,2,21,885,0.6629126073623883,True
3D-MR-MS,patient13,DiceCE,2,22,1273,22.31690181107836,True
3D-MR-MS,patient13,DiceCE,2,23,237,25.458135059373337,True
3D-MR-MS,patient13,DiceCE,2,24,176,32.363355254434566,False
3D-MR-MS,patient13,DiceCE,2,25,40,0.9272144204947885,False
3D-MR-MS,patient13,DiceCE,2,26,174,0.9272144204947885,True
3D-MR-MS,patient13,DiceCE,2,27,2,1.5484871711039412,False
3D-MR-MS,patient13,DiceCE,2,28,1,0.9272144204947885,False
3D-MR-MS,patient13,DiceCE,2,29,1,2.0779346900934943,False
3D-MR-MS,patient13,DiceCE,2,30,756,10.229220561541402,True
3D-MR-MS,patient13,DiceCE,2,31,52,0.46875,False
3D-MR-MS,patient13,DiceCE,2,32,10,14.598064161016197,False
3D-MR-MS,patient13,DiceCE,2,33,1,1.4823176532039277,False
3D-MR-MS,patient13,DiceCE,2,34,210,19.91183798169024,False
3D-MR-MS,patient13,DiceCE,2,35,1,2.8479296241433856,False
3D-MR-MS,patient13,DiceCE,2,36,34396,0.0,True
3D-MR-MS,patient13,DiceCE,2,37,85,24.601284629728013,False
3D-MR-MS,patient13,DiceCE,2,38,4,15.137887072477238,True
3D-MR-MS,patient13,DiceCE,2,39,2,0.46875,False
3D-MR-MS,patient13,DiceCE,2,40,58,22.77628035605139,True
3D-MR-MS,patient13,DiceCE,2,41,214,27.276255986205292,True
3D-MR-MS,patient13,DiceCE,2,42,1,0.9375,False
3D-MR-MS,patient13,DiceCE,2,43,98,30.327138869984704,False
3D-MR-MS,patient13,DiceCE,2,44,1,5.0017536673796235,False
3D-MR-MS,patient13,DiceCE,2,45,1,5.0017536673796235,False
3D-MR-MS,patient13,DiceCE,2,46,12,18.16216134676485,True
3D-MR-MS,patient13,DiceCE,2,47,18,19.952961379226476,True
3D-MR-MS,patient13,DiceCE,2,48,71,12.887568343209798,False
3D-MR-MS,patient13,DiceCE,2,49,10,27.675381809278388,False
3D-MR-MS,patient13,DiceCE,2,50,1498,12.711338611316059,True
3D-MR-MS,patient13,DiceCE,2,51,2,28.53936016822461,False
3D-MR-MS,patient13,DiceCE,2,52,8,26.491042868281827,False
3D-MR-MS,patient13,DiceCE,2,53,5,6.179998648004476,False
3D-MR-MS,patient13,DiceCE,3,1,124,36.08071526442221,True
3D-MR-MS,patient13,DiceCE,3,2,73,39.51217231481862,True
3D-MR-MS,patient13,DiceCE,3,3,128227,0.0,True
3D-MR-MS,patient13,DiceCE,3,4,292,29.450833651752596,False
3D-MR-MS,patient13,DiceCE,3,5,57,17.722876740921816,True
3D-MR-MS,patient13,DiceCE,3,6,48,12.96001367073751,False
3D-MR-MS,patient13,DiceCE,3,7,1,24.768071843233447,False
3D-MR-MS,patient13,DiceCE,3,8,1,0.9272144204947885,False
3D-MR-MS,patient13,DiceCE,3,9,112,17.79047000669409,True
3D-MR-MS,patient13,DiceCE,3,10,114,18.196061148271774,True
3D-MR-MS,patient13,DiceCE,3,11,61,27.83345856126341,False
3D-MR-MS,patient13,DiceCE,3,12,1013,12.288175535211131,True
3D-MR-MS,patient13,DiceCE,3,13,16,1.6672512224598746,False
3D-MR-MS,patient13,DiceCE,3,14,683,15.907163539351565,True
3D-MR-MS,patient13,DiceCE,3,15,12,12.645158757291298,False
3D-MR-MS,patient13,DiceCE,3,16,273,15.198017197455771,True
3D-MR-MS,patient13,DiceCE,3,17,5,1.600000023841858,False
3D-MR-MS,patient13,DiceCE,3,18,1,4.8309548923231915,False
3D-MR-MS,patient13,DiceCE,3,19,1,3.747441838317639,False
3D-MR-MS,patient13,DiceCE,3,20,2,27.735155162057474,False
3D-MR-MS,patient13,DiceCE,3,21,885,0.6629126073623883,True
3D-MR-MS,patient13,DiceCE,3,22,1273,22.31690181107836,True
3D-MR-MS,patient13,DiceCE,3,23,237,25.458135059373337,True
3D-MR-MS,patient13,DiceCE,3,24,176,32.363355254434566,False
3D-MR-MS,patient13,DiceCE,3,25,40,0.9272144204947885,False
3D-MR-MS,patient13,DiceCE,3,26,174,0.9272144204947885,True
3D-MR-MS,patient13,DiceCE,3,27,2,1.5484871711039412,False
3D-MR-MS,patient13,DiceCE,3,28,1,0.9272144204947885,False
3D-MR-MS,patient13,DiceCE,3,29,1,2.0779346900934943,False
3D-MR-MS,patient13,DiceCE,3,30,756,10.229220561541402,True
3D-MR-MS,patient13,DiceCE,3,31,52,0.46875,False
3D-MR-MS,patient13,DiceCE,3,32,10,14.598064161016197,False
3D-MR-MS,patient13,DiceCE,3,33,1,1.4823176532039277,False
3D-MR-MS,patient13,DiceCE,3,34,210,19.91183798169024,False
3D-MR-MS,patient13,DiceCE,3,35,1,2.8479296241433856,False
3D-MR-MS,patient13,DiceCE,3,36,34396,0.0,True
3D-MR-MS,patient13,DiceCE,3,37,85,24.601284629728013,False
3D-MR-MS,patient13,DiceCE,3,38,4,15.137887072477238,False
3D-MR-MS,patient13,DiceCE,3,39,2,0.46875,False
3D-MR-MS,patient13,DiceCE,3,40,58,22.77628035605139,True
3D-MR-MS,patient13,DiceCE,3,41,214,27.276255986205292,True
3D-MR-MS,patient13,DiceCE,3,42,1,0.9375,False
3D-MR-MS,patient13,DiceCE,3,43,98,30.327138869984704,False
3D-MR-MS,patient13,DiceCE,3,44,1,5.0017536673796235,False
3D-MR-MS,patient13,DiceCE,3,45,1,5.0017536673796235,False
3D-MR-MS,patient13,DiceCE,3,46,12,18.16216134676485,True
3D-MR-MS,patient13,DiceCE,3,47,18,19.952961379226476,True
3D-MR-MS,patient13,DiceCE,3,48,71,12.887568343209798,False
3D-MR-MS,patient13,DiceCE,3,49,10,27.675381809278388,False
3D-MR-MS,patient13,DiceCE,3,50,1498,12.711338611316059,True
3D-MR-MS,patient13,DiceCE,3,51,2,28.53936016822461,False
3D-MR-MS,patient13,DiceCE,3,52,8,26.491042868281827,False
3D-MR-MS,patient13,DiceCE,3,53,5,6.179998648004476,False
3D-MR-MS,patient13,DiceCE,4,1,124,36.08071526442221,True
3D-MR-MS,patient13,DiceCE,4,2,73,39.51217231481862,False
3D-MR-MS,patient13,DiceCE,4,3,128227,0.0,True
3D-MR-MS,patient13,DiceCE,4,4,292,29.450833651752596,False
3D-MR-MS,patient13,DiceCE,4,5,57,17.722876740921816,True
3D-MR-MS,patient13,DiceCE,4,6,48,12.96001367073751,False
3D-MR-MS,patient13,DiceCE,4,7,1,24.768071843233447,False
3D-MR-MS,patient13,DiceCE,4,8,1,0.9272144204947885,False
3D-MR-MS,patient13,DiceCE,4,9,112,17.79047000669409,True
3D-MR-MS,patient13,DiceCE,4,10,114,18.196061148271774,True
3D-MR-MS,patient13,DiceCE,4,11,61,27.83345856126341,False
3D-MR-MS,patient13,DiceCE,4,12,1013,12.288175535211131,True
3D-MR-MS,patient13,DiceCE,4,13,16,1.6672512224598746,False
3D-MR-MS,patient13,DiceCE,4,14,683,15.907163539351565,True
3D-MR-MS,patient13,DiceCE,4,15,12,12.645158757291298,False
3D-MR-MS,patient13,DiceCE,4,16,273,15.198017197455771,True
3D-MR-MS,patient13,DiceCE,4,17,5,1.600000023841858,False
3D-MR-MS,patient13,DiceCE,4,18,1,4.8309548923231915,False
3D-MR-MS,patient13,DiceCE,4,19,1,3.747441838317639,False
3D-MR-MS,patient13,DiceCE,4,20,2,27.735155162057474,False
3D-MR-MS,patient13,DiceCE,4,21,885,0.6629126073623883,True
3D-MR-MS,patient13,DiceCE,4,22,1273,22.31690181107836,True
3D-MR-MS,patient13,DiceCE,4,23,237,25.458135059373337,True
3D-MR-MS,patient13,DiceCE,4,24,176,32.363355254434566,False
3D-MR-MS,patient13,DiceCE,4,25,40,0.9272144204947885,False
3D-MR-MS,patient13,DiceCE,4,26,174,0.9272144204947885,True
3D-MR-MS,patient13,DiceCE,4,27,2,1.5484871711039412,False
3D-MR-MS,patient13,DiceCE,4,28,1,0.9272144204947885,False
3D-MR-MS,patient13,DiceCE,4,29,1,2.0779346900934943,False
3D-MR-MS,patient13,DiceCE,4,30,756,10.229220561541402,True
3D-MR-MS,patient13,DiceCE,4,31,52,0.46875,True
3D-MR-MS,patient13,DiceCE,4,32,10,14.598064161016197,False
3D-MR-MS,patient13,DiceCE,4,33,1,1.4823176532039277,False
3D-MR-MS,patient13,DiceCE,4,34,210,19.91183798169024,False
3D-MR-MS,patient13,DiceCE,4,35,1,2.8479296241433856,False
3D-MR-MS,patient13,DiceCE,4,36,34396,0.0,True
3D-MR-MS,patient13,DiceCE,4,37,85,24.601284629728013,False
3D-MR-MS,patient13,DiceCE,4,38,4,15.137887072477238,True
3D-MR-MS,patient13,DiceCE,4,39,2,0.46875,False
3D-MR-MS,patient13,DiceCE,4,40,58,22.77628035605139,True
3D-MR-MS,patient13,DiceCE,4,41,214,27.276255986205292,False
3D-MR-MS,patient13,DiceCE,4,42,1,0.9375,False
3D-MR-MS,patient13,DiceCE,4,43,98,30.327138869984704,False
3D-MR-MS,patient13,DiceCE,4,44,1,5.0017536673796235,False
3D-MR-MS,patient13,DiceCE,4,45,1,5.0017536673796235,False
3D-MR-MS,patient13,DiceCE,4,46,12,18.16216134676485,True
3D-MR-MS,patient13,DiceCE,4,47,18,19.952961379226476,True
3D-MR-MS,patient13,DiceCE,4,48,71,12.887568343209798,False
3D-MR-MS,patient13,DiceCE,4,49,10,27.675381809278388,False
3D-MR-MS,patient13,DiceCE,4,50,1498,12.711338611316059,True
3D-MR-MS,patient13,DiceCE,4,51,2,28.53936016822461,False
3D-MR-MS,patient13,DiceCE,4,52,8,26.491042868281827,False
3D-MR-MS,patient13,DiceCE,4,53,5,6.179998648004476,False
3D-MR-MS,patient13,Tversky,0,1,124,36.08071526442221,True
3D-MR-MS,patient13,Tversky,0,2,73,39.51217231481862,True
3D-MR-MS,patient13,Tversky,0,3,128227,0.0,True
3D-MR-MS,patient13,Tversky,0,4,292,29.450833651752596,False
3D-MR-MS,patient13,Tversky,0,5,57,17.722876740921816,True
3D-MR-MS,patient13,Tversky,0,6,48,12.96001367073751,False
3D-MR-MS,patient13,Tversky,0,7,1,24.768071843233447,False
3D-MR-MS,patient13,Tversky,0,8,1,0.9272144204947885,False
3D-MR-MS,patient13,Tversky,0,9,112,17.79047000669409,True
3D-MR-MS,patient13,Tversky,0,10,114,18.196061148271774,True
3D-MR-MS,patient13,Tversky,0,11,61,27.83345856126341,False
3D-MR-MS,patient13,Tversky,0,12,1013,12.288175535211131,True
3D-MR-MS,patient13,Tversky,0,13,16,1.6672512224598746,False
3D-MR-MS,patient13,Tversky,0,14,683,15.907163539351565,True
3D-MR-MS,patient13,Tversky,0,15,12,12.645158757291298,False
3D-MR-MS,patient13,Tversky,0,16,273,15.198017197455771,True
3D-MR-MS,patient13,Tversky,0,17,5,1.600000023841858,False
3D-MR-MS,patient13,Tversky,0,18,1,4.8309548923231915,False
3D-MR-MS,patient13,Tversky,0,19,1,3.747441838317639,False
3D-MR-MS,patient13,Tversky,0,20,2,27.735155162057474,True
3D-MR-MS,patient13,Tversky,0,21,885,0.6629126073623883,True
3D-MR-MS,patient13,Tversky,0,22,1273,22.31690181107836,True
3D-MR-MS,patient13,Tversky,0,23,237,25.458135059373337,True
3D-MR-MS,patient13,Tversky,0,24,176,32.363355254434566,False
3D-MR-MS,patient13,Tversky,0,25,40,0.9272144204947885,False
3D-MR-MS,patient13,Tversky,0,26,174,0.9272144204947885,True
3D-MR-MS,patient13,Tversky,0,27,2,1.5484871711039412,False
3D-MR-MS,patient13,Tversky,0,28,1,0.9272144204947885,False
3D-MR-MS,patient13,Tversky,0,29,1,2.0779346900934943,False
3D-MR-MS,patient13,Tversky,0,30,756,10.229220561541402,False
3D-MR-MS,patient13,Tversky,0,31,52,0.46875,False
3D-MR-MS,patient13,Tversky,0,32,10,14.598064161016197,False
3D-MR-MS,patient13,Tversky,0,33,1,1.4823176532039277,False
3D-MR-MS,patient13,Tversky,0,34,210,19.91183798169024,True
3D-MR-MS,patient13,Tversky,0,35,1,2.8479296241433856,False
3D-MR-MS,patient13,Tversky,0,36,34396,0.0,True
3D-MR-MS,patient13,Tversky,0,37,85,24.601284629728013,False
3D-MR-MS,patient13,Tversky,0,38,4,15.137887072477238,True
3D-MR-MS,patient13,Tversky,0,39,2,0.46875,False
3D-MR-MS,patient13,Tversky,0,40,58,22.77628035605139,True
3D-MR-MS,patient13,Tversky,0,41,214,27.276255986205292,True
3D-MR-MS,patient13,Tversky,0,42,1,0.9375,False
3D-MR-MS,patient13,Tversky,0,43,98,30.327138869984704,True
3D-MR-MS,patient13,Tversky,0,44,1,5.0017536673796235,False
3D-MR-MS,patient13,Tversky,0,45,1,5.0017536673796235,False
3D-MR-MS,patient13,Tversky,0,46,12,18.16216134676485,True
3D-MR-MS,patient13,Tversky,0,47,18,19.952961379226476,True
3D-MR-MS,patient13,Tversky,0,48,71,12.887568343209798,False
3D-MR-MS,patient13,Tversky,0,49,10,27.675381809278388,False
3D-MR-MS,patient13,Tversky,0,50,1498,12.711338611316059,True
3D-MR-MS,patient13,Tversky,0,51,2,28.53936016822461,False
3D-MR-MS,patient13,Tversky,0,52,8,26.491042868281827,False
3D-MR-MS,patient13,Tversky,0,53,5,6.179998648004476,False
3D-MR-MS,patient13,Tversky,1,1,124,36.08071526442221,True
3D-MR-MS,patient13,Tversky,1,2,73,39.51217231481862,True
3D-MR-MS,patient13,Tversky,1,3,128227,0.0,True
3D-MR-MS,patient13,Tversky,1,4,292,29.450833651752596,False
3D-MR-MS,patient13,Tversky,1,5,57,17.722876740921816,True
3D-MR-MS,patient13,Tversky,1,6,48,12.96001367073751,False
3D-MR-MS,patient13,Tversky,1,7,1,24.768071843233447,False
3D-MR-MS,patient13,Tversky,1,8,1,0.9272144204947885,False
3D-MR-MS,patient13,Tversky,1,9,112,17.79047000669409,True
3D-MR-MS,patient13,Tversky,1,10,114,18.196061148271774,True
3D-MR-MS,patient13,Tversky,1,11,61,27.83345856126341,False
3D-MR-MS,patient13,Tversky,1,12,1013,12.288175535211131,True
3D-MR-MS,patient13,Tversky,1,13,16,1.6672512224598746,False
3D-MR-MS,patient13,Tversky,1,14,683,15.907163539351565,True
3D-MR-MS,patient13,Tversky,1,15,12,12.645158757291298,False
3D-MR-MS,patient13,Tversky,1,16,273,15.198017197455771,True
3D-MR-MS,patient13,Tversky,1,17,5,1.600000023841858,False
3D-MR-MS,patient13,Tversky,1,18,1,4.8309548923231915,False
3D-MR-MS,patient13,Tversky,1,19,1,3.747441838317639,False
3D-MR-MS,patient13,Tversky,1,20,2,27.735155162057474,False
3D-MR-MS,patient13,Tversky,1,21,885,0.6629126073623883,True
3D-MR-MS,patient13,Tversky,1,22,1273,22.31690181107836,True
3D-MR-MS,patient13,Tversky,1,23,237,25.458135059373337,True
3D-MR-MS,patient13,Tversky,1,24,176,32.363355254434566,False
3D-MR-MS,patient13,Tversky,1,25,40,0.9272144204947885,False
3D-MR-MS,patient13,Tversky,1,26,174,0.9272144204947885,False
3D-MR-MS,patient13,Tversky,1,27,2,1.5484871711039412,False
3D-MR-MS,patient13,Tversky,1,28,1,0.9272144204947885,False
3D-MR-MS,patient13,Tversky,1,29,1,2.0779346900934943,False
3D-MR-MS,patient13,Tversky,1,30,756,10.229220561541402,True
3D-MR-MS,patient13,Tversky,1,31,52,0.46875,False
3D-MR-MS,patient13,Tversky,1,32,10,14.598064161016197,False
3D-MR-MS,patient13,Tversky,1,33,1,1.4823176532039277,False
3D-MR-MS,patient13,Tversky,1,34,210,19.91183798169024,True
3D-MR-MS,patient13,Tversky,1,35,1,2.8479296241433856,False
3D-MR-MS,patient13,Tversky,1,36,34396,0.0,True
3D-MR-MS,patient13,Tversky,1,37,85,24.601284629728013,False
3D-MR-MS,patient13,Tversky,1,38,4,15.137887072477238,True
3D-MR-MS,patient13,Tversky,1,39,2,0.46875,False
3D-MR-MS,patient13,Tversky,1,40,58,22.77628035605139,True
3D-MR-MS,patient13,Tversky,1,41,214,27.276255986205292,False
3D-MR-MS,patient13,Tversky,1,42,1,0.9375,False
3D-MR-MS,patient13,Tversky,1,43,98,30.327138869984704,True
3D-MR-MS,patient13,Tversky,1,44,1,5.0017536673796235,False
3D-MR-MS,patient13,Tversky,1,45,1,5.0017536673796235,False
3D-MR-MS,patient13,Tversky,1,46,12,18.16216134676485,True
3D-MR-MS,patient13,Tversky,1,47,18,19.952961379226476,True
3D-MR-MS,patient13,Tversky,1,48,71,12.887568343209798,False
3D-MR-MS,patient13,Tversky,1,49,10,27.675381809278388,False
3D-MR-MS,patient13,Tversky,1,50,1498,12.711338611316059,True
3D-MR-MS,patient13,Tversky,1,51,2,28.53936016822461,False
3D-MR-MS,patient13,Tversky,1,52,8,26.491042868281827,False
3D-MR-MS,patient13,Tversky,1,53,5,6.179998648004476,False
3D-MR-MS,patient13,Tversky,2,1,124,36.08071526442221,True
3D-MR-MS,patient13,Tversky,2,2,73,39.51217231481862,True
3D-MR-MS,patient13,Tversky,2,3,128227,0.0,True
3D-MR-MS,patient13,Tversky,2,4,292,29.450833651752596,False
3D-MR-MS,patient13,Tversky,2,5,57,17.722876740921816,True
3D-MR-MS,patient13,Tversky,2,6,48,12.96001367073751,False
3D-MR-MS,patient13,Tversky,2,7,1,24.768071843233447,False
3D-MR-MS,patient13,Tversky,2,8,1,0.9272144204947885,False
3D-MR-MS,patient13,Tversky,2,9,112,17.79047000669409,True
3D-MR-MS,patient13,Tversky,2,10,114,18.196061148271774,True
3D-MR-MS,patient13,Tversky,2,11,61,27.83345856126341,False
3D-MR-MS,patient13,Tversky,2,12,1013,12.288175535211131,True
3D-MR-MS,patient13,Tversky,2,13,16,1.6672512224598746,False
3D-MR-MS,patient13,Tversky,2,14,683,15.907163539351565,True
3D-MR-MS,patient13,Tversky,2,15,12,12.645158757291298,False
3D-MR-MS,patient13,Tversky,2,16,273,15.198017197455771,True
3D-MR-MS,patient13,Tversky,2,17,5,1.600000023841858,False
3D-MR-MS,patient13,Tversky,2,18,1,4.8309548923231915,False
3D-MR-MS,patient13,Tversky,2,19,1,3.747441838317639,False
3D-MR-MS,patient13,Tversky,2,20,2,27.735155162057474,False
3D-MR-MS,patient13,Tversky,2,21,885,0.6629126073623883,True
3D-MR-MS,patient13,Tversky,2,22,1273,22.31690181107836,True
3D-MR-MS,patient13,Tversky,2,23,237,25.458135059373337,True
3D-MR-MS,patient13,Tversky,2,24,176,32.363355254434566,False
3D-MR-MS,patient13,Tversky,2,25,40,0.9272144204947885,False
3D-MR-MS,patient13,Tversky,2,26,174,0.9272144204947885,False
3D-MR-MS,patient13,Tversky,2,27,2,1.5484871711039412,False
3D-MR-MS,patient13,Tversky,2,28,1,0.9272144204947885,False
3D-MR-MS,patient13,Tversky,2,29,1,2.0779346900934943,False
3D-MR-MS,patient13,Tversky,2,30,756,10.229220561541402,True
3D-MR-MS,patient13,Tversky,2,31,52,0.46875,False
3D-MR-MS,patient13,Tversky,2,32,10,14.598064161016197,False
3D-MR-MS,patient13,Tversky,2,33,1,1.4823176532039277,False
3D-MR-MS,patient13,Tversky,2,34,210,19.91183798169024,True
3D-MR-MS,patient13,Tversky,2,35,1,2.8479296241433856,False
3D-MR-MS,patient13,Tversky,2,36,34396,0.0,True
3D-MR-MS,patient13,Tversky,2,37,85,24.601284629728013,False
3D-MR-MS,patient13,Tversky,2,38,4,15.137887072477238,True
3D-MR-MS,patient13,Tversky,2,39,2,0.46875,False
3D-MR-MS,patient13,Tversky,2,40,58,22.77628035605139,True
3D-MR-MS,patient13,Tversky,2,41,214,27.276255986205292,True
3D-MR-MS,patient13,Tversky,2,42,1,0.9375,False
3D-MR-MS,patient13,Tversky,2,43,98,30.327138869984704,False
3D-MR-MS,patient13,Tversky,2,44,1,5.0017536673796235,False
3D-MR-MS,patient13,Tversky,2,45,1,5.0017536673796235,False
3D-MR-MS,patient13,Tversky,2,46,12,18.16216134676485,True
3D-MR-MS,patient13,Tversky,2,47,18,19.952961379226476,True
3D-MR-MS,patient13,Tversky,2,48,71,12.887568343209798,False
3D-MR-MS,patient13,Tversky,2,49,10,27.675381809278388,False
3D-MR-MS,patient13,Tversky,2,50,1498,12.711338611316059,True
3D-MR-MS,patient13,Tversky,2,51,2,28.53936016822461,False
3D-MR-MS,patient13,Tversky,2,52,8,26.491042868281827,False
3D-MR-MS,patient13,Tversky,2,53,5,6.179998648004476,False
3D-MR-MS,patient13,Tversky,3,1,124,36.08071526442221,True
3D-MR-MS,patient13,Tversky,3,2,73,39.51217231481862,True
3D-MR-MS,patient13,Tversky,3,3,128227,0.0,True
3D-MR-MS,patient13,Tversky,3,4,292,29.450833651752596,False
3D-MR-MS,patient13,Tversky,3,5,57,17.722876740921816,True
3D-MR-MS,patient13,Tversky,3,6,48,12.96001367073751,False
3D-MR-MS,patient13,Tversky,3,7,1,24.768071843233447,False
3D-MR-MS,patient13,Tversky,3,8,1,0.9272144204947885,False
3D-MR-MS,patient13,Tversky,3,9,112,17.79047000669409,True
3D-MR-MS,patient13,Tversky,3,10,114,18.196061148271774,True
3D-MR-MS,patient13,Tversky,3,11,61,27.83345856126341,False
3D-MR-MS,patient13,Tversky,3,12,1013,12.288175535211131,True
3D-MR-MS,patient13,Tversky,3,13,16,1.6672512224598746,False
3D-MR-MS,patient13,Tversky,3,14,683,15.907163539351565,True
3D-MR-MS,patient13,Tversky,3,15,12,12.645158757291298,False
3D-MR-MS,patient13,Tversky,3,16,273,15.198017197455771,True
3D-MR-MS,patient13,Tversky,3,17,5,1.600000023841858,False
3D-MR-MS,patient13,Tversky,3,18,1,4.8309548923231915,False
3D-MR-MS,patient13,Tversky,3,19,1,3.747441838317639,False
3D-MR-MS,patient13,Tversky,3,20,2,27.735155162057474,True
3D-MR-MS,patient13,Tversky,3,21,885,0.6629126073623883,True
3D-MR-MS,patient13,Tversky,3,22,1273,22.31690181107836,True
3D-MR-MS,patient13,Tversky,3,23,237,25.458135059373337,True
3D-MR-MS,patient13,Tversky,3,24,176,32.363355254434566,False
3D-MR-MS,patient13,Tversky,3,25,40,0.9272144204947885,False
3D-MR-MS,patient13,Tversky,3,26,174,0.9272144204947885,False
3D-MR-MS,patient13,Tversky,3,27,2,1.5484871711039412,False
3D-MR-MS,patient13,Tversky,3,28,1,0.9272144204947885,False
3D-MR-MS,patient13,Tversky,3,29,1,2.0779346900934943,False
3D-MR-MS,patient13,Tversky,3,30,756,10.229220561541402,True
3D-MR-MS,patient13,Tversky,3,31,52,0.46875,False
3D-MR-MS,patient13,Tversky,3,32,10,14.598064161016197,False
3D-MR-MS,patient13,Tversky,3,33,1,1.4823176532039277,False
3D-MR-MS,patient13,Tversky,3,34,210,19.91183798169024,True
3D-MR-MS,patient13,Tversky,3,35,1,2.8479296241433856,False
3D-MR-MS,patient13,Tversky,3,36,34396,0.0,True
3D-MR-MS,patient13,Tversky,3,37,85,24.601284629728013,False
3D-MR-MS,patient13,Tversky,3,38,4,15.137887072477238,True
3D-MR-MS,patient13,Tversky,3,39,2,0.46875,False
3D-MR-MS,patient13,Tversky,3,40,58,22.77628035605139,True
3D-MR-MS,patient13,Tversky,3,41,214,27.276255986205292,True
3D-MR-MS,patient13,Tversky,3,42,1,0.9375,False
3D-MR-MS,patient13,Tversky,3,43,98,30.327138869984704,False
3D-MR-MS,patient13,Tversky,3,44,1,5.0017536673796235,False
3D-MR-MS,patient13,Tversky,3,45,1,5.0017536673796235,False
3D-MR-MS,patient13,Tversky,3,46,12,18.16216134676485,True
3D-MR-MS,patient13,Tversky,3,47,18,19.952961379226476,True
3D-MR-MS,patient13,Tversky,3,48,71,12.887568343209798,False
3D-MR-MS,patient13,Tversky,3,49,10,27.675381809278388,False
3D-MR-MS,patient13,Tversky,3,50,1498,12.711338611316059,True
3D-MR-MS,patient13,Tversky,3,51,2,28.53936016822461,False
3D-MR-MS,patient13,Tversky,3,52,8,26.491042868281827,False
3D-MR-MS,patient13,Tversky,3,53,5,6.179998648004476,False
3D-MR-MS,patient13,Tversky,4,1,124,36.08071526442221,True
3D-MR-MS,patient13,Tversky,4,2,73,39.51217231481862,True
3D-MR-MS,patient13,Tversky,4,3,128227,0.0,True
3D-MR-MS,patient13,Tversky,4,4,292,29.450833651752596,False
3D-MR-MS,patient13,Tversky,4,5,57,17.722876740921816,True
3D-MR-MS,patient13,Tversky,4,6,48,12.96001367073751,False
3D-MR-MS,patient13,Tversky,4,7,1,24.768071843233447,False
3D-MR-MS,patient13,Tversky,4,8,1,0.9272144204947885,False
3D-MR-MS,patient13,Tversky,4,9,112,17.79047000669409,True
3D-MR-MS,patient13,Tversky,4,10,114,18.196061148271774,True
3D-MR-MS,patient13,Tversky,4,11,61,27.83345856126341,False
3D-MR-MS,patient13,Tversky,4,12,1013,12.288175535211131,True
3D-MR-MS,patient13,Tversky,4,13,16,1.6672512224598746,False
3D-MR-MS,patient13,Tversky,4,14,683,15.907163539351565,True
3D-MR-MS,patient13,Tversky,4,15,12,12.645158757291298,False
3D-MR-MS,patient13,Tversky,4,16,273,15.198017197455771,True
3D-MR-MS,patient13,Tversky,4,17,5,1.600000023841858,False
3D-MR-MS,patient13,Tversky,4,18,1,4.8309548923231915,False
3D-MR-MS,patient13,Tversky,4,19,1,3.747441838317639,False
3D-MR-MS,patient13,Tversky,4,20,2,27.735155162057474,False
3D-MR-MS,patient13,Tversky,4,21,885,0.6629126073623883,True
3D-MR-MS,patient13,Tversky,4,22,1273,22.31690181107836,True
3D-MR-MS,patient13,Tversky,4,23,237,25.458135059373337,True
3D-MR-MS,patient13,Tversky,4,24,176,32.363355254434566,False
3D-MR-MS,patient13,Tversky,4,25,40,0.9272144204947885,False
3D-MR-MS,patient13,Tversky,4,26,174,0.9272144204947885,True
3D-MR-MS,patient13,Tversky,4,27,2,1.5484871711039412,False
3D-MR-MS,patient13,Tversky,4,28,1,0.9272144204947885,False
3D-MR-MS,patient13,Tversky,4,29,1,2.0779346900934943,False
3D-MR-MS,patient13,Tversky,4,30,756,10.229220561541402,True
3D-MR-MS,patient13,Tversky,4,31,52,0.46875,False
3D-MR-MS,patient13,Tversky,4,32,10,14.598064161016197,False
3D-MR-MS,patient13,Tversky,4,33,1,1.4823176532039277,False
3D-MR-MS,patient13,Tversky,4,34,210,19.91183798169024,True
3D-MR-MS,patient13,Tversky,4,35,1,2.8479296241433856,False
3D-MR-MS,patient13,Tversky,4,36,34396,0.0,True
3D-MR-MS,patient13,Tversky,4,37,85,24.601284629728013,False
3D-MR-MS,patient13,Tversky,4,38,4,15.137887072477238,True
3D-MR-MS,patient13,Tversky,4,39,2,0.46875,False
3D-MR-MS,patient13,Tversky,4,40,58,22.77628035605139,True
3D-MR-MS,patient13,Tversky,4,41,214,27.276255986205292,False
3D-MR-MS,patient13,Tversky,4,42,1,0.9375,False
3D-MR-MS,patient13,Tversky,4,43,98,30.327138869984704,False
3D-MR-MS,patient13,Tversky,4,44,1,5.0017536673796235,False
3D-MR-MS,patient13,Tversky,4,45,1,5.0017536673796235,False
3D-MR-MS,patient13,Tversky,4,46,12,18.16216134676485,True
3D-MR-MS,patient13,Tversky,4,47,18,19.952961379226476,True
3D-MR-MS,patient13,Tversky,4,48,71,12.887568343209798,False
3D-MR-MS,patient13,Tversky,4,49,10,27.675381809278388,False
3D-MR-MS,patient13,Tversky,4,50,1498,12.711338611316059,True
3D-MR-MS,patient13,Tversky,4,51,2,28.53936016822461,False
3D-MR-MS,patient13,Tversky,4,52,8,26.491042868281827,False
3D-MR-MS,patient13,Tversky,4,53,5,6.179998648004476,False
3D-MR-MS,patient13,FocalTversky,0,1,124,36.08071526442221,True
3D-MR-MS,patient13,FocalTversky,0,2,73,39.51217231481862,True
3D-MR-MS,patient13,FocalTversky,0,3,128227,0.0,True
3D-MR-MS,patient13,FocalTversky,0,4,292,29.450833651752596,False
3D-MR-MS,patient13,FocalTversky,0,5,57,17.722876740921816,True
3D-MR-MS,patient13,FocalTversky,0,6,48,12.96001367073751,False
3D-MR-MS,patient13,FocalTversky,0,7,1,24.768071843233447,False
3D-MR-MS,patient13,FocalTversky,0,8,1,0.9272144204947885,False
3D-MR-MS,patient13,FocalTversky,0,9,112,17.79047000669409,True
3D-MR-MS,patient13,FocalTversky,0,10,114,18.196061148271774,True
3D-MR-MS,patient13,FocalTversky,0,11,61,27.83345856126341,False
3D-MR-MS,patient13,FocalTversky,0,12,1013,12.288175535211131,True
3D-MR-MS,patient13,FocalTversky,0,13,16,1.6672512224598746,False
3D-MR-MS,patient13,FocalTversky,0,14,683,15.907163539351565,True
3D-MR-MS,patient13,FocalTversky,0,15,12,12.645158757291298,False
3D-MR-MS,patient13,FocalTversky,0,16,273,15.198017197455771,True
3D-MR-MS,patient13,FocalTversky,0,17,5,1.600000023841858,False
3D-MR-MS,patient13,FocalTversky,0,18,1,4.8309548923231915,False
3D-MR-MS,patient13,FocalTversky,0,19,1,3.747441838317639,False
3D-MR-MS,patient13,FocalTversky,0,20,2,27.735155162057474,False
3D-MR-MS,patient13,FocalTversky,0,21,885,0.6629126073623883,True
3D-MR-MS,patient13,FocalTversky,0,22,1273,22.31690181107836,True
3D-MR-MS,patient13,FocalTversky,0,23,237,25.458135059373337,True
3D-MR-MS,patient13,FocalTversky,0,24,176,32.363355254434566,False
3D-MR-MS,patient13,FocalTversky,0,25,40,0.9272144204947885,False
3D-MR-MS,patient13,FocalTversky,0,26,174,0.9272144204947885,True
3D-MR-MS,patient13,FocalTversky,0,27,2,1.5484871711039412,False
3D-MR-MS,patient13,FocalTversky,0,28,1,0.9272144204947885,False
3D-MR-MS,patient13,FocalTversky,0,29,1,2.0779346900934943,False
3D-MR-MS,patient13,FocalTversky,0,30,756,10.229220561541402,True
3D-MR-MS,patient13,FocalTversky,0,31,52,0.46875,False
3D-MR-MS,patient13,FocalTversky,0,32,10,14.598064161016197,False
3D-MR-MS,patient13,FocalTversky,0,33,1,1.4823176532039277,False
3D-MR-MS,patient13,FocalTversky,0,34,210,19.91183798169024,False
3D-MR-MS,patient13,FocalTversky,0,35,1,2.8479296241433856,False
3D-MR-MS,patient13,FocalTversky,0,36,34396,0.0,True
3D-MR-MS,patient13,FocalTversky,0,37,85,24.601284629728013,False
3D-MR-MS,patient13,FocalTversky,0,38,4,15.137887072477238,True
3D-MR-MS,patient13,FocalTversky,0,39,2,0.46875,False
3D-MR-MS,patient13,FocalTversky,0,40,58,22.77628035605139,True
3D-MR-MS,patient13,FocalTversky,0,41,214,27.276255986205292,False
3D-MR-MS,patient13,FocalTversky,0,42,1,0.9375,False
3D-MR-MS,patient13,FocalTversky,0,43,98,30.327138869984704,True
3D-MR-MS,patient13,FocalTversky,0,44,1,5.0017536673796235,False
3D-MR-MS,patient13,FocalTversky,0,45,1,5.0017536673796235,False
3D-MR-MS,patient13,FocalTversky,0,46,12,18.16216134676485,True
3D-MR-MS,patient13,FocalTversky,0,47,18,19.952961379226476,True
3D-MR-MS,patient13,FocalTversky,0,48,71,12.887568343209798,False
3D-MR-MS,patient13,FocalTversky,0,49,10,27.675381809278388,False
3D-MR-MS,patient13,FocalTversky,0,50,1498,12.711338611316059,True
3D-MR-MS,patient13,FocalTversky,0,51,2,28.53936016822461,False
3D-MR-MS,patient13,FocalTversky,0,52,8,26.491042868281827,False
3D-MR-MS,patient13,FocalTversky,0,53,5,6.179998648004476,False
3D-MR-MS,patient13,FocalTversky,1,1,124,36.08071526442221,True
3D-MR-MS,patient13,FocalTversky,1,2,73,39.51217231481862,False
3D-MR-MS,patient13,FocalTversky,1,3,128227,0.0,True
3D-MR-MS,patient13,FocalTversky,1,4,292,29.450833651752596,False
3D-MR-MS,patient13,FocalTversky,1,5,57,17.722876740921816,True
3D-MR-MS,patient13,FocalTversky,1,6,48,12.96001367073751,False
3D-MR-MS,patient13,FocalTversky,1,7,1,24.768071843233447,False
3D-MR-MS,patient13,FocalTversky,1,8,1,0.9272144204947885,False
3D-MR-MS,patient13,FocalTversky,1,9,112,17.79047000669409,True
3D-MR-MS,patient13,FocalTversky,1,10,114,18.196061148271774,True
3D-MR-MS,patient13,FocalTversky,1,11,61,27.83345856126341,False
3D-MR-MS,patient13,FocalTversky,1,12,1013,12.288175535211131,True
3D-MR-MS,patient13,FocalTversky,1,13,16,1.6672512224598746,False
3D-MR-MS,patient13,FocalTversky,1,14,683,15.907163539351565,True
3D-MR-MS,patient13,FocalTversky,1,15,12,12.645158757291298,False
3D-MR-MS,patient13,FocalTversky,1,16,273,15.198017197455771,True
3D-MR-MS,patient13,FocalTversky,1,17,5,1.600000023841858,False
3D-MR-MS,patient13,FocalTversky,1,18,1,4.8309548923231915,False
3D-MR-MS,patient13,FocalTversky,1,19,1,3.747441838317639,False
3D-MR-MS,patient13,FocalTversky,1,20,2,27.735155162057474,False
3D-MR-MS,patient13,FocalTversky,1,21,885,0.6629126073623883,True
3D-MR-MS,patient13,FocalTversky,1,22,1273,22.31690181107836,True
3D-MR-MS,patient13,FocalTversky,1,23,237,25.458135059373337,True
3D-MR-MS,patient13,FocalTversky,1,24,176,32.363355254434566,False
3D-MR-MS,patient13,FocalTversky,1,25,40,0.9272144204947885,False
3D-MR-MS,patient13,FocalTversky,1,26,174,0.9272144204947885,False
3D-MR-MS,patient13,FocalTversky,1,27,2,1.5484871711039412,False
3D-MR-MS,patient13,FocalTversky,1,28,1,0.9272144204947885,False
3D-MR-MS,patient13,FocalTversky,1,29,1,2.0779346900934943,False
3D-MR-MS,patient13,FocalTversky,1,30,756,10.229220561541402,True
3D-MR-MS,patient13,FocalTversky,1,31,52,0.46875,False
3D-MR-MS,patient13,FocalTversky,1,32,10,14.598064161016197,False
3D-MR-MS,patient13,FocalTversky,1,33,1,1.4823176532039277,False
3D-MR-MS,patient13,FocalTversky,1,34,210,19.91183798169024,True
3D-MR-MS,patient13,FocalTversky,1,35,1,2.8479296241433856,False
3D-MR-MS,patient13,FocalTversky,1,36,34396,0.0,True
3D-MR-MS,patient13,FocalTversky,1,37,85,24.601284629728013,False
3D-MR-MS,patient13,FocalTversky,1,38,4,15.137887072477238,True
3D-MR-MS,patient13,FocalTversky,1,39,2,0.46875,False
3D-MR-MS,patient13,FocalTversky,1,40,58,22.77628035605139,False
3D-MR-MS,patient13,FocalTversky,1,41,214,27.276255986205292,False
3D-MR-MS,patient13,FocalTversky,1,42,1,0.9375,False
3D-MR-MS,patient13,FocalTversky,1,43,98,30.327138869984704,True
3D-MR-MS,patient13,FocalTversky,1,44,1,5.0017536673796235,False
3D-MR-MS,patient13,FocalTversky,1,45,1,5.0017536673796235,False
3D-MR-MS,patient13,FocalTversky,1,46,12,18.16216134676485,True
3D-MR-MS,patient13,FocalTversky,1,47,18,19.952961379226476,True
3D-MR-MS,patient13,FocalTversky,1,48,71,12.887568343209798,False
3D-MR-MS,patient13,FocalTversky,1,49,10,27.675381809278388,False
3D-MR-MS,patient13,FocalTversky,1,50,1498,12.711338611316059,True
3D-MR-MS,patient13,FocalTversky,1,51,2,28.53936016822461,False
3D-MR-MS,patient13,FocalTversky,1,52,8,26.491042868281827,False
3D-MR-MS,patient13,FocalTversky,1,53,5,6.179998648004476,False
3D-MR-MS,patient13,FocalTversky,2,1,124,36.08071526442221,True
3D-MR-MS,patient13,FocalTversky,2,2,73,39.51217231481862,True
3D-MR-MS,patient13,FocalTversky,2,3,128227,0.0,True
3D-MR-MS,patient13,FocalTversky,2,4,292,29.450833651752596,False
3D-MR-MS,patient13,FocalTversky,2,5,57,17.722876740921816,True
3D-MR-MS,patient13,FocalTversky,2,6,48,12.96001367073751,False
3D-MR-MS,patient13,FocalTversky,2,7,1,24.768071843233447,False
3D-MR-MS,patient13,FocalTversky,2,8,1,0.9272144204947885,False
3D-MR-MS,patient13,FocalTversky,2,9,112,17.79047000669409,True
3D-MR-MS,patient13,FocalTversky,2,10,114,18.196061148271774,True
3D-MR-MS,patient13,FocalTversky,2,11,61,27.83345856126341,False
3D-MR-MS,patient13,FocalTversky,2,12,1013,12.288175535211131,True
3D-MR-MS,patient13,FocalTversky,2,13,16,1.6672512224598746,False
3D-MR-MS,patient13,FocalTversky,2,14,683,15.907163539351565,True
3D-MR-MS,patient13,FocalTversky,2,15,12,12.645158757291298,False
3D-MR-MS,patient13,FocalTversky,2,16,273,15.198017197455771,True
3D-MR-MS,patient13,FocalTversky,2,17,5,1.600000023841858,False
3D-MR-MS,patient13,FocalTversky,2,18,1,4.8309548923231915,False
3D-MR-MS,patient13,FocalTversky,2,19,1,3.747441838317639,False
3D-MR-MS,patient13,FocalTversky,2,20,2,27.735155162057474,False
3D-MR-MS,patient13,FocalTversky,2,21,885,0.6629126073623883,True
3D-MR-MS,patient13,FocalTversky,2,22,1273,22.31690181107836,True
3D-MR-MS,patient13,FocalTversky,2,23,237,25.458135059373337,True
3D-MR-MS,patient13,FocalTversky,2,24,176,32.363355254434566,False
3D-MR-MS,patient13,FocalTversky,2,25,40,0.9272144204947885,False
3D-MR-MS,patient13,FocalTversky,2,26,174,0.9272144204947885,True
3D-MR-MS,patient13,FocalTversky,2,27,2,1.5484871711039412,False
3D-MR-MS,patient13,FocalTversky,2,28,1,0.9272144204947885,False
3D-MR-MS,patient13,FocalTversky,2,29,1,2.0779346900934943,False
3D-MR-MS,patient13,FocalTversky,2,30,756,10.229220561541402,True
3D-MR-MS,patient13,FocalTversky,2,31,52,0.46875,False
3D-MR-MS,patient13,FocalTversky,2,32,10,14.598064161016197,False
3D-MR-MS,patient13,FocalTversky,2,33,1,1.4823176532039277,False
3D-MR-MS,patient13,FocalTversky,2,34,210,19.91183798169024,True
3D-MR-MS,patient13,FocalTversky,2,35,1,2.8479296241433856,False
3D-MR-MS,patient13,FocalTversky,2,36,34396,0.0,True
3D-MR-MS,patient13,FocalTversky,2,37,85,24.601284629728013,True
3D-MR-MS,patient13,FocalTversky,2,38,4,15.137887072477238,True
3D-MR-MS,patient13,FocalTversky,2,39,2,0.46875,False
3D-MR-MS,patient13,FocalTversky,2,40,58,22.77628035605139,True
3D-MR-MS,patient13,FocalTversky,2,41,214,27.276255986205292,False
3D-MR-MS,patient13,FocalTversky,2,42,1,0.9375,False
3D-MR-MS,patient13,FocalTversky,2,43,98,30.327138869984704,False
3D-MR-MS,patient13,FocalTversky,2,44,1,5.0017536673796235,False
3D-MR-MS,patient13,FocalTversky,2,45,1,5.0017536673796235,False
3D-MR-MS,patient13,FocalTversky,2,46,12,18.16216134676485,True
3D-MR-MS,patient13,FocalTversky,2,47,18,19.952961379226476,True
3D-MR-MS,patient13,FocalTversky,2,48,71,12.887568343209798,False
3D-MR-MS,patient13,FocalTversky,2,49,10,27.675381809278388,False
3D-MR-MS,patient13,FocalTversky,2,50,1498,12.711338611316059,True
3D-MR-MS,patient13,FocalTversky,2,51,2,28.53936016822461,False
3D-MR-MS,patient13,FocalTversky,2,52,8,26.491042868281827,False
3D-MR-MS,patient13,FocalTversky,2,53,5,6.179998648004476,False
3D-MR-MS,patient13,FocalTversky,3,1,124,36.08071526442221,True
3D-MR-MS,patient13,FocalTversky,3,2,73,39.51217231481862,True
3D-MR-MS,patient13,FocalTversky,3,3,128227,0.0,True
3D-MR-MS,patient13,FocalTversky,3,4,292,29.450833651752596,False
3D-MR-MS,patient13,FocalTversky,3,5,57,17.722876740921816,True
3D-MR-MS,patient13,FocalTversky,3,6,48,12.96001367073751,False
3D-MR-MS,patient13,FocalTversky,3,7,1,24.768071843233447,False
3D-MR-MS,patient13,FocalTversky,3,8,1,0.9272144204947885,False
3D-MR-MS,patient13,FocalTversky,3,9,112,17.79047000669409,True
3D-MR-MS,patient13,FocalTversky,3,10,114,18.196061148271774,True
3D-MR-MS,patient13,FocalTversky,3,11,61,27.83345856126341,False
3D-MR-MS,patient13,FocalTversky,3,12,1013,12.288175535211131,True
3D-MR-MS,patient13,FocalTversky,3,13,16,1.6672512224598746,False
3D-MR-MS,patient13,FocalTversky,3,14,683,15.907163539351565,True
3D-MR-MS,patient13,FocalTversky,3,15,12,12.645158757291298,False
3D-MR-MS,patient13,FocalTversky,3,16,273,15.198017197455771,True
3D-MR-MS,patient13,FocalTversky,3,17,5,1.600000023841858,False
3D-MR-MS,patient13,FocalTversky,3,18,1,4.8309548923231915,False
3D-MR-MS,patient13,FocalTversky,3,19,1,3.747441838317639,False
3D-MR-MS,patient13,FocalTversky,3,20,2,27.735155162057474,True
3D-MR-MS,patient13,FocalTversky,3,21,885,0.6629126073623883,True
3D-MR-MS,patient13,FocalTversky,3,22,1273,22.31690181107836,True
3D-MR-MS,patient13,FocalTversky,3,23,237,25.458135059373337,True
3D-MR-MS,patient13,FocalTversky,3,24,176,32.363355254434566,False
3D-MR-MS,patient13,FocalTversky,3,25,40,0.9272144204947885,False
3D-MR-MS,patient13,FocalTversky,3,26,174,0.9272144204947885,True
3D-MR-MS,patient13,FocalTversky,3,27,2,1.5484871711039412,False
3D-MR-MS,patient13,FocalTversky,3,28,1,0.9272144204947885,False
3D-MR-MS,patient13,FocalTversky,3,29,1,2.0779346900934943,False
3D-MR-MS,patient13,FocalTversky,3,30,756,10.229220561541402,True
3D-MR-MS,patient13,FocalTversky,3,31,52,0.46875,False
3D-MR-MS,patient13,FocalTversky,3,32,10,14.598064161016197,False
3D-MR-MS,patient13,FocalTversky,3,33,1,1.4823176532039277,False
3D-MR-MS,patient13,FocalTversky,3,34,210,19.91183798169024,True
3D-MR-MS,patient13,FocalTversky,3,35,1,2.8479296241433856,False
3D-MR-MS,patient13,FocalTversky,3,36,34396,0.0,True
3D-MR-MS,patient13,FocalTversky,3,37,85,24.601284629728013,False
3D-MR-MS,patient13,FocalTversky,3,38,4,15.137887072477238,True
3D-MR-MS,patient13,FocalTversky,3,39,2,0.46875,False
3D-MR-MS,patient13,FocalTversky,3,40,58,22.77628035605139,True
3D-MR-MS,patient13,FocalTversky,3,41,214,27.276255986205292,True
3D-MR-MS,patient13,FocalTversky,3,42,1,0.9375,False
3D-MR-MS,patient13,FocalTversky,3,43,98,30.327138869984704,True
3D-MR-MS,patient13,FocalTversky,3,44,1,5.0017536673796235,False
3D-MR-MS,patient13,FocalTversky,3,45,1,5.0017536673796235,False
3D-MR-MS,patient13,FocalTversky,3,46,12,18.16216134676485,True
3D-MR-MS,patient13,FocalTversky,3,47,18,19.952961379226476,True
3D-MR-MS,patient13,FocalTversky,3,48,71,12.887568343209798,False
3D-MR-MS,patient13,FocalTversky,3,49,10,27.675381809278388,False
3D-MR-MS,patient13,FocalTversky,3,50,1498,12.711338611316059,True
3D-MR-MS,patient13,FocalTversky,3,51,2,28.53936016822461,False
3D-MR-MS,patient13,FocalTversky,3,52,8,26.491042868281827,False
3D-MR-MS,patient13,FocalTversky,3,53,5,6.179998648004476,False
3D-MR-MS,patient13,FocalTversky,4,1,124,36.08071526442221,True
3D-MR-MS,patient13,FocalTversky,4,2,73,39.51217231481862,True
3D-MR-MS,patient13,FocalTversky,4,3,128227,0.0,True
3D-MR-MS,patient13,FocalTversky,4,4,292,29.450833651752596,False
3D-MR-MS,patient13,FocalTversky,4,5,57,17.722876740921816,True
3D-MR-MS,patient13,FocalTversky,4,6,48,12.96001367073751,False
3D-MR-MS,patient13,FocalTversky,4,7,1,24.768071843233447,False
3D-MR-MS,patient13,FocalTversky,4,8,1,0.9272144204947885,False
3D-MR-MS,patient13,FocalTversky,4,9,112,17.79047000669409,True
3D-MR-MS,patient13,FocalTversky,4,10,114,18.196061148271774,True
3D-MR-MS,patient13,FocalTversky,4,11,61,27.83345856126341,False
3D-MR-MS,patient13,FocalTversky,4,12,1013,12.288175535211131,True
3D-MR-MS,patient13,FocalTversky,4,13,16,1.6672512224598746,False
3D-MR-MS,patient13,FocalTversky,4,14,683,15.907163539351565,True
3D-MR-MS,patient13,FocalTversky,4,15,12,12.645158757291298,False
3D-MR-MS,patient13,FocalTversky,4,16,273,15.198017197455771,True
3D-MR-MS,patient13,FocalTversky,4,17,5,1.600000023841858,False
3D-MR-MS,patient13,FocalTversky,4,18,1,4.8309548923231915,False
3D-MR-MS,patient13,FocalTversky,4,19,1,3.747441838317639,False
3D-MR-MS,patient13,FocalTversky,4,20,2,27.735155162057474,False
3D-MR-MS,patient13,FocalTversky,4,21,885,0.6629126073623883,True
3D-MR-MS,patient13,FocalTversky,4,22,1273,22.31690181107836,True
3D-MR-MS,patient13,FocalTversky,4,23,237,25.458135059373337,True
3D-MR-MS,patient13,FocalTversky,4,24,176,32.363355254434566,False
3D-MR-MS,patient13,FocalTversky,4,25,40,0.9272144204947885,False
3D-MR-MS,patient13,FocalTversky,4,26,174,0.9272144204947885,True
3D-MR-MS,patient13,FocalTversky,4,27,2,1.5484871711039412,False
3D-MR-MS,patient13,FocalTversky,4,28,1,0.9272144204947885,False
3D-MR-MS,patient13,FocalTversky,4,29,1,2.0779346900934943,False
3D-MR-MS,patient13,FocalTversky,4,30,756,10.229220561541402,True
3D-MR-MS,patient13,FocalTversky,4,31,52,0.46875,False
3D-MR-MS,patient13,FocalTversky,4,32,10,14.598064161016197,False
3D-MR-MS,patient13,FocalTversky,4,33,1,1.4823176532039277,False
3D-MR-MS,patient13,FocalTversky,4,34,210,19.91183798169024,True
3D-MR-MS,patient13,FocalTversky,4,35,1,2.8479296241433856,False
3D-MR-MS,patient13,FocalTversky,4,36,34396,0.0,True
3D-MR-MS,patient13,FocalTversky,4,37,85,24.601284629728013,False
3D-MR-MS,patient13,FocalTversky,4,38,4,15.137887072477238,True
3D-MR-MS,patient13,FocalTversky,4,39,2,0.46875,False
3D-MR-MS,patient13,FocalTversky,4,40,58,22.77628035605139,True
3D-MR-MS,patient13,FocalTversky,4,41,214,27.276255986205292,True
3D-MR-MS,patient13,FocalTversky,4,42,1,0.9375,False
3D-MR-MS,patient13,FocalTversky,4,43,98,30.327138869984704,True
3D-MR-MS,patient13,FocalTversky,4,44,1,5.0017536673796235,False
3D-MR-MS,patient13,FocalTversky,4,45,1,5.0017536673796235,False
3D-MR-MS,patient13,FocalTversky,4,46,12,18.16216134676485,True
3D-MR-MS,patient13,FocalTversky,4,47,18,19.952961379226476,True
3D-MR-MS,patient13,FocalTversky,4,48,71,12.887568343209798,False
3D-MR-MS,patient13,FocalTversky,4,49,10,27.675381809278388,False
3D-MR-MS,patient13,FocalTversky,4,50,1498,12.711338611316059,True
3D-MR-MS,patient13,FocalTversky,4,51,2,28.53936016822461,False
3D-MR-MS,patient13,FocalTversky,4,52,8,26.491042868281827,False
3D-MR-MS,patient13,FocalTversky,4,53,5,6.179998648004476,False
3D-MR-MS,patient18,CATMIL,0,1,12,37.874206039114036,True
3D-MR-MS,patient18,CATMIL,0,2,82,24.242307003118857,True
3D-MR-MS,patient18,CATMIL,0,3,6,46.453955871973314,False
3D-MR-MS,patient18,CATMIL,0,4,219,5.420306727257013,True
3D-MR-MS,patient18,CATMIL,0,5,68,20.981785777105877,True
3D-MR-MS,patient18,CATMIL,0,6,39,18.92323670317352,True
3D-MR-MS,patient18,CATMIL,0,7,220,30.855465055900844,True
3D-MR-MS,patient18,CATMIL,0,8,54,6.640888849020711,True
3D-MR-MS,patient18,CATMIL,0,9,52,6.186079295653784,True
3D-MR-MS,patient18,CATMIL,0,10,147,13.045526928361024,True
3D-MR-MS,patient18,CATMIL,0,11,59,29.89267520778859,False
3D-MR-MS,patient18,CATMIL,0,12,35,43.01119185705872,False
3D-MR-MS,patient18,CATMIL,0,13,1315,8.394243281534354,True
3D-MR-MS,patient18,CATMIL,0,14,38,5.073772067172156,True
3D-MR-MS,patient18,CATMIL,0,15,663,0.46875,True
3D-MR-MS,patient18,CATMIL,0,16,277,0.6629126073623883,True
3D-MR-MS,patient18,CATMIL,0,17,18,37.23114537532874,False
3D-MR-MS,patient18,CATMIL,0,18,1093,0.46875,False
3D-MR-MS,patient18,CATMIL,0,19,137,5.735446801910696,True
3D-MR-MS,patient18,CATMIL,0,20,17,4.512833258562148,True
3D-MR-MS,patient18,CATMIL,0,21,113,34.06909500581415,True
3D-MR-MS,patient18,CATMIL,1,1,12,37.874206039114036,True
3D-MR-MS,patient18,CATMIL,1,2,82,24.242307003118857,True
3D-MR-MS,patient18,CATMIL,1,3,6,46.453955871973314,False
3D-MR-MS,patient18,CATMIL,1,4,219,5.420306727257013,True
3D-MR-MS,patient18,CATMIL,1,5,68,20.981785777105877,True
3D-MR-MS,patient18,CATMIL,1,6,39,18.92323670317352,True
3D-MR-MS,patient18,CATMIL,1,7,220,30.855465055900844,True
3D-MR-MS,patient18,CATMIL,1,8,54,6.640888849020711,True
3D-MR-MS,patient18,CATMIL,1,9,52,6.186079295653784,True
3D-MR-MS,patient18,CATMIL,1,10,147,13.045526928361024,True
3D-MR-MS,patient18,CATMIL,1,11,59,29.89267520778859,False
3D-MR-MS,patient18,CATMIL,1,12,35,43.01119185705872,False
3D-MR-MS,patient18,CATMIL,1,13,1315,8.394243281534354,True
3D-MR-MS,patient18,CATMIL,1,14,38,5.073772067172156,True
3D-MR-MS,patient18,CATMIL,1,15,663,0.46875,True
3D-MR-MS,patient18,CATMIL,1,16,277,0.6629126073623883,True
3D-MR-MS,patient18,CATMIL,1,17,18,37.23114537532874,False
3D-MR-MS,patient18,CATMIL,1,18,1093,0.46875,True
3D-MR-MS,patient18,CATMIL,1,19,137,5.735446801910696,True
3D-MR-MS,patient18,CATMIL,1,20,17,4.512833258562148,False
3D-MR-MS,patient18,CATMIL,1,21,113,34.06909500581415,True
3D-MR-MS,patient18,CATMIL,2,1,12,37.874206039114036,False
3D-MR-MS,patient18,CATMIL,2,2,82,24.242307003118857,True
3D-MR-MS,patient18,CATMIL,2,3,6,46.453955871973314,False
3D-MR-MS,patient18,CATMIL,2,4,219,5.420306727257013,True
3D-MR-MS,patient18,CATMIL,2,5,68,20.981785777105877,True
3D-MR-MS,patient18,CATMIL,2,6,39,18.92323670317352,True
3D-MR-MS,patient18,CATMIL,2,7,220,30.855465055900844,True
3D-MR-MS,patient18,CATMIL,2,8,54,6.640888849020711,True
3D-MR-MS,patient18,CATMIL,2,9,52,6.186079295653784,True
3D-MR-MS,patient18,CATMIL,2,10,147,13.045526928361024,True
3D-MR-MS,patient18,CATMIL,2,11,59,29.89267520778859,False
3D-MR-MS,patient18,CATMIL,2,12,35,43.01119185705872,False
3D-MR-MS,patient18,CATMIL,2,13,1315,8.394243281534354,True
3D-MR-MS,patient18,CATMIL,2,14,38,5.073772067172156,True
3D-MR-MS,patient18,CATMIL,2,15,663,0.46875,True
3D-MR-MS,patient18,CATMIL,2,16,277,0.6629126073623883,True
3D-MR-MS,patient18,CATMIL,2,17,18,37.23114537532874,False
3D-MR-MS,patient18,CATMIL,2,18,1093,0.46875,True
3D-MR-MS,patient18,CATMIL,2,19,137,5.735446801910696,True
3D-MR-MS,patient18,CATMIL,2,20,17,4.512833258562148,True
3D-MR-MS,patient18,CATMIL,2,21,113,34.06909500581415,True
3D-MR-MS,patient18,CATMIL,3,1,12,37.874206039114036,True
3D-MR-MS,patient18,CATMIL,3,2,82,24.242307003118857,True
3D-MR-MS,patient18,CATMIL,3,3,6,46.453955871973314,False
3D-MR-MS,patient18,CATMIL,3,4,219,5.420306727257013,True
3D-MR-MS,patient18,CATMIL,3,5,68,20.981785777105877,True
3D-MR-MS,patient18,CATMIL,3,6,39,18.92323670317352,True
3D-MR-MS,patient18,CATMIL,3,7,220,30.855465055900844,True
3D-MR-MS,patient18,CATMIL,3,8,54,6.640888849020711,True
3D-MR-MS,patient18,CATMIL,3,9,52,6.186079295653784,True
3D-MR-MS,patient18,CATMIL,3,10,147,13.045526928361024,True
3D-MR-MS,patient18,CATMIL,3,11,59,29.89267520778859,False
3D-MR-MS,patient18,CATMIL,3,12,35,43.01119185705872,False
3D-MR-MS,patient18,CATMIL,3,13,1315,8.394243281534354,True
3D-MR-MS,patient18,CATMIL,3,14,38,5.073772067172156,True
3D-MR-MS,patient18,CATMIL,3,15,663,0.46875,True
3D-MR-MS,patient18,CATMIL,3,16,277,0.6629126073623883,True
3D-MR-MS,patient18,CATMIL,3,17,18,37.23114537532874,False
3D-MR-MS,patient18,CATMIL,3,18,1093,0.46875,False
3D-MR-MS,patient18,CATMIL,3,19,137,5.735446801910696,True
3D-MR-MS,patient18,CATMIL,3,20,17,4.512833258562148,True
3D-MR-MS,patient18,CATMIL,3,21,113,34.06909500581415,True
3D-MR-MS,patient18,CATMIL,4,1,12,37.874206039114036,True
3D-MR-MS,patient18,CATMIL,4,2,82,24.242307003118857,True
3D-MR-MS,patient18,CATMIL,4,3,6,46.453955871973314,True
3D-MR-MS,patient18,CATMIL,4,4,219,5.420306727257013,True
3D-MR-MS,patient18,CATMIL,4,5,68,20.981785777105877,True
3D-MR-MS,patient18,CATMIL,4,6,39,18.92323670317352,True
3D-MR-MS,patient18,CATMIL,4,7,220,30.855465055900844,True
3D-MR-MS,patient18,CATMIL,4,8,54,6.640888849020711,True
3D-MR-MS,patient18,CATMIL,4,9,52,6.186079295653784,True
3D-MR-MS,patient18,CATMIL,4,10,147,13.045526928361024,True
3D-MR-MS,patient18,CATMIL,4,11,59,29.89267520778859,False
3D-MR-MS,patient18,CATMIL,4,12,35,43.01119185705872,False
3D-MR-MS,patient18,CATMIL,4,13,1315,8.394243281534354,True
3D-MR-MS,patient18,CATMIL,4,14,38,5.073772067172156,True
3D-MR-MS,patient18,CATMIL,4,15,663,0.46875,True
3D-MR-MS,patient18,CATMIL,4,16,277,0.6629126073623883,True
3D-MR-MS,patient18,CATMIL,4,17,18,37.23114537532874,False
3D-MR-MS,patient18,CATMIL,4,18,1093,0.46875,True
3D-MR-MS,patient18,CATMIL,4,19,137,5.735446801910696,True
3D-MR-MS,patient18,CATMIL,4,20,17,4.512833258562148,True
3D-MR-MS,patient18,CATMIL,4,21,113,34.06909500581415,True
3D-MR-MS,patient18,DiceCE,0,1,12,37.874206039114036,False
3D-MR-MS,patient18,DiceCE,0,2,82,24.242307003118857,True
3D-MR-MS,patient18,DiceCE,0,3,6,46.453955871973314,False
3D-MR-MS,patient18,DiceCE,0,4,219,5.420306727257013,True
3D-MR-MS,patient18,DiceCE,0,5,68,20.981785777105877,True
3D-MR-MS,patient18,DiceCE,0,6,39,18.92323670317352,True
3D-MR-MS,patient18,DiceCE,0,7,220,30.855465055900844,True
3D-MR-MS,patient18,DiceCE,0,8,54,6.640888849020711,True
3D-MR-MS,patient18,DiceCE,0,9,52,6.186079295653784,True
3D-MR-MS,patient18,DiceCE,0,10,147,13.045526928361024,True
3D-MR-MS,patient18,DiceCE,0,11,59,29.89267520778859,False
3D-MR-MS,patient18,DiceCE,0,12,35,43.01119185705872,False
3D-MR-MS,patient18,DiceCE,0,13,1315,8.394243281534354,True
3D-MR-MS,patient18,DiceCE,0,14,38,5.073772067172156,True
3D-MR-MS,patient18,DiceCE,0,15,663,0.46875,True
3D-MR-MS,patient18,DiceCE,0,16,277,0.6629126073623883,True
3D-MR-MS,patient18,DiceCE,0,17,18,37.23114537532874,False
3D-MR-MS,patient18,DiceCE,0,18,1093,0.46875,True
3D-MR-MS,patient18,DiceCE,0,19,137,5.735446801910696,True
3D-MR-MS,patient18,DiceCE,0,20,17,4.512833258562148,True
3D-MR-MS,patient18,DiceCE,0,21,113,34.06909500581415,True
3D-MR-MS,patient18,DiceCE,1,1,12,37.874206039114036,True
3D-MR-MS,patient18,DiceCE,1,2,82,24.242307003118857,True
3D-MR-MS,patient18,DiceCE,1,3,6,46.453955871973314,False
3D-MR-MS,patient18,DiceCE,1,4,219,5.420306727257013,True
3D-MR-MS,patient18,DiceCE,1,5,68,20.981785777105877,True
3D-MR-MS,patient18,DiceCE,1,6,39,18.92323670317352,True
3D-MR-MS,patient18,DiceCE,1,7,220,30.855465055900844,True
3D-MR-MS,patient18,DiceCE,1,8,54,6.640888849020711,True
3D-MR-MS,patient18,DiceCE,1,9,52,6.186079295653784,True
3D-MR-MS,patient18,DiceCE,1,10,147,13.045526928361024,True
3D-MR-MS,patient18,DiceCE,1,11,59,29.89267520778859,False
3D-MR-MS,patient18,DiceCE,1,12,35,43.01119185705872,False
3D-MR-MS,patient18,DiceCE,1,13,1315,8.394243281534354,True
3D-MR-MS,patient18,DiceCE,1,14,38,5.073772067172156,True
3D-MR-MS,patient18,DiceCE,1,15,663,0.46875,True
3D-MR-MS,patient18,DiceCE,1,16,277,0.6629126073623883,True
3D-MR-MS,patient18,DiceCE,1,17,18,37.23114537532874,False
3D-MR-MS,patient18,DiceCE,1,18,1093,0.46875,True
3D-MR-MS,patient18,DiceCE,1,19,137,5.735446801910696,True
3D-MR-MS,patient18,DiceCE,1,20,17,4.512833258562148,False
3D-MR-MS,patient18,DiceCE,1,21,113,34.06909500581415,True
3D-MR-MS,patient18,DiceCE,2,1,12,37.874206039114036,False
3D-MR-MS,patient18,DiceCE,2,2,82,24.242307003118857,True
3D-MR-MS,patient18,DiceCE,2,3,6,46.453955871973314,False
3D-MR-MS,patient18,DiceCE,2,4,219,5.420306727257013,True
3D-MR-MS,patient18,DiceCE,2,5,68,20.981785777105877,True
3D-MR-MS,patient18,DiceCE,2,6,39,18.92323670317352,True
3D-MR-MS,patient18,DiceCE,2,7,220,30.855465055900844,True
3D-MR-MS,patient18,DiceCE,2,8,54,6.640888849020711,True
3D-MR-MS,patient18,DiceCE,2,9,52,6.186079295653784,True
3D-MR-MS,patient18,DiceCE,2,10,147,13.045526928361024,True
3D-MR-MS,patient18,DiceCE,2,11,59,29.89267520778859,False
3D-MR-MS,patient18,DiceCE,2,12,35,43.01119185705872,False
3D-MR-MS,patient18,DiceCE,2,13,1315,8.394243281534354,True
3D-MR-MS,patient18,DiceCE,2,14,38,5.073772067172156,True
3D-MR-MS,patient18,DiceCE,2,15,663,0.46875,True
3D-MR-MS,patient18,DiceCE,2,16,277,0.6629126073623883,True
3D-MR-MS,patient18,DiceCE,2,17,18,37.23114537532874,False
3D-MR-MS,patient18,DiceCE,2,18,1093,0.46875,True
3D-MR-MS,patient18,DiceCE,2,19,137,5.735446801910696,True
3D-MR-MS,patient18,DiceCE,2,20,17,4.512833258562148,True
3D-MR-MS,patient18,DiceCE,2,21,113,34.06909500581415,True
3D-MR-MS,patient18,DiceCE,3,1,12,37.874206039114036,False
3D-MR-MS,patient18,DiceCE,3,2,82,24.242307003118857,True
3D-MR-MS,patient18,DiceCE,3,3,6,46.453955871973314,False
3D-MR-MS,patient18,DiceCE,3,4,219,5.420306727257013,True
3D-MR-MS,patient18,DiceCE,3,5,68,20.981785777105877,True
3D-MR-MS,patient18,DiceCE,3,6,39,18.92323670317352,True
3D-MR-MS,patient18,DiceCE,3,7,220,30.855465055900844,True
3D-MR-MS,patient18,DiceCE,3,8,54,6.640888849020711,True
3D-MR-MS,patient18,DiceCE,3,9,52,6.186079295653784,False
3D-MR-MS,patient18,DiceCE,3,10,147,13.045526928361024,True
3D-MR-MS,patient18,DiceCE,3,11,59,29.89267520778859,False
3D-MR-MS,patient18,DiceCE,3,12,35,43.01119185705872,False
3D-MR-MS,patient18,DiceCE,3,13,1315,8.394243281534354,True
3D-MR-MS,patient18,DiceCE,3,14,38,5.073772067172156,True
3D-MR-MS,patient18,DiceCE,3,15,663,0.46875,True
3D-MR-MS,patient18,DiceCE,3,16,277,0.6629126073623883,True
3D-MR-MS,patient18,DiceCE,3,17,18,37.23114537532874,False
3D-MR-MS,patient18,DiceCE,3,18,1093,0.46875,True
3D-MR-MS,patient18,DiceCE,3,19,137,5.735446801910696,True
3D-MR-MS,patient18,DiceCE,3,20,17,4.512833258562148,False
3D-MR-MS,patient18,DiceCE,3,21,113,34.06909500581415,True
3D-MR-MS,patient18,DiceCE,4,1,12,37.874206039114036,False
3D-MR-MS,patient18,DiceCE,4,2,82,24.242307003118857,True
3D-MR-MS,patient18,DiceCE,4,3,6,46.453955871973314,False
3D-MR-MS,patient18,DiceCE,4,4,219,5.420306727257013,True
3D-MR-MS,patient18,DiceCE,4,5,68,20.981785777105877,True
3D-MR-MS,patient18,DiceCE,4,6,39,18.92323670317352,True
3D-MR-MS,patient18,DiceCE,4,7,220,30.855465055900844,True
3D-MR-MS,patient18,DiceCE,4,8,54,6.640888849020711,True
3D-MR-MS,patient18,DiceCE,4,9,52,6.186079295653784,True
3D-MR-MS,patient18,DiceCE,4,10,147,13.045526928361024,True
3D-MR-MS,patient18,DiceCE,4,11,59,29.89267520778859,False
3D-MR-MS,patient18,DiceCE,4,12,35,43.01119185705872,False
3D-MR-MS,patient18,DiceCE,4,13,1315,8.394243281534354,True
3D-MR-MS,patient18,DiceCE,4,14,38,5.073772067172156,True
3D-MR-MS,patient18,DiceCE,4,15,663,0.46875,True
3D-MR-MS,patient18,DiceCE,4,16,277,0.6629126073623883,True
3D-MR-MS,patient18,DiceCE,4,17,18,37.23114537532874,False
3D-MR-MS,patient18,DiceCE,4,18,1093,0.46875,True
3D-MR-MS,patient18,DiceCE,4,19,137,5.735446801910696,True
3D-MR-MS,patient18,DiceCE,4,20,17,4.512833258562148,False
3D-MR-MS,patient18,DiceCE,4,21,113,34.06909500581415,True
3D-MR-MS,patient18,Tversky,0,1,12,37.874206039114036,True
3D-MR-MS,patient18,Tversky,0,2,82,24.242307003118857,True
3D-MR-MS,patient18,Tversky,0,3,6,46.453955871973314,False
3D-MR-MS,patient18,Tversky,0,4,219,5.420306727257013,True
3D-MR-MS,patient18,Tversky,0,5,68,20.981785777105877,True
3D-MR-MS,patient18,Tversky,0,6,39,18.92323670317352,True
3D-MR-MS,patient18,Tversky,0,7,220,30.855465055900844,True
3D-MR-MS,patient18,Tversky,0,8,54,6.640888849020711,True
3D-MR-MS,patient18,Tversky,0,9,52,6.186079295653784,True
3D-MR-MS,patient18,Tversky,0,10,147,13.045526928361024,True
3D-MR-MS,patient18,Tversky,0,11,59,29.89267520778859,False
3D-MR-MS,patient18,Tversky,0,12,35,43.01119185705872,False
3D-MR-MS,patient18,Tversky,0,13,1315,8.394243281534354,True
3D-MR-MS,patient18,Tversky,0,14,38,5.073772067172156,True
3D-MR-MS,patient18,Tversky,0,15,663,0.46875,True
3D-MR-MS,patient18,Tversky,0,16,277,0.6629126073623883,True
3D-MR-MS,patient18,Tversky,0,17,18,37.23114537532874,False
3D-MR-MS,patient18,Tversky,0,18,1093,0.46875,True
3D-MR-MS,patient18,Tversky,0,19,137,5.735446801910696,True
3D-MR-MS,patient18,Tversky,0,20,17,4.512833258562148,False
3D-MR-MS,patient18,Tversky,0,21,113,34.06909500581415,True
3D-MR-MS,patient18,Tversky,1,1,12,37.874206039114036,True
3D-MR-MS,patient18,Tversky,1,2,82,24.242307003118857,True
3D-MR-MS,patient18,Tversky,1,3,6,46.453955871973314,False
3D-MR-MS,patient18,Tversky,1,4,219,5.420306727257013,True
3D-MR-MS,patient18,Tversky,1,5,68,20.981785777105877,True
3D-MR-MS,patient18,Tversky,1,6,39,18.92323670317352,True
3D-MR-MS,patient18,Tversky,1,7,220,30.855465055900844,True
3D-MR-MS,patient18,Tversky,1,8,54,6.640888849020711,True
3D-MR-MS,patient18,Tversky,1,9,52,6.186079295653784,True
3D-MR-MS,patient18,Tversky,1,10,147,13.045526928361024,True
3D-MR-MS,patient18,Tversky,1,11,59,29.89267520778859,False
3D-MR-MS,patient18,Tversky,1,12,35,43.01119185705872,False
3D-MR-MS,patient18,Tversky,1,13,1315,8.394243281534354,True
3D-MR-MS,patient18,Tversky,1,14,38,5.073772067172156,True
3D-MR-MS,patient18,Tversky,1,15,663,0.46875,True
3D-MR-MS,patient18,Tversky,1,16,277,0.6629126073623883,True
3D-MR-MS,patient18,Tversky,1,17,18,37.23114537532874,False
3D-MR-MS,patient18,Tversky,1,18,1093,0.46875,True
3D-MR-MS,patient18,Tversky,1,19,137,5.735446801910696,True
3D-MR-MS,patient18,Tversky,1,20,17,4.512833258562148,False
3D-MR-MS,patient18,Tversky,1,21,113,34.06909500581415,True
3D-MR-MS,patient18,Tversky,2,1,12,37.874206039114036,True
3D-MR-MS,patient18,Tversky,2,2,82,24.242307003118857,True
3D-MR-MS,patient18,Tversky,2,3,6,46.453955871973314,False
3D-MR-MS,patient18,Tversky,2,4,219,5.420306727257013,True
3D-MR-MS,patient18,Tversky,2,5,68,20.981785777105877,True
3D-MR-MS,patient18,Tversky,2,6,39,18.92323670317352,True
3D-MR-MS,patient18,Tversky,2,7,220,30.855465055900844,True
3D-MR-MS,patient18,Tversky,2,8,54,6.640888849020711,True
3D-MR-MS,patient18,Tversky,2,9,52,6.186079295653784,True
3D-MR-MS,patient18,Tversky,2,10,147,13.045526928361024,True
3D-MR-MS,patient18,Tversky,2,11,59,29.89267520778859,False
3D-MR-MS,patient18,Tversky,2,12,35,43.01119185705872,False
3D-MR-MS,patient18,Tversky,2,13,1315,8.394243281534354,True
3D-MR-MS,patient18,Tversky,2,14,38,5.073772067172156,True
3D-MR-MS,patient18,Tversky,2,15,663,0.46875,True
3D-MR-MS,patient18,Tversky,2,16,277,0.6629126073623883,True
3D-MR-MS,patient18,Tversky,2,17,18,37.23114537532874,False
3D-MR-MS,patient18,Tversky,2,18,1093,0.46875,True
3D-MR-MS,patient18,Tversky,2,19,137,5.735446801910696,True
3D-MR-MS,patient18,Tversky,2,20,17,4.512833258562148,True
3D-MR-MS,patient18,Tversky,2,21,113,34.06909500581415,True
3D-MR-MS,patient18,Tversky,3,1,12,37.874206039114036,True
3D-MR-MS,patient18,Tversky,3,2,82,24.242307003118857,True
3D-MR-MS,patient18,Tversky,3,3,6,46.453955871973314,False
3D-MR-MS,patient18,Tversky,3,4,219,5.420306727257013,True
3D-MR-MS,patient18,Tversky,3,5,68,20.981785777105877,True
3D-MR-MS,patient18,Tversky,3,6,39,18.92323670317352,True
3D-MR-MS,patient18,Tversky,3,7,220,30.855465055900844,True
3D-MR-MS,patient18,Tversky,3,8,54,6.640888849020711,True
3D-MR-MS,patient18,Tversky,3,9,52,6.186079295653784,True
3D-MR-MS,patient18,Tversky,3,10,147,13.045526928361024,True
3D-MR-MS,patient18,Tversky,3,11,59,29.89267520778859,False
3D-MR-MS,patient18,Tversky,3,12,35,43.01119185705872,False
3D-MR-MS,patient18,Tversky,3,13,1315,8.394243281534354,True
3D-MR-MS,patient18,Tversky,3,14,38,5.073772067172156,True
3D-MR-MS,patient18,Tversky,3,15,663,0.46875,True
3D-MR-MS,patient18,Tversky,3,16,277,0.6629126073623883,True
3D-MR-MS,patient18,Tversky,3,17,18,37.23114537532874,False
3D-MR-MS,patient18,Tversky,3,18,1093,0.46875,True
3D-MR-MS,patient18,Tversky,3,19,137,5.735446801910696,True
3D-MR-MS,patient18,Tversky,3,20,17,4.512833258562148,False
3D-MR-MS,patient18,Tversky,3,21,113,34.06909500581415,True
3D-MR-MS,patient18,Tversky,4,1,12,37.874206039114036,True
3D-MR-MS,patient18,Tversky,4,2,82,24.242307003118857,True
3D-MR-MS,patient18,Tversky,4,3,6,46.453955871973314,False
3D-MR-MS,patient18,Tversky,4,4,219,5.420306727257013,True
3D-MR-MS,patient18,Tversky,4,5,68,20.981785777105877,True
3D-MR-MS,patient18,Tversky,4,6,39,18.92323670317352,True
3D-MR-MS,patient18,Tversky,4,7,220,30.855465055900844,True
3D-MR-MS,patient18,Tversky,4,8,54,6.640888849020711,True
3D-MR-MS,patient18,Tversky,4,9,52,6.186079295653784,True
3D-MR-MS,patient18,Tversky,4,10,147,13.045526928361024,True
3D-MR-MS,patient18,Tversky,4,11,59,29.89267520778859,False
3D-MR-MS,patient18,Tversky,4,12,35,43.01119185705872,False
3D-MR-MS,patient18,Tversky,4,13,1315,8.394243281534354,True
3D-MR-MS,patient18,Tversky,4,14,38,5.073772067172156,True
3D-MR-MS,patient18,Tversky,4,15,663,0.46875,True
3D-MR-MS,patient18,Tversky,4,16,277,0.6629126073623883,True
3D-MR-MS,patient18,Tversky,4,17,18,37.23114537532874,False
3D-MR-MS,patient18,Tversky,4,18,1093,0.46875,True
3D-MR-MS,patient18,Tversky,4,19,137,5.735446801910696,True
3D-MR-MS,patient18,Tversky,4,20,17,4.512833258562148,False
3D-MR-MS,patient18,Tversky,4,21,113,34.06909500581415,True
3D-MR-MS,patient18,FocalTversky,0,1,12,37.874206039114036,True
3D-MR-MS,patient18,FocalTversky,0,2,82,24.242307003118857,True
3D-MR-MS,patient18,FocalTversky,0,3,6,46.453955871973314,False
3D-MR-MS,patient18,FocalTversky,0,4,219,5.420306727257013,True
3D-MR-MS,patient18,FocalTversky,0,5,68,20.981785777105877,True
3D-MR-MS,patient18,FocalTversky,0,6,39,18.92323670317352,True
3D-MR-MS,patient18,FocalTversky,0,7,220,30.855465055900844,True
3D-MR-MS,patient18,FocalTversky,0,8,54,6.640888849020711,True
3D-MR-MS,patient18,FocalTversky,0,9,52,6.186079295653784,True
3D-MR-MS,patient18,FocalTversky,0,10,147,13.045526928361024,True
3D-MR-MS,patient18,FocalTversky,0,11,59,29.89267520778859,False
3D-MR-MS,patient18,FocalTversky,0,12,35,43.01119185705872,False
3D-MR-MS,patient18,FocalTversky,0,13,1315,8.394243281534354,True
3D-MR-MS,patient18,FocalTversky,0,14,38,5.073772067172156,True
3D-MR-MS,patient18,FocalTversky,0,15,663,0.46875,True
3D-MR-MS,patient18,FocalTversky,0,16,277,0.6629126073623883,True
3D-MR-MS,patient18,FocalTversky,0,17,18,37.23114537532874,False
3D-MR-MS,patient18,FocalTversky,0,18,1093,0.46875,True
3D-MR-MS,patient18,FocalTversky,0,19,137,5.735446801910696,True
3D-MR-MS,patient18,FocalTversky,0,20,17,4.512833258562148,False
3D-MR-MS,patient18,FocalTversky,0,21,113,34.06909500581415,True
3D-MR-MS,patient18,FocalTversky,1,1,12,37.874206039114036,True
3D-MR-MS,patient18,FocalTversky,1,2,82,24.242307003118857,True
3D-MR-MS,patient18,FocalTversky,1,3,6,46.453955871973314,False
3D-MR-MS,patient18,FocalTversky,1,4,219,5.420306727257013,True
3D-MR-MS,patient18,FocalTversky,1,5,68,20.981785777105877,True
3D-MR-MS,patient18,FocalTversky,1,6,39,18.92323670317352,True
3D-MR-MS,patient18,FocalTversky,1,7,220,30.855465055900844,True
3D-MR-MS,patient18,FocalTversky,1,8,54,6.640888849020711,True
3D-MR-MS,patient18,FocalTversky,1,9,52,6.186079295653784,True
3D-MR-MS,patient18,FocalTversky,1,10,147,13.045526928361024,True
3D-MR-MS,patient18,FocalTversky,1,11,59,29.89267520778859,False
3D-MR-MS,patient18,FocalTversky,1,12,35,43.01119185705872,False
3D-MR-MS,patient18,FocalTversky,1,13,1315,8.394243281534354,True
3D-MR-MS,patient18,FocalTversky,1,14,38,5.073772067172156,True
3D-MR-MS,patient18,FocalTversky,1,15,663,0.46875,True
3D-MR-MS,patient18,FocalTversky,1,16,277,0.6629126073623883,True
3D-MR-MS,patient18,FocalTversky,1,17,18,37.23114537532874,False
3D-MR-MS,patient18,FocalTversky,1,18,1093,0.46875,True
3D-MR-MS,patient18,FocalTversky,1,19,137,5.735446801910696,True
3D-MR-MS,patient18,FocalTversky,1,20,17,4.512833258562148,False
3D-MR-MS,patient18,FocalTversky,1,21,113,34.06909500581415,True
3D-MR-MS,patient18,FocalTversky,2,1,12,37.874206039114036,False
3D-MR-MS,patient18,FocalTversky,2,2,82,24.242307003118857,True
3D-MR-MS,patient18,FocalTversky,2,3,6,46.453955871973314,False
3D-MR-MS,patient18,FocalTversky,2,4,219,5.420306727257013,True
3D-MR-MS,patient18,FocalTversky,2,5,68,20.981785777105877,True
3D-MR-MS,patient18,FocalTversky,2,6,39,18.92323670317352,True
3D-MR-MS,patient18,FocalTversky,2,7,220,30.855465055900844,True
3D-MR-MS,patient18,FocalTversky,2,8,54,6.640888849020711,True
3D-MR-MS,patient18,FocalTversky,2,9,52,6.186079295653784,True
3D-MR-MS,patient18,FocalTversky,2,10,147,13.045526928361024,True
3D-MR-MS,patient18,FocalTversky,2,11,59,29.89267520778859,False
3D-MR-MS,patient18,FocalTversky,2,12,35,43.01119185705872,False
3D-MR-MS,patient18,FocalTversky,2,13,1315,8.394243281534354,True
3D-MR-MS,patient18,FocalTversky,2,14,38,5.073772067172156,True
3D-MR-MS,patient18,FocalTversky,2,15,663,0.46875,True
3D-MR-MS,patient18,FocalTversky,2,16,277,0.6629126073623883,True
3D-MR-MS,patient18,FocalTversky,2,17,18,37.23114537532874,False
3D-MR-MS,patient18,FocalTversky,2,18,1093,0.46875,True
3D-MR-MS,patient18,FocalTversky,2,19,137,5.735446801910696,True
3D-MR-MS,patient18,FocalTversky,2,20,17,4.512833258562148,True
3D-MR-MS,patient18,FocalTversky,2,21,113,34.06909500581415,True
3D-MR-MS,patient18,FocalTversky,3,1,12,37.874206039114036,True
3D-MR-MS,patient18,FocalTversky,3,2,82,24.242307003118857,True
3D-MR-MS,patient18,FocalTversky,3,3,6,46.453955871973314,False
3D-MR-MS,patient18,FocalTversky,3,4,219,5.420306727257013,True
3D-MR-MS,patient18,FocalTversky,3,5,68,20.981785777105877,True
3D-MR-MS,patient18,FocalTversky,3,6,39,18.92323670317352,True
3D-MR-MS,patient18,FocalTversky,3,7,220,30.855465055900844,True
3D-MR-MS,patient18,FocalTversky,3,8,54,6.640888849020711,True
3D-MR-MS,patient18,FocalTversky,3,9,52,6.186079295653784,True
3D-MR-MS,patient18,FocalTversky,3,10,147,13.045526928361024,True
3D-MR-MS,patient18,FocalTversky,3,11,59,29.89267520778859,False
3D-MR-MS,patient18,FocalTversky,3,12,35,43.01119185705872,False
3D-MR-MS,patient18,FocalTversky,3,13,1315,8.394243281534354,True
3D-MR-MS,patient18,FocalTversky,3,14,38,5.073772067172156,True
3D-MR-MS,patient18,FocalTversky,3,15,663,0.46875,True
3D-MR-MS,patient18,FocalTversky,3,16,277,0.6629126073623883,True
3D-MR-MS,patient18,FocalTversky,3,17,18,37.23114537532874,False
3D-MR-MS,patient18,FocalTversky,3,18,1093,0.46875,True
3D-MR-MS,patient18,FocalTversky,3,19,137,5.735446801910696,True
3D-MR-MS,patient18,FocalTversky,3,20,17,4.512833258562148,False
3D-MR-MS,patient18,FocalTversky,3,21,113,34.06909500581415,True
3D-MR-MS,patient18,FocalTversky,4,1,12,37.874206039114036,True
3D-MR-MS,patient18,FocalTversky,4,2,82,24.242307003118857,True
3D-MR-MS,patient18,FocalTversky,4,3,6,46.453955871973314,False
3D-MR-MS,patient18,FocalTversky,4,4,219,5.420306727257013,True
3D-MR-MS,patient18,FocalTversky,4,5,68,20.981785777105877,True
3D-MR-MS,patient18,FocalTversky,4,6,39,18.92323670317352,True
3D-MR-MS,patient18,FocalTversky,4,7,220,30.855465055900844,True
3D-MR-MS,patient18,FocalTversky,4,8,54,6.640888849020711,True
3D-MR-MS,patient18,FocalTversky,4,9,52,6.186079295653784,True
3D-MR-MS,patient18,FocalTversky,4,10,147,13.045526928361024,True
3D-MR-MS,patient18,FocalTversky,4,11,59,29.89267520778859,False
3D-MR-MS,patient18,FocalTversky,4,12,35,43.01119185705872,False
3D-MR-MS,patient18,FocalTversky,4,13,1315,8.394243281534354,True
3D-MR-MS,patient18,FocalTversky,4,14,38,5.073772067172156,True
3D-MR-MS,patient18,FocalTversky,4,15,663,0.46875,True
3D-MR-MS,patient18,FocalTversky,4,16,277,0.6629126073623883,True
3D-MR-MS,patient18,FocalTversky,4,17,18,37.23114537532874,False
3D-MR-MS,patient18,FocalTversky,4,18,1093,0.46875,True
3D-MR-MS,patient18,FocalTversky,4,19,137,5.735446801910696,True
3D-MR-MS,patient18,FocalTversky,4,20,17,4.512833258562148,False
3D-MR-MS,patient18,FocalTversky,4,21,113,34.06909500581415,True
3D-MR-MS,patient21,CATMIL,0,1,332,20.196786085190116,True
3D-MR-MS,patient21,CATMIL,0,2,55,28.315536213950228,True
3D-MR-MS,patient21,CATMIL,0,3,18,22.041185109214904,False
3D-MR-MS,patient21,CATMIL,0,4,239,32.668526140215604,True
3D-MR-MS,patient21,CATMIL,0,5,113,29.232549862347287,True
3D-MR-MS,patient21,CATMIL,0,6,169550,0.0,True
3D-MR-MS,patient21,CATMIL,0,7,185,24.69111477542685,True
3D-MR-MS,patient21,CATMIL,0,8,507,10.137609863626674,True
3D-MR-MS,patient21,CATMIL,0,9,130,21.61056717172016,True
3D-MR-MS,patient21,CATMIL,0,10,229,27.35010648249901,True
3D-MR-MS,patient21,CATMIL,0,11,11,19.369580064769824,True
3D-MR-MS,patient21,CATMIL,0,12,88,24.472007591912302,True
3D-MR-MS,patient21,CATMIL,0,13,1,18.799672927953523,False
3D-MR-MS,patient21,CATMIL,0,14,1,30.05397568615619,False
3D-MR-MS,patient21,CATMIL,0,15,45,20.08769864670737,True
3D-MR-MS,patient21,CATMIL,0,16,437,10.317084341473711,True
3D-MR-MS,patient21,CATMIL,0,17,1,24.80442994491348,False
3D-MR-MS,patient21,CATMIL,0,18,838,12.200456348858097,True
3D-MR-MS,patient21,CATMIL,0,19,2,24.009153885365013,False
3D-MR-MS,patient21,CATMIL,0,20,55,19.43376798808904,True
3D-MR-MS,patient21,CATMIL,0,21,2,29.052821264313348,True
3D-MR-MS,patient21,CATMIL,0,22,1,21.686294415299994,False
3D-MR-MS,patient21,CATMIL,0,23,10,26.958486881752346,True
3D-MR-MS,patient21,CATMIL,0,24,41,24.881064983907525,True
3D-MR-MS,patient21,CATMIL,0,25,23,18.63883734650299,True
3D-MR-MS,patient21,CATMIL,0,26,101,6.400000095367432,True
3D-MR-MS,patient21,CATMIL,0,27,1,28.815709101437655,False
3D-MR-MS,patient21,CATMIL,0,28,1,22.43920291484556,False
3D-MR-MS,patient21,CATMIL,0,29,124,26.210855579231147,True
3D-MR-MS,patient21,CATMIL,0,30,78,21.759158579199187,True
3D-MR-MS,patient21,CATMIL,0,31,1,36.69528508159936,False
3D-MR-MS,patient21,CATMIL,0,32,72,15.594471602934727,True
3D-MR-MS,patient21,CATMIL,0,33,14,21.94755474929768,True
3D-MR-MS,patient21,CATMIL,0,34,124,13.338009779678996,True
3D-MR-MS,patient21,CATMIL,0,35,147,23.947962135469783,True
3D-MR-MS,patient21,CATMIL,0,36,129,32.961121259720954,True
3D-MR-MS,patient21,CATMIL,0,37,685,5.754807853838461,True
3D-MR-MS,patient21,CATMIL,0,38,988,27.314909081263217,True
3D-MR-MS,patient21,CATMIL,0,39,444,4.844657222326174,True
3D-MR-MS,patient21,CATMIL,0,40,2,31.290292149987565,False
3D-MR-MS,patient21,CATMIL,0,41,116,9.04624416859792,True
3D-MR-MS,patient21,CATMIL,0,42,230,8.92397153362178,True
3D-MR-MS,patient21,CATMIL,0,43,164,25.226725852156253,True
3D-MR-MS,patient21,CATMIL,0,44,7,26.452479047645294,False
3D-MR-MS,patient21,CATMIL,0,45,28,30.455903740004036,False
3D-MR-MS,patient21,CATMIL,0,46,83,9.391837087087481,True
3D-MR-MS,patient21,CATMIL,0,47,398,9.758988363062631,True
3D-MR-MS,patient21,CATMIL,0,48,1,26.80187805520201,True
3D-MR-MS,patient21,CATMIL,0,49,21,32.68384659432384,True
3D-MR-MS,patient21,CATMIL,0,50,16,12.892162514841413,True
3D-MR-MS,patient21,CATMIL,0,51,408,5.4585404979422645,True
3D-MR-MS,patient21,CATMIL,0,52,29,8.849492462605024,True
3D-MR-MS,patient21,CATMIL,0,53,80,34.6875,True
3D-MR-MS,patient21,CATMIL,0,54,344,6.882862004113971,True
3D-MR-MS,patient21,CATMIL,0,55,35,17.362190647541386,True
3D-MR-MS,patient21,CATMIL,0,56,16,7.5718667188119735,True
3D-MR-MS,patient21,CATMIL,0,57,116,10.584387488142406,True
3D-MR-MS,patient21,CATMIL,0,58,13,17.400666743691175,True
3D-MR-MS,patient21,CATMIL,0,59,273,17.32428980275822,True
3D-MR-MS,patient21,CATMIL,0,60,24,3.9954124178605075,True
3D-MR-MS,patient21,CATMIL,0,61,61,9.511385085627689,True
3D-MR-MS,patient21,CATMIL,0,62,71,14.038492061380824,True
3D-MR-MS,patient21,CATMIL,0,63,170,31.236493336003253,True
3D-MR-MS,patient21,CATMIL,0,64,71,28.92503850467793,True
3D-MR-MS,patient21,CATMIL,0,65,95,26.636026179670147,True
3D-MR-MS,patient21,CATMIL,0,66,294,5.675619486468044,True
3D-MR-MS,patient21,CATMIL,0,67,593,9.219226708452133,True
3D-MR-MS,patient21,CATMIL,0,68,188,22.322162669577985,True
3D-MR-MS,patient21,CATMIL,0,69,1,5.361356274473574,False
3D-MR-MS,patient21,CATMIL,0,70,254,0.9272144204947885,True
3D-MR-MS,patient21,CATMIL,0,71,102,30.933442926897833,True
3D-MR-MS,patient21,CATMIL,0,72,60,11.585028748425149,True
3D-MR-MS,patient21,CATMIL,0,73,160,5.483725985736843,True
3D-MR-MS,patient21,CATMIL,0,74,52,11.95082698498309,True
3D-MR-MS,patient21,CATMIL,0,75,15,37.42055856269483,False
3D-MR-MS,patient21,CATMIL,0,76,637,5.363301223973299,True
3D-MR-MS,patient21,CATMIL,0,77,69,10.458670543589044,True
3D-MR-MS,patient21,CATMIL,0,78,136,7.96875,True
3D-MR-MS,patient21,CATMIL,0,79,3,2.7697021534947557,False
3D-MR-MS,patient21,CATMIL,0,80,1,4.301643964423529,False
3D-MR-MS,patient21,CATMIL,0,81,1,4.5498798249691585,False
3D-MR-MS,patient21,CATMIL,0,82,645,24.08321835482737,True
3D-MR-MS,patient21,CATMIL,0,83,165,7.842465035406501,True
3D-MR-MS,patient21,CATMIL,0,84,1,0.46875,False
3D-MR-MS,patient21,CATMIL,0,85,1,0.800000011920929,False
3D-MR-MS,patient21,CATMIL,0,86,8,15.210919443363705,True
3D-MR-MS,patient21,CATMIL,0,87,252,26.396970266190806,True
3D-MR-MS,patient21,CATMIL,0,88,14,37.80029968491088,False
3D-MR-MS,patient21,CATMIL,0,89,6,14.9486425491581,True
3D-MR-MS,patient21,CATMIL,0,90,5,15.551277331421813,True
3D-MR-MS,patient21,CATMIL,0,91,28,32.35696535312611,True
3D-MR-MS,patient21,CATMIL,0,92,26,12.897015461435254,True
3D-MR-MS,patient21,CATMIL,0,93,42,20.625,True
3D-MR-MS,patient21,CATMIL,0,94,1,4.780330793993236,False
3D-MR-MS,patient21,CATMIL,0,95,5,16.513045269195505,False
3D-MR-MS,patient21,CATMIL,0,96,149,29.49908970382026,True
3D-MR-MS,patient21,CATMIL,0,97,253,22.662305319991926,True
3D-MR-MS,patient21,CATMIL,0,98,248,29.125631134660576,True
3D-MR-MS,patient21,CATMIL,0,99,3,0.46875,False
3D-MR-MS,patient21,CATMIL,0,100,479,16.40625,True
3D-MR-MS,patient21,CATMIL,0,101,69,36.81933093515195,True
3D-MR-MS,patient21,CATMIL,0,102,122,22.098981883905324,True
3D-MR-MS,patient21,CATMIL,0,103,291,10.532360879054872,True
3D-MR-MS,patient21,CATMIL,0,104,41,13.825007088574873,True
3D-MR-MS,patient21,CATMIL,0,105,403,16.472128469376553,True
3D-MR-MS,patient21,CATMIL,0,106,1,30.4587041159282,False
3D-MR-MS,patient21,CATMIL,0,107,33,15.147331144352176,True
3D-MR-MS,patient21,CATMIL,0,108,27,29.56387162589226,True
3D-MR-MS,patient21,CATMIL,0,109,42,30.077796296144246,True
3D-MR-MS,patient21,CATMIL,0,110,9,16.017612379074915,True
3D-MR-MS,patient21,CATMIL,0,111,127,12.921803582765584,True
3D-MR-MS,patient21,CATMIL,0,112,138,20.21396195993442,True
3D-MR-MS,patient21,CATMIL,0,113,310,25.998577187928216,True
3D-MR-MS,patient21,CATMIL,0,114,238,22.45896345265462,True
3D-MR-MS,patient21,CATMIL,0,115,151,21.23087469425608,True
3D-MR-MS,patient21,CATMIL,0,116,135,28.7096054567833,True
3D-MR-MS,patient21,CATMIL,0,117,40,37.126315315142634,False
3D-MR-MS,patient21,CATMIL,0,118,63,30.914429033606744,True
3D-MR-MS,patient21,CATMIL,0,119,114,29.92539820967822,True
3D-MR-MS,patient21,CATMIL,0,120,5,36.29636379661973,False
3D-MR-MS,patient21,CATMIL,0,121,29,7.71265200398675,True
3D-MR-MS,patient21,CATMIL,0,122,55,31.36695373736885,True
3D-MR-MS,patient21,CATMIL,0,123,163,18.583574972192537,True
3D-MR-MS,patient21,CATMIL,0,124,6,26.82076578416704,False
3D-MR-MS,patient21,CATMIL,0,125,26,21.601463098776726,False
3D-MR-MS,patient21,CATMIL,0,126,51,28.597916496519368,True
3D-MR-MS,patient21,CATMIL,0,127,13,17.65052342705863,False
3D-MR-MS,patient21,CATMIL,0,128,114,35.41929325961387,True
3D-MR-MS,patient21,CATMIL,0,129,61,1.232439154308839,True
3D-MR-MS,patient21,CATMIL,0,130,103,3.4735833470745288,True
3D-MR-MS,patient21,CATMIL,0,131,855,12.249655608182357,True
3D-MR-MS,patient21,CATMIL,0,132,90,0.46875,True
3D-MR-MS,patient21,CATMIL,0,133,142,29.156166272794458,True
3D-MR-MS,patient21,CATMIL,0,134,243,33.19768920692839,True
3D-MR-MS,patient21,CATMIL,0,135,531,15.116733278059781,True
3D-MR-MS,patient21,CATMIL,0,136,269,25.48402848860071,True
3D-MR-MS,patient21,CATMIL,0,137,11,28.30340983502407,False
3D-MR-MS,patient21,CATMIL,0,138,151,19.136275279039435,True
3D-MR-MS,patient21,CATMIL,0,139,228,22.953312108761942,True
3D-MR-MS,patient21,CATMIL,0,140,43,20.127441775591095,True
3D-MR-MS,patient21,CATMIL,0,141,95,4.518339367961805,True
3D-MR-MS,patient21,CATMIL,0,142,28,32.81871906396021,True
3D-MR-MS,patient21,CATMIL,0,143,150,9.330532047887804,False
3D-MR-MS,patient21,CATMIL,0,144,2,31.95339693717614,False
3D-MR-MS,patient21,CATMIL,0,145,81,33.291970739555495,True
3D-MR-MS,patient21,CATMIL,0,146,103,36.69363032162135,True
3D-MR-MS,patient21,CATMIL,0,147,7,10.481568644530265,False
3D-MR-MS,patient21,CATMIL,0,148,131,30.129470668210917,True
3D-MR-MS,patient21,CATMIL,0,149,1,32.767784487134804,False
3D-MR-MS,patient21,CATMIL,0,150,930,23.869132982943732,True
3D-MR-MS,patient21,CATMIL,0,151,23,30.33634700493839,False
3D-MR-MS,patient21,CATMIL,0,152,183,29.900959563406992,True
3D-MR-MS,patient21,CATMIL,0,153,77,16.162787604372998,True
3D-MR-MS,patient21,CATMIL,0,154,146,17.254283888909253,True
3D-MR-MS,patient21,CATMIL,0,155,18,4.826076628587656,True
3D-MR-MS,patient21,CATMIL,0,156,59,37.03125,True
3D-MR-MS,patient21,CATMIL,0,157,163,27.607972706025436,True
3D-MR-MS,patient21,CATMIL,0,158,69,24.553386528075936,False
3D-MR-MS,patient21,CATMIL,0,159,136,20.6346805049009,True
3D-MR-MS,patient21,CATMIL,0,160,12,3.9120507028020413,True
3D-MR-MS,patient21,CATMIL,0,161,1,0.9272144204947885,False
3D-MR-MS,patient21,CATMIL,0,162,1,3.57648572926852,False
3D-MR-MS,patient21,CATMIL,0,163,5,0.9272144204947885,False
3D-MR-MS,patient21,CATMIL,0,164,128,7.081296900756342,True
3D-MR-MS,patient21,CATMIL,0,165,106,26.109053170705046,True
3D-MR-MS,patient21,CATMIL,0,166,40,16.04203585066937,True
3D-MR-MS,patient21,CATMIL,0,167,7,14.373241746268006,True
3D-MR-MS,patient21,CATMIL,0,168,48,10.175378149442967,True
3D-MR-MS,patient21,CATMIL,0,169,60,9.586073892457817,True
3D-MR-MS,patient21,CATMIL,0,170,125,8.802063873329697,True
3D-MR-MS,patient21,CATMIL,0,171,65,8.904493286349624,True
3D-MR-MS,patient21,CATMIL,0,172,101,2.327325802029863,True
3D-MR-MS,patient21,CATMIL,0,173,369,0.800000011920929,True
3D-MR-MS,patient21,CATMIL,0,174,422,24.676089930014466,True
3D-MR-MS,patient21,CATMIL,0,175,43,18.224692435475443,True
3D-MR-MS,patient21,CATMIL,0,176,156,3.495359690743684,True
3D-MR-MS,patient21,CATMIL,0,177,63,24.84375,True
3D-MR-MS,patient21,CATMIL,0,178,12,5.663927800122456,True
3D-MR-MS,patient21,CATMIL,0,179,21,15.713426066491701,True
3D-MR-MS,patient21,CATMIL,0,180,174,25.364151776307708,True
3D-MR-MS,patient21,CATMIL,0,181,161,8.331531316725245,True
3D-MR-MS,patient21,CATMIL,0,182,1,24.018294670321453,True
3D-MR-MS,patient21,CATMIL,0,183,565,5.174490530394805,True
3D-MR-MS,patient21,CATMIL,0,184,4,12.067220617631918,False
3D-MR-MS,patient21,CATMIL,0,185,83,10.529708729598164,True
3D-MR-MS,patient21,CATMIL,0,186,13,11.20316815611376,True
3D-MR-MS,patient21,CATMIL,0,187,8,21.021827388078357,False
3D-MR-MS,patient21,CATMIL,0,188,85,11.538580054320047,True
3D-MR-MS,patient21,CATMIL,0,189,15,6.8317561318963325,True
3D-MR-MS,patient21,CATMIL,0,190,164,11.60503837164929,True
3D-MR-MS,patient21,CATMIL,0,191,142,6.990719381487368,True
3D-MR-MS,patient21,CATMIL,0,192,497,0.800000011920929,True
3D-MR-MS,patient21,CATMIL,0,193,29,13.364823816424723,True
3D-MR-MS,patient21,CATMIL,0,194,213,26.382434544543095,True
3D-MR-MS,patient21,CATMIL,0,195,96,15.9375,True
3D-MR-MS,patient21,CATMIL,0,196,10,13.498625579382097,True
3D-MR-MS,patient21,CATMIL,0,197,69,7.912433450428029,True
3D-MR-MS,patient21,CATMIL,0,198,265,26.722861525761047,True
3D-MR-MS,patient21,CATMIL,0,199,47,34.41039315289271,True
3D-MR-MS,patient21,CATMIL,0,200,53,8.00000011920929,True
3D-MR-MS,patient21,CATMIL,0,201,1046,10.846579368472904,True
3D-MR-MS,patient21,CATMIL,0,202,26,9.964799374878226,True
3D-MR-MS,patient21,CATMIL,0,203,18,13.162096472746729,True
3D-MR-MS,patient21,CATMIL,0,204,218,11.19555237283502,True
3D-MR-MS,patient21,CATMIL,0,205,14,9.859786657574892,True
3D-MR-MS,patient21,CATMIL,0,206,326,7.440136191290613,True
3D-MR-MS,patient21,CATMIL,0,207,20,18.664481076911617,True
3D-MR-MS,patient21,CATMIL,0,208,144,12.476416925907937,True
3D-MR-MS,patient21,CATMIL,0,209,28,11.609778459194734,True
3D-MR-MS,patient21,CATMIL,0,210,1,9.611437421586952,True
3D-MR-MS,patient21,CATMIL,0,211,52,2.181115701033291,True
3D-MR-MS,patient21,CATMIL,0,212,44,16.458517945940248,True
3D-MR-MS,patient21,CATMIL,0,213,228,17.12115056565693,True
3D-MR-MS,patient21,CATMIL,0,214,24,19.377534204934417,False
3D-MR-MS,patient21,CATMIL,0,215,4,10.242354349483904,False
3D-MR-MS,patient21,CATMIL,0,216,150,12.802969016013433,True
3D-MR-MS,patient21,CATMIL,0,217,5,1.40625,False
3D-MR-MS,patient21,CATMIL,0,218,304,22.9817490071972,True
3D-MR-MS,patient21,CATMIL,0,219,100,27.192636044200434,True
3D-MR-MS,patient21,CATMIL,0,220,90,11.848266117386263,True
3D-MR-MS,patient21,CATMIL,0,221,12,30.1521558911268,True
3D-MR-MS,patient21,CATMIL,0,222,258,12.970525669101177,True
3D-MR-MS,patient21,CATMIL,0,223,275,18.104628893091608,True
3D-MR-MS,patient21,CATMIL,0,224,251,6.685458307640781,True
3D-MR-MS,patient21,CATMIL,0,225,12,4.800000071525574,True
3D-MR-MS,patient21,CATMIL,0,226,12,11.165999014713464,False
3D-MR-MS,patient21,CATMIL,0,227,1,21.306184300718343,False
3D-MR-MS,patient21,CATMIL,0,228,16,16.869038524895085,True
3D-MR-MS,patient21,CATMIL,0,229,382,18.929331196428137,True
3D-MR-MS,patient21,CATMIL,0,230,92,17.51252469340836,True
3D-MR-MS,patient21,CATMIL,0,231,258,21.438095951082328,True
3D-MR-MS,patient21,CATMIL,0,232,221,23.61769845059637,True
3D-MR-MS,patient21,CATMIL,0,233,151,25.3417895637634,True
3D-MR-MS,patient21,CATMIL,0,234,201,37.53497147023062,True
3D-MR-MS,patient21,CATMIL,0,235,78,25.375746148700774,True
3D-MR-MS,patient21,CATMIL,0,236,59,21.683182419943975,True
3D-MR-MS,patient21,CATMIL,0,237,159,27.304204641108424,True
3D-MR-MS,patient21,CATMIL,0,238,20,27.66862326972776,True
3D-MR-MS,patient21,CATMIL,0,239,35,15.929043272423412,True
3D-MR-MS,patient21,CATMIL,0,240,23,38.279166350539946,True
3D-MR-MS,patient21,CATMIL,0,241,159,29.961529153843315,True
3D-MR-MS,patient21,CATMIL,0,242,562,31.42707438029532,True
3D-MR-MS,patient21,CATMIL,0,243,140,35.972048716738314,True
3D-MR-MS,patient21,CATMIL,0,244,269,18.611828622180237,True
3D-MR-MS,patient21,CATMIL,0,245,1,21.515329960148588,False
3D-MR-MS,patient21,CATMIL,0,246,29,16.826137841507407,False
3D-MR-MS,patient21,CATMIL,0,247,59,32.62403592493943,True
3D-MR-MS,patient21,CATMIL,0,248,38,31.066851850873192,True
3D-MR-MS,patient21,CATMIL,0,249,1,41.70341809966938,False
3D-MR-MS,patient21,CATMIL,1,1,332,20.196786085190116,True
3D-MR-MS,patient21,CATMIL,1,2,55,28.315536213950228,True
3D-MR-MS,patient21,CATMIL,1,3,18,22.041185109214904,False
3D-MR-MS,patient21,CATMIL,1,4,239,32.668526140215604,True
3D-MR-MS,patient21,CATMIL,1,5,113,29.232549862347287,True
3D-MR-MS,patient21,CATMIL,1,6,169550,0.0,True
3D-MR-MS,patient21,CATMIL,1,7,185,24.69111477542685,True
3D-MR-MS,patient21,CATMIL,1,8,507,10.137609863626674,True
3D-MR-MS,patient21,CATMIL,1,9,130,21.61056717172016,True
3D-MR-MS,patient21,CATMIL,1,10,229,27.35010648249901,True
3D-MR-MS,patient21,CATMIL,1,11,11,19.369580064769824,False
3D-MR-MS,patient21,CATMIL,1,12,88,24.472007591912302,True
3D-MR-MS,patient21,CATMIL,1,13,1,18.799672927953523,False
3D-MR-MS,patient21,CATMIL,1,14,1,30.05397568615619,False
3D-MR-MS,patient21,CATMIL,1,15,45,20.08769864670737,True
3D-MR-MS,patient21,CATMIL,1,16,437,10.317084341473711,True
3D-MR-MS,patient21,CATMIL,1,17,1,24.80442994491348,False
3D-MR-MS,patient21,CATMIL,1,18,838,12.200456348858097,True
3D-MR-MS,patient21,CATMIL,1,19,2,24.009153885365013,False
3D-MR-MS,patient21,CATMIL,1,20,55,19.43376798808904,True
3D-MR-MS,patient21,CATMIL,1,21,2,29.052821264313348,True
3D-MR-MS,patient21,CATMIL,1,22,1,21.686294415299994,True
3D-MR-MS,patient21,CATMIL,1,23,10,26.958486881752346,True
3D-MR-MS,patient21,CATMIL,1,24,41,24.881064983907525,True
3D-MR-MS,patient21,CATMIL,1,25,23,18.63883734650299,True
3D-MR-MS,patient21,CATMIL,1,26,101,6.400000095367432,True
3D-MR-MS,patient21,CATMIL,1,27,1,28.815709101437655,False
3D-MR-MS,patient21,CATMIL,1,28,1,22.43920291484556,False
3D-MR-MS,patient21,CATMIL,1,29,124,26.210855579231147,True
3D-MR-MS,patient21,CATMIL,1,30,78,21.759158579199187,True
3D-MR-MS,patient21,CATMIL,1,31,1,36.69528508159936,False
3D-MR-MS,patient21,CATMIL,1,32,72,15.594471602934727,True
3D-MR-MS,patient21,CATMIL,1,33,14,21.94755474929768,True
3D-MR-MS,patient21,CATMIL,1,34,124,13.338009779678996,True
3D-MR-MS,patient21,CATMIL,1,35,147,23.947962135469783,True
3D-MR-MS,patient21,CATMIL,1,36,129,32.961121259720954,True
3D-MR-MS,patient21,CATMIL,1,37,685,5.754807853838461,True
3D-MR-MS,patient21,CATMIL,1,38,988,27.314909081263217,True
3D-MR-MS,patient21,CATMIL,1,39,444,4.844657222326174,True
3D-MR-MS,patient21,CATMIL,1,40,2,31.290292149987565,False
3D-MR-MS,patient21,CATMIL,1,41,116,9.04624416859792,True
3D-MR-MS,patient21,CATMIL,1,42,230,8.92397153362178,True
3D-MR-MS,patient21,CATMIL,1,43,164,25.226725852156253,True
3D-MR-MS,patient21,CATMIL,1,44,7,26.452479047645294,False
3D-MR-MS,patient21,CATMIL,1,45,28,30.455903740004036,True
3D-MR-MS,patient21,CATMIL,1,46,83,9.391837087087481,True
3D-MR-MS,patient21,CATMIL,1,47,398,9.758988363062631,True
3D-MR-MS,patient21,CATMIL,1,48,1,26.80187805520201,True
3D-MR-MS,patient21,CATMIL,1,49,21,32.68384659432384,True
3D-MR-MS,patient21,CATMIL,1,50,16,12.892162514841413,True
3D-MR-MS,patient21,CATMIL,1,51,408,5.4585404979422645,True
3D-MR-MS,patient21,CATMIL,1,52,29,8.849492462605024,True
3D-MR-MS,patient21,CATMIL,1,53,80,34.6875,True
3D-MR-MS,patient21,CATMIL,1,54,344,6.882862004113971,True
3D-MR-MS,patient21,CATMIL,1,55,35,17.362190647541386,True
3D-MR-MS,patient21,CATMIL,1,56,16,7.5718667188119735,True
3D-MR-MS,patient21,CATMIL,1,57,116,10.584387488142406,True
3D-MR-MS,patient21,CATMIL,1,58,13,17.400666743691175,True
3D-MR-MS,patient21,CATMIL,1,59,273,17.32428980275822,True
3D-MR-MS,patient21,CATMIL,1,60,24,3.9954124178605075,True
3D-MR-MS,patient21,CATMIL,1,61,61,9.511385085627689,True
3D-MR-MS,patient21,CATMIL,1,62,71,14.038492061380824,True
3D-MR-MS,patient21,CATMIL,1,63,170,31.236493336003253,True
3D-MR-MS,patient21,CATMIL,1,64,71,28.92503850467793,True
3D-MR-MS,patient21,CATMIL,1,65,95,26.636026179670147,True
3D-MR-MS,patient21,CATMIL,1,66,294,5.675619486468044,True
3D-MR-MS,patient21,CATMIL,1,67,593,9.219226708452133,True
3D-MR-MS,patient21,CATMIL,1,68,188,22.322162669577985,True
3D-MR-MS,patient21,CATMIL,1,69,1,5.361356274473574,False
3D-MR-MS,patient21,CATMIL,1,70,254,0.9272144204947885,True
3D-MR-MS,patient21,CATMIL,1,71,102,30.933442926897833,True
3D-MR-MS,patient21,CATMIL,1,72,60,11.585028748425149,True
3D-MR-MS,patient21,CATMIL,1,73,160,5.483725985736843,True
3D-MR-MS,patient21,CATMIL,1,74,52,11.95082698498309,True
3D-MR-MS,patient21,CATMIL,1,75,15,37.42055856269483,False
3D-MR-MS,patient21,CATMIL,1,76,637,5.363301223973299,True
3D-MR-MS,patient21,CATMIL,1,77,69,10.458670543589044,True
3D-MR-MS,patient21,CATMIL,1,78,136,7.96875,True
3D-MR-MS,patient21,CATMIL,1,79,3,2.7697021534947557,False
3D-MR-MS,patient21,CATMIL,1,80,1,4.301643964423529,False
3D-MR-MS,patient21,CATMIL,1,81,1,4.5498798249691585,False
3D-MR-MS,patient21,CATMIL,1,82,645,24.08321835482737,True
3D-MR-MS,patient21,CATMIL,1,83,165,7.842465035406501,True
3D-MR-MS,patient21,CATMIL,1,84,1,0.46875,False
3D-MR-MS,patient21,CATMIL,1,85,1,0.800000011920929,False
3D-MR-MS,patient21,CATMIL,1,86,8,15.210919443363705,True
3D-MR-MS,patient21,CATMIL,1,87,252,26.396970266190806,True
3D-MR-MS,patient21,CATMIL,1,88,14,37.80029968491088,False
3D-MR-MS,patient21,CATMIL,1,89,6,14.9486425491581,True
3D-MR-MS,patient21,CATMIL,1,90,5,15.551277331421813,False
3D-MR-MS,patient21,CATMIL,1,91,28,32.35696535312611,True
3D-MR-MS,patient21,CATMIL,1,92,26,12.897015461435254,True
3D-MR-MS,patient21,CATMIL,1,93,42,20.625,True
3D-MR-MS,patient21,CATMIL,1,94,1,4.780330793993236,False
3D-MR-MS,patient21,CATMIL,1,95,5,16.513045269195505,False
3D-MR-MS,patient21,CATMIL,1,96,149,29.49908970382026,True
3D-MR-MS,patient21,CATMIL,1,97,253,22.662305319991926,True
3D-MR-MS,patient21,CATMIL,1,98,248,29.125631134660576,True
3D-MR-MS,patient21,CATMIL,1,99,3,0.46875,False
3D-MR-MS,patient21,CATMIL,1,100,479,16.40625,True
3D-MR-MS,patient21,CATMIL,1,101,69,36.81933093515195,True
3D-MR-MS,patient21,CATMIL,1,102,122,22.098981883905324,True
3D-MR-MS,patient21,CATMIL,1,103,291,10.532360879054872,True
3D-MR-MS,patient21,CATMIL,1,104,41,13.825007088574873,True
3D-MR-MS,patient21,CATMIL,1,105,403,16.472128469376553,True
3D-MR-MS,patient21,CATMIL,1,106,1,30.4587041159282,False
3D-MR-MS,patient21,CATMIL,1,107,33,15.147331144352176,True
3D-MR-MS,patient21,CATMIL,1,108,27,29.56387162589226,True
3D-MR-MS,patient21,CATMIL,1,109,42,30.077796296144246,True
3D-MR-MS,patient21,CATMIL,1,110,9,16.017612379074915,True
3D-MR-MS,patient21,CATMIL,1,111,127,12.921803582765584,True
3D-MR-MS,patient21,CATMIL,1,112,138,20.21396195993442,True
3D-MR-MS,patient21,CATMIL,1,113,310,25.998577187928216,True
3D-MR-MS,patient21,CATMIL,1,114,238,22.45896345265462,True
3D-MR-MS,patient21,CATMIL,1,115,151,21.23087469425608,True
3D-MR-MS,patient21,CATMIL,1,116,135,28.7096054567833,True
3D-MR-MS,patient21,CATMIL,1,117,40,37.126315315142634,False
3D-MR-MS,patient21,CATMIL,1,118,63,30.914429033606744,True
3D-MR-MS,patient21,CATMIL,1,119,114,29.92539820967822,True
3D-MR-MS,patient21,CATMIL,1,120,5,36.29636379661973,False
3D-MR-MS,patient21,CATMIL,1,121,29,7.71265200398675,True
3D-MR-MS,patient21,CATMIL,1,122,55,31.36695373736885,True
3D-MR-MS,patient21,CATMIL,1,123,163,18.583574972192537,True
3D-MR-MS,patient21,CATMIL,1,124,6,26.82076578416704,True
3D-MR-MS,patient21,CATMIL,1,125,26,21.601463098776726,False
3D-MR-MS,patient21,CATMIL,1,126,51,28.597916496519368,True
3D-MR-MS,patient21,CATMIL,1,127,13,17.65052342705863,False
3D-MR-MS,patient21,CATMIL,1,128,114,35.41929325961387,True
3D-MR-MS,patient21,CATMIL,1,129,61,1.232439154308839,True
3D-MR-MS,patient21,CATMIL,1,130,103,3.4735833470745288,True
3D-MR-MS,patient21,CATMIL,1,131,855,12.249655608182357,True
3D-MR-MS,patient21,CATMIL,1,132,90,0.46875,True
3D-MR-MS,patient21,CATMIL,1,133,142,29.156166272794458,True
3D-MR-MS,patient21,CATMIL,1,134,243,33.19768920692839,True
3D-MR-MS,patient21,CATMIL,1,135,531,15.116733278059781,True
3D-MR-MS,patient21,CATMIL,1,136,269,25.48402848860071,True
3D-MR-MS,patient21,CATMIL,1,137,11,28.30340983502407,False
3D-MR-MS,patient21,CATMIL,1,138,151,19.136275279039435,True
3D-MR-MS,patient21,CATMIL,1,139,228,22.953312108761942,True
3D-MR-MS,patient21,CATMIL,1,140,43,20.127441775591095,True
3D-MR-MS,patient21,CATMIL,1,141,95,4.518339367961805,True
3D-MR-MS,patient21,CATMIL,1,142,28,32.81871906396021,True
3D-MR-MS,patient21,CATMIL,1,143,150,9.330532047887804,False
3D-MR-MS,patient21,CATMIL,1,144,2,31.95339693717614,False
3D-MR-MS,patient21,CATMIL,1,145,81,33.291970739555495,True
3D-MR-MS,patient21,CATMIL,1,146,103,36.69363032162135,True
3D-MR-MS,patient21,CATMIL,1,147,7,10.481568644530265,False
3D-MR-MS,patient21,CATMIL,1,148,131,30.129470668210917,True
3D-MR-MS,patient21,CATMIL,1,149,1,32.767784487134804,False
3D-MR-MS,patient21,CATMIL,1,150,930,23.869132982943732,True
3D-MR-MS,patient21,CATMIL,1,151,23,30.33634700493839,False
3D-MR-MS,patient21,CATMIL,1,152,183,29.900959563406992,True
3D-MR-MS,patient21,CATMIL,1,153,77,16.162787604372998,True
3D-MR-MS,patient21,CATMIL,1,154,146,17.254283888909253,True
3D-MR-MS,patient21,CATMIL,1,155,18,4.826076628587656,True
3D-MR-MS,patient21,CATMIL,1,156,59,37.03125,True
3D-MR-MS,patient21,CATMIL,1,157,163,27.607972706025436,False
3D-MR-MS,patient21,CATMIL,1,158,69,24.553386528075936,True
3D-MR-MS,patient21,CATMIL,1,159,136,20.6346805049009,True
3D-MR-MS,patient21,CATMIL,1,160,12,3.9120507028020413,True
3D-MR-MS,patient21,CATMIL,1,161,1,0.9272144204947885,False
3D-MR-MS,patient21,CATMIL,1,162,1,3.57648572926852,False
3D-MR-MS,patient21,CATMIL,1,163,5,0.9272144204947885,False
3D-MR-MS,patient21,CATMIL,1,164,128,7.081296900756342,True
3D-MR-MS,patient21,CATMIL,1,165,106,26.109053170705046,True
3D-MR-MS,patient21,CATMIL,1,166,40,16.04203585066937,True
3D-MR-MS,patient21,CATMIL,1,167,7,14.373241746268006,True
3D-MR-MS,patient21,CATMIL,1,168,48,10.175378149442967,True
3D-MR-MS,patient21,CATMIL,1,169,60,9.586073892457817,True
3D-MR-MS,patient21,CATMIL,1,170,125,8.802063873329697,True
3D-MR-MS,patient21,CATMIL,1,171,65,8.904493286349624,True
3D-MR-MS,patient21,CATMIL,1,172,101,2.327325802029863,True
3D-MR-MS,patient21,CATMIL,1,173,369,0.800000011920929,True
3D-MR-MS,patient21,CATMIL,1,174,422,24.676089930014466,True
3D-MR-MS,patient21,CATMIL,1,175,43,18.224692435475443,True
3D-MR-MS,patient21,CATMIL,1,176,156,3.495359690743684,True
3D-MR-MS,patient21,CATMIL,1,177,63,24.84375,True
3D-MR-MS,patient21,CATMIL,1,178,12,5.663927800122456,True
3D-MR-MS,patient21,CATMIL,1,179,21,15.713426066491701,True
3D-MR-MS,patient21,CATMIL,1,180,174,25.364151776307708,True
3D-MR-MS,patient21,CATMIL,1,181,161,8.331531316725245,True
3D-MR-MS,patient21,CATMIL,1,182,1,24.018294670321453,False
3D-MR-MS,patient21,CATMIL,1,183,565,5.174490530394805,True
3D-MR-MS,patient21,CATMIL,1,184,4,12.067220617631918,False
3D-MR-MS,patient21,CATMIL,1,185,83,10.529708729598164,True
3D-MR-MS,patient21,CATMIL,1,186,13,11.20316815611376,True
3D-MR-MS,patient21,CATMIL,1,187,8,21.021827388078357,False
3D-MR-MS,patient21,CATMIL,1,188,85,11.538580054320047,True
3D-MR-MS,patient21,CATMIL,1,189,15,6.8317561318963325,True
3D-MR-MS,patient21,CATMIL,1,190,164,11.60503837164929,True
3D-MR-MS,patient21,CATMIL,1,191,142,6.990719381487368,True
3D-MR-MS,patient21,CATMIL,1,192,497,0.800000011920929,True
3D-MR-MS,patient21,CATMIL,1,193,29,13.364823816424723,True
3D-MR-MS,patient21,CATMIL,1,194,213,26.382434544543095,True
3D-MR-MS,patient21,CATMIL,1,195,96,15.9375,True
3D-MR-MS,patient21,CATMIL,1,196,10,13.498625579382097,True
3D-MR-MS,patient21,CATMIL,1,197,69,7.912433450428029,True
3D-MR-MS,patient21,CATMIL,1,198,265,26.722861525761047,True
3D-MR-MS,patient21,CATMIL,1,199,47,34.41039315289271,True
3D-MR-MS,patient21,CATMIL,1,200,53,8.00000011920929,True
3D-MR-MS,patient21,CATMIL,1,201,1046,10.846579368472904,True
3D-MR-MS,patient21,CATMIL,1,202,26,9.964799374878226,True
3D-MR-MS,patient21,CATMIL,1,203,18,13.162096472746729,True
3D-MR-MS,patient21,CATMIL,1,204,218,11.19555237283502,True
3D-MR-MS,patient21,CATMIL,1,205,14,9.859786657574892,True
3D-MR-MS,patient21,CATMIL,1,206,326,7.440136191290613,True
3D-MR-MS,patient21,CATMIL,1,207,20,18.664481076911617,False
3D-MR-MS,patient21,CATMIL,1,208,144,12.476416925907937,True
3D-MR-MS,patient21,CATMIL,1,209,28,11.609778459194734,True
3D-MR-MS,patient21,CATMIL,1,210,1,9.611437421586952,True
3D-MR-MS,patient21,CATMIL,1,211,52,2.181115701033291,True
3D-MR-MS,patient21,CATMIL,1,212,44,16.458517945940248,True
3D-MR-MS,patient21,CATMIL,1,213,228,17.12115056565693,True
3D-MR-MS,patient21,CATMIL,1,214,24,19.377534204934417,False
3D-MR-MS,patient21,CATMIL,1,215,4,10.242354349483904,False
3D-MR-MS,patient21,CATMIL,1,216,150,12.802969016013433,True
3D-MR-MS,patient21,CATMIL,1,217,5,1.40625,False
3D-MR-MS,patient21,CATMIL,1,218,304,22.9817490071972,True
3D-MR-MS,patient21,CATMIL,1,219,100,27.192636044200434,True
3D-MR-MS,patient21,CATMIL,1,220,90,11.848266117386263,True
3D-MR-MS,patient21,CATMIL,1,221,12,30.1521558911268,False
3D-MR-MS,patient21,CATMIL,1,222,258,12.970525669101177,True
3D-MR-MS,patient21,CATMIL,1,223,275,18.104628893091608,True
3D-MR-MS,patient21,CATMIL,1,224,251,6.685458307640781,True
3D-MR-MS,patient21,CATMIL,1,225,12,4.800000071525574,True
3D-MR-MS,patient21,CATMIL,1,226,12,11.165999014713464,False
3D-MR-MS,patient21,CATMIL,1,227,1,21.306184300718343,False
3D-MR-MS,patient21,CATMIL,1,228,16,16.869038524895085,True
3D-MR-MS,patient21,CATMIL,1,229,382,18.929331196428137,True
3D-MR-MS,patient21,CATMIL,1,230,92,17.51252469340836,True
3D-MR-MS,patient21,CATMIL,1,231,258,21.438095951082328,True
3D-MR-MS,patient21,CATMIL,1,232,221,23.61769845059637,True
3D-MR-MS,patient21,CATMIL,1,233,151,25.3417895637634,True
3D-MR-MS,patient21,CATMIL,1,234,201,37.53497147023062,True
3D-MR-MS,patient21,CATMIL,1,235,78,25.375746148700774,True
3D-MR-MS,patient21,CATMIL,1,236,59,21.683182419943975,True
3D-MR-MS,patient21,CATMIL,1,237,159,27.304204641108424,True
3D-MR-MS,patient21,CATMIL,1,238,20,27.66862326972776,True
3D-MR-MS,patient21,CATMIL,1,239,35,15.929043272423412,True
3D-MR-MS,patient21,CATMIL,1,240,23,38.279166350539946,True
3D-MR-MS,patient21,CATMIL,1,241,159,29.961529153843315,True
3D-MR-MS,patient21,CATMIL,1,242,562,31.42707438029532,True
3D-MR-MS,patient21,CATMIL,1,243,140,35.972048716738314,True
3D-MR-MS,patient21,CATMIL,1,244,269,18.611828622180237,True
3D-MR-MS,patient21,CATMIL,1,245,1,21.515329960148588,False
3D-MR-MS,patient21,CATMIL,1,246,29,16.826137841507407,True
3D-MR-MS,patient21,CATMIL,1,247,59,32.62403592493943,True
3D-MR-MS,patient21,CATMIL,1,248,38,31.066851850873192,True
3D-MR-MS,patient21,CATMIL,1,249,1,41.70341809966938,False
3D-MR-MS,patient21,CATMIL,2,1,332,20.196786085190116,True
3D-MR-MS,patient21,CATMIL,2,2,55,28.315536213950228,True
3D-MR-MS,patient21,CATMIL,2,3,18,22.041185109214904,False
3D-MR-MS,patient21,CATMIL,2,4,239,32.668526140215604,True
3D-MR-MS,patient21,CATMIL,2,5,113,29.232549862347287,True
3D-MR-MS,patient21,CATMIL,2,6,169550,0.0,True
3D-MR-MS,patient21,CATMIL,2,7,185,24.69111477542685,True
3D-MR-MS,patient21,CATMIL,2,8,507,10.137609863626674,True
3D-MR-MS,patient21,CATMIL,2,9,130,21.61056717172016,True
3D-MR-MS,patient21,CATMIL,2,10,229,27.35010648249901,True
3D-MR-MS,patient21,CATMIL,2,11,11,19.369580064769824,True
3D-MR-MS,patient21,CATMIL,2,12,88,24.472007591912302,True
3D-MR-MS,patient21,CATMIL,2,13,1,18.799672927953523,False
3D-MR-MS,patient21,CATMIL,2,14,1,30.05397568615619,False
3D-MR-MS,patient21,CATMIL,2,15,45,20.08769864670737,True
3D-MR-MS,patient21,CATMIL,2,16,437,10.317084341473711,True
3D-MR-MS,patient21,CATMIL,2,17,1,24.80442994491348,False
3D-MR-MS,patient21,CATMIL,2,18,838,12.200456348858097,True
3D-MR-MS,patient21,CATMIL,2,19,2,24.009153885365013,False
3D-MR-MS,patient21,CATMIL,2,20,55,19.43376798808904,True
3D-MR-MS,patient21,CATMIL,2,21,2,29.052821264313348,True
3D-MR-MS,patient21,CATMIL,2,22,1,21.686294415299994,True
3D-MR-MS,patient21,CATMIL,2,23,10,26.958486881752346,True
3D-MR-MS,patient21,CATMIL,2,24,41,24.881064983907525,True
3D-MR-MS,patient21,CATMIL,2,25,23,18.63883734650299,True
3D-MR-MS,patient21,CATMIL,2,26,101,6.400000095367432,True
3D-MR-MS,patient21,CATMIL,2,27,1,28.815709101437655,False
3D-MR-MS,patient21,CATMIL,2,28,1,22.43920291484556,False
3D-MR-MS,patient21,CATMIL,2,29,124,26.210855579231147,True
3D-MR-MS,patient21,CATMIL,2,30,78,21.759158579199187,True
3D-MR-MS,patient21,CATMIL,2,31,1,36.69528508159936,False
3D-MR-MS,patient21,CATMIL,2,32,72,15.594471602934727,True
3D-MR-MS,patient21,CATMIL,2,33,14,21.94755474929768,True
3D-MR-MS,patient21,CATMIL,2,34,124,13.338009779678996,True
3D-MR-MS,patient21,CATMIL,2,35,147,23.947962135469783,True
3D-MR-MS,patient21,CATMIL,2,36,129,32.961121259720954,True
3D-MR-MS,patient21,CATMIL,2,37,685,5.754807853838461,True
3D-MR-MS,patient21,CATMIL,2,38,988,27.314909081263217,True
3D-MR-MS,patient21,CATMIL,2,39,444,4.844657222326174,True
3D-MR-MS,patient21,CATMIL,2,40,2,31.290292149987565,False
3D-MR-MS,patient21,CATMIL,2,41,116,9.04624416859792,True
3D-MR-MS,patient21,CATMIL,2,42,230,8.92397153362178,True
3D-MR-MS,patient21,CATMIL,2,43,164,25.226725852156253,True
3D-MR-MS,patient21,CATMIL,2,44,7,26.452479047645294,False
3D-MR-MS,patient21,CATMIL,2,45,28,30.455903740004036,False
3D-MR-MS,patient21,CATMIL,2,46,83,9.391837087087481,True
3D-MR-MS,patient21,CATMIL,2,47,398,9.758988363062631,True
3D-MR-MS,patient21,CATMIL,2,48,1,26.80187805520201,True
3D-MR-MS,patient21,CATMIL,2,49,21,32.68384659432384,False
3D-MR-MS,patient21,CATMIL,2,50,16,12.892162514841413,True
3D-MR-MS,patient21,CATMIL,2,51,408,5.4585404979422645,True
3D-MR-MS,patient21,CATMIL,2,52,29,8.849492462605024,True
3D-MR-MS,patient21,CATMIL,2,53,80,34.6875,True
3D-MR-MS,patient21,CATMIL,2,54,344,6.882862004113971,True
3D-MR-MS,patient21,CATMIL,2,55,35,17.362190647541386,True
3D-MR-MS,patient21,CATMIL,2,56,16,7.5718667188119735,True
3D-MR-MS,patient21,CATMIL,2,57,116,10.584387488142406,True
3D-MR-MS,patient21,CATMIL,2,58,13,17.400666743691175,True
3D-MR-MS,patient21,CATMIL,2,59,273,17.32428980275822,True
3D-MR-MS,patient21,CATMIL,2,60,24,3.9954124178605075,True
3D-MR-MS,patient21,CATMIL,2,61,61,9.511385085627689,True
3D-MR-MS,patient21,CATMIL,2,62,71,14.038492061380824,True
3D-MR-MS,patient21,CATMIL,2,63,170,31.236493336003253,True
3D-MR-MS,patient21,CATMIL,2,64,71,28.92503850467793,True
3D-MR-MS,patient21,CATMIL,2,65,95,26.636026179670147,True
3D-MR-MS,patient21,CATMIL,2,66,294,5.675619486468044,True
3D-MR-MS,patient21,CATMIL,2,67,593,9.219226708452133,True
3D-MR-MS,patient21,CATMIL,2,68,188,22.322162669577985,True
3D-MR-MS,patient21,CATMIL,2,69,1,5.361356274473574,False
3D-MR-MS,patient21,CATMIL,2,70,254,0.9272144204947885,True
3D-MR-MS,patient21,CATMIL,2,71,102,30.933442926897833,True
3D-MR-MS,patient21,CATMIL,2,72,60,11.585028748425149,True
3D-MR-MS,patient21,CATMIL,2,73,160,5.483725985736843,True
3D-MR-MS,patient21,CATMIL,2,74,52,11.95082698498309,True
3D-MR-MS,patient21,CATMIL,2,75,15,37.42055856269483,False
3D-MR-MS,patient21,CATMIL,2,76,637,5.363301223973299,True
3D-MR-MS,patient21,CATMIL,2,77,69,10.458670543589044,True
3D-MR-MS,patient21,CATMIL,2,78,136,7.96875,True
3D-MR-MS,patient21,CATMIL,2,79,3,2.7697021534947557,False
3D-MR-MS,patient21,CATMIL,2,80,1,4.301643964423529,False
3D-MR-MS,patient21,CATMIL,2,81,1,4.5498798249691585,False
3D-MR-MS,patient21,CATMIL,2,82,645,24.08321835482737,True
3D-MR-MS,patient21,CATMIL,2,83,165,7.842465035406501,True
3D-MR-MS,patient21,CATMIL,2,84,1,0.46875,False
3D-MR-MS,patient21,CATMIL,2,85,1,0.800000011920929,False
3D-MR-MS,patient21,CATMIL,2,86,8,15.210919443363705,True
3D-MR-MS,patient21,CATMIL,2,87,252,26.396970266190806,True
3D-MR-MS,patient21,CATMIL,2,88,14,37.80029968491088,False
3D-MR-MS,patient21,CATMIL,2,89,6,14.9486425491581,True
3D-MR-MS,patient21,CATMIL,2,90,5,15.551277331421813,False
3D-MR-MS,patient21,CATMIL,2,91,28,32.35696535312611,True
3D-MR-MS,patient21,CATMIL,2,92,26,12.897015461435254,True
3D-MR-MS,patient21,CATMIL,2,93,42,20.625,True
3D-MR-MS,patient21,CATMIL,2,94,1,4.780330793993236,False
3D-MR-MS,patient21,CATMIL,2,95,5,16.513045269195505,False
3D-MR-MS,patient21,CATMIL,2,96,149,29.49908970382026,True
3D-MR-MS,patient21,CATMIL,2,97,253,22.662305319991926,True
3D-MR-MS,patient21,CATMIL,2,98,248,29.125631134660576,True
3D-MR-MS,patient21,CATMIL,2,99,3,0.46875,False
3D-MR-MS,patient21,CATMIL,2,100,479,16.40625,True
3D-MR-MS,patient21,CATMIL,2,101,69,36.81933093515195,False
3D-MR-MS,patient21,CATMIL,2,102,122,22.098981883905324,True
3D-MR-MS,patient21,CATMIL,2,103,291,10.532360879054872,True
3D-MR-MS,patient21,CATMIL,2,104,41,13.825007088574873,True
3D-MR-MS,patient21,CATMIL,2,105,403,16.472128469376553,True
3D-MR-MS,patient21,CATMIL,2,106,1,30.4587041159282,False
3D-MR-MS,patient21,CATMIL,2,107,33,15.147331144352176,True
3D-MR-MS,patient21,CATMIL,2,108,27,29.56387162589226,True
3D-MR-MS,patient21,CATMIL,2,109,42,30.077796296144246,True
3D-MR-MS,patient21,CATMIL,2,110,9,16.017612379074915,True
3D-MR-MS,patient21,CATMIL,2,111,127,12.921803582765584,True
3D-MR-MS,patient21,CATMIL,2,112,138,20.21396195993442,True
3D-MR-MS,patient21,CATMIL,2,113,310,25.998577187928216,True
3D-MR-MS,patient21,CATMIL,2,114,238,22.45896345265462,True
3D-MR-MS,patient21,CATMIL,2,115,151,21.23087469425608,True
3D-MR-MS,patient21,CATMIL,2,116,135,28.7096054567833,True
3D-MR-MS,patient21,CATMIL,2,117,40,37.126315315142634,False
3D-MR-MS,patient21,CATMIL,2,118,63,30.914429033606744,True
3D-MR-MS,patient21,CATMIL,2,119,114,29.92539820967822,True
3D-MR-MS,patient21,CATMIL,2,120,5,36.29636379661973,False
3D-MR-MS,patient21,CATMIL,2,121,29,7.71265200398675,True
3D-MR-MS,patient21,CATMIL,2,122,55,31.36695373736885,True
3D-MR-MS,patient21,CATMIL,2,123,163,18.583574972192537,True
3D-MR-MS,patient21,CATMIL,2,124,6,26.82076578416704,False
3D-MR-MS,patient21,CATMIL,2,125,26,21.601463098776726,False
3D-MR-MS,patient21,CATMIL,2,126,51,28.597916496519368,True
3D-MR-MS,patient21,CATMIL,2,127,13,17.65052342705863,False
3D-MR-MS,patient21,CATMIL,2,128,114,35.41929325961387,True
3D-MR-MS,patient21,CATMIL,2,129,61,1.232439154308839,True
3D-MR-MS,patient21,CATMIL,2,130,103,3.4735833470745288,False
3D-MR-MS,patient21,CATMIL,2,131,855,12.249655608182357,True
3D-MR-MS,patient21,CATMIL,2,132,90,0.46875,True
3D-MR-MS,patient21,CATMIL,2,133,142,29.156166272794458,True
3D-MR-MS,patient21,CATMIL,2,134,243,33.19768920692839,True
3D-MR-MS,patient21,CATMIL,2,135,531,15.116733278059781,True
3D-MR-MS,patient21,CATMIL,2,136,269,25.48402848860071,True
3D-MR-MS,patient21,CATMIL,2,137,11,28.30340983502407,True
3D-MR-MS,patient21,CATMIL,2,138,151,19.136275279039435,True
3D-MR-MS,patient21,CATMIL,2,139,228,22.953312108761942,True
3D-MR-MS,patient21,CATMIL,2,140,43,20.127441775591095,False
3D-MR-MS,patient21,CATMIL,2,141,95,4.518339367961805,True
3D-MR-MS,patient21,CATMIL,2,142,28,32.81871906396021,True
3D-MR-MS,patient21,CATMIL,2,143,150,9.330532047887804,False
3D-MR-MS,patient21,CATMIL,2,144,2,31.95339693717614,False
3D-MR-MS,patient21,CATMIL,2,145,81,33.291970739555495,True
3D-MR-MS,patient21,CATMIL,2,146,103,36.69363032162135,True
3D-MR-MS,patient21,CATMIL,2,147,7,10.481568644530265,False
3D-MR-MS,patient21,CATMIL,2,148,131,30.129470668210917,True
3D-MR-MS,patient21,CATMIL,2,149,1,32.767784487134804,False
3D-MR-MS,patient21,CATMIL,2,150,930,23.869132982943732,True
3D-MR-MS,patient21,CATMIL,2,151,23,30.33634700493839,False
3D-MR-MS,patient21,CATMIL,2,152,183,29.900959563406992,True
3D-MR-MS,patient21,CATMIL,2,153,77,16.162787604372998,True
3D-MR-MS,patient21,CATMIL,2,154,146,17.254283888909253,True
3D-MR-MS,patient21,CATMIL,2,155,18,4.826076628587656,True
3D-MR-MS,patient21,CATMIL,2,156,59,37.03125,True
3D-MR-MS,patient21,CATMIL,2,157,163,27.607972706025436,True
3D-MR-MS,patient21,CATMIL,2,158,69,24.553386528075936,True
3D-MR-MS,patient21,CATMIL,2,159,136,20.6346805049009,True
3D-MR-MS,patient21,CATMIL,2,160,12,3.9120507028020413,True
3D-MR-MS,patient21,CATMIL,2,161,1,0.9272144204947885,False
3D-MR-MS,patient21,CATMIL,2,162,1,3.57648572926852,False
3D-MR-MS,patient21,CATMIL,2,163,5,0.9272144204947885,False
3D-MR-MS,patient21,CATMIL,2,164,128,7.081296900756342,True
3D-MR-MS,patient21,CATMIL,2,165,106,26.109053170705046,True
3D-MR-MS,patient21,CATMIL,2,166,40,16.04203585066937,True
3D-MR-MS,patient21,CATMIL,2,167,7,14.373241746268006,True
3D-MR-MS,patient21,CATMIL,2,168,48,10.175378149442967,True
3D-MR-MS,patient21,CATMIL,2,169,60,9.586073892457817,True
3D-MR-MS,patient21,CATMIL,2,170,125,8.802063873329697,True
3D-MR-MS,patient21,CATMIL,2,171,65,8.904493286349624,True
3D-MR-MS,patient21,CATMIL,2,172,101,2.327325802029863,True
3D-MR-MS,patient21,CATMIL,2,173,369,0.800000011920929,True
3D-MR-MS,patient21,CATMIL,2,174,422,24.676089930014466,True
3D-MR-MS,patient21,CATMIL,2,175,43,18.224692435475443,True
3D-MR-MS,patient21,CATMIL,2,176,156,3.495359690743684,True
3D-MR-MS,patient21,CATMIL,2,177,63,24.84375,True
3D-MR-MS,patient21,CATMIL,2,178,12,5.663927800122456,True
3D-MR-MS,patient21,CATMIL,2,179,21,15.713426066491701,True
3D-MR-MS,patient21,CATMIL,2,180,174,25.364151776307708,True
3D-MR-MS,patient21,CATMIL,2,181,161,8.331531316725245,True
3D-MR-MS,patient21,CATMIL,2,182,1,24.018294670321453,False
3D-MR-MS,patient21,CATMIL,2,183,565,5.174490530394805,True
3D-MR-MS,patient21,CATMIL,2,184,4,12.067220617631918,False
3D-MR-MS,patient21,CATMIL,2,185,83,10.529708729598164,True
3D-MR-MS,patient21,CATMIL,2,186,13,11.20316815611376,True
3D-MR-MS,patient21,CATMIL,2,187,8,21.021827388078357,False
3D-MR-MS,patient21,CATMIL,2,188,85,11.538580054320047,True
3D-MR-MS,patient21,CATMIL,2,189,15,6.8317561318963325,True
3D-MR-MS,patient21,CATMIL,2,190,164,11.60503837164929,True
3D-MR-MS,patient21,CATMIL,2,191,142,6.990719381487368,True
3D-MR-MS,patient21,CATMIL,2,192,497,0.800000011920929,True
3D-MR-MS,patient21,CATMIL,2,193,29,13.364823816424723,True
3D-MR-MS,patient21,CATMIL,2,194,213,26.382434544543095,True
3D-MR-MS,patient21,CATMIL,2,195,96,15.9375,True
3D-MR-MS,patient21,CATMIL,2,196,10,13.498625579382097,True
3D-MR-MS,patient21,CATMIL,2,197,69,7.912433450428029,True
3D-MR-MS,patient21,CATMIL,2,198,265,26.722861525761047,True
3D-MR-MS,patient21,CATMIL,2,199,47,34.41039315289271,True
3D-MR-MS,patient21,CATMIL,2,200,53,8.00000011920929,True
3D-MR-MS,patient21,CATMIL,2,201,1046,10.846579368472904,True
3D-MR-MS,patient21,CATMIL,2,202,26,9.964799374878226,True
3D-MR-MS,patient21,CATMIL,2,203,18,13.162096472746729,True
3D-MR-MS,patient21,CATMIL,2,204,218,11.19555237283502,True
3D-MR-MS,patient21,CATMIL,2,205,14,9.859786657574892,True
3D-MR-MS,patient21,CATMIL,2,206,326,7.440136191290613,True
3D-MR-MS,patient21,CATMIL,2,207,20,18.664481076911617,False
3D-MR-MS,patient21,CATMIL,2,208,144,12.476416925907937,True
3D-MR-MS,patient21,CATMIL,2,209,28,11.609778459194734,True
3D-MR-MS,patient21,CATMIL,2,210,1,9.611437421586952,True
3D-MR-MS,patient21,CATMIL,2,211,52,2.181115701033291,True
3D-MR-MS,patient21,CATMIL,2,212,44,16.458517945940248,True
3D-MR-MS,patient21,CATMIL,2,213,228,17.12115056565693,True
3D-MR-MS,patient21,CATMIL,2,214,24,19.377534204934417,False
3D-MR-MS,patient21,CATMIL,2,215,4,10.242354349483904,False
3D-MR-MS,patient21,CATMIL,2,216,150,12.802969016013433,True
3D-MR-MS,patient21,CATMIL,2,217,5,1.40625,False
3D-MR-MS,patient21,CATMIL,2,218,304,22.9817490071972,True
3D-MR-MS,patient21,CATMIL,2,219,100,27.192636044200434,True
3D-MR-MS,patient21,CATMIL,2,220,90,11.848266117386263,True
3D-MR-MS,patient21,CATMIL,2,221,12,30.1521558911268,False
3D-MR-MS,patient21,CATMIL,2,222,258,12.970525669101177,True
3D-MR-MS,patient21,CATMIL,2,223,275,18.104628893091608,True
3D-MR-MS,patient21,CATMIL,2,224,251,6.685458307640781,True
3D-MR-MS,patient21,CATMIL,2,225,12,4.800000071525574,True
3D-MR-MS,patient21,CATMIL,2,226,12,11.165999014713464,False
3D-MR-MS,patient21,CATMIL,2,227,1,21.306184300718343,False
3D-MR-MS,patient21,CATMIL,2,228,16,16.869038524895085,True
3D-MR-MS,patient21,CATMIL,2,229,382,18.929331196428137,True
3D-MR-MS,patient21,CATMIL,2,230,92,17.51252469340836,True
3D-MR-MS,patient21,CATMIL,2,231,258,21.438095951082328,True
3D-MR-MS,patient21,CATMIL,2,232,221,23.61769845059637,True
3D-MR-MS,patient21,CATMIL,2,233,151,25.3417895637634,True
3D-MR-MS,patient21,CATMIL,2,234,201,37.53497147023062,True
3D-MR-MS,patient21,CATMIL,2,235,78,25.375746148700774,True
3D-MR-MS,patient21,CATMIL,2,236,59,21.683182419943975,True
3D-MR-MS,patient21,CATMIL,2,237,159,27.304204641108424,True
3D-MR-MS,patient21,CATMIL,2,238,20,27.66862326972776,True
3D-MR-MS,patient21,CATMIL,2,239,35,15.929043272423412,True
3D-MR-MS,patient21,CATMIL,2,240,23,38.279166350539946,True
3D-MR-MS,patient21,CATMIL,2,241,159,29.961529153843315,True
3D-MR-MS,patient21,CATMIL,2,242,562,31.42707438029532,True
3D-MR-MS,patient21,CATMIL,2,243,140,35.972048716738314,True
3D-MR-MS,patient21,CATMIL,2,244,269,18.611828622180237,True
3D-MR-MS,patient21,CATMIL,2,245,1,21.515329960148588,False
3D-MR-MS,patient21,CATMIL,2,246,29,16.826137841507407,True
3D-MR-MS,patient21,CATMIL,2,247,59,32.62403592493943,True
3D-MR-MS,patient21,CATMIL,2,248,38,31.066851850873192,True
3D-MR-MS,patient21,CATMIL,2,249,1,41.70341809966938,False
3D-MR-MS,patient21,CATMIL,3,1,332,20.196786085190116,True
3D-MR-MS,patient21,CATMIL,3,2,55,28.315536213950228,True
3D-MR-MS,patient21,CATMIL,3,3,18,22.041185109214904,False
3D-MR-MS,patient21,CATMIL,3,4,239,32.668526140215604,True
3D-MR-MS,patient21,CATMIL,3,5,113,29.232549862347287,True
3D-MR-MS,patient21,CATMIL,3,6,169550,0.0,True
3D-MR-MS,patient21,CATMIL,3,7,185,24.69111477542685,True
3D-MR-MS,patient21,CATMIL,3,8,507,10.137609863626674,True
3D-MR-MS,patient21,CATMIL,3,9,130,21.61056717172016,True
3D-MR-MS,patient21,CATMIL,3,10,229,27.35010648249901,True
3D-MR-MS,patient21,CATMIL,3,11,11,19.369580064769824,True
3D-MR-MS,patient21,CATMIL,3,12,88,24.472007591912302,True
3D-MR-MS,patient21,CATMIL,3,13,1,18.799672927953523,False
3D-MR-MS,patient21,CATMIL,3,14,1,30.05397568615619,False
3D-MR-MS,patient21,CATMIL,3,15,45,20.08769864670737,True
3D-MR-MS,patient21,CATMIL,3,16,437,10.317084341473711,True
3D-MR-MS,patient21,CATMIL,3,17,1,24.80442994491348,False
3D-MR-MS,patient21,CATMIL,3,18,838,12.200456348858097,True
3D-MR-MS,patient21,CATMIL,3,19,2,24.009153885365013,False
3D-MR-MS,patient21,CATMIL,3,20,55,19.43376798808904,True
3D-MR-MS,patient21,CATMIL,3,21,2,29.052821264313348,True
3D-MR-MS,patient21,CATMIL,3,22,1,21.686294415299994,True
3D-MR-MS,patient21,CATMIL,3,23,10,26.958486881752346,True
3D-MR-MS,patient21,CATMIL,3,24,41,24.881064983907525,True
3D-MR-MS,patient21,CATMIL,3,25,23,18.63883734650299,True
3D-MR-MS,patient21,CATMIL,3,26,101,6.400000095367432,True
3D-MR-MS,patient21,CATMIL,3,27,1,28.815709101437655,False
3D-MR-MS,patient21,CATMIL,3,28,1,22.43920291484556,False
3D-MR-MS,patient21,CATMIL,3,29,124,26.210855579231147,True
3D-MR-MS,patient21,CATMIL,3,30,78,21.759158579199187,True
3D-MR-MS,patient21,CATMIL,3,31,1,36.69528508159936,False
3D-MR-MS,patient21,CATMIL,3,32,72,15.594471602934727,True
3D-MR-MS,patient21,CATMIL,3,33,14,21.94755474929768,True
3D-MR-MS,patient21,CATMIL,3,34,124,13.338009779678996,True
3D-MR-MS,patient21,CATMIL,3,35,147,23.947962135469783,True
3D-MR-MS,patient21,CATMIL,3,36,129,32.961121259720954,True
3D-MR-MS,patient21,CATMIL,3,37,685,5.754807853838461,True
3D-MR-MS,patient21,CATMIL,3,38,988,27.314909081263217,True
3D-MR-MS,patient21,CATMIL,3,39,444,4.844657222326174,True
3D-MR-MS,patient21,CATMIL,3,40,2,31.290292149987565,False
3D-MR-MS,patient21,CATMIL,3,41,116,9.04624416859792,True
3D-MR-MS,patient21,CATMIL,3,42,230,8.92397153362178,True
3D-MR-MS,patient21,CATMIL,3,43,164,25.226725852156253,True
3D-MR-MS,patient21,CATMIL,3,44,7,26.452479047645294,False
3D-MR-MS,patient21,CATMIL,3,45,28,30.455903740004036,True
3D-MR-MS,patient21,CATMIL,3,46,83,9.391837087087481,True
3D-MR-MS,patient21,CATMIL,3,47,398,9.758988363062631,True
3D-MR-MS,patient21,CATMIL,3,48,1,26.80187805520201,True
3D-MR-MS,patient21,CATMIL,3,49,21,32.68384659432384,True
3D-MR-MS,patient21,CATMIL,3,50,16,12.892162514841413,True
3D-MR-MS,patient21,CATMIL,3,51,408,5.4585404979422645,True
3D-MR-MS,patient21,CATMIL,3,52,29,8.849492462605024,True
3D-MR-MS,patient21,CATMIL,3,53,80,34.6875,True
3D-MR-MS,patient21,CATMIL,3,54,344,6.882862004113971,True
3D-MR-MS,patient21,CATMIL,3,55,35,17.362190647541386,True
3D-MR-MS,patient21,CATMIL,3,56,16,7.5718667188119735,True
3D-MR-MS,patient21,CATMIL,3,57,116,10.584387488142406,True
3D-MR-MS,patient21,CATMIL,3,58,13,17.400666743691175,True
3D-MR-MS,patient21,CATMIL,3,59,273,17.32428980275822,True
3D-MR-MS,patient21,CATMIL,3,60,24,3.9954124178605075,True
3D-MR-MS,patient21,CATMIL,3,61,61,9.511385085627689,True
3D-MR-MS,patient21,CATMIL,3,62,71,14.038492061380824,True
3D-MR-MS,patient21,CATMIL,3,63,170,31.236493336003253,True
3D-MR-MS,patient21,CATMIL,3,64,71,28.92503850467793,True
3D-MR-MS,patient21,CATMIL,3,65,95,26.636026179670147,True
3D-MR-MS,patient21,CATMIL,3,66,294,5.675619486468044,True
3D-MR-MS,patient21,CATMIL,3,67,593,9.219226708452133,True
3D-MR-MS,patient21,CATMIL,3,68,188,22.322162669577985,True
3D-MR-MS,patient21,CATMIL,3,69,1,5.361356274473574,False
3D-MR-MS,patient21,CATMIL,3,70,254,0.9272144204947885,True
3D-MR-MS,patient21,CATMIL,3,71,102,30.933442926897833,True
3D-MR-MS,patient21,CATMIL,3,72,60,11.585028748425149,True
3D-MR-MS,patient21,CATMIL,3,73,160,5.483725985736843,True
3D-MR-MS,patient21,CATMIL,3,74,52,11.95082698498309,True
3D-MR-MS,patient21,CATMIL,3,75,15,37.42055856269483,False
3D-MR-MS,patient21,CATMIL,3,76,637,5.363301223973299,True
3D-MR-MS,patient21,CATMIL,3,77,69,10.458670543589044,True
3D-MR-MS,patient21,CATMIL,3,78,136,7.96875,True
3D-MR-MS,patient21,CATMIL,3,79,3,2.7697021534947557,False
3D-MR-MS,patient21,CATMIL,3,80,1,4.301643964423529,False
3D-MR-MS,patient21,CATMIL,3,81,1,4.5498798249691585,False
3D-MR-MS,patient21,CATMIL,3,82,645,24.08321835482737,True
3D-MR-MS,patient21,CATMIL,3,83,165,7.842465035406501,True
3D-MR-MS,patient21,CATMIL,3,84,1,0.46875,False
3D-MR-MS,patient21,CATMIL,3,85,1,0.800000011920929,False
3D-MR-MS,patient21,CATMIL,3,86,8,15.210919443363705,True
3D-MR-MS,patient21,CATMIL,3,87,252,26.396970266190806,True
3D-MR-MS,patient21,CATMIL,3,88,14,37.80029968491088,False
3D-MR-MS,patient21,CATMIL,3,89,6,14.9486425491581,True
3D-MR-MS,patient21,CATMIL,3,90,5,15.551277331421813,False
3D-MR-MS,patient21,CATMIL,3,91,28,32.35696535312611,True
3D-MR-MS,patient21,CATMIL,3,92,26,12.897015461435254,True
3D-MR-MS,patient21,CATMIL,3,93,42,20.625,True
3D-MR-MS,patient21,CATMIL,3,94,1,4.780330793993236,False
3D-MR-MS,patient21,CATMIL,3,95,5,16.513045269195505,False
3D-MR-MS,patient21,CATMIL,3,96,149,29.49908970382026,True
3D-MR-MS,patient21,CATMIL,3,97,253,22.662305319991926,True
3D-MR-MS,patient21,CATMIL,3,98,248,29.125631134660576,True
3D-MR-MS,patient21,CATMIL,3,99,3,0.46875,False
3D-MR-MS,patient21,CATMIL,3,100,479,16.40625,True
3D-MR-MS,patient21,CATMIL,3,101,69,36.81933093515195,False
3D-MR-MS,patient21,CATMIL,3,102,122,22.098981883905324,True
3D-MR-MS,patient21,CATMIL,3,103,291,10.532360879054872,True
3D-MR-MS,patient21,CATMIL,3,104,41,13.825007088574873,True
3D-MR-MS,patient21,CATMIL,3,105,403,16.472128469376553,True
3D-MR-MS,patient21,CATMIL,3,106,1,30.4587041159282,False
3D-MR-MS,patient21,CATMIL,3,107,33,15.147331144352176,True
3D-MR-MS,patient21,CATMIL,3,108,27,29.56387162589226,True
3D-MR-MS,patient21,CATMIL,3,109,42,30.077796296144246,True
3D-MR-MS,patient21,CATMIL,3,110,9,16.017612379074915,True
3D-MR-MS,patient21,CATMIL,3,111,127,12.921803582765584,True
3D-MR-MS,patient21,CATMIL,3,112,138,20.21396195993442,True
3D-MR-MS,patient21,CATMIL,3,113,310,25.998577187928216,True
3D-MR-MS,patient21,CATMIL,3,114,238,22.45896345265462,True
3D-MR-MS,patient21,CATMIL,3,115,151,21.23087469425608,True
3D-MR-MS,patient21,CATMIL,3,116,135,28.7096054567833,True
3D-MR-MS,patient21,CATMIL,3,117,40,37.126315315142634,False
3D-MR-MS,patient21,CATMIL,3,118,63,30.914429033606744,True
3D-MR-MS,patient21,CATMIL,3,119,114,29.92539820967822,True
3D-MR-MS,patient21,CATMIL,3,120,5,36.29636379661973,True
3D-MR-MS,patient21,CATMIL,3,121,29,7.71265200398675,True
3D-MR-MS,patient21,CATMIL,3,122,55,31.36695373736885,True
3D-MR-MS,patient21,CATMIL,3,123,163,18.583574972192537,True
3D-MR-MS,patient21,CATMIL,3,124,6,26.82076578416704,False
3D-MR-MS,patient21,CATMIL,3,125,26,21.601463098776726,False
3D-MR-MS,patient21,CATMIL,3,126,51,28.597916496519368,True
3D-MR-MS,patient21,CATMIL,3,127,13,17.65052342705863,False
3D-MR-MS,patient21,CATMIL,3,128,114,35.41929325961387,True
3D-MR-MS,patient21,CATMIL,3,129,61,1.232439154308839,True
3D-MR-MS,patient21,CATMIL,3,130,103,3.4735833470745288,True
3D-MR-MS,patient21,CATMIL,3,131,855,12.249655608182357,True
3D-MR-MS,patient21,CATMIL,3,132,90,0.46875,True
3D-MR-MS,patient21,CATMIL,3,133,142,29.156166272794458,True
3D-MR-MS,patient21,CATMIL,3,134,243,33.19768920692839,True
3D-MR-MS,patient21,CATMIL,3,135,531,15.116733278059781,True
3D-MR-MS,patient21,CATMIL,3,136,269,25.48402848860071,True
3D-MR-MS,patient21,CATMIL,3,137,11,28.30340983502407,True
3D-MR-MS,patient21,CATMIL,3,138,151,19.136275279039435,True
3D-MR-MS,patient21,CATMIL,3,139,228,22.953312108761942,True
3D-MR-MS,patient21,CATMIL,3,140,43,20.127441775591095,True
3D-MR-MS,patient21,CATMIL,3,141,95,4.518339367961805,True
3D-MR-MS,patient21,CATMIL,3,142,28,32.81871906396021,True
3D-MR-MS,patient21,CATMIL,3,143,150,9.330532047887804,False
3D-MR-MS,patient21,CATMIL,3,144,2,31.95339693717614,False
3D-MR-MS,patient21,CATMIL,3,145,81,33.291970739555495,True
3D-MR-MS,patient21,CATMIL,3,146,103,36.69363032162135,True
3D-MR-MS,patient21,CATMIL,3,147,7,10.481568644530265,False
3D-MR-MS,patient21,CATMIL,3,148,131,30.129470668210917,True
3D-MR-MS,patient21,CATMIL,3,149,1,32.767784487134804,False
3D-MR-MS,patient21,CATMIL,3,150,930,23.869132982943732,True
3D-MR-MS,patient21,CATMIL,3,151,23,30.33634700493839,False
3D-MR-MS,patient21,CATMIL,3,152,183,29.900959563406992,True
3D-MR-MS,patient21,CATMIL,3,153,77,16.162787604372998,True
3D-MR-MS,patient21,CATMIL,3,154,146,17.254283888909253,True
3D-MR-MS,patient21,CATMIL,3,155,18,4.826076628587656,True
3D-MR-MS,patient21,CATMIL,3,156,59,37.03125,True
3D-MR-MS,patient21,CATMIL,3,157,163,27.607972706025436,True
3D-MR-MS,patient21,CATMIL,3,158,69,24.553386528075936,False
3D-MR-MS,patient21,CATMIL,3,159,136,20.6346805049009,True
3D-MR-MS,patient21,CATMIL,3,160,12,3.9120507028020413,True
3D-MR-MS,patient21,CATMIL,3,161,1,0.9272144204947885,False
3D-MR-MS,patient21,CATMIL,3,162,1,3.57648572926852,False
3D-MR-MS,patient21,CATMIL,3,163,5,0.9272144204947885,False
3D-MR-MS,patient21,CATMIL,3,164,128,7.081296900756342,True
3D-MR-MS,patient21,CATMIL,3,165,106,26.109053170705046,True
3D-MR-MS,patient21,CATMIL,3,166,40,16.04203585066937,True
3D-MR-MS,patient21,CATMIL,3,167,7,14.373241746268006,True
3D-MR-MS,patient21,CATMIL,3,168,48,10.175378149442967,True
3D-MR-MS,patient21,CATMIL,3,169,60,9.586073892457817,True
3D-MR-MS,patient21,CATMIL,3,170,125,8.802063873329697,True
3D-MR-MS,patient21,CATMIL,3,171,65,8.904493286349624,True
3D-MR-MS,patient21,CATMIL,3,172,101,2.327325802029863,True
3D-MR-MS,patient21,CATMIL,3,173,369,0.800000011920929,True
3D-MR-MS,patient21,CATMIL,3,174,422,24.676089930014466,True
3D-MR-MS,patient21,CATMIL,3,175,43,18.224692435475443,True
3D-MR-MS,patient21,CATMIL,3,176,156,3.495359690743684,True
3D-MR-MS,patient21,CATMIL,3,177,63,24.84375,True
3D-MR-MS,patient21,CATMIL,3,178,12,5.663927800122456,True
3D-MR-MS,patient21,CATMIL,3,179,21,15.713426066491701,True
3D-MR-MS,patient21,CATMIL,3,180,174,25.364151776307708,True
3D-MR-MS,patient21,CATMIL,3,181,161,8.331531316725245,True
3D-MR-MS,patient21,CATMIL,3,182,1,24.018294670321453,False
3D-MR-MS,patient21,CATMIL,3,183,565,5.174490530394805,True
3D-MR-MS,patient21,CATMIL,3,184,4,12.067220617631918,False
3D-MR-MS,patient21,CATMIL,3,185,83,10.529708729598164,True
3D-MR-MS,patient21,CATMIL,3,186,13,11.20316815611376,True
3D-MR-MS,patient21,CATMIL,3,187,8,21.021827388078357,False
3D-MR-MS,patient21,CATMIL,3,188,85,11.538580054320047,True
3D-MR-MS,patient21,CATMIL,3,189,15,6.8317561318963325,True
3D-MR-MS,patient21,CATMIL,3,190,164,11.60503837164929,True
3D-MR-MS,patient21,CATMIL,3,191,142,6.990719381487368,True
3D-MR-MS,patient21,CATMIL,3,192,497,0.800000011920929,True
3D-MR-MS,patient21,CATMIL,3,193,29,13.364823816424723,True
3D-MR-MS,patient21,CATMIL,3,194,213,26.382434544543095,True
3D-MR-MS,patient21,CATMIL,3,195,96,15.9375,True
3D-MR-MS,patient21,CATMIL,3,196,10,13.498625579382097,True
3D-MR-MS,patient21,CATMIL,3,197,69,7.912433450428029,True
3D-MR-MS,patient21,CATMIL,3,198,265,26.722861525761047,True
3D-MR-MS,patient21,CATMIL,3,199,47,34.41039315289271,True
3D-MR-MS,patient21,CATMIL,3,200,53,8.00000011920929,True
3D-MR-MS,patient21,CATMIL,3,201,1046,10.846579368472904,True
3D-MR-MS,patient21,CATMIL,3,202,26,9.964799374878226,True
3D-MR-MS,patient21,CATMIL,3,203,18,13.162096472746729,True
3D-MR-MS,patient21,CATMIL,3,204,218,11.19555237283502,True
3D-MR-MS,patient21,CATMIL,3,205,14,9.859786657574892,True
3D-MR-MS,patient21,CATMIL,3,206,326,7.440136191290613,True
3D-MR-MS,patient21,CATMIL,3,207,20,18.664481076911617,False
3D-MR-MS,patient21,CATMIL,3,208,144,12.476416925907937,True
3D-MR-MS,patient21,CATMIL,3,209,28,11.609778459194734,True
3D-MR-MS,patient21,CATMIL,3,210,1,9.611437421586952,True
3D-MR-MS,patient21,CATMIL,3,211,52,2.181115701033291,True
3D-MR-MS,patient21,CATMIL,3,212,44,16.458517945940248,True
3D-MR-MS,patient21,CATMIL,3,213,228,17.12115056565693,True
3D-MR-MS,patient21,CATMIL,3,214,24,19.377534204934417,False
3D-MR-MS,patient21,CATMIL,3,215,4,10.242354349483904,False
3D-MR-MS,patient21,CATMIL,3,216,150,12.802969016013433,True
3D-MR-MS,patient21,CATMIL,3,217,5,1.40625,False
3D-MR-MS,patient21,CATMIL,3,218,304,22.9817490071972,True
3D-MR-MS,patient21,CATMIL,3,219,100,27.192636044200434,True
3D-MR-MS,patient21,CATMIL,3,220,90,11.848266117386263,True
3D-MR-MS,patient21,CATMIL,3,221,12,30.1521558911268,False
3D-MR-MS,patient21,CATMIL,3,222,258,12.970525669101177,True
3D-MR-MS,patient21,CATMIL,3,223,275,18.104628893091608,True
3D-MR-MS,patient21,CATMIL,3,224,251,6.685458307640781,True
3D-MR-MS,patient21,CATMIL,3,225,12,4.800000071525574,True
3D-MR-MS,patient21,CATMIL,3,226,12,11.165999014713464,False
3D-MR-MS,patient21,CATMIL,3,227,1,21.306184300718343,False
3D-MR-MS,patient21,CATMIL,3,228,16,16.869038524895085,True
3D-MR-MS,patient21,CATMIL,3,229,382,18.929331196428137,True
3D-MR-MS,patient21,CATMIL,3,230,92,17.51252469340836,True
3D-MR-MS,patient21,CATMIL,3,231,258,21.438095951082328,True
3D-MR-MS,patient21,CATMIL,3,232,221,23.61769845059637,True
3D-MR-MS,patient21,CATMIL,3,233,151,25.3417895637634,True
3D-MR-MS,patient21,CATMIL,3,234,201,37.53497147023062,True
3D-MR-MS,patient21,CATMIL,3,235,78,25.375746148700774,True
3D-MR-MS,patient21,CATMIL,3,236,59,21.683182419943975,True
3D-MR-MS,patient21,CATMIL,3,237,159,27.304204641108424,True
3D-MR-MS,patient21,CATMIL,3,238,20,27.66862326972776,True
3D-MR-MS,patient21,CATMIL,3,239,35,15.929043272423412,True
3D-MR-MS,patient21,CATMIL,3,240,23,38.279166350539946,True
3D-MR-MS,patient21,CATMIL,3,241,159,29.961529153843315,True
3D-MR-MS,patient21,CATMIL,3,242,562,31.42707438029532,True
3D-MR-MS,patient21,CATMIL,3,243,140,35.972048716738314,True
3D-MR-MS,patient21,CATMIL,3,244,269,18.611828622180237,True
3D-MR-MS,patient21,CATMIL,3,245,1,21.515329960148588,False
3D-MR-MS,patient21,CATMIL,3,246,29,16.826137841507407,True
3D-MR-MS,patient21,CATMIL,3,247,59,32.62403592493943,True
3D-MR-MS,patient21,CATMIL,3,248,38,31.066851850873192,True
3D-MR-MS,patient21,CATMIL,3,249,1,41.70341809966938,False
3D-MR-MS,patient21,CATMIL,4,1,332,20.196786085190116,True
3D-MR-MS,patient21,CATMIL,4,2,55,28.315536213950228,True
3D-MR-MS,patient21,CATMIL,4,3,18,22.041185109214904,False
3D-MR-MS,patient21,CATMIL,4,4,239,32.668526140215604,True
3D-MR-MS,patient21,CATMIL,4,5,113,29.232549862347287,True
3D-MR-MS,patient21,CATMIL,4,6,169550,0.0,True
3D-MR-MS,patient21,CATMIL,4,7,185,24.69111477542685,True
3D-MR-MS,patient21,CATMIL,4,8,507,10.137609863626674,True
3D-MR-MS,patient21,CATMIL,4,9,130,21.61056717172016,True
3D-MR-MS,patient21,CATMIL,4,10,229,27.35010648249901,True
3D-MR-MS,patient21,CATMIL,4,11,11,19.369580064769824,True
3D-MR-MS,patient21,CATMIL,4,12,88,24.472007591912302,True
3D-MR-MS,patient21,CATMIL,4,13,1,18.799672927953523,False
3D-MR-MS,patient21,CATMIL,4,14,1,30.05397568615619,False
3D-MR-MS,patient21,CATMIL,4,15,45,20.08769864670737,True
3D-MR-MS,patient21,CATMIL,4,16,437,10.317084341473711,True
3D-MR-MS,patient21,CATMIL,4,17,1,24.80442994491348,False
3D-MR-MS,patient21,CATMIL,4,18,838,12.200456348858097,True
3D-MR-MS,patient21,CATMIL,4,19,2,24.009153885365013,False
3D-MR-MS,patient21,CATMIL,4,20,55,19.43376798808904,True
3D-MR-MS,patient21,CATMIL,4,21,2,29.052821264313348,True
3D-MR-MS,patient21,CATMIL,4,22,1,21.686294415299994,True
3D-MR-MS,patient21,CATMIL,4,23,10,26.958486881752346,True
3D-MR-MS,patient21,CATMIL,4,24,41,24.881064983907525,True
3D-MR-MS,patient21,CATMIL,4,25,23,18.63883734650299,True
3D-MR-MS,patient21,CATMIL,4,26,101,6.400000095367432,True
3D-MR-MS,patient21,CATMIL,4,27,1,28.815709101437655,False
3D-MR-MS,patient21,CATMIL,4,28,1,22.43920291484556,False
3D-MR-MS,patient21,CATMIL,4,29,124,26.210855579231147,True
3D-MR-MS,patient21,CATMIL,4,30,78,21.759158579199187,True
3D-MR-MS,patient21,CATMIL,4,31,1,36.69528508159936,False
3D-MR-MS,patient21,CATMIL,4,32,72,15.594471602934727,True
3D-MR-MS,patient21,CATMIL,4,33,14,21.94755474929768,True
3D-MR-MS,patient21,CATMIL,4,34,124,13.338009779678996,True
3D-MR-MS,patient21,CATMIL,4,35,147,23.947962135469783,True
3D-MR-MS,patient21,CATMIL,4,36,129,32.961121259720954,True
3D-MR-MS,patient21,CATMIL,4,37,685,5.754807853838461,True
3D-MR-MS,patient21,CATMIL,4,38,988,27.314909081263217,True
3D-MR-MS,patient21,CATMIL,4,39,444,4.844657222326174,True
3D-MR-MS,patient21,CATMIL,4,40,2,31.290292149987565,False
3D-MR-MS,patient21,CATMIL,4,41,116,9.04624416859792,True
3D-MR-MS,patient21,CATMIL,4,42,230,8.92397153362178,True
3D-MR-MS,patient21,CATMIL,4,43,164,25.226725852156253,True
3D-MR-MS,patient21,CATMIL,4,44,7,26.452479047645294,False
3D-MR-MS,patient21,CATMIL,4,45,28,30.455903740004036,True
3D-MR-MS,patient21,CATMIL,4,46,83,9.391837087087481,True
3D-MR-MS,patient21,CATMIL,4,47,398,9.758988363062631,True
3D-MR-MS,patient21,CATMIL,4,48,1,26.80187805520201,True
3D-MR-MS,patient21,CATMIL,4,49,21,32.68384659432384,True
3D-MR-MS,patient21,CATMIL,4,50,16,12.892162514841413,True
3D-MR-MS,patient21,CATMIL,4,51,408,5.4585404979422645,True
3D-MR-MS,patient21,CATMIL,4,52,29,8.849492462605024,True
3D-MR-MS,patient21,CATMIL,4,53,80,34.6875,True
3D-MR-MS,patient21,CATMIL,4,54,344,6.882862004113971,True
3D-MR-MS,patient21,CATMIL,4,55,35,17.362190647541386,True
3D-MR-MS,patient21,CATMIL,4,56,16,7.5718667188119735,True
3D-MR-MS,patient21,CATMIL,4,57,116,10.584387488142406,True
3D-MR-MS,patient21,CATMIL,4,58,13,17.400666743691175,True
3D-MR-MS,patient21,CATMIL,4,59,273,17.32428980275822,True
3D-MR-MS,patient21,CATMIL,4,60,24,3.9954124178605075,True
3D-MR-MS,patient21,CATMIL,4,61,61,9.511385085627689,True
3D-MR-MS,patient21,CATMIL,4,62,71,14.038492061380824,True
3D-MR-MS,patient21,CATMIL,4,63,170,31.236493336003253,True
3D-MR-MS,patient21,CATMIL,4,64,71,28.92503850467793,True
3D-MR-MS,patient21,CATMIL,4,65,95,26.636026179670147,True
3D-MR-MS,patient21,CATMIL,4,66,294,5.675619486468044,True
3D-MR-MS,patient21,CATMIL,4,67,593,9.219226708452133,True
3D-MR-MS,patient21,CATMIL,4,68,188,22.322162669577985,True
3D-MR-MS,patient21,CATMIL,4,69,1,5.361356274473574,False
3D-MR-MS,patient21,CATMIL,4,70,254,0.9272144204947885,True
3D-MR-MS,patient21,CATMIL,4,71,102,30.933442926897833,True
3D-MR-MS,patient21,CATMIL,4,72,60,11.585028748425149,True
3D-MR-MS,patient21,CATMIL,4,73,160,5.483725985736843,True
3D-MR-MS,patient21,CATMIL,4,74,52,11.95082698498309,True
3D-MR-MS,patient21,CATMIL,4,75,15,37.42055856269483,False
3D-MR-MS,patient21,CATMIL,4,76,637,5.363301223973299,True
3D-MR-MS,patient21,CATMIL,4,77,69,10.458670543589044,True
3D-MR-MS,patient21,CATMIL,4,78,136,7.96875,True
3D-MR-MS,patient21,CATMIL,4,79,3,2.7697021534947557,False
3D-MR-MS,patient21,CATMIL,4,80,1,4.301643964423529,False
3D-MR-MS,patient21,CATMIL,4,81,1,4.5498798249691585,False
3D-MR-MS,patient21,CATMIL,4,82,645,24.08321835482737,True
3D-MR-MS,patient21,CATMIL,4,83,165,7.842465035406501,True
3D-MR-MS,patient21,CATMIL,4,84,1,0.46875,False
3D-MR-MS,patient21,CATMIL,4,85,1,0.800000011920929,False
3D-MR-MS,patient21,CATMIL,4,86,8,15.210919443363705,False
3D-MR-MS,patient21,CATMIL,4,87,252,26.396970266190806,True
3D-MR-MS,patient21,CATMIL,4,88,14,37.80029968491088,False
3D-MR-MS,patient21,CATMIL,4,89,6,14.9486425491581,True
3D-MR-MS,patient21,CATMIL,4,90,5,15.551277331421813,False
3D-MR-MS,patient21,CATMIL,4,91,28,32.35696535312611,True
3D-MR-MS,patient21,CATMIL,4,92,26,12.897015461435254,True
3D-MR-MS,patient21,CATMIL,4,93,42,20.625,True
3D-MR-MS,patient21,CATMIL,4,94,1,4.780330793993236,False
3D-MR-MS,patient21,CATMIL,4,95,5,16.513045269195505,False
3D-MR-MS,patient21,CATMIL,4,96,149,29.49908970382026,True
3D-MR-MS,patient21,CATMIL,4,97,253,22.662305319991926,True
3D-MR-MS,patient21,CATMIL,4,98,248,29.125631134660576,True
3D-MR-MS,patient21,CATMIL,4,99,3,0.46875,False
3D-MR-MS,patient21,CATMIL,4,100,479,16.40625,True
3D-MR-MS,patient21,CATMIL,4,101,69,36.81933093515195,False
3D-MR-MS,patient21,CATMIL,4,102,122,22.098981883905324,True
3D-MR-MS,patient21,CATMIL,4,103,291,10.532360879054872,True
3D-MR-MS,patient21,CATMIL,4,104,41,13.825007088574873,True
3D-MR-MS,patient21,CATMIL,4,105,403,16.472128469376553,True
3D-MR-MS,patient21,CATMIL,4,106,1,30.4587041159282,False
3D-MR-MS,patient21,CATMIL,4,107,33,15.147331144352176,True
3D-MR-MS,patient21,CATMIL,4,108,27,29.56387162589226,True
3D-MR-MS,patient21,CATMIL,4,109,42,30.077796296144246,True
3D-MR-MS,patient21,CATMIL,4,110,9,16.017612379074915,True
3D-MR-MS,patient21,CATMIL,4,111,127,12.921803582765584,True
3D-MR-MS,patient21,CATMIL,4,112,138,20.21396195993442,True
3D-MR-MS,patient21,CATMIL,4,113,310,25.998577187928216,True
3D-MR-MS,patient21,CATMIL,4,114,238,22.45896345265462,True
3D-MR-MS,patient21,CATMIL,4,115,151,21.23087469425608,True
3D-MR-MS,patient21,CATMIL,4,116,135,28.7096054567833,True
3D-MR-MS,patient21,CATMIL,4,117,40,37.126315315142634,False
3D-MR-MS,patient21,CATMIL,4,118,63,30.914429033606744,True
3D-MR-MS,patient21,CATMIL,4,119,114,29.92539820967822,True
3D-MR-MS,patient21,CATMIL,4,120,5,36.29636379661973,False
3D-MR-MS,patient21,CATMIL,4,121,29,7.71265200398675,True
3D-MR-MS,patient21,CATMIL,4,122,55,31.36695373736885,True
3D-MR-MS,patient21,CATMIL,4,123,163,18.583574972192537,True
3D-MR-MS,patient21,CATMIL,4,124,6,26.82076578416704,False
3D-MR-MS,patient21,CATMIL,4,125,26,21.601463098776726,False
3D-MR-MS,patient21,CATMIL,4,126,51,28.597916496519368,True
3D-MR-MS,patient21,CATMIL,4,127,13,17.65052342705863,False
3D-MR-MS,patient21,CATMIL,4,128,114,35.41929325961387,True
3D-MR-MS,patient21,CATMIL,4,129,61,1.232439154308839,True
3D-MR-MS,patient21,CATMIL,4,130,103,3.4735833470745288,True
3D-MR-MS,patient21,CATMIL,4,131,855,12.249655608182357,True
3D-MR-MS,patient21,CATMIL,4,132,90,0.46875,True
3D-MR-MS,patient21,CATMIL,4,133,142,29.156166272794458,True
3D-MR-MS,patient21,CATMIL,4,134,243,33.19768920692839,True
3D-MR-MS,patient21,CATMIL,4,135,531,15.116733278059781,True
3D-MR-MS,patient21,CATMIL,4,136,269,25.48402848860071,True
3D-MR-MS,patient21,CATMIL,4,137,11,28.30340983502407,False
3D-MR-MS,patient21,CATMIL,4,138,151,19.136275279039435,True
3D-MR-MS,patient21,CATMIL,4,139,228,22.953312108761942,True
3D-MR-MS,patient21,CATMIL,4,140,43,20.127441775591095,False
3D-MR-MS,patient21,CATMIL,4,141,95,4.518339367961805,True
3D-MR-MS,patient21,CATMIL,4,142,28,32.81871906396021,True
3D-MR-MS,patient21,CATMIL,4,143,150,9.330532047887804,False
3D-MR-MS,patient21,CATMIL,4,144,2,31.95339693717614,False
3D-MR-MS,patient21,CATMIL,4,145,81,33.291970739555495,True
3D-MR-MS,patient21,CATMIL,4,146,103,36.69363032162135,True
3D-MR-MS,patient21,CATMIL,4,147,7,10.481568644530265,False
3D-MR-MS,patient21,CATMIL,4,148,131,30.129470668210917,True
3D-MR-MS,patient21,CATMIL,4,149,1,32.767784487134804,False
3D-MR-MS,patient21,CATMIL,4,150,930,23.869132982943732,True
3D-MR-MS,patient21,CATMIL,4,151,23,30.33634700493839,True
3D-MR-MS,patient21,CATMIL,4,152,183,29.900959563406992,True
3D-MR-MS,patient21,CATMIL,4,153,77,16.162787604372998,True
3D-MR-MS,patient21,CATMIL,4,154,146,17.254283888909253,True
3D-MR-MS,patient21,CATMIL,4,155,18,4.826076628587656,True
3D-MR-MS,patient21,CATMIL,4,156,59,37.03125,True
3D-MR-MS,patient21,CATMIL,4,157,163,27.607972706025436,True
3D-MR-MS,patient21,CATMIL,4,158,69,24.553386528075936,True
3D-MR-MS,patient21,CATMIL,4,159,136,20.6346805049009,True
3D-MR-MS,patient21,CATMIL,4,160,12,3.9120507028020413,True
3D-MR-MS,patient21,CATMIL,4,161,1,0.9272144204947885,False
3D-MR-MS,patient21,CATMIL,4,162,1,3.57648572926852,False
3D-MR-MS,patient21,CATMIL,4,163,5,0.9272144204947885,False
3D-MR-MS,patient21,CATMIL,4,164,128,7.081296900756342,True
3D-MR-MS,patient21,CATMIL,4,165,106,26.109053170705046,True
3D-MR-MS,patient21,CATMIL,4,166,40,16.04203585066937,True
3D-MR-MS,patient21,CATMIL,4,167,7,14.373241746268006,True
3D-MR-MS,patient21,CATMIL,4,168,48,10.175378149442967,True
3D-MR-MS,patient21,CATMIL,4,169,60,9.586073892457817,True
3D-MR-MS,patient21,CATMIL,4,170,125,8.802063873329697,True
3D-MR-MS,patient21,CATMIL,4,171,65,8.904493286349624,True
3D-MR-MS,patient21,CATMIL,4,172,101,2.327325802029863,True
3D-MR-MS,patient21,CATMIL,4,173,369,0.800000011920929,True
3D-MR-MS,patient21,CATMIL,4,174,422,24.676089930014466,True
3D-MR-MS,patient21,CATMIL,4,175,43,18.224692435475443,True
3D-MR-MS,patient21,CATMIL,4,176,156,3.495359690743684,True
3D-MR-MS,patient21,CATMIL,4,177,63,24.84375,True
3D-MR-MS,patient21,CATMIL,4,178,12,5.663927800122456,True
3D-MR-MS,patient21,CATMIL,4,179,21,15.713426066491701,True
3D-MR-MS,patient21,CATMIL,4,180,174,25.364151776307708,True
3D-MR-MS,patient21,CATMIL,4,181,161,8.331531316725245,True
3D-MR-MS,patient21,CATMIL,4,182,1,24.018294670321453,False
3D-MR-MS,patient21,CATMIL,4,183,565,5.174490530394805,True
3D-MR-MS,patient21,CATMIL,4,184,4,12.067220617631918,False
3D-MR-MS,patient21,CATMIL,4,185,83,10.529708729598164,True
3D-MR-MS,patient21,CATMIL,4,186,13,11.20316815611376,True
3D-MR-MS,patient21,CATMIL,4,187,8,21.021827388078357,False
3D-MR-MS,patient21,CATMIL,4,188,85,11.538580054320047,True
3D-MR-MS,patient21,CATMIL,4,189,15,6.8317561318963325,True
3D-MR-MS,patient21,CATMIL,4,190,164,11.60503837164929,True
3D-MR-MS,patient21,CATMIL,4,191,142,6.990719381487368,True
3D-MR-MS,patient21,CATMIL,4,192,497,0.800000011920929,True
3D-MR-MS,patient21,CATMIL,4,193,29,13.364823816424723,True
3D-MR-MS,patient21,CATMIL,4,194,213,26.382434544543095,True
3D-MR-MS,patient21,CATMIL,4,195,96,15.9375,True
3D-MR-MS,patient21,CATMIL,4,196,10,13.498625579382097,True
3D-MR-MS,patient21,CATMIL,4,197,69,7.912433450428029,True
3D-MR-MS,patient21,CATMIL,4,198,265,26.722861525761047,True
3D-MR-MS,patient21,CATMIL,4,199,47,34.41039315289271,True
3D-MR-MS,patient21,CATMIL,4,200,53,8.00000011920929,True
3D-MR-MS,patient21,CATMIL,4,201,1046,10.846579368472904,True
3D-MR-MS,patient21,CATMIL,4,202,26,9.964799374878226,True
3D-MR-MS,patient21,CATMIL,4,203,18,13.162096472746729,True
3D-MR-MS,patient21,CATMIL,4,204,218,11.19555237283502,True
3D-MR-MS,patient21,CATMIL,4,205,14,9.859786657574892,True
3D-MR-MS,patient21,CATMIL,4,206,326,7.440136191290613,True
3D-MR-MS,patient21,CATMIL,4,207,20,18.664481076911617,False
3D-MR-MS,patient21,CATMIL,4,208,144,12.476416925907937,True
3D-MR-MS,patient21,CATMIL,4,209,28,11.609778459194734,True
3D-MR-MS,patient21,CATMIL,4,210,1,9.611437421586952,True
3D-MR-MS,patient21,CATMIL,4,211,52,2.181115701033291,True
3D-MR-MS,patient21,CATMIL,4,212,44,16.458517945940248,True
3D-MR-MS,patient21,CATMIL,4,213,228,17.12115056565693,True
3D-MR-MS,patient21,CATMIL,4,214,24,19.377534204934417,False
3D-MR-MS,patient21,CATMIL,4,215,4,10.242354349483904,False
3D-MR-MS,patient21,CATMIL,4,216,150,12.802969016013433,True
3D-MR-MS,patient21,CATMIL,4,217,5,1.40625,False
3D-MR-MS,patient21,CATMIL,4,218,304,22.9817490071972,True
3D-MR-MS,patient21,CATMIL,4,219,100,27.192636044200434,True
3D-MR-MS,patient21,CATMIL,4,220,90,11.848266117386263,True
3D-MR-MS,patient21,CATMIL,4,221,12,30.1521558911268,False
3D-MR-MS,patient21,CATMIL,4,222,258,12.970525669101177,True
3D-MR-MS,patient21,CATMIL,4,223,275,18.104628893091608,True
3D-MR-MS,patient21,CATMIL,4,224,251,6.685458307640781,True
3D-MR-MS,patient21,CATMIL,4,225,12,4.800000071525574,True
3D-MR-MS,patient21,CATMIL,4,226,12,11.165999014713464,False
3D-MR-MS,patient21,CATMIL,4,227,1,21.306184300718343,False
3D-MR-MS,patient21,CATMIL,4,228,16,16.869038524895085,True
3D-MR-MS,patient21,CATMIL,4,229,382,18.929331196428137,True
3D-MR-MS,patient21,CATMIL,4,230,92,17.51252469340836,True
3D-MR-MS,patient21,CATMIL,4,231,258,21.438095951082328,True
3D-MR-MS,patient21,CATMIL,4,232,221,23.61769845059637,True
3D-MR-MS,patient21,CATMIL,4,233,151,25.3417895637634,True
3D-MR-MS,patient21,CATMIL,4,234,201,37.53497147023062,True
3D-MR-MS,patient21,CATMIL,4,235,78,25.375746148700774,True
3D-MR-MS,patient21,CATMIL,4,236,59,21.683182419943975,True
3D-MR-MS,patient21,CATMIL,4,237,159,27.304204641108424,True
3D-MR-MS,patient21,CATMIL,4,238,20,27.66862326972776,True
3D-MR-MS,patient21,CATMIL,4,239,35,15.929043272423412,True
3D-MR-MS,patient21,CATMIL,4,240,23,38.279166350539946,True
3D-MR-MS,patient21,CATMIL,4,241,159,29.961529153843315,True
3D-MR-MS,patient21,CATMIL,4,242,562,31.42707438029532,True
3D-MR-MS,patient21,CATMIL,4,243,140,35.972048716738314,True
3D-MR-MS,patient21,CATMIL,4,244,269,18.611828622180237,True
3D-MR-MS,patient21,CATMIL,4,245,1,21.515329960148588,False
3D-MR-MS,patient21,CATMIL,4,246,29,16.826137841507407,True
3D-MR-MS,patient21,CATMIL,4,247,59,32.62403592493943,True
3D-MR-MS,patient21,CATMIL,4,248,38,31.066851850873192,True
3D-MR-MS,patient21,CATMIL,4,249,1,41.70341809966938,False
3D-MR-MS,patient21,DiceCE,0,1,332,20.196786085190116,True
3D-MR-MS,patient21,DiceCE,0,2,55,28.315536213950228,False
3D-MR-MS,patient21,DiceCE,0,3,18,22.041185109214904,False
3D-MR-MS,patient21,DiceCE,0,4,239,32.668526140215604,True
3D-MR-MS,patient21,DiceCE,0,5,113,29.232549862347287,True
3D-MR-MS,patient21,DiceCE,0,6,169550,0.0,True
3D-MR-MS,patient21,DiceCE,0,7,185,24.69111477542685,True
3D-MR-MS,patient21,DiceCE,0,8,507,10.137609863626674,True
3D-MR-MS,patient21,DiceCE,0,9,130,21.61056717172016,True
3D-MR-MS,patient21,DiceCE,0,10,229,27.35010648249901,True
3D-MR-MS,patient21,DiceCE,0,11,11,19.369580064769824,False
3D-MR-MS,patient21,DiceCE,0,12,88,24.472007591912302,True
3D-MR-MS,patient21,DiceCE,0,13,1,18.799672927953523,False
3D-MR-MS,patient21,DiceCE,0,14,1,30.05397568615619,False
3D-MR-MS,patient21,DiceCE,0,15,45,20.08769864670737,True
3D-MR-MS,patient21,DiceCE,0,16,437,10.317084341473711,True
3D-MR-MS,patient21,DiceCE,0,17,1,24.80442994491348,False
3D-MR-MS,patient21,DiceCE,0,18,838,12.200456348858097,True
3D-MR-MS,patient21,DiceCE,0,19,2,24.009153885365013,False
3D-MR-MS,patient21,DiceCE,0,20,55,19.43376798808904,True
3D-MR-MS,patient21,DiceCE,0,21,2,29.052821264313348,True
3D-MR-MS,patient21,DiceCE,0,22,1,21.686294415299994,False
3D-MR-MS,patient21,DiceCE,0,23,10,26.958486881752346,False
3D-MR-MS,patient21,DiceCE,0,24,41,24.881064983907525,True
3D-MR-MS,patient21,DiceCE,0,25,23,18.63883734650299,True
3D-MR-MS,patient21,DiceCE,0,26,101,6.400000095367432,True
3D-MR-MS,patient21,DiceCE,0,27,1,28.815709101437655,False
3D-MR-MS,patient21,DiceCE,0,28,1,22.43920291484556,False
3D-MR-MS,patient21,DiceCE,0,29,124,26.210855579231147,True
3D-MR-MS,patient21,DiceCE,0,30,78,21.759158579199187,True
3D-MR-MS,patient21,DiceCE,0,31,1,36.69528508159936,False
3D-MR-MS,patient21,DiceCE,0,32,72,15.594471602934727,True
3D-MR-MS,patient21,DiceCE,0,33,14,21.94755474929768,False
3D-MR-MS,patient21,DiceCE,0,34,124,13.338009779678996,True
3D-MR-MS,patient21,DiceCE,0,35,147,23.947962135469783,True
3D-MR-MS,patient21,DiceCE,0,36,129,32.961121259720954,True
3D-MR-MS,patient21,DiceCE,0,37,685,5.754807853838461,True
3D-MR-MS,patient21,DiceCE,0,38,988,27.314909081263217,True
3D-MR-MS,patient21,DiceCE,0,39,444,4.844657222326174,True
3D-MR-MS,patient21,DiceCE,0,40,2,31.290292149987565,False
3D-MR-MS,patient21,DiceCE,0,41,116,9.04624416859792,True
3D-MR-MS,patient21,DiceCE,0,42,230,8.92397153362178,True
3D-MR-MS,patient21,DiceCE,0,43,164,25.226725852156253,True
3D-MR-MS,patient21,DiceCE,0,44,7,26.452479047645294,False
3D-MR-MS,patient21,DiceCE,0,45,28,30.455903740004036,False
3D-MR-MS,patient21,DiceCE,0,46,83,9.391837087087481,True
3D-MR-MS,patient21,DiceCE,0,47,398,9.758988363062631,True
3D-MR-MS,patient21,DiceCE,0,48,1,26.80187805520201,True
3D-MR-MS,patient21,DiceCE,0,49,21,32.68384659432384,False
3D-MR-MS,patient21,DiceCE,0,50,16,12.892162514841413,True
3D-MR-MS,patient21,DiceCE,0,51,408,5.4585404979422645,True
3D-MR-MS,patient21,DiceCE,0,52,29,8.849492462605024,True
3D-MR-MS,patient21,DiceCE,0,53,80,34.6875,True
3D-MR-MS,patient21,DiceCE,0,54,344,6.882862004113971,True
3D-MR-MS,patient21,DiceCE,0,55,35,17.362190647541386,True
3D-MR-MS,patient21,DiceCE,0,56,16,7.5718667188119735,True
3D-MR-MS,patient21,DiceCE,0,57,116,10.584387488142406,True
3D-MR-MS,patient21,DiceCE,0,58,13,17.400666743691175,False
3D-MR-MS,patient21,DiceCE,0,59,273,17.32428980275822,True
3D-MR-MS,patient21,DiceCE,0,60,24,3.9954124178605075,True
3D-MR-MS,patient21,DiceCE,0,61,61,9.511385085627689,True
3D-MR-MS,patient21,DiceCE,0,62,71,14.038492061380824,True
3D-MR-MS,patient21,DiceCE,0,63,170,31.236493336003253,True
3D-MR-MS,patient21,DiceCE,0,64,71,28.92503850467793,True
3D-MR-MS,patient21,DiceCE,0,65,95,26.636026179670147,True
3D-MR-MS,patient21,DiceCE,0,66,294,5.675619486468044,True
3D-MR-MS,patient21,DiceCE,0,67,593,9.219226708452133,True
3D-MR-MS,patient21,DiceCE,0,68,188,22.322162669577985,True
3D-MR-MS,patient21,DiceCE,0,69,1,5.361356274473574,False
3D-MR-MS,patient21,DiceCE,0,70,254,0.9272144204947885,True
3D-MR-MS,patient21,DiceCE,0,71,102,30.933442926897833,True
3D-MR-MS,patient21,DiceCE,0,72,60,11.585028748425149,True
3D-MR-MS,patient21,DiceCE,0,73,160,5.483725985736843,True
3D-MR-MS,patient21,DiceCE,0,74,52,11.95082698498309,True
3D-MR-MS,patient21,DiceCE,0,75,15,37.42055856269483,False
3D-MR-MS,patient21,DiceCE,0,76,637,5.363301223973299,True
3D-MR-MS,patient21,DiceCE,0,77,69,10.458670543589044,True
3D-MR-MS,patient21,DiceCE,0,78,136,7.96875,True
3D-MR-MS,patient21,DiceCE,0,79,3,2.7697021534947557,False
3D-MR-MS,patient21,DiceCE,0,80,1,4.301643964423529,False
3D-MR-MS,patient21,DiceCE,0,81,1,4.5498798249691585,False
3D-MR-MS,patient21,DiceCE,0,82,645,24.08321835482737,True
3D-MR-MS,patient21,DiceCE,0,83,165,7.842465035406501,True
3D-MR-MS,patient21,DiceCE,0,84,1,0.46875,False
3D-MR-MS,patient21,DiceCE,0,85,1,0.800000011920929,False
3D-MR-MS,patient21,DiceCE,0,86,8,15.210919443363705,False
3D-MR-MS,patient21,DiceCE,0,87,252,26.396970266190806,True
3D-MR-MS,patient21,DiceCE,0,88,14,37.80029968491088,False
3D-MR-MS,patient21,DiceCE,0,89,6,14.9486425491581,False
3D-MR-MS,patient21,DiceCE,0,90,5,15.551277331421813,False
3D-MR-MS,patient21,DiceCE,0,91,28,32.35696535312611,True
3D-MR-MS,patient21,DiceCE,0,92,26,12.897015461435254,True
3D-MR-MS,patient21,DiceCE,0,93,42,20.625,True
3D-MR-MS,patient21,DiceCE,0,94,1,4.780330793993236,False
3D-MR-MS,patient21,DiceCE,0,95,5,16.513045269195505,False
3D-MR-MS,patient21,DiceCE,0,96,149,29.49908970382026,True
3D-MR-MS,patient21,DiceCE,0,97,253,22.662305319991926,True
3D-MR-MS,patient21,DiceCE,0,98,248,29.125631134660576,True
3D-MR-MS,patient21,DiceCE,0,99,3,0.46875,False
3D-MR-MS,patient21,DiceCE,0,100,479,16.40625,True
3D-MR-MS,patient21,DiceCE,0,101,69,36.81933093515195,False
3D-MR-MS,patient21,DiceCE,0,102,122,22.098981883905324,True
3D-MR-MS,patient21,DiceCE,0,103,291,10.532360879054872,True
3D-MR-MS,patient21,DiceCE,0,104,41,13.825007088574873,True
3D-MR-MS,patient21,DiceCE,0,105,403,16.472128469376553,True
3D-MR-MS,patient21,DiceCE,0,106,1,30.4587041159282,False
3D-MR-MS,patient21,DiceCE,0,107,33,15.147331144352176,True
3D-MR-MS,patient21,DiceCE,0,108,27,29.56387162589226,True
3D-MR-MS,patient21,DiceCE,0,109,42,30.077796296144246,True
3D-MR-MS,patient21,DiceCE,0,110,9,16.017612379074915,True
3D-MR-MS,patient21,DiceCE,0,111,127,12.921803582765584,True
3D-MR-MS,patient21,DiceCE,0,112,138,20.21396195993442,True
3D-MR-MS,patient21,DiceCE,0,113,310,25.998577187928216,True
3D-MR-MS,patient21,DiceCE,0,114,238,22.45896345265462,True
3D-MR-MS,patient21,DiceCE,0,115,151,21.23087469425608,True
3D-MR-MS,patient21,DiceCE,0,116,135,28.7096054567833,True
3D-MR-MS,patient21,DiceCE,0,117,40,37.126315315142634,False
3D-MR-MS,patient21,DiceCE,0,118,63,30.914429033606744,True
3D-MR-MS,patient21,DiceCE,0,119,114,29.92539820967822,True
3D-MR-MS,patient21,DiceCE,0,120,5,36.29636379661973,False
3D-MR-MS,patient21,DiceCE,0,121,29,7.71265200398675,True
3D-MR-MS,patient21,DiceCE,0,122,55,31.36695373736885,True
3D-MR-MS,patient21,DiceCE,0,123,163,18.583574972192537,True
3D-MR-MS,patient21,DiceCE,0,124,6,26.82076578416704,False
3D-MR-MS,patient21,DiceCE,0,125,26,21.601463098776726,False
3D-MR-MS,patient21,DiceCE,0,126,51,28.597916496519368,True
3D-MR-MS,patient21,DiceCE,0,127,13,17.65052342705863,False
3D-MR-MS,patient21,DiceCE,0,128,114,35.41929325961387,True
3D-MR-MS,patient21,DiceCE,0,129,61,1.232439154308839,True
3D-MR-MS,patient21,DiceCE,0,130,103,3.4735833470745288,True
3D-MR-MS,patient21,DiceCE,0,131,855,12.249655608182357,True
3D-MR-MS,patient21,DiceCE,0,132,90,0.46875,True
3D-MR-MS,patient21,DiceCE,0,133,142,29.156166272794458,True
3D-MR-MS,patient21,DiceCE,0,134,243,33.19768920692839,True
3D-MR-MS,patient21,DiceCE,0,135,531,15.116733278059781,True
3D-MR-MS,patient21,DiceCE,0,136,269,25.48402848860071,True
3D-MR-MS,patient21,DiceCE,0,137,11,28.30340983502407,False
3D-MR-MS,patient21,DiceCE,0,138,151,19.136275279039435,True
3D-MR-MS,patient21,DiceCE,0,139,228,22.953312108761942,True
3D-MR-MS,patient21,DiceCE,0,140,43,20.127441775591095,False
3D-MR-MS,patient21,DiceCE,0,141,95,4.518339367961805,True
3D-MR-MS,patient21,DiceCE,0,142,28,32.81871906396021,True
3D-MR-MS,patient21,DiceCE,0,143,150,9.330532047887804,False
3D-MR-MS,patient21,DiceCE,0,144,2,31.95339693717614,False
3D-MR-MS,patient21,DiceCE,0,145,81,33.291970739555495,True
3D-MR-MS,patient21,DiceCE,0,146,103,36.69363032162135,True
3D-MR-MS,patient21,DiceCE,0,147,7,10.481568644530265,False
3D-MR-MS,patient21,DiceCE,0,148,131,30.129470668210917,True
3D-MR-MS,patient21,DiceCE,0,149,1,32.767784487134804,False
3D-MR-MS,patient21,DiceCE,0,150,930,23.869132982943732,True
3D-MR-MS,patient21,DiceCE,0,151,23,30.33634700493839,False
3D-MR-MS,patient21,DiceCE,0,152,183,29.900959563406992,True
3D-MR-MS,patient21,DiceCE,0,153,77,16.162787604372998,True
3D-MR-MS,patient21,DiceCE,0,154,146,17.254283888909253,True
3D-MR-MS,patient21,DiceCE,0,155,18,4.826076628587656,True
3D-MR-MS,patient21,DiceCE,0,156,59,37.03125,False
3D-MR-MS,patient21,DiceCE,0,157,163,27.607972706025436,False
3D-MR-MS,patient21,DiceCE,0,158,69,24.553386528075936,False
3D-MR-MS,patient21,DiceCE,0,159,136,20.6346805049009,True
3D-MR-MS,patient21,DiceCE,0,160,12,3.9120507028020413,True
3D-MR-MS,patient21,DiceCE,0,161,1,0.9272144204947885,False
3D-MR-MS,patient21,DiceCE,0,162,1,3.57648572926852,False
3D-MR-MS,patient21,DiceCE,0,163,5,0.9272144204947885,False
3D-MR-MS,patient21,DiceCE,0,164,128,7.081296900756342,True
3D-MR-MS,patient21,DiceCE,0,165,106,26.109053170705046,True
3D-MR-MS,patient21,DiceCE,0,166,40,16.04203585066937,True
3D-MR-MS,patient21,DiceCE,0,167,7,14.373241746268006,True
3D-MR-MS,patient21,DiceCE,0,168,48,10.175378149442967,True
3D-MR-MS,patient21,DiceCE,0,169,60,9.586073892457817,True
3D-MR-MS,patient21,DiceCE,0,170,125,8.802063873329697,True
3D-MR-MS,patient21,DiceCE,0,171,65,8.904493286349624,True
3D-MR-MS,patient21,DiceCE,0,172,101,2.327325802029863,True
3D-MR-MS,patient21,DiceCE,0,173,369,0.800000011920929,True
3D-MR-MS,patient21,DiceCE,0,174,422,24.676089930014466,True
3D-MR-MS,patient21,DiceCE,0,175,43,18.224692435475443,True
3D-MR-MS,patient21,DiceCE,0,176,156,3.495359690743684,True
3D-MR-MS,patient21,DiceCE,0,177,63,24.84375,True
3D-MR-MS,patient21,DiceCE,0,178,12,5.663927800122456,True
3D-MR-MS,patient21,DiceCE,0,179,21,15.713426066491701,True
3D-MR-MS,patient21,DiceCE,0,180,174,25.364151776307708,True
3D-MR-MS,patient21,DiceCE,0,181,161,8.331531316725245,True
3D-MR-MS,patient21,DiceCE,0,182,1,24.018294670321453,False
3D-MR-MS,patient21,DiceCE,0,183,565,5.174490530394805,True
3D-MR-MS,patient21,DiceCE,0,184,4,12.067220617631918,False
3D-MR-MS,patient21,DiceCE,0,185,83,10.529708729598164,True
3D-MR-MS,patient21,DiceCE,0,186,13,11.20316815611376,False
3D-MR-MS,patient21,DiceCE,0,187,8,21.021827388078357,False
3D-MR-MS,patient21,DiceCE,0,188,85,11.538580054320047,True
3D-MR-MS,patient21,DiceCE,0,189,15,6.8317561318963325,True
3D-MR-MS,patient21,DiceCE,0,190,164,11.60503837164929,True
3D-MR-MS,patient21,DiceCE,0,191,142,6.990719381487368,True
3D-MR-MS,patient21,DiceCE,0,192,497,0.800000011920929,True
3D-MR-MS,patient21,DiceCE,0,193,29,13.364823816424723,True
3D-MR-MS,patient21,DiceCE,0,194,213,26.382434544543095,True
3D-MR-MS,patient21,DiceCE,0,195,96,15.9375,True
3D-MR-MS,patient21,DiceCE,0,196,10,13.498625579382097,False
3D-MR-MS,patient21,DiceCE,0,197,69,7.912433450428029,True
3D-MR-MS,patient21,DiceCE,0,198,265,26.722861525761047,True
3D-MR-MS,patient21,DiceCE,0,199,47,34.41039315289271,True
3D-MR-MS,patient21,DiceCE,0,200,53,8.00000011920929,True
3D-MR-MS,patient21,DiceCE,0,201,1046,10.846579368472904,True
3D-MR-MS,patient21,DiceCE,0,202,26,9.964799374878226,True
3D-MR-MS,patient21,DiceCE,0,203,18,13.162096472746729,False
3D-MR-MS,patient21,DiceCE,0,204,218,11.19555237283502,True
3D-MR-MS,patient21,DiceCE,0,205,14,9.859786657574892,True
3D-MR-MS,patient21,DiceCE,0,206,326,7.440136191290613,True
3D-MR-MS,patient21,DiceCE,0,207,20,18.664481076911617,False
3D-MR-MS,patient21,DiceCE,0,208,144,12.476416925907937,True
3D-MR-MS,patient21,DiceCE,0,209,28,11.609778459194734,True
3D-MR-MS,patient21,DiceCE,0,210,1,9.611437421586952,False
3D-MR-MS,patient21,DiceCE,0,211,52,2.181115701033291,True
3D-MR-MS,patient21,DiceCE,0,212,44,16.458517945940248,True
3D-MR-MS,patient21,DiceCE,0,213,228,17.12115056565693,True
3D-MR-MS,patient21,DiceCE,0,214,24,19.377534204934417,False
3D-MR-MS,patient21,DiceCE,0,215,4,10.242354349483904,False
3D-MR-MS,patient21,DiceCE,0,216,150,12.802969016013433,True
3D-MR-MS,patient21,DiceCE,0,217,5,1.40625,False
3D-MR-MS,patient21,DiceCE,0,218,304,22.9817490071972,True
3D-MR-MS,patient21,DiceCE,0,219,100,27.192636044200434,True
3D-MR-MS,patient21,DiceCE,0,220,90,11.848266117386263,True
3D-MR-MS,patient21,DiceCE,0,221,12,30.1521558911268,False
3D-MR-MS,patient21,DiceCE,0,222,258,12.970525669101177,True
3D-MR-MS,patient21,DiceCE,0,223,275,18.104628893091608,True
3D-MR-MS,patient21,DiceCE,0,224,251,6.685458307640781,True
3D-MR-MS,patient21,DiceCE,0,225,12,4.800000071525574,True
3D-MR-MS,patient21,DiceCE,0,226,12,11.165999014713464,False
3D-MR-MS,patient21,DiceCE,0,227,1,21.306184300718343,False
3D-MR-MS,patient21,DiceCE,0,228,16,16.869038524895085,True
3D-MR-MS,patient21,DiceCE,0,229,382,18.929331196428137,True
3D-MR-MS,patient21,DiceCE,0,230,92,17.51252469340836,True
3D-MR-MS,patient21,DiceCE,0,231,258,21.438095951082328,True
3D-MR-MS,patient21,DiceCE,0,232,221,23.61769845059637,True
3D-MR-MS,patient21,DiceCE,0,233,151,25.3417895637634,True
3D-MR-MS,patient21,DiceCE,0,234,201,37.53497147023062,True
3D-MR-MS,patient21,DiceCE,0,235,78,25.375746148700774,True
3D-MR-MS,patient21,DiceCE,0,236,59,21.683182419943975,True
3D-MR-MS,patient21,DiceCE,0,237,159,27.304204641108424,True
3D-MR-MS,patient21,DiceCE,0,238,20,27.66862326972776,True
3D-MR-MS,patient21,DiceCE,0,239,35,15.929043272423412,True
3D-MR-MS,patient21,DiceCE,0,240,23,38.279166350539946,True
3D-MR-MS,patient21,DiceCE,0,241,159,29.961529153843315,True
3D-MR-MS,patient21,DiceCE,0,242,562,31.42707438029532,True
3D-MR-MS,patient21,DiceCE,0,243,140,35.972048716738314,True
3D-MR-MS,patient21,DiceCE,0,244,269,18.611828622180237,True
3D-MR-MS,patient21,DiceCE,0,245,1,21.515329960148588,False
3D-MR-MS,patient21,DiceCE,0,246,29,16.826137841507407,False
3D-MR-MS,patient21,DiceCE,0,247,59,32.62403592493943,True
3D-MR-MS,patient21,DiceCE,0,248,38,31.066851850873192,True
3D-MR-MS,patient21,DiceCE,0,249,1,41.70341809966938,False
3D-MR-MS,patient21,DiceCE,1,1,332,20.196786085190116,True
3D-MR-MS,patient21,DiceCE,1,2,55,28.315536213950228,False
3D-MR-MS,patient21,DiceCE,1,3,18,22.041185109214904,False
3D-MR-MS,patient21,DiceCE,1,4,239,32.668526140215604,True
3D-MR-MS,patient21,DiceCE,1,5,113,29.232549862347287,True
3D-MR-MS,patient21,DiceCE,1,6,169550,0.0,True
3D-MR-MS,patient21,DiceCE,1,7,185,24.69111477542685,True
3D-MR-MS,patient21,DiceCE,1,8,507,10.137609863626674,True
3D-MR-MS,patient21,DiceCE,1,9,130,21.61056717172016,True
3D-MR-MS,patient21,DiceCE,1,10,229,27.35010648249901,True
3D-MR-MS,patient21,DiceCE,1,11,11,19.369580064769824,False
3D-MR-MS,patient21,DiceCE,1,12,88,24.472007591912302,True
3D-MR-MS,patient21,DiceCE,1,13,1,18.799672927953523,False
3D-MR-MS,patient21,DiceCE,1,14,1,30.05397568615619,False
3D-MR-MS,patient21,DiceCE,1,15,45,20.08769864670737,False
3D-MR-MS,patient21,DiceCE,1,16,437,10.317084341473711,True
3D-MR-MS,patient21,DiceCE,1,17,1,24.80442994491348,False
3D-MR-MS,patient21,DiceCE,1,18,838,12.200456348858097,True
3D-MR-MS,patient21,DiceCE,1,19,2,24.009153885365013,False
3D-MR-MS,patient21,DiceCE,1,20,55,19.43376798808904,True
3D-MR-MS,patient21,DiceCE,1,21,2,29.052821264313348,False
3D-MR-MS,patient21,DiceCE,1,22,1,21.686294415299994,False
3D-MR-MS,patient21,DiceCE,1,23,10,26.958486881752346,False
3D-MR-MS,patient21,DiceCE,1,24,41,24.881064983907525,True
3D-MR-MS,patient21,DiceCE,1,25,23,18.63883734650299,True
3D-MR-MS,patient21,DiceCE,1,26,101,6.400000095367432,True
3D-MR-MS,patient21,DiceCE,1,27,1,28.815709101437655,False
3D-MR-MS,patient21,DiceCE,1,28,1,22.43920291484556,False
3D-MR-MS,patient21,DiceCE,1,29,124,26.210855579231147,True
3D-MR-MS,patient21,DiceCE,1,30,78,21.759158579199187,True
3D-MR-MS,patient21,DiceCE,1,31,1,36.69528508159936,False
3D-MR-MS,patient21,DiceCE,1,32,72,15.594471602934727,True
3D-MR-MS,patient21,DiceCE,1,33,14,21.94755474929768,False
3D-MR-MS,patient21,DiceCE,1,34,124,13.338009779678996,True
3D-MR-MS,patient21,DiceCE,1,35,147,23.947962135469783,True
3D-MR-MS,patient21,DiceCE,1,36,129,32.961121259720954,True
3D-MR-MS,patient21,DiceCE,1,37,685,5.754807853838461,True
3D-MR-MS,patient21,DiceCE,1,38,988,27.314909081263217,True
3D-MR-MS,patient21,DiceCE,1,39,444,4.844657222326174,True
3D-MR-MS,patient21,DiceCE,1,40,2,31.290292149987565,False
3D-MR-MS,patient21,DiceCE,1,41,116,9.04624416859792,True
3D-MR-MS,patient21,DiceCE,1,42,230,8.92397153362178,True
3D-MR-MS,patient21,DiceCE,1,43,164,25.226725852156253,True
3D-MR-MS,patient21,DiceCE,1,44,7,26.452479047645294,False
3D-MR-MS,patient21,DiceCE,1,45,28,30.455903740004036,False
3D-MR-MS,patient21,DiceCE,1,46,83,9.391837087087481,True
3D-MR-MS,patient21,DiceCE,1,47,398,9.758988363062631,True
3D-MR-MS,patient21,DiceCE,1,48,1,26.80187805520201,True
3D-MR-MS,patient21,DiceCE,1,49,21,32.68384659432384,False
3D-MR-MS,patient21,DiceCE,1,50,16,12.892162514841413,True
3D-MR-MS,patient21,DiceCE,1,51,408,5.4585404979422645,True
3D-MR-MS,patient21,DiceCE,1,52,29,8.849492462605024,True
3D-MR-MS,patient21,DiceCE,1,53,80,34.6875,True
3D-MR-MS,patient21,DiceCE,1,54,344,6.882862004113971,True
3D-MR-MS,patient21,DiceCE,1,55,35,17.362190647541386,True
3D-MR-MS,patient21,DiceCE,1,56,16,7.5718667188119735,True
3D-MR-MS,patient21,DiceCE,1,57,116,10.584387488142406,True
3D-MR-MS,patient21,DiceCE,1,58,13,17.400666743691175,False
3D-MR-MS,patient21,DiceCE,1,59,273,17.32428980275822,True
3D-MR-MS,patient21,DiceCE,1,60,24,3.9954124178605075,True
3D-MR-MS,patient21,DiceCE,1,61,61,9.511385085627689,True
3D-MR-MS,patient21,DiceCE,1,62,71,14.038492061380824,True
3D-MR-MS,patient21,DiceCE,1,63,170,31.236493336003253,True
3D-MR-MS,patient21,DiceCE,1,64,71,28.92503850467793,True
3D-MR-MS,patient21,DiceCE,1,65,95,26.636026179670147,True
3D-MR-MS,patient21,DiceCE,1,66,294,5.675619486468044,True
3D-MR-MS,patient21,DiceCE,1,67,593,9.219226708452133,True
3D-MR-MS,patient21,DiceCE,1,68,188,22.322162669577985,True
3D-MR-MS,patient21,DiceCE,1,69,1,5.361356274473574,False
3D-MR-MS,patient21,DiceCE,1,70,254,0.9272144204947885,True
3D-MR-MS,patient21,DiceCE,1,71,102,30.933442926897833,True
3D-MR-MS,patient21,DiceCE,1,72,60,11.585028748425149,True
3D-MR-MS,patient21,DiceCE,1,73,160,5.483725985736843,True
3D-MR-MS,patient21,DiceCE,1,74,52,11.95082698498309,True
3D-MR-MS,patient21,DiceCE,1,75,15,37.42055856269483,False
3D-MR-MS,patient21,DiceCE,1,76,637,5.363301223973299,True
3D-MR-MS,patient21,DiceCE,1,77,69,10.458670543589044,True
3D-MR-MS,patient21,DiceCE,1,78,136,7.96875,True
3D-MR-MS,patient21,DiceCE,1,79,3,2.7697021534947557,False
3D-MR-MS,patient21,DiceCE,1,80,1,4.301643964423529,False
3D-MR-MS,patient21,DiceCE,1,81,1,4.5498798249691585,False
3D-MR-MS,patient21,DiceCE,1,82,645,24.08321835482737,True
3D-MR-MS,patient21,DiceCE,1,83,165,7.842465035406501,True
3D-MR-MS,patient21,DiceCE,1,84,1,0.46875,False
3D-MR-MS,patient21,DiceCE,1,85,1,0.800000011920929,False
3D-MR-MS,patient21,DiceCE,1,86,8,15.210919443363705,False
3D-MR-MS,patient21,DiceCE,1,87,252,26.396970266190806,True
3D-MR-MS,patient21,DiceCE,1,88,14,37.80029968491088,False
3D-MR-MS,patient21,DiceCE,1,89,6,14.9486425491581,False
3D-MR-MS,patient21,DiceCE,1,90,5,15.551277331421813,False
3D-MR-MS,patient21,DiceCE,1,91,28,32.35696535312611,True
3D-MR-MS,patient21,DiceCE,1,92,26,12.897015461435254,True
3D-MR-MS,patient21,DiceCE,1,93,42,20.625,True
3D-MR-MS,patient21,DiceCE,1,94,1,4.780330793993236,False
3D-MR-MS,patient21,DiceCE,1,95,5,16.513045269195505,False
3D-MR-MS,patient21,DiceCE,1,96,149,29.49908970382026,True
3D-MR-MS,patient21,DiceCE,1,97,253,22.662305319991926,True
3D-MR-MS,patient21,DiceCE,1,98,248,29.125631134660576,True
3D-MR-MS,patient21,DiceCE,1,99,3,0.46875,False
3D-MR-MS,patient21,DiceCE,1,100,479,16.40625,True
3D-MR-MS,patient21,DiceCE,1,101,69,36.81933093515195,False
3D-MR-MS,patient21,DiceCE,1,102,122,22.098981883905324,True
3D-MR-MS,patient21,DiceCE,1,103,291,10.532360879054872,True
3D-MR-MS,patient21,DiceCE,1,104,41,13.825007088574873,True
3D-MR-MS,patient21,DiceCE,1,105,403,16.472128469376553,True
3D-MR-MS,patient21,DiceCE,1,106,1,30.4587041159282,False
3D-MR-MS,patient21,DiceCE,1,107,33,15.147331144352176,True
3D-MR-MS,patient21,DiceCE,1,108,27,29.56387162589226,True
3D-MR-MS,patient21,DiceCE,1,109,42,30.077796296144246,True
3D-MR-MS,patient21,DiceCE,1,110,9,16.017612379074915,True
3D-MR-MS,patient21,DiceCE,1,111,127,12.921803582765584,True
3D-MR-MS,patient21,DiceCE,1,112,138,20.21396195993442,True
3D-MR-MS,patient21,DiceCE,1,113,310,25.998577187928216,True
3D-MR-MS,patient21,DiceCE,1,114,238,22.45896345265462,True
3D-MR-MS,patient21,DiceCE,1,115,151,21.23087469425608,True
3D-MR-MS,patient21,DiceCE,1,116,135,28.7096054567833,False
3D-MR-MS,patient21,DiceCE,1,117,40,37.126315315142634,False
3D-MR-MS,patient21,DiceCE,1,118,63,30.914429033606744,False
3D-MR-MS,patient21,DiceCE,1,119,114,29.92539820967822,False
3D-MR-MS,patient21,DiceCE,1,120,5,36.29636379661973,False
3D-MR-MS,patient21,DiceCE,1,121,29,7.71265200398675,True
3D-MR-MS,patient21,DiceCE,1,122,55,31.36695373736885,True
3D-MR-MS,patient21,DiceCE,1,123,163,18.583574972192537,True
3D-MR-MS,patient21,DiceCE,1,124,6,26.82076578416704,True
3D-MR-MS,patient21,DiceCE,1,125,26,21.601463098776726,False
3D-MR-MS,patient21,DiceCE,1,126,51,28.597916496519368,True
3D-MR-MS,patient21,DiceCE,1,127,13,17.65052342705863,False
3D-MR-MS,patient21,DiceCE,1,128,114,35.41929325961387,True
3D-MR-MS,patient21,DiceCE,1,129,61,1.232439154308839,True
3D-MR-MS,patient21,DiceCE,1,130,103,3.4735833470745288,True
3D-MR-MS,patient21,DiceCE,1,131,855,12.249655608182357,True
3D-MR-MS,patient21,DiceCE,1,132,90,0.46875,True
3D-MR-MS,patient21,DiceCE,1,133,142,29.156166272794458,True
3D-MR-MS,patient21,DiceCE,1,134,243,33.19768920692839,True
3D-MR-MS,patient21,DiceCE,1,135,531,15.116733278059781,True
3D-MR-MS,patient21,DiceCE,1,136,269,25.48402848860071,True
3D-MR-MS,patient21,DiceCE,1,137,11,28.30340983502407,False
3D-MR-MS,patient21,DiceCE,1,138,151,19.136275279039435,True
3D-MR-MS,patient21,DiceCE,1,139,228,22.953312108761942,True
3D-MR-MS,patient21,DiceCE,1,140,43,20.127441775591095,True
3D-MR-MS,patient21,DiceCE,1,141,95,4.518339367961805,True
3D-MR-MS,patient21,DiceCE,1,142,28,32.81871906396021,True
3D-MR-MS,patient21,DiceCE,1,143,150,9.330532047887804,False
3D-MR-MS,patient21,DiceCE,1,144,2,31.95339693717614,False
3D-MR-MS,patient21,DiceCE,1,145,81,33.291970739555495,True
3D-MR-MS,patient21,DiceCE,1,146,103,36.69363032162135,False
3D-MR-MS,patient21,DiceCE,1,147,7,10.481568644530265,False
3D-MR-MS,patient21,DiceCE,1,148,131,30.129470668210917,True
3D-MR-MS,patient21,DiceCE,1,149,1,32.767784487134804,False
3D-MR-MS,patient21,DiceCE,1,150,930,23.869132982943732,True
3D-MR-MS,patient21,DiceCE,1,151,23,30.33634700493839,False
3D-MR-MS,patient21,DiceCE,1,152,183,29.900959563406992,True
3D-MR-MS,patient21,DiceCE,1,153,77,16.162787604372998,True
3D-MR-MS,patient21,DiceCE,1,154,146,17.254283888909253,True
3D-MR-MS,patient21,DiceCE,1,155,18,4.826076628587656,True
3D-MR-MS,patient21,DiceCE,1,156,59,37.03125,False
3D-MR-MS,patient21,DiceCE,1,157,163,27.607972706025436,False
3D-MR-MS,patient21,DiceCE,1,158,69,24.553386528075936,False
3D-MR-MS,patient21,DiceCE,1,159,136,20.6346805049009,True
3D-MR-MS,patient21,DiceCE,1,160,12,3.9120507028020413,True
3D-MR-MS,patient21,DiceCE,1,161,1,0.9272144204947885,False
3D-MR-MS,patient21,DiceCE,1,162,1,3.57648572926852,False
3D-MR-MS,patient21,DiceCE,1,163,5,0.9272144204947885,False
3D-MR-MS,patient21,DiceCE,1,164,128,7.081296900756342,True
3D-MR-MS,patient21,DiceCE,1,165,106,26.109053170705046,True
3D-MR-MS,patient21,DiceCE,1,166,40,16.04203585066937,False
3D-MR-MS,patient21,DiceCE,1,167,7,14.373241746268006,True
3D-MR-MS,patient21,DiceCE,1,168,48,10.175378149442967,True
3D-MR-MS,patient21,DiceCE,1,169,60,9.586073892457817,True
3D-MR-MS,patient21,DiceCE,1,170,125,8.802063873329697,True
3D-MR-MS,patient21,DiceCE,1,171,65,8.904493286349624,True
3D-MR-MS,patient21,DiceCE,1,172,101,2.327325802029863,True
3D-MR-MS,patient21,DiceCE,1,173,369,0.800000011920929,True
3D-MR-MS,patient21,DiceCE,1,174,422,24.676089930014466,True
3D-MR-MS,patient21,DiceCE,1,175,43,18.224692435475443,True
3D-MR-MS,patient21,DiceCE,1,176,156,3.495359690743684,True
3D-MR-MS,patient21,DiceCE,1,177,63,24.84375,True
3D-MR-MS,patient21,DiceCE,1,178,12,5.663927800122456,True
3D-MR-MS,patient21,DiceCE,1,179,21,15.713426066491701,True
3D-MR-MS,patient21,DiceCE,1,180,174,25.364151776307708,True
3D-MR-MS,patient21,DiceCE,1,181,161,8.331531316725245,True
3D-MR-MS,patient21,DiceCE,1,182,1,24.018294670321453,False
3D-MR-MS,patient21,DiceCE,1,183,565,5.174490530394805,True
3D-MR-MS,patient21,DiceCE,1,184,4,12.067220617631918,False
3D-MR-MS,patient21,DiceCE,1,185,83,10.529708729598164,True
3D-MR-MS,patient21,DiceCE,1,186,13,11.20316815611376,False
3D-MR-MS,patient21,DiceCE,1,187,8,21.021827388078357,False
3D-MR-MS,patient21,DiceCE,1,188,85,11.538580054320047,True
3D-MR-MS,patient21,DiceCE,1,189,15,6.8317561318963325,True
3D-MR-MS,patient21,DiceCE,1,190,164,11.60503837164929,True
3D-MR-MS,patient21,DiceCE,1,191,142,6.990719381487368,True
3D-MR-MS,patient21,DiceCE,1,192,497,0.800000011920929,True
3D-MR-MS,patient21,DiceCE,1,193,29,13.364823816424723,True
3D-MR-MS,patient21,DiceCE,1,194,213,26.382434544543095,True
3D-MR-MS,patient21,DiceCE,1,195,96,15.9375,True
3D-MR-MS,patient21,DiceCE,1,196,10,13.498625579382097,False
3D-MR-MS,patient21,DiceCE,1,197,69,7.912433450428029,True
3D-MR-MS,patient21,DiceCE,1,198,265,26.722861525761047,True
3D-MR-MS,patient21,DiceCE,1,199,47,34.41039315289271,True
3D-MR-MS,patient21,DiceCE,1,200,53,8.00000011920929,True
3D-MR-MS,patient21,DiceCE,1,201,1046,10.846579368472904,True
3D-MR-MS,patient21,DiceCE,1,202,26,9.964799374878226,True
3D-MR-MS,patient21,DiceCE,1,203,18,13.162096472746729,False
3D-MR-MS,patient21,DiceCE,1,204,218,11.19555237283502,True
3D-MR-MS,patient21,DiceCE,1,205,14,9.859786657574892,True
3D-MR-MS,patient21,DiceCE,1,206,326,7.440136191290613,True
3D-MR-MS,patient21,DiceCE,1,207,20,18.664481076911617,False
3D-MR-MS,patient21,DiceCE,1,208,144,12.476416925907937,True
3D-MR-MS,patient21,DiceCE,1,209,28,11.609778459194734,True
3D-MR-MS,patient21,DiceCE,1,210,1,9.611437421586952,False
3D-MR-MS,patient21,DiceCE,1,211,52,2.181115701033291,True
3D-MR-MS,patient21,DiceCE,1,212,44,16.458517945940248,False
3D-MR-MS,patient21,DiceCE,1,213,228,17.12115056565693,False
3D-MR-MS,patient21,DiceCE,1,214,24,19.377534204934417,False
3D-MR-MS,patient21,DiceCE,1,215,4,10.242354349483904,False
3D-MR-MS,patient21,DiceCE,1,216,150,12.802969016013433,True
3D-MR-MS,patient21,DiceCE,1,217,5,1.40625,False
3D-MR-MS,patient21,DiceCE,1,218,304,22.9817490071972,True
3D-MR-MS,patient21,DiceCE,1,219,100,27.192636044200434,True
3D-MR-MS,patient21,DiceCE,1,220,90,11.848266117386263,True
3D-MR-MS,patient21,DiceCE,1,221,12,30.1521558911268,False
3D-MR-MS,patient21,DiceCE,1,222,258,12.970525669101177,True
3D-MR-MS,patient21,DiceCE,1,223,275,18.104628893091608,True
3D-MR-MS,patient21,DiceCE,1,224,251,6.685458307640781,True
3D-MR-MS,patient21,DiceCE,1,225,12,4.800000071525574,False
3D-MR-MS,patient21,DiceCE,1,226,12,11.165999014713464,False
3D-MR-MS,patient21,DiceCE,1,227,1,21.306184300718343,False
3D-MR-MS,patient21,DiceCE,1,228,16,16.869038524895085,True
3D-MR-MS,patient21,DiceCE,1,229,382,18.929331196428137,True
3D-MR-MS,patient21,DiceCE,1,230,92,17.51252469340836,True
3D-MR-MS,patient21,DiceCE,1,231,258,21.438095951082328,True
3D-MR-MS,patient21,DiceCE,1,232,221,23.61769845059637,True
3D-MR-MS,patient21,DiceCE,1,233,151,25.3417895637634,True
3D-MR-MS,patient21,DiceCE,1,234,201,37.53497147023062,True
3D-MR-MS,patient21,DiceCE,1,235,78,25.375746148700774,True
3D-MR-MS,patient21,DiceCE,1,236,59,21.683182419943975,True
3D-MR-MS,patient21,DiceCE,1,237,159,27.304204641108424,True
3D-MR-MS,patient21,DiceCE,1,238,20,27.66862326972776,False
3D-MR-MS,patient21,DiceCE,1,239,35,15.929043272423412,False
3D-MR-MS,patient21,DiceCE,1,240,23,38.279166350539946,True
3D-MR-MS,patient21,DiceCE,1,241,159,29.961529153843315,True
3D-MR-MS,patient21,DiceCE,1,242,562,31.42707438029532,True
3D-MR-MS,patient21,DiceCE,1,243,140,35.972048716738314,True
3D-MR-MS,patient21,DiceCE,1,244,269,18.611828622180237,True
3D-MR-MS,patient21,DiceCE,1,245,1,21.515329960148588,False
3D-MR-MS,patient21,DiceCE,1,246,29,16.826137841507407,False
3D-MR-MS,patient21,DiceCE,1,247,59,32.62403592493943,True
3D-MR-MS,patient21,DiceCE,1,248,38,31.066851850873192,True
3D-MR-MS,patient21,DiceCE,1,249,1,41.70341809966938,False
3D-MR-MS,patient21,DiceCE,2,1,332,20.196786085190116,True
3D-MR-MS,patient21,DiceCE,2,2,55,28.315536213950228,False
3D-MR-MS,patient21,DiceCE,2,3,18,22.041185109214904,False
3D-MR-MS,patient21,DiceCE,2,4,239,32.668526140215604,True
3D-MR-MS,patient21,DiceCE,2,5,113,29.232549862347287,True
3D-MR-MS,patient21,DiceCE,2,6,169550,0.0,True
3D-MR-MS,patient21,DiceCE,2,7,185,24.69111477542685,True
3D-MR-MS,patient21,DiceCE,2,8,507,10.137609863626674,True
3D-MR-MS,patient21,DiceCE,2,9,130,21.61056717172016,True
3D-MR-MS,patient21,DiceCE,2,10,229,27.35010648249901,True
3D-MR-MS,patient21,DiceCE,2,11,11,19.369580064769824,False
3D-MR-MS,patient21,DiceCE,2,12,88,24.472007591912302,True
3D-MR-MS,patient21,DiceCE,2,13,1,18.799672927953523,False
3D-MR-MS,patient21,DiceCE,2,14,1,30.05397568615619,False
3D-MR-MS,patient21,DiceCE,2,15,45,20.08769864670737,True
3D-MR-MS,patient21,DiceCE,2,16,437,10.317084341473711,True
3D-MR-MS,patient21,DiceCE,2,17,1,24.80442994491348,False
3D-MR-MS,patient21,DiceCE,2,18,838,12.200456348858097,True
3D-MR-MS,patient21,DiceCE,2,19,2,24.009153885365013,False
3D-MR-MS,patient21,DiceCE,2,20,55,19.43376798808904,True
3D-MR-MS,patient21,DiceCE,2,21,2,29.052821264313348,True
3D-MR-MS,patient21,DiceCE,2,22,1,21.686294415299994,False
3D-MR-MS,patient21,DiceCE,2,23,10,26.958486881752346,True
3D-MR-MS,patient21,DiceCE,2,24,41,24.881064983907525,True
3D-MR-MS,patient21,DiceCE,2,25,23,18.63883734650299,True
3D-MR-MS,patient21,DiceCE,2,26,101,6.400000095367432,True
3D-MR-MS,patient21,DiceCE,2,27,1,28.815709101437655,False
3D-MR-MS,patient21,DiceCE,2,28,1,22.43920291484556,False
3D-MR-MS,patient21,DiceCE,2,29,124,26.210855579231147,True
3D-MR-MS,patient21,DiceCE,2,30,78,21.759158579199187,True
3D-MR-MS,patient21,DiceCE,2,31,1,36.69528508159936,False
3D-MR-MS,patient21,DiceCE,2,32,72,15.594471602934727,True
3D-MR-MS,patient21,DiceCE,2,33,14,21.94755474929768,False
3D-MR-MS,patient21,DiceCE,2,34,124,13.338009779678996,True
3D-MR-MS,patient21,DiceCE,2,35,147,23.947962135469783,True
3D-MR-MS,patient21,DiceCE,2,36,129,32.961121259720954,True
3D-MR-MS,patient21,DiceCE,2,37,685,5.754807853838461,True
3D-MR-MS,patient21,DiceCE,2,38,988,27.314909081263217,True
3D-MR-MS,patient21,DiceCE,2,39,444,4.844657222326174,True
3D-MR-MS,patient21,DiceCE,2,40,2,31.290292149987565,False
3D-MR-MS,patient21,DiceCE,2,41,116,9.04624416859792,True
3D-MR-MS,patient21,DiceCE,2,42,230,8.92397153362178,True
3D-MR-MS,patient21,DiceCE,2,43,164,25.226725852156253,True
3D-MR-MS,patient21,DiceCE,2,44,7,26.452479047645294,False
3D-MR-MS,patient21,DiceCE,2,45,28,30.455903740004036,False
3D-MR-MS,patient21,DiceCE,2,46,83,9.391837087087481,True
3D-MR-MS,patient21,DiceCE,2,47,398,9.758988363062631,True
3D-MR-MS,patient21,DiceCE,2,48,1,26.80187805520201,True
3D-MR-MS,patient21,DiceCE,2,49,21,32.68384659432384,False
3D-MR-MS,patient21,DiceCE,2,50,16,12.892162514841413,True
3D-MR-MS,patient21,DiceCE,2,51,408,5.4585404979422645,True
3D-MR-MS,patient21,DiceCE,2,52,29,8.849492462605024,True
3D-MR-MS,patient21,DiceCE,2,53,80,34.6875,True
3D-MR-MS,patient21,DiceCE,2,54,344,6.882862004113971,True
3D-MR-MS,patient21,DiceCE,2,55,35,17.362190647541386,True
3D-MR-MS,patient21,DiceCE,2,56,16,7.5718667188119735,True
3D-MR-MS,patient21,DiceCE,2,57,116,10.584387488142406,True
3D-MR-MS,patient21,DiceCE,2,58,13,17.400666743691175,False
3D-MR-MS,patient21,DiceCE,2,59,273,17.32428980275822,True
3D-MR-MS,patient21,DiceCE,2,60,24,3.9954124178605075,True
3D-MR-MS,patient21,DiceCE,2,61,61,9.511385085627689,True
3D-MR-MS,patient21,DiceCE,2,62,71,14.038492061380824,True
3D-MR-MS,patient21,DiceCE,2,63,170,31.236493336003253,True
3D-MR-MS,patient21,DiceCE,2,64,71,28.92503850467793,True
3D-MR-MS,patient21,DiceCE,2,65,95,26.636026179670147,True
3D-MR-MS,patient21,DiceCE,2,66,294,5.675619486468044,True
3D-MR-MS,patient21,DiceCE,2,67,593,9.219226708452133,True
3D-MR-MS,patient21,DiceCE,2,68,188,22.322162669577985,True
3D-MR-MS,patient21,DiceCE,2,69,1,5.361356274473574,False
3D-MR-MS,patient21,DiceCE,2,70,254,0.9272144204947885,True
3D-MR-MS,patient21,DiceCE,2,71,102,30.933442926897833,True
3D-MR-MS,patient21,DiceCE,2,72,60,11.585028748425149,True
3D-MR-MS,patient21,DiceCE,2,73,160,5.483725985736843,True
3D-MR-MS,patient21,DiceCE,2,74,52,11.95082698498309,True
3D-MR-MS,patient21,DiceCE,2,75,15,37.42055856269483,False
3D-MR-MS,patient21,DiceCE,2,76,637,5.363301223973299,True
3D-MR-MS,patient21,DiceCE,2,77,69,10.458670543589044,True
3D-MR-MS,patient21,DiceCE,2,78,136,7.96875,True
3D-MR-MS,patient21,DiceCE,2,79,3,2.7697021534947557,False
3D-MR-MS,patient21,DiceCE,2,80,1,4.301643964423529,False
3D-MR-MS,patient21,DiceCE,2,81,1,4.5498798249691585,False
3D-MR-MS,patient21,DiceCE,2,82,645,24.08321835482737,True
3D-MR-MS,patient21,DiceCE,2,83,165,7.842465035406501,True
3D-MR-MS,patient21,DiceCE,2,84,1,0.46875,False
3D-MR-MS,patient21,DiceCE,2,85,1,0.800000011920929,False
3D-MR-MS,patient21,DiceCE,2,86,8,15.210919443363705,False
3D-MR-MS,patient21,DiceCE,2,87,252,26.396970266190806,True
3D-MR-MS,patient21,DiceCE,2,88,14,37.80029968491088,False
3D-MR-MS,patient21,DiceCE,2,89,6,14.9486425491581,False
3D-MR-MS,patient21,DiceCE,2,90,5,15.551277331421813,False
3D-MR-MS,patient21,DiceCE,2,91,28,32.35696535312611,True
3D-MR-MS,patient21,DiceCE,2,92,26,12.897015461435254,True
3D-MR-MS,patient21,DiceCE,2,93,42,20.625,True
3D-MR-MS,patient21,DiceCE,2,94,1,4.780330793993236,False
3D-MR-MS,patient21,DiceCE,2,95,5,16.513045269195505,False
3D-MR-MS,patient21,DiceCE,2,96,149,29.49908970382026,False
3D-MR-MS,patient21,DiceCE,2,97,253,22.662305319991926,True
3D-MR-MS,patient21,DiceCE,2,98,248,29.125631134660576,True
3D-MR-MS,patient21,DiceCE,2,99,3,0.46875,False
3D-MR-MS,patient21,DiceCE,2,100,479,16.40625,True
3D-MR-MS,patient21,DiceCE,2,101,69,36.81933093515195,False
3D-MR-MS,patient21,DiceCE,2,102,122,22.098981883905324,True
3D-MR-MS,patient21,DiceCE,2,103,291,10.532360879054872,True
3D-MR-MS,patient21,DiceCE,2,104,41,13.825007088574873,True
3D-MR-MS,patient21,DiceCE,2,105,403,16.472128469376553,True
3D-MR-MS,patient21,DiceCE,2,106,1,30.4587041159282,False
3D-MR-MS,patient21,DiceCE,2,107,33,15.147331144352176,True
3D-MR-MS,patient21,DiceCE,2,108,27,29.56387162589226,True
3D-MR-MS,patient21,DiceCE,2,109,42,30.077796296144246,True
3D-MR-MS,patient21,DiceCE,2,110,9,16.017612379074915,True
3D-MR-MS,patient21,DiceCE,2,111,127,12.921803582765584,True
3D-MR-MS,patient21,DiceCE,2,112,138,20.21396195993442,True
3D-MR-MS,patient21,DiceCE,2,113,310,25.998577187928216,True
3D-MR-MS,patient21,DiceCE,2,114,238,22.45896345265462,True
3D-MR-MS,patient21,DiceCE,2,115,151,21.23087469425608,True
3D-MR-MS,patient21,DiceCE,2,116,135,28.7096054567833,False
3D-MR-MS,patient21,DiceCE,2,117,40,37.126315315142634,False
3D-MR-MS,patient21,DiceCE,2,118,63,30.914429033606744,False
3D-MR-MS,patient21,DiceCE,2,119,114,29.92539820967822,True
3D-MR-MS,patient21,DiceCE,2,120,5,36.29636379661973,False
3D-MR-MS,patient21,DiceCE,2,121,29,7.71265200398675,True
3D-MR-MS,patient21,DiceCE,2,122,55,31.36695373736885,True
3D-MR-MS,patient21,DiceCE,2,123,163,18.583574972192537,True
3D-MR-MS,patient21,DiceCE,2,124,6,26.82076578416704,False
3D-MR-MS,patient21,DiceCE,2,125,26,21.601463098776726,False
3D-MR-MS,patient21,DiceCE,2,126,51,28.597916496519368,True
3D-MR-MS,patient21,DiceCE,2,127,13,17.65052342705863,False
3D-MR-MS,patient21,DiceCE,2,128,114,35.41929325961387,True
3D-MR-MS,patient21,DiceCE,2,129,61,1.232439154308839,True
3D-MR-MS,patient21,DiceCE,2,130,103,3.4735833470745288,False
3D-MR-MS,patient21,DiceCE,2,131,855,12.249655608182357,True
3D-MR-MS,patient21,DiceCE,2,132,90,0.46875,True
3D-MR-MS,patient21,DiceCE,2,133,142,29.156166272794458,True
3D-MR-MS,patient21,DiceCE,2,134,243,33.19768920692839,True
3D-MR-MS,patient21,DiceCE,2,135,531,15.116733278059781,True
3D-MR-MS,patient21,DiceCE,2,136,269,25.48402848860071,True
3D-MR-MS,patient21,DiceCE,2,137,11,28.30340983502407,False
3D-MR-MS,patient21,DiceCE,2,138,151,19.136275279039435,True
3D-MR-MS,patient21,DiceCE,2,139,228,22.953312108761942,True
3D-MR-MS,patient21,DiceCE,2,140,43,20.127441775591095,False
3D-MR-MS,patient21,DiceCE,2,141,95,4.518339367961805,True
3D-MR-MS,patient21,DiceCE,2,142,28,32.81871906396021,True
3D-MR-MS,patient21,DiceCE,2,143,150,9.330532047887804,False
3D-MR-MS,patient21,DiceCE,2,144,2,31.95339693717614,False
3D-MR-MS,patient21,DiceCE,2,145,81,33.291970739555495,True
3D-MR-MS,patient21,DiceCE,2,146,103,36.69363032162135,True
3D-MR-MS,patient21,DiceCE,2,147,7,10.481568644530265,False
3D-MR-MS,patient21,DiceCE,2,148,131,30.129470668210917,True
3D-MR-MS,patient21,DiceCE,2,149,1,32.767784487134804,False
3D-MR-MS,patient21,DiceCE,2,150,930,23.869132982943732,True
3D-MR-MS,patient21,DiceCE,2,151,23,30.33634700493839,False
3D-MR-MS,patient21,DiceCE,2,152,183,29.900959563406992,True
3D-MR-MS,patient21,DiceCE,2,153,77,16.162787604372998,True
3D-MR-MS,patient21,DiceCE,2,154,146,17.254283888909253,True
3D-MR-MS,patient21,DiceCE,2,155,18,4.826076628587656,True
3D-MR-MS,patient21,DiceCE,2,156,59,37.03125,False
3D-MR-MS,patient21,DiceCE,2,157,163,27.607972706025436,True
3D-MR-MS,patient21,DiceCE,2,158,69,24.553386528075936,False
3D-MR-MS,patient21,DiceCE,2,159,136,20.6346805049009,True
3D-MR-MS,patient21,DiceCE,2,160,12,3.9120507028020413,True
3D-MR-MS,patient21,DiceCE,2,161,1,0.9272144204947885,False
3D-MR-MS,patient21,DiceCE,2,162,1,3.57648572926852,False
3D-MR-MS,patient21,DiceCE,2,163,5,0.9272144204947885,False
3D-MR-MS,patient21,DiceCE,2,164,128,7.081296900756342,True
3D-MR-MS,patient21,DiceCE,2,165,106,26.109053170705046,True
3D-MR-MS,patient21,DiceCE,2,166,40,16.04203585066937,True
3D-MR-MS,patient21,DiceCE,2,167,7,14.373241746268006,True
3D-MR-MS,patient21,DiceCE,2,168,48,10.175378149442967,True
3D-MR-MS,patient21,DiceCE,2,169,60,9.586073892457817,True
3D-MR-MS,patient21,DiceCE,2,170,125,8.802063873329697,True
3D-MR-MS,patient21,DiceCE,2,171,65,8.904493286349624,True
3D-MR-MS,patient21,DiceCE,2,172,101,2.327325802029863,True
3D-MR-MS,patient21,DiceCE,2,173,369,0.800000011920929,True
3D-MR-MS,patient21,DiceCE,2,174,422,24.676089930014466,True
3D-MR-MS,patient21,DiceCE,2,175,43,18.224692435475443,True
3D-MR-MS,patient21,DiceCE,2,176,156,3.495359690743684,True
3D-MR-MS,patient21,DiceCE,2,177,63,24.84375,True
3D-MR-MS,patient21,DiceCE,2,178,12,5.663927800122456,True
3D-MR-MS,patient21,DiceCE,2,179,21,15.713426066491701,True
3D-MR-MS,patient21,DiceCE,2,180,174,25.364151776307708,True
3D-MR-MS,patient21,DiceCE,2,181,161,8.331531316725245,True
3D-MR-MS,patient21,DiceCE,2,182,1,24.018294670321453,False
3D-MR-MS,patient21,DiceCE,2,183,565,5.174490530394805,True
3D-MR-MS,patient21,DiceCE,2,184,4,12.067220617631918,False
3D-MR-MS,patient21,DiceCE,2,185,83,10.529708729598164,True
3D-MR-MS,patient21,DiceCE,2,186,13,11.20316815611376,False
3D-MR-MS,patient21,DiceCE,2,187,8,21.021827388078357,False
3D-MR-MS,patient21,DiceCE,2,188,85,11.538580054320047,True
3D-MR-MS,patient21,DiceCE,2,189,15,6.8317561318963325,True
3D-MR-MS,patient21,DiceCE,2,190,164,11.60503837164929,True
3D-MR-MS,patient21,DiceCE,2,191,142,6.990719381487368,True
3D-MR-MS,patient21,DiceCE,2,192,497,0.800000011920929,True
3D-MR-MS,patient21,DiceCE,2,193,29,13.364823816424723,True
3D-MR-MS,patient21,DiceCE,2,194,213,26.382434544543095,True
3D-MR-MS,patient21,DiceCE,2,195,96,15.9375,True
3D-MR-MS,patient21,DiceCE,2,196,10,13.498625579382097,False
3D-MR-MS,patient21,DiceCE,2,197,69,7.912433450428029,True
3D-MR-MS,patient21,DiceCE,2,198,265,26.722861525761047,True
3D-MR-MS,patient21,DiceCE,2,199,47,34.41039315289271,True
3D-MR-MS,patient21,DiceCE,2,200,53,8.00000011920929,True
3D-MR-MS,patient21,DiceCE,2,201,1046,10.846579368472904,True
3D-MR-MS,patient21,DiceCE,2,202,26,9.964799374878226,True
3D-MR-MS,patient21,DiceCE,2,203,18,13.162096472746729,True
3D-MR-MS,patient21,DiceCE,2,204,218,11.19555237283502,True
3D-MR-MS,patient21,DiceCE,2,205,14,9.859786657574892,True
3D-MR-MS,patient21,DiceCE,2,206,326,7.440136191290613,True
3D-MR-MS,patient21,DiceCE,2,207,20,18.664481076911617,False
3D-MR-MS,patient21,DiceCE,2,208,144,12.476416925907937,True
3D-MR-MS,patient21,DiceCE,2,209,28,11.609778459194734,True
3D-MR-MS,patient21,DiceCE,2,210,1,9.611437421586952,False
3D-MR-MS,patient21,DiceCE,2,211,52,2.181115701033291,True
3D-MR-MS,patient21,DiceCE,2,212,44,16.458517945940248,True
3D-MR-MS,patient21,DiceCE,2,213,228,17.12115056565693,True
3D-MR-MS,patient21,DiceCE,2,214,24,19.377534204934417,False
3D-MR-MS,patient21,DiceCE,2,215,4,10.242354349483904,False
3D-MR-MS,patient21,DiceCE,2,216,150,12.802969016013433,True
3D-MR-MS,patient21,DiceCE,2,217,5,1.40625,False
3D-MR-MS,patient21,DiceCE,2,218,304,22.9817490071972,True
3D-MR-MS,patient21,DiceCE,2,219,100,27.192636044200434,True
3D-MR-MS,patient21,DiceCE,2,220,90,11.848266117386263,True
3D-MR-MS,patient21,DiceCE,2,221,12,30.1521558911268,False
3D-MR-MS,patient21,DiceCE,2,222,258,12.970525669101177,True
3D-MR-MS,patient21,DiceCE,2,223,275,18.104628893091608,True
3D-MR-MS,patient21,DiceCE,2,224,251,6.685458307640781,True
3D-MR-MS,patient21,DiceCE,2,225,12,4.800000071525574,True
3D-MR-MS,patient21,DiceCE,2,226,12,11.165999014713464,False
3D-MR-MS,patient21,DiceCE,2,227,1,21.306184300718343,False
3D-MR-MS,patient21,DiceCE,2,228,16,16.869038524895085,True
3D-MR-MS,patient21,DiceCE,2,229,382,18.929331196428137,True
3D-MR-MS,patient21,DiceCE,2,230,92,17.51252469340836,True
3D-MR-MS,patient21,DiceCE,2,231,258,21.438095951082328,True
3D-MR-MS,patient21,DiceCE,2,232,221,23.61769845059637,True
3D-MR-MS,patient21,DiceCE,2,233,151,25.3417895637634,True
3D-MR-MS,patient21,DiceCE,2,234,201,37.53497147023062,True
3D-MR-MS,patient21,DiceCE,2,235,78,25.375746148700774,True
3D-MR-MS,patient21,DiceCE,2,236,59,21.683182419943975,True
3D-MR-MS,patient21,DiceCE,2,237,159,27.304204641108424,True
3D-MR-MS,patient21,DiceCE,2,238,20,27.66862326972776,True
3D-MR-MS,patient21,DiceCE,2,239,35,15.929043272423412,True
3D-MR-MS,patient21,DiceCE,2,240,23,38.279166350539946,True
3D-MR-MS,patient21,DiceCE,2,241,159,29.961529153843315,True
3D-MR-MS,patient21,DiceCE,2,242,562,31.42707438029532,True
3D-MR-MS,patient21,DiceCE,2,243,140,35.972048716738314,True
3D-MR-MS,patient21,DiceCE,2,244,269,18.611828622180237,True
3D-MR-MS,patient21,DiceCE,2,245,1,21.515329960148588,False
3D-MR-MS,patient21,DiceCE,2,246,29,16.826137841507407,True
3D-MR-MS,patient21,DiceCE,2,247,59,32.62403592493943,True
3D-MR-MS,patient21,DiceCE,2,248,38,31.066851850873192,True
3D-MR-MS,patient21,DiceCE,2,249,1,41.70341809966938,False
3D-MR-MS,patient21,DiceCE,3,1,332,20.196786085190116,True
3D-MR-MS,patient21,DiceCE,3,2,55,28.315536213950228,False
3D-MR-MS,patient21,DiceCE,3,3,18,22.041185109214904,False
3D-MR-MS,patient21,DiceCE,3,4,239,32.668526140215604,True
3D-MR-MS,patient21,DiceCE,3,5,113,29.232549862347287,True
3D-MR-MS,patient21,DiceCE,3,6,169550,0.0,True
3D-MR-MS,patient21,DiceCE,3,7,185,24.69111477542685,True
3D-MR-MS,patient21,DiceCE,3,8,507,10.137609863626674,True
3D-MR-MS,patient21,DiceCE,3,9,130,21.61056717172016,True
3D-MR-MS,patient21,DiceCE,3,10,229,27.35010648249901,True
3D-MR-MS,patient21,DiceCE,3,11,11,19.369580064769824,False
3D-MR-MS,patient21,DiceCE,3,12,88,24.472007591912302,True
3D-MR-MS,patient21,DiceCE,3,13,1,18.799672927953523,False
3D-MR-MS,patient21,DiceCE,3,14,1,30.05397568615619,False
3D-MR-MS,patient21,DiceCE,3,15,45,20.08769864670737,True
3D-MR-MS,patient21,DiceCE,3,16,437,10.317084341473711,True
3D-MR-MS,patient21,DiceCE,3,17,1,24.80442994491348,False
3D-MR-MS,patient21,DiceCE,3,18,838,12.200456348858097,True
3D-MR-MS,patient21,DiceCE,3,19,2,24.009153885365013,False
3D-MR-MS,patient21,DiceCE,3,20,55,19.43376798808904,True
3D-MR-MS,patient21,DiceCE,3,21,2,29.052821264313348,False
3D-MR-MS,patient21,DiceCE,3,22,1,21.686294415299994,False
3D-MR-MS,patient21,DiceCE,3,23,10,26.958486881752346,False
3D-MR-MS,patient21,DiceCE,3,24,41,24.881064983907525,True
3D-MR-MS,patient21,DiceCE,3,25,23,18.63883734650299,True
3D-MR-MS,patient21,DiceCE,3,26,101,6.400000095367432,True
3D-MR-MS,patient21,DiceCE,3,27,1,28.815709101437655,False
3D-MR-MS,patient21,DiceCE,3,28,1,22.43920291484556,False
3D-MR-MS,patient21,DiceCE,3,29,124,26.210855579231147,True
3D-MR-MS,patient21,DiceCE,3,30,78,21.759158579199187,True
3D-MR-MS,patient21,DiceCE,3,31,1,36.69528508159936,False
3D-MR-MS,patient21,DiceCE,3,32,72,15.594471602934727,True
3D-MR-MS,patient21,DiceCE,3,33,14,21.94755474929768,False
3D-MR-MS,patient21,DiceCE,3,34,124,13.338009779678996,True
3D-MR-MS,patient21,DiceCE,3,35,147,23.947962135469783,True
3D-MR-MS,patient21,DiceCE,3,36,129,32.961121259720954,True
3D-MR-MS,patient21,DiceCE,3,37,685,5.754807853838461,True
3D-MR-MS,patient21,DiceCE,3,38,988,27.314909081263217,True
3D-MR-MS,patient21,DiceCE,3,39,444,4.844657222326174,True
3D-MR-MS,patient21,DiceCE,3,40,2,31.290292149987565,False
3D-MR-MS,patient21,DiceCE,3,41,116,9.04624416859792,True
3D-MR-MS,patient21,DiceCE,3,42,230,8.92397153362178,True
3D-MR-MS,patient21,DiceCE,3,43,164,25.226725852156253,True
3D-MR-MS,patient21,DiceCE,3,44,7,26.452479047645294,False
3D-MR-MS,patient21,DiceCE,3,45,28,30.455903740004036,False
3D-MR-MS,patient21,DiceCE,3,46,83,9.391837087087481,True
3D-MR-MS,patient21,DiceCE,3,47,398,9.758988363062631,True
3D-MR-MS,patient21,DiceCE,3,48,1,26.80187805520201,True
3D-MR-MS,patient21,DiceCE,3,49,21,32.68384659432384,False
3D-MR-MS,patient21,DiceCE,3,50,16,12.892162514841413,True
3D-MR-MS,patient21,DiceCE,3,51,408,5.4585404979422645,True
3D-MR-MS,patient21,DiceCE,3,52,29,8.849492462605024,True
3D-MR-MS,patient21,DiceCE,3,53,80,34.6875,True
3D-MR-MS,patient21,DiceCE,3,54,344,6.882862004113971,True
3D-MR-MS,patient21,DiceCE,3,55,35,17.362190647541386,True
3D-MR-MS,patient21,DiceCE,3,56,16,7.5718667188119735,True
3D-MR-MS,patient21,DiceCE,3,57,116,10.584387488142406,True
3D-MR-MS,patient21,DiceCE,3,58,13,17.400666743691175,False
3D-MR-MS,patient21,DiceCE,3,59,273,17.32428980275822,True
3D-MR-MS,patient21,DiceCE,3,60,24,3.9954124178605075,True
3D-MR-MS,patient21,DiceCE,3,61,61,9.511385085627689,True
3D-MR-MS,patient21,DiceCE,3,62,71,14.038492061380824,True
3D-MR-MS,patient21,DiceCE,3,63,170,31.236493336003253,True
3D-MR-MS,patient21,DiceCE,3,64,71,28.92503850467793,True
3D-MR-MS,patient21,DiceCE,3,65,95,26.636026179670147,True
3D-MR-MS,patient21,DiceCE,3,66,294,5.675619486468044,True
3D-MR-MS,patient21,DiceCE,3,67,593,9.219226708452133,True
3D-MR-MS,patient21,DiceCE,3,68,188,22.322162669577985,True
3D-MR-MS,patient21,DiceCE,3,69,1,5.361356274473574,False
3D-MR-MS,patient21,DiceCE,3,70,254,0.9272144204947885,True
3D-MR-MS,patient21,DiceCE,3,71,102,30.933442926897833,True
3D-MR-MS,patient21,DiceCE,3,72,60,11.585028748425149,True
3D-MR-MS,patient21,DiceCE,3,73,160,5.483725985736843,True
3D-MR-MS,patient21,DiceCE,3,74,52,11.95082698498309,True
3D-MR-MS,patient21,DiceCE,3,75,15,37.42055856269483,False
3D-MR-MS,patient21,DiceCE,3,76,637,5.363301223973299,True
3D-MR-MS,patient21,DiceCE,3,77,69,10.458670543589044,True
3D-MR-MS,patient21,DiceCE,3,78,136,7.96875,True
3D-MR-MS,patient21,DiceCE,3,79,3,2.7697021534947557,False
3D-MR-MS,patient21,DiceCE,3,80,1,4.301643964423529,False
3D-MR-MS,patient21,DiceCE,3,81,1,4.5498798249691585,False
3D-MR-MS,patient21,DiceCE,3,82,645,24.08321835482737,True
3D-MR-MS,patient21,DiceCE,3,83,165,7.842465035406501,True
3D-MR-MS,patient21,DiceCE,3,84,1,0.46875,False
3D-MR-MS,patient21,DiceCE,3,85,1,0.800000011920929,False
3D-MR-MS,patient21,DiceCE,3,86,8,15.210919443363705,False
3D-MR-MS,patient21,DiceCE,3,87,252,26.396970266190806,True
3D-MR-MS,patient21,DiceCE,3,88,14,37.80029968491088,False
3D-MR-MS,patient21,DiceCE,3,89,6,14.9486425491581,False
3D-MR-MS,patient21,DiceCE,3,90,5,15.551277331421813,False
3D-MR-MS,patient21,DiceCE,3,91,28,32.35696535312611,True
3D-MR-MS,patient21,DiceCE,3,92,26,12.897015461435254,True
3D-MR-MS,patient21,DiceCE,3,93,42,20.625,True
3D-MR-MS,patient21,DiceCE,3,94,1,4.780330793993236,False
3D-MR-MS,patient21,DiceCE,3,95,5,16.513045269195505,False
3D-MR-MS,patient21,DiceCE,3,96,149,29.49908970382026,True
3D-MR-MS,patient21,DiceCE,3,97,253,22.662305319991926,True
3D-MR-MS,patient21,DiceCE,3,98,248,29.125631134660576,True
3D-MR-MS,patient21,DiceCE,3,99,3,0.46875,False
3D-MR-MS,patient21,DiceCE,3,100,479,16.40625,True
3D-MR-MS,patient21,DiceCE,3,101,69,36.81933093515195,False
3D-MR-MS,patient21,DiceCE,3,102,122,22.098981883905324,True
3D-MR-MS,patient21,DiceCE,3,103,291,10.532360879054872,True
3D-MR-MS,patient21,DiceCE,3,104,41,13.825007088574873,True
3D-MR-MS,patient21,DiceCE,3,105,403,16.472128469376553,True
3D-MR-MS,patient21,DiceCE,3,106,1,30.4587041159282,False
3D-MR-MS,patient21,DiceCE,3,107,33,15.147331144352176,True
3D-MR-MS,patient21,DiceCE,3,108,27,29.56387162589226,True
3D-MR-MS,patient21,DiceCE,3,109,42,30.077796296144246,True
3D-MR-MS,patient21,DiceCE,3,110,9,16.017612379074915,True
3D-MR-MS,patient21,DiceCE,3,111,127,12.921803582765584,True
3D-MR-MS,patient21,DiceCE,3,112,138,20.21396195993442,True
3D-MR-MS,patient21,DiceCE,3,113,310,25.998577187928216,True
3D-MR-MS,patient21,DiceCE,3,114,238,22.45896345265462,True
3D-MR-MS,patient21,DiceCE,3,115,151,21.23087469425608,True
3D-MR-MS,patient21,DiceCE,3,116,135,28.7096054567833,False
3D-MR-MS,patient21,DiceCE,3,117,40,37.126315315142634,False
3D-MR-MS,patient21,DiceCE,3,118,63,30.914429033606744,False
3D-MR-MS,patient21,DiceCE,3,119,114,29.92539820967822,True
3D-MR-MS,patient21,DiceCE,3,120,5,36.29636379661973,False
3D-MR-MS,patient21,DiceCE,3,121,29,7.71265200398675,True
3D-MR-MS,patient21,DiceCE,3,122,55,31.36695373736885,True
3D-MR-MS,patient21,DiceCE,3,123,163,18.583574972192537,True
3D-MR-MS,patient21,DiceCE,3,124,6,26.82076578416704,False
3D-MR-MS,patient21,DiceCE,3,125,26,21.601463098776726,False
3D-MR-MS,patient21,DiceCE,3,126,51,28.597916496519368,True
3D-MR-MS,patient21,DiceCE,3,127,13,17.65052342705863,False
3D-MR-MS,patient21,DiceCE,3,128,114,35.41929325961387,True
3D-MR-MS,patient21,DiceCE,3,129,61,1.232439154308839,True
3D-MR-MS,patient21,DiceCE,3,130,103,3.4735833470745288,False
3D-MR-MS,patient21,DiceCE,3,131,855,12.249655608182357,True
3D-MR-MS,patient21,DiceCE,3,132,90,0.46875,True
3D-MR-MS,patient21,DiceCE,3,133,142,29.156166272794458,True
3D-MR-MS,patient21,DiceCE,3,134,243,33.19768920692839,False
3D-MR-MS,patient21,DiceCE,3,135,531,15.116733278059781,True
3D-MR-MS,patient21,DiceCE,3,136,269,25.48402848860071,True
3D-MR-MS,patient21,DiceCE,3,137,11,28.30340983502407,False
3D-MR-MS,patient21,DiceCE,3,138,151,19.136275279039435,True
3D-MR-MS,patient21,DiceCE,3,139,228,22.953312108761942,True
3D-MR-MS,patient21,DiceCE,3,140,43,20.127441775591095,False
3D-MR-MS,patient21,DiceCE,3,141,95,4.518339367961805,True
3D-MR-MS,patient21,DiceCE,3,142,28,32.81871906396021,True
3D-MR-MS,patient21,DiceCE,3,143,150,9.330532047887804,False
3D-MR-MS,patient21,DiceCE,3,144,2,31.95339693717614,False
3D-MR-MS,patient21,DiceCE,3,145,81,33.291970739555495,True
3D-MR-MS,patient21,DiceCE,3,146,103,36.69363032162135,True
3D-MR-MS,patient21,DiceCE,3,147,7,10.481568644530265,False
3D-MR-MS,patient21,DiceCE,3,148,131,30.129470668210917,True
3D-MR-MS,patient21,DiceCE,3,149,1,32.767784487134804,False
3D-MR-MS,patient21,DiceCE,3,150,930,23.869132982943732,True
3D-MR-MS,patient21,DiceCE,3,151,23,30.33634700493839,False
3D-MR-MS,patient21,DiceCE,3,152,183,29.900959563406992,True
3D-MR-MS,patient21,DiceCE,3,153,77,16.162787604372998,True
3D-MR-MS,patient21,DiceCE,3,154,146,17.254283888909253,True
3D-MR-MS,patient21,DiceCE,3,155,18,4.826076628587656,True
3D-MR-MS,patient21,DiceCE,3,156,59,37.03125,True
3D-MR-MS,patient21,DiceCE,3,157,163,27.607972706025436,False
3D-MR-MS,patient21,DiceCE,3,158,69,24.553386528075936,False
3D-MR-MS,patient21,DiceCE,3,159,136,20.6346805049009,True
3D-MR-MS,patient21,DiceCE,3,160,12,3.9120507028020413,True
3D-MR-MS,patient21,DiceCE,3,161,1,0.9272144204947885,False
3D-MR-MS,patient21,DiceCE,3,162,1,3.57648572926852,False
3D-MR-MS,patient21,DiceCE,3,163,5,0.9272144204947885,False
3D-MR-MS,patient21,DiceCE,3,164,128,7.081296900756342,True
3D-MR-MS,patient21,DiceCE,3,165,106,26.109053170705046,True
3D-MR-MS,patient21,DiceCE,3,166,40,16.04203585066937,True
3D-MR-MS,patient21,DiceCE,3,167,7,14.373241746268006,True
3D-MR-MS,patient21,DiceCE,3,168,48,10.175378149442967,True
3D-MR-MS,patient21,DiceCE,3,169,60,9.586073892457817,True
3D-MR-MS,patient21,DiceCE,3,170,125,8.802063873329697,True
3D-MR-MS,patient21,DiceCE,3,171,65,8.904493286349624,True
3D-MR-MS,patient21,DiceCE,3,172,101,2.327325802029863,True
3D-MR-MS,patient21,DiceCE,3,173,369,0.800000011920929,True
3D-MR-MS,patient21,DiceCE,3,174,422,24.676089930014466,True
3D-MR-MS,patient21,DiceCE,3,175,43,18.224692435475443,True
3D-MR-MS,patient21,DiceCE,3,176,156,3.495359690743684,True
3D-MR-MS,patient21,DiceCE,3,177,63,24.84375,True
3D-MR-MS,patient21,DiceCE,3,178,12,5.663927800122456,True
3D-MR-MS,patient21,DiceCE,3,179,21,15.713426066491701,True
3D-MR-MS,patient21,DiceCE,3,180,174,25.364151776307708,True
3D-MR-MS,patient21,DiceCE,3,181,161,8.331531316725245,True
3D-MR-MS,patient21,DiceCE,3,182,1,24.018294670321453,False
3D-MR-MS,patient21,DiceCE,3,183,565,5.174490530394805,True
3D-MR-MS,patient21,DiceCE,3,184,4,12.067220617631918,False
3D-MR-MS,patient21,DiceCE,3,185,83,10.529708729598164,True
3D-MR-MS,patient21,DiceCE,3,186,13,11.20316815611376,False
3D-MR-MS,patient21,DiceCE,3,187,8,21.021827388078357,False
3D-MR-MS,patient21,DiceCE,3,188,85,11.538580054320047,True
3D-MR-MS,patient21,DiceCE,3,189,15,6.8317561318963325,True
3D-MR-MS,patient21,DiceCE,3,190,164,11.60503837164929,True
3D-MR-MS,patient21,DiceCE,3,191,142,6.990719381487368,True
3D-MR-MS,patient21,DiceCE,3,192,497,0.800000011920929,True
3D-MR-MS,patient21,DiceCE,3,193,29,13.364823816424723,True
3D-MR-MS,patient21,DiceCE,3,194,213,26.382434544543095,True
3D-MR-MS,patient21,DiceCE,3,195,96,15.9375,True
3D-MR-MS,patient21,DiceCE,3,196,10,13.498625579382097,False
3D-MR-MS,patient21,DiceCE,3,197,69,7.912433450428029,True
3D-MR-MS,patient21,DiceCE,3,198,265,26.722861525761047,True
3D-MR-MS,patient21,DiceCE,3,199,47,34.41039315289271,True
3D-MR-MS,patient21,DiceCE,3,200,53,8.00000011920929,True
3D-MR-MS,patient21,DiceCE,3,201,1046,10.846579368472904,True
3D-MR-MS,patient21,DiceCE,3,202,26,9.964799374878226,True
3D-MR-MS,patient21,DiceCE,3,203,18,13.162096472746729,False
3D-MR-MS,patient21,DiceCE,3,204,218,11.19555237283502,True
3D-MR-MS,patient21,DiceCE,3,205,14,9.859786657574892,True
3D-MR-MS,patient21,DiceCE,3,206,326,7.440136191290613,True
3D-MR-MS,patient21,DiceCE,3,207,20,18.664481076911617,False
3D-MR-MS,patient21,DiceCE,3,208,144,12.476416925907937,True
3D-MR-MS,patient21,DiceCE,3,209,28,11.609778459194734,True
3D-MR-MS,patient21,DiceCE,3,210,1,9.611437421586952,False
3D-MR-MS,patient21,DiceCE,3,211,52,2.181115701033291,True
3D-MR-MS,patient21,DiceCE,3,212,44,16.458517945940248,True
3D-MR-MS,patient21,DiceCE,3,213,228,17.12115056565693,True
3D-MR-MS,patient21,DiceCE,3,214,24,19.377534204934417,False
3D-MR-MS,patient21,DiceCE,3,215,4,10.242354349483904,False
3D-MR-MS,patient21,DiceCE,3,216,150,12.802969016013433,True
3D-MR-MS,patient21,DiceCE,3,217,5,1.40625,False
3D-MR-MS,patient21,DiceCE,3,218,304,22.9817490071972,True
3D-MR-MS,patient21,DiceCE,3,219,100,27.192636044200434,True
3D-MR-MS,patient21,DiceCE,3,220,90,11.848266117386263,True
3D-MR-MS,patient21,DiceCE,3,221,12,30.1521558911268,False
3D-MR-MS,patient21,DiceCE,3,222,258,12.970525669101177,True
3D-MR-MS,patient21,DiceCE,3,223,275,18.104628893091608,True
3D-MR-MS,patient21,DiceCE,3,224,251,6.685458307640781,True
3D-MR-MS,patient21,DiceCE,3,225,12,4.800000071525574,True
3D-MR-MS,patient21,DiceCE,3,226,12,11.165999014713464,False
3D-MR-MS,patient21,DiceCE,3,227,1,21.306184300718343,False
3D-MR-MS,patient21,DiceCE,3,228,16,16.869038524895085,True
3D-MR-MS,patient21,DiceCE,3,229,382,18.929331196428137,True
3D-MR-MS,patient21,DiceCE,3,230,92,17.51252469340836,True
3D-MR-MS,patient21,DiceCE,3,231,258,21.438095951082328,True
3D-MR-MS,patient21,DiceCE,3,232,221,23.61769845059637,True
3D-MR-MS,patient21,DiceCE,3,233,151,25.3417895637634,True
3D-MR-MS,patient21,DiceCE,3,234,201,37.53497147023062,True
3D-MR-MS,patient21,DiceCE,3,235,78,25.375746148700774,True
3D-MR-MS,patient21,DiceCE,3,236,59,21.683182419943975,True
3D-MR-MS,patient21,DiceCE,3,237,159,27.304204641108424,True
3D-MR-MS,patient21,DiceCE,3,238,20,27.66862326972776,False
3D-MR-MS,patient21,DiceCE,3,239,35,15.929043272423412,True
3D-MR-MS,patient21,DiceCE,3,240,23,38.279166350539946,True
3D-MR-MS,patient21,DiceCE,3,241,159,29.961529153843315,True
3D-MR-MS,patient21,DiceCE,3,242,562,31.42707438029532,True
3D-MR-MS,patient21,DiceCE,3,243,140,35.972048716738314,True
3D-MR-MS,patient21,DiceCE,3,244,269,18.611828622180237,True
3D-MR-MS,patient21,DiceCE,3,245,1,21.515329960148588,False
3D-MR-MS,patient21,DiceCE,3,246,29,16.826137841507407,False
3D-MR-MS,patient21,DiceCE,3,247,59,32.62403592493943,True
3D-MR-MS,patient21,DiceCE,3,248,38,31.066851850873192,True
3D-MR-MS,patient21,DiceCE,3,249,1,41.70341809966938,False
3D-MR-MS,patient21,DiceCE,4,1,332,20.196786085190116,True
3D-MR-MS,patient21,DiceCE,4,2,55,28.315536213950228,False
3D-MR-MS,patient21,DiceCE,4,3,18,22.041185109214904,False
3D-MR-MS,patient21,DiceCE,4,4,239,32.668526140215604,True
3D-MR-MS,patient21,DiceCE,4,5,113,29.232549862347287,True
3D-MR-MS,patient21,DiceCE,4,6,169550,0.0,True
3D-MR-MS,patient21,DiceCE,4,7,185,24.69111477542685,True
3D-MR-MS,patient21,DiceCE,4,8,507,10.137609863626674,True
3D-MR-MS,patient21,DiceCE,4,9,130,21.61056717172016,True
3D-MR-MS,patient21,DiceCE,4,10,229,27.35010648249901,True
3D-MR-MS,patient21,DiceCE,4,11,11,19.369580064769824,False
3D-MR-MS,patient21,DiceCE,4,12,88,24.472007591912302,True
3D-MR-MS,patient21,DiceCE,4,13,1,18.799672927953523,False
3D-MR-MS,patient21,DiceCE,4,14,1,30.05397568615619,False
3D-MR-MS,patient21,DiceCE,4,15,45,20.08769864670737,True
3D-MR-MS,patient21,DiceCE,4,16,437,10.317084341473711,True
3D-MR-MS,patient21,DiceCE,4,17,1,24.80442994491348,False
3D-MR-MS,patient21,DiceCE,4,18,838,12.200456348858097,True
3D-MR-MS,patient21,DiceCE,4,19,2,24.009153885365013,False
3D-MR-MS,patient21,DiceCE,4,20,55,19.43376798808904,True
3D-MR-MS,patient21,DiceCE,4,21,2,29.052821264313348,False
3D-MR-MS,patient21,DiceCE,4,22,1,21.686294415299994,False
3D-MR-MS,patient21,DiceCE,4,23,10,26.958486881752346,False
3D-MR-MS,patient21,DiceCE,4,24,41,24.881064983907525,True
3D-MR-MS,patient21,DiceCE,4,25,23,18.63883734650299,True
3D-MR-MS,patient21,DiceCE,4,26,101,6.400000095367432,True
3D-MR-MS,patient21,DiceCE,4,27,1,28.815709101437655,False
3D-MR-MS,patient21,DiceCE,4,28,1,22.43920291484556,False
3D-MR-MS,patient21,DiceCE,4,29,124,26.210855579231147,True
3D-MR-MS,patient21,DiceCE,4,30,78,21.759158579199187,True
3D-MR-MS,patient21,DiceCE,4,31,1,36.69528508159936,False
3D-MR-MS,patient21,DiceCE,4,32,72,15.594471602934727,True
3D-MR-MS,patient21,DiceCE,4,33,14,21.94755474929768,False
3D-MR-MS,patient21,DiceCE,4,34,124,13.338009779678996,True
3D-MR-MS,patient21,DiceCE,4,35,147,23.947962135469783,True
3D-MR-MS,patient21,DiceCE,4,36,129,32.961121259720954,True
3D-MR-MS,patient21,DiceCE,4,37,685,5.754807853838461,True
3D-MR-MS,patient21,DiceCE,4,38,988,27.314909081263217,True
3D-MR-MS,patient21,DiceCE,4,39,444,4.844657222326174,True
3D-MR-MS,patient21,DiceCE,4,40,2,31.290292149987565,False
3D-MR-MS,patient21,DiceCE,4,41,116,9.04624416859792,True
3D-MR-MS,patient21,DiceCE,4,42,230,8.92397153362178,True
3D-MR-MS,patient21,DiceCE,4,43,164,25.226725852156253,True
3D-MR-MS,patient21,DiceCE,4,44,7,26.452479047645294,False
3D-MR-MS,patient21,DiceCE,4,45,28,30.455903740004036,False
3D-MR-MS,patient21,DiceCE,4,46,83,9.391837087087481,True
3D-MR-MS,patient21,DiceCE,4,47,398,9.758988363062631,True
3D-MR-MS,patient21,DiceCE,4,48,1,26.80187805520201,True
3D-MR-MS,patient21,DiceCE,4,49,21,32.68384659432384,False
3D-MR-MS,patient21,DiceCE,4,50,16,12.892162514841413,True
3D-MR-MS,patient21,DiceCE,4,51,408,5.4585404979422645,True
3D-MR-MS,patient21,DiceCE,4,52,29,8.849492462605024,True
3D-MR-MS,patient21,DiceCE,4,53,80,34.6875,True
3D-MR-MS,patient21,DiceCE,4,54,344,6.882862004113971,True
3D-MR-MS,patient21,DiceCE,4,55,35,17.362190647541386,True
3D-MR-MS,patient21,DiceCE,4,56,16,7.5718667188119735,True
3D-MR-MS,patient21,DiceCE,4,57,116,10.584387488142406,True
3D-MR-MS,patient21,DiceCE,4,58,13,17.400666743691175,False
3D-MR-MS,patient21,DiceCE,4,59,273,17.32428980275822,True
3D-MR-MS,patient21,DiceCE,4,60,24,3.9954124178605075,True
3D-MR-MS,patient21,DiceCE,4,61,61,9.511385085627689,True
3D-MR-MS,patient21,DiceCE,4,62,71,14.038492061380824,True
3D-MR-MS,patient21,DiceCE,4,63,170,31.236493336003253,True
3D-MR-MS,patient21,DiceCE,4,64,71,28.92503850467793,True
3D-MR-MS,patient21,DiceCE,4,65,95,26.636026179670147,True
3D-MR-MS,patient21,DiceCE,4,66,294,5.675619486468044,True
3D-MR-MS,patient21,DiceCE,4,67,593,9.219226708452133,True
3D-MR-MS,patient21,DiceCE,4,68,188,22.322162669577985,True
3D-MR-MS,patient21,DiceCE,4,69,1,5.361356274473574,False
3D-MR-MS,patient21,DiceCE,4,70,254,0.9272144204947885,True
3D-MR-MS,patient21,DiceCE,4,71,102,30.933442926897833,True
3D-MR-MS,patient21,DiceCE,4,72,60,11.585028748425149,True
3D-MR-MS,patient21,DiceCE,4,73,160,5.483725985736843,True
3D-MR-MS,patient21,DiceCE,4,74,52,11.95082698498309,True
3D-MR-MS,patient21,DiceCE,4,75,15,37.42055856269483,False
3D-MR-MS,patient21,DiceCE,4,76,637,5.363301223973299,True
3D-MR-MS,patient21,DiceCE,4,77,69,10.458670543589044,False
3D-MR-MS,patient21,DiceCE,4,78,136,7.96875,True
3D-MR-MS,patient21,DiceCE,4,79,3,2.7697021534947557,False
3D-MR-MS,patient21,DiceCE,4,80,1,4.301643964423529,False
3D-MR-MS,patient21,DiceCE,4,81,1,4.5498798249691585,False
3D-MR-MS,patient21,DiceCE,4,82,645,24.08321835482737,True
3D-MR-MS,patient21,DiceCE,4,83,165,7.842465035406501,True
3D-MR-MS,patient21,DiceCE,4,84,1,0.46875,False
3D-MR-MS,patient21,DiceCE,4,85,1,0.800000011920929,False
3D-MR-MS,patient21,DiceCE,4,86,8,15.210919443363705,False
3D-MR-MS,patient21,DiceCE,4,87,252,26.396970266190806,True
3D-MR-MS,patient21,DiceCE,4,88,14,37.80029968491088,False
3D-MR-MS,patient21,DiceCE,4,89,6,14.9486425491581,False
3D-MR-MS,patient21,DiceCE,4,90,5,15.551277331421813,False
3D-MR-MS,patient21,DiceCE,4,91,28,32.35696535312611,True
3D-MR-MS,patient21,DiceCE,4,92,26,12.897015461435254,True
3D-MR-MS,patient21,DiceCE,4,93,42,20.625,True
3D-MR-MS,patient21,DiceCE,4,94,1,4.780330793993236,False
3D-MR-MS,patient21,DiceCE,4,95,5,16.513045269195505,False
3D-MR-MS,patient21,DiceCE,4,96,149,29.49908970382026,True
3D-MR-MS,patient21,DiceCE,4,97,253,22.662305319991926,True
3D-MR-MS,patient21,DiceCE,4,98,248,29.125631134660576,True
3D-MR-MS,patient21,DiceCE,4,99,3,0.46875,False
3D-MR-MS,patient21,DiceCE,4,100,479,16.40625,True
3D-MR-MS,patient21,DiceCE,4,101,69,36.81933093515195,False
3D-MR-MS,patient21,DiceCE,4,102,122,22.098981883905324,True
3D-MR-MS,patient21,DiceCE,4,103,291,10.532360879054872,True
3D-MR-MS,patient21,DiceCE,4,104,41,13.825007088574873,True
3D-MR-MS,patient21,DiceCE,4,105,403,16.472128469376553,True
3D-MR-MS,patient21,DiceCE,4,106,1,30.4587041159282,False
3D-MR-MS,patient21,DiceCE,4,107,33,15.147331144352176,True
3D-MR-MS,patient21,DiceCE,4,108,27,29.56387162589226,True
3D-MR-MS,patient21,DiceCE,4,109,42,30.077796296144246,True
3D-MR-MS,patient21,DiceCE,4,110,9,16.017612379074915,True
3D-MR-MS,patient21,DiceCE,4,111,127,12.921803582765584,True
3D-MR-MS,patient21,DiceCE,4,112,138,20.21396195993442,True
3D-MR-MS,patient21,DiceCE,4,113,310,25.998577187928216,True
3D-MR-MS,patient21,DiceCE,4,114,238,22.45896345265462,True
3D-MR-MS,patient21,DiceCE,4,115,151,21.23087469425608,True
3D-MR-MS,patient21,DiceCE,4,116,135,28.7096054567833,False
3D-MR-MS,patient21,DiceCE,4,117,40,37.126315315142634,False
3D-MR-MS,patient21,DiceCE,4,118,63,30.914429033606744,True
3D-MR-MS,patient21,DiceCE,4,119,114,29.92539820967822,True
3D-MR-MS,patient21,DiceCE,4,120,5,36.29636379661973,False
3D-MR-MS,patient21,DiceCE,4,121,29,7.71265200398675,True
3D-MR-MS,patient21,DiceCE,4,122,55,31.36695373736885,True
3D-MR-MS,patient21,DiceCE,4,123,163,18.583574972192537,True
3D-MR-MS,patient21,DiceCE,4,124,6,26.82076578416704,True
3D-MR-MS,patient21,DiceCE,4,125,26,21.601463098776726,False
3D-MR-MS,patient21,DiceCE,4,126,51,28.597916496519368,True
3D-MR-MS,patient21,DiceCE,4,127,13,17.65052342705863,False
3D-MR-MS,patient21,DiceCE,4,128,114,35.41929325961387,True
3D-MR-MS,patient21,DiceCE,4,129,61,1.232439154308839,True
3D-MR-MS,patient21,DiceCE,4,130,103,3.4735833470745288,True
3D-MR-MS,patient21,DiceCE,4,131,855,12.249655608182357,True
3D-MR-MS,patient21,DiceCE,4,132,90,0.46875,True
3D-MR-MS,patient21,DiceCE,4,133,142,29.156166272794458,True
3D-MR-MS,patient21,DiceCE,4,134,243,33.19768920692839,False
3D-MR-MS,patient21,DiceCE,4,135,531,15.116733278059781,True
3D-MR-MS,patient21,DiceCE,4,136,269,25.48402848860071,True
3D-MR-MS,patient21,DiceCE,4,137,11,28.30340983502407,False
3D-MR-MS,patient21,DiceCE,4,138,151,19.136275279039435,True
3D-MR-MS,patient21,DiceCE,4,139,228,22.953312108761942,True
3D-MR-MS,patient21,DiceCE,4,140,43,20.127441775591095,False
3D-MR-MS,patient21,DiceCE,4,141,95,4.518339367961805,True
3D-MR-MS,patient21,DiceCE,4,142,28,32.81871906396021,False
3D-MR-MS,patient21,DiceCE,4,143,150,9.330532047887804,False
3D-MR-MS,patient21,DiceCE,4,144,2,31.95339693717614,False
3D-MR-MS,patient21,DiceCE,4,145,81,33.291970739555495,True
3D-MR-MS,patient21,DiceCE,4,146,103,36.69363032162135,True
3D-MR-MS,patient21,DiceCE,4,147,7,10.481568644530265,False
3D-MR-MS,patient21,DiceCE,4,148,131,30.129470668210917,True
3D-MR-MS,patient21,DiceCE,4,149,1,32.767784487134804,False
3D-MR-MS,patient21,DiceCE,4,150,930,23.869132982943732,True
3D-MR-MS,patient21,DiceCE,4,151,23,30.33634700493839,False
3D-MR-MS,patient21,DiceCE,4,152,183,29.900959563406992,True
3D-MR-MS,patient21,DiceCE,4,153,77,16.162787604372998,True
3D-MR-MS,patient21,DiceCE,4,154,146,17.254283888909253,True
3D-MR-MS,patient21,DiceCE,4,155,18,4.826076628587656,True
3D-MR-MS,patient21,DiceCE,4,156,59,37.03125,False
3D-MR-MS,patient21,DiceCE,4,157,163,27.607972706025436,True
3D-MR-MS,patient21,DiceCE,4,158,69,24.553386528075936,False
3D-MR-MS,patient21,DiceCE,4,159,136,20.6346805049009,True
3D-MR-MS,patient21,DiceCE,4,160,12,3.9120507028020413,True
3D-MR-MS,patient21,DiceCE,4,161,1,0.9272144204947885,False
3D-MR-MS,patient21,DiceCE,4,162,1,3.57648572926852,False
3D-MR-MS,patient21,DiceCE,4,163,5,0.9272144204947885,False
3D-MR-MS,patient21,DiceCE,4,164,128,7.081296900756342,True
3D-MR-MS,patient21,DiceCE,4,165,106,26.109053170705046,True
3D-MR-MS,patient21,DiceCE,4,166,40,16.04203585066937,True
3D-MR-MS,patient21,DiceCE,4,167,7,14.373241746268006,True
3D-MR-MS,patient21,DiceCE,4,168,48,10.175378149442967,True
3D-MR-MS,patient21,DiceCE,4,169,60,9.586073892457817,True
3D-MR-MS,patient21,DiceCE,4,170,125,8.802063873329697,True
3D-MR-MS,patient21,DiceCE,4,171,65,8.904493286349624,True
3D-MR-MS,patient21,DiceCE,4,172,101,2.327325802029863,True
3D-MR-MS,patient21,DiceCE,4,173,369,0.800000011920929,True
3D-MR-MS,patient21,DiceCE,4,174,422,24.676089930014466,True
3D-MR-MS,patient21,DiceCE,4,175,43,18.224692435475443,True
3D-MR-MS,patient21,DiceCE,4,176,156,3.495359690743684,True
3D-MR-MS,patient21,DiceCE,4,177,63,24.84375,True
3D-MR-MS,patient21,DiceCE,4,178,12,5.663927800122456,True
3D-MR-MS,patient21,DiceCE,4,179,21,15.713426066491701,False
3D-MR-MS,patient21,DiceCE,4,180,174,25.364151776307708,True
3D-MR-MS,patient21,DiceCE,4,181,161,8.331531316725245,True
3D-MR-MS,patient21,DiceCE,4,182,1,24.018294670321453,False
3D-MR-MS,patient21,DiceCE,4,183,565,5.174490530394805,True
3D-MR-MS,patient21,DiceCE,4,184,4,12.067220617631918,False
3D-MR-MS,patient21,DiceCE,4,185,83,10.529708729598164,True
3D-MR-MS,patient21,DiceCE,4,186,13,11.20316815611376,False
3D-MR-MS,patient21,DiceCE,4,187,8,21.021827388078357,False
3D-MR-MS,patient21,DiceCE,4,188,85,11.538580054320047,True
3D-MR-MS,patient21,DiceCE,4,189,15,6.8317561318963325,True
3D-MR-MS,patient21,DiceCE,4,190,164,11.60503837164929,True
3D-MR-MS,patient21,DiceCE,4,191,142,6.990719381487368,True
3D-MR-MS,patient21,DiceCE,4,192,497,0.800000011920929,True
3D-MR-MS,patient21,DiceCE,4,193,29,13.364823816424723,True
3D-MR-MS,patient21,DiceCE,4,194,213,26.382434544543095,True
3D-MR-MS,patient21,DiceCE,4,195,96,15.9375,True
3D-MR-MS,patient21,DiceCE,4,196,10,13.498625579382097,False
3D-MR-MS,patient21,DiceCE,4,197,69,7.912433450428029,True
3D-MR-MS,patient21,DiceCE,4,198,265,26.722861525761047,True
3D-MR-MS,patient21,DiceCE,4,199,47,34.41039315289271,True
3D-MR-MS,patient21,DiceCE,4,200,53,8.00000011920929,True
3D-MR-MS,patient21,DiceCE,4,201,1046,10.846579368472904,True
3D-MR-MS,patient21,DiceCE,4,202,26,9.964799374878226,True
3D-MR-MS,patient21,DiceCE,4,203,18,13.162096472746729,False
3D-MR-MS,patient21,DiceCE,4,204,218,11.19555237283502,True
3D-MR-MS,patient21,DiceCE,4,205,14,9.859786657574892,True
3D-MR-MS,patient21,DiceCE,4,206,326,7.440136191290613,True
3D-MR-MS,patient21,DiceCE,4,207,20,18.664481076911617,False
3D-MR-MS,patient21,DiceCE,4,208,144,12.476416925907937,True
3D-MR-MS,patient21,DiceCE,4,209,28,11.609778459194734,True
3D-MR-MS,patient21,DiceCE,4,210,1,9.611437421586952,False
3D-MR-MS,patient21,DiceCE,4,211,52,2.181115701033291,True
3D-MR-MS,patient21,DiceCE,4,212,44,16.458517945940248,True
3D-MR-MS,patient21,DiceCE,4,213,228,17.12115056565693,True
3D-MR-MS,patient21,DiceCE,4,214,24,19.377534204934417,False
3D-MR-MS,patient21,DiceCE,4,215,4,10.242354349483904,False
3D-MR-MS,patient21,DiceCE,4,216,150,12.802969016013433,True
3D-MR-MS,patient21,DiceCE,4,217,5,1.40625,False
3D-MR-MS,patient21,DiceCE,4,218,304,22.9817490071972,True
3D-MR-MS,patient21,DiceCE,4,219,100,27.192636044200434,True
3D-MR-MS,patient21,DiceCE,4,220,90,11.848266117386263,True
3D-MR-MS,patient21,DiceCE,4,221,12,30.1521558911268,False
3D-MR-MS,patient21,DiceCE,4,222,258,12.970525669101177,True
3D-MR-MS,patient21,DiceCE,4,223,275,18.104628893091608,True
3D-MR-MS,patient21,DiceCE,4,224,251,6.685458307640781,True
3D-MR-MS,patient21,DiceCE,4,225,12,4.800000071525574,True
3D-MR-MS,patient21,DiceCE,4,226,12,11.165999014713464,False
3D-MR-MS,patient21,DiceCE,4,227,1,21.306184300718343,False
3D-MR-MS,patient21,DiceCE,4,228,16,16.869038524895085,True
3D-MR-MS,patient21,DiceCE,4,229,382,18.929331196428137,True
3D-MR-MS,patient21,DiceCE,4,230,92,17.51252469340836,True
3D-MR-MS,patient21,DiceCE,4,231,258,21.438095951082328,True
3D-MR-MS,patient21,DiceCE,4,232,221,23.61769845059637,True
3D-MR-MS,patient21,DiceCE,4,233,151,25.3417895637634,True
3D-MR-MS,patient21,DiceCE,4,234,201,37.53497147023062,True
3D-MR-MS,patient21,DiceCE,4,235,78,25.375746148700774,True
3D-MR-MS,patient21,DiceCE,4,236,59,21.683182419943975,True
3D-MR-MS,patient21,DiceCE,4,237,159,27.304204641108424,True
3D-MR-MS,patient21,DiceCE,4,238,20,27.66862326972776,True
3D-MR-MS,patient21,DiceCE,4,239,35,15.929043272423412,True
3D-MR-MS,patient21,DiceCE,4,240,23,38.279166350539946,True
3D-MR-MS,patient21,DiceCE,4,241,159,29.961529153843315,True
3D-MR-MS,patient21,DiceCE,4,242,562,31.42707438029532,True
3D-MR-MS,patient21,DiceCE,4,243,140,35.972048716738314,True
3D-MR-MS,patient21,DiceCE,4,244,269,18.611828622180237,True
3D-MR-MS,patient21,DiceCE,4,245,1,21.515329960148588,False
3D-MR-MS,patient21,DiceCE,4,246,29,16.826137841507407,True
3D-MR-MS,patient21,DiceCE,4,247,59,32.62403592493943,True
3D-MR-MS,patient21,DiceCE,4,248,38,31.066851850873192,True
3D-MR-MS,patient21,DiceCE,4,249,1,41.70341809966938,False
3D-MR-MS,patient21,Tversky,0,1,332,20.196786085190116,True
3D-MR-MS,patient21,Tversky,0,2,55,28.315536213950228,False
3D-MR-MS,patient21,Tversky,0,3,18,22.041185109214904,False
3D-MR-MS,patient21,Tversky,0,4,239,32.668526140215604,True
3D-MR-MS,patient21,Tversky,0,5,113,29.232549862347287,True
3D-MR-MS,patient21,Tversky,0,6,169550,0.0,True
3D-MR-MS,patient21,Tversky,0,7,185,24.69111477542685,True
3D-MR-MS,patient21,Tversky,0,8,507,10.137609863626674,True
3D-MR-MS,patient21,Tversky,0,9,130,21.61056717172016,True
3D-MR-MS,patient21,Tversky,0,10,229,27.35010648249901,True
3D-MR-MS,patient21,Tversky,0,11,11,19.369580064769824,False
3D-MR-MS,patient21,Tversky,0,12,88,24.472007591912302,True
3D-MR-MS,patient21,Tversky,0,13,1,18.799672927953523,False
3D-MR-MS,patient21,Tversky,0,14,1,30.05397568615619,False
3D-MR-MS,patient21,Tversky,0,15,45,20.08769864670737,True
3D-MR-MS,patient21,Tversky,0,16,437,10.317084341473711,True
3D-MR-MS,patient21,Tversky,0,17,1,24.80442994491348,False
3D-MR-MS,patient21,Tversky,0,18,838,12.200456348858097,True
3D-MR-MS,patient21,Tversky,0,19,2,24.009153885365013,False
3D-MR-MS,patient21,Tversky,0,20,55,19.43376798808904,True
3D-MR-MS,patient21,Tversky,0,21,2,29.052821264313348,True
3D-MR-MS,patient21,Tversky,0,22,1,21.686294415299994,False
3D-MR-MS,patient21,Tversky,0,23,10,26.958486881752346,True
3D-MR-MS,patient21,Tversky,0,24,41,24.881064983907525,True
3D-MR-MS,patient21,Tversky,0,25,23,18.63883734650299,True
3D-MR-MS,patient21,Tversky,0,26,101,6.400000095367432,True
3D-MR-MS,patient21,Tversky,0,27,1,28.815709101437655,False
3D-MR-MS,patient21,Tversky,0,28,1,22.43920291484556,False
3D-MR-MS,patient21,Tversky,0,29,124,26.210855579231147,True
3D-MR-MS,patient21,Tversky,0,30,78,21.759158579199187,True
3D-MR-MS,patient21,Tversky,0,31,1,36.69528508159936,False
3D-MR-MS,patient21,Tversky,0,32,72,15.594471602934727,True
3D-MR-MS,patient21,Tversky,0,33,14,21.94755474929768,False
3D-MR-MS,patient21,Tversky,0,34,124,13.338009779678996,True
3D-MR-MS,patient21,Tversky,0,35,147,23.947962135469783,True
3D-MR-MS,patient21,Tversky,0,36,129,32.961121259720954,True
3D-MR-MS,patient21,Tversky,0,37,685,5.754807853838461,True
3D-MR-MS,patient21,Tversky,0,38,988,27.314909081263217,True
3D-MR-MS,patient21,Tversky,0,39,444,4.844657222326174,True
3D-MR-MS,patient21,Tversky,0,40,2,31.290292149987565,False
3D-MR-MS,patient21,Tversky,0,41,116,9.04624416859792,True
3D-MR-MS,patient21,Tversky,0,42,230,8.92397153362178,True
3D-MR-MS,patient21,Tversky,0,43,164,25.226725852156253,True
3D-MR-MS,patient21,Tversky,0,44,7,26.452479047645294,False
3D-MR-MS,patient21,Tversky,0,45,28,30.455903740004036,False
3D-MR-MS,patient21,Tversky,0,46,83,9.391837087087481,True
3D-MR-MS,patient21,Tversky,0,47,398,9.758988363062631,True
3D-MR-MS,patient21,Tversky,0,48,1,26.80187805520201,True
3D-MR-MS,patient21,Tversky,0,49,21,32.68384659432384,False
3D-MR-MS,patient21,Tversky,0,50,16,12.892162514841413,True
3D-MR-MS,patient21,Tversky,0,51,408,5.4585404979422645,True
3D-MR-MS,patient21,Tversky,0,52,29,8.849492462605024,True
3D-MR-MS,patient21,Tversky,0,53,80,34.6875,True
3D-MR-MS,patient21,Tversky,0,54,344,6.882862004113971,True
3D-MR-MS,patient21,Tversky,0,55,35,17.362190647541386,True
3D-MR-MS,patient21,Tversky,0,56,16,7.5718667188119735,True
3D-MR-MS,patient21,Tversky,0,57,116,10.584387488142406,True
3D-MR-MS,patient21,Tversky,0,58,13,17.400666743691175,False
3D-MR-MS,patient21,Tversky,0,59,273,17.32428980275822,True
3D-MR-MS,patient21,Tversky,0,60,24,3.9954124178605075,True
3D-MR-MS,patient21,Tversky,0,61,61,9.511385085627689,True
3D-MR-MS,patient21,Tversky,0,62,71,14.038492061380824,True
3D-MR-MS,patient21,Tversky,0,63,170,31.236493336003253,True
3D-MR-MS,patient21,Tversky,0,64,71,28.92503850467793,True
3D-MR-MS,patient21,Tversky,0,65,95,26.636026179670147,True
3D-MR-MS,patient21,Tversky,0,66,294,5.675619486468044,True
3D-MR-MS,patient21,Tversky,0,67,593,9.219226708452133,True
3D-MR-MS,patient21,Tversky,0,68,188,22.322162669577985,True
3D-MR-MS,patient21,Tversky,0,69,1,5.361356274473574,False
3D-MR-MS,patient21,Tversky,0,70,254,0.9272144204947885,True
3D-MR-MS,patient21,Tversky,0,71,102,30.933442926897833,True
3D-MR-MS,patient21,Tversky,0,72,60,11.585028748425149,True
3D-MR-MS,patient21,Tversky,0,73,160,5.483725985736843,True
3D-MR-MS,patient21,Tversky,0,74,52,11.95082698498309,True
3D-MR-MS,patient21,Tversky,0,75,15,37.42055856269483,False
3D-MR-MS,patient21,Tversky,0,76,637,5.363301223973299,True
3D-MR-MS,patient21,Tversky,0,77,69,10.458670543589044,True
3D-MR-MS,patient21,Tversky,0,78,136,7.96875,True
3D-MR-MS,patient21,Tversky,0,79,3,2.7697021534947557,False
3D-MR-MS,patient21,Tversky,0,80,1,4.301643964423529,False
3D-MR-MS,patient21,Tversky,0,81,1,4.5498798249691585,False
3D-MR-MS,patient21,Tversky,0,82,645,24.08321835482737,True
3D-MR-MS,patient21,Tversky,0,83,165,7.842465035406501,True
3D-MR-MS,patient21,Tversky,0,84,1,0.46875,False
3D-MR-MS,patient21,Tversky,0,85,1,0.800000011920929,False
3D-MR-MS,patient21,Tversky,0,86,8,15.210919443363705,False
3D-MR-MS,patient21,Tversky,0,87,252,26.396970266190806,True
3D-MR-MS,patient21,Tversky,0,88,14,37.80029968491088,False
3D-MR-MS,patient21,Tversky,0,89,6,14.9486425491581,False
3D-MR-MS,patient21,Tversky,0,90,5,15.551277331421813,False
3D-MR-MS,patient21,Tversky,0,91,28,32.35696535312611,True
3D-MR-MS,patient21,Tversky,0,92,26,12.897015461435254,True
3D-MR-MS,patient21,Tversky,0,93,42,20.625,True
3D-MR-MS,patient21,Tversky,0,94,1,4.780330793993236,False
3D-MR-MS,patient21,Tversky,0,95,5,16.513045269195505,False
3D-MR-MS,patient21,Tversky,0,96,149,29.49908970382026,False
3D-MR-MS,patient21,Tversky,0,97,253,22.662305319991926,True
3D-MR-MS,patient21,Tversky,0,98,248,29.125631134660576,True
3D-MR-MS,patient21,Tversky,0,99,3,0.46875,False
3D-MR-MS,patient21,Tversky,0,100,479,16.40625,True
3D-MR-MS,patient21,Tversky,0,101,69,36.81933093515195,False
3D-MR-MS,patient21,Tversky,0,102,122,22.098981883905324,True
3D-MR-MS,patient21,Tversky,0,103,291,10.532360879054872,True
3D-MR-MS,patient21,Tversky,0,104,41,13.825007088574873,True
3D-MR-MS,patient21,Tversky,0,105,403,16.472128469376553,True
3D-MR-MS,patient21,Tversky,0,106,1,30.4587041159282,False
3D-MR-MS,patient21,Tversky,0,107,33,15.147331144352176,True
3D-MR-MS,patient21,Tversky,0,108,27,29.56387162589226,True
3D-MR-MS,patient21,Tversky,0,109,42,30.077796296144246,True
3D-MR-MS,patient21,Tversky,0,110,9,16.017612379074915,True
3D-MR-MS,patient21,Tversky,0,111,127,12.921803582765584,True
3D-MR-MS,patient21,Tversky,0,112,138,20.21396195993442,True
3D-MR-MS,patient21,Tversky,0,113,310,25.998577187928216,True
3D-MR-MS,patient21,Tversky,0,114,238,22.45896345265462,True
3D-MR-MS,patient21,Tversky,0,115,151,21.23087469425608,True
3D-MR-MS,patient21,Tversky,0,116,135,28.7096054567833,False
3D-MR-MS,patient21,Tversky,0,117,40,37.126315315142634,False
3D-MR-MS,patient21,Tversky,0,118,63,30.914429033606744,True
3D-MR-MS,patient21,Tversky,0,119,114,29.92539820967822,True
3D-MR-MS,patient21,Tversky,0,120,5,36.29636379661973,False
3D-MR-MS,patient21,Tversky,0,121,29,7.71265200398675,True
3D-MR-MS,patient21,Tversky,0,122,55,31.36695373736885,True
3D-MR-MS,patient21,Tversky,0,123,163,18.583574972192537,True
3D-MR-MS,patient21,Tversky,0,124,6,26.82076578416704,True
3D-MR-MS,patient21,Tversky,0,125,26,21.601463098776726,False
3D-MR-MS,patient21,Tversky,0,126,51,28.597916496519368,True
3D-MR-MS,patient21,Tversky,0,127,13,17.65052342705863,False
3D-MR-MS,patient21,Tversky,0,128,114,35.41929325961387,True
3D-MR-MS,patient21,Tversky,0,129,61,1.232439154308839,True
3D-MR-MS,patient21,Tversky,0,130,103,3.4735833470745288,True
3D-MR-MS,patient21,Tversky,0,131,855,12.249655608182357,True
3D-MR-MS,patient21,Tversky,0,132,90,0.46875,True
3D-MR-MS,patient21,Tversky,0,133,142,29.156166272794458,True
3D-MR-MS,patient21,Tversky,0,134,243,33.19768920692839,True
3D-MR-MS,patient21,Tversky,0,135,531,15.116733278059781,True
3D-MR-MS,patient21,Tversky,0,136,269,25.48402848860071,True
3D-MR-MS,patient21,Tversky,0,137,11,28.30340983502407,False
3D-MR-MS,patient21,Tversky,0,138,151,19.136275279039435,True
3D-MR-MS,patient21,Tversky,0,139,228,22.953312108761942,True
3D-MR-MS,patient21,Tversky,0,140,43,20.127441775591095,False
3D-MR-MS,patient21,Tversky,0,141,95,4.518339367961805,True
3D-MR-MS,patient21,Tversky,0,142,28,32.81871906396021,True
3D-MR-MS,patient21,Tversky,0,143,150,9.330532047887804,False
3D-MR-MS,patient21,Tversky,0,144,2,31.95339693717614,False
3D-MR-MS,patient21,Tversky,0,145,81,33.291970739555495,True
3D-MR-MS,patient21,Tversky,0,146,103,36.69363032162135,True
3D-MR-MS,patient21,Tversky,0,147,7,10.481568644530265,False
3D-MR-MS,patient21,Tversky,0,148,131,30.129470668210917,True
3D-MR-MS,patient21,Tversky,0,149,1,32.767784487134804,False
3D-MR-MS,patient21,Tversky,0,150,930,23.869132982943732,True
3D-MR-MS,patient21,Tversky,0,151,23,30.33634700493839,False
3D-MR-MS,patient21,Tversky,0,152,183,29.900959563406992,True
3D-MR-MS,patient21,Tversky,0,153,77,16.162787604372998,True
3D-MR-MS,patient21,Tversky,0,154,146,17.254283888909253,True
3D-MR-MS,patient21,Tversky,0,155,18,4.826076628587656,True
3D-MR-MS,patient21,Tversky,0,156,59,37.03125,False
3D-MR-MS,patient21,Tversky,0,157,163,27.607972706025436,False
3D-MR-MS,patient21,Tversky,0,158,69,24.553386528075936,False
3D-MR-MS,patient21,Tversky,0,159,136,20.6346805049009,True
3D-MR-MS,patient21,Tversky,0,160,12,3.9120507028020413,True
3D-MR-MS,patient21,Tversky,0,161,1,0.9272144204947885,False
3D-MR-MS,patient21,Tversky,0,162,1,3.57648572926852,False
3D-MR-MS,patient21,Tversky,0,163,5,0.9272144204947885,False
3D-MR-MS,patient21,Tversky,0,164,128,7.081296900756342,True
3D-MR-MS,patient21,Tversky,0,165,106,26.109053170705046,True
3D-MR-MS,patient21,Tversky,0,166,40,16.04203585066937,True
3D-MR-MS,patient21,Tversky,0,167,7,14.373241746268006,False
3D-MR-MS,patient21,Tversky,0,168,48,10.175378149442967,True
3D-MR-MS,patient21,Tversky,0,169,60,9.586073892457817,True
3D-MR-MS,patient21,Tversky,0,170,125,8.802063873329697,True
3D-MR-MS,patient21,Tversky,0,171,65,8.904493286349624,True
3D-MR-MS,patient21,Tversky,0,172,101,2.327325802029863,True
3D-MR-MS,patient21,Tversky,0,173,369,0.800000011920929,True
3D-MR-MS,patient21,Tversky,0,174,422,24.676089930014466,True
3D-MR-MS,patient21,Tversky,0,175,43,18.224692435475443,True
3D-MR-MS,patient21,Tversky,0,176,156,3.495359690743684,True
3D-MR-MS,patient21,Tversky,0,177,63,24.84375,True
3D-MR-MS,patient21,Tversky,0,178,12,5.663927800122456,True
3D-MR-MS,patient21,Tversky,0,179,21,15.713426066491701,True
3D-MR-MS,patient21,Tversky,0,180,174,25.364151776307708,True
3D-MR-MS,patient21,Tversky,0,181,161,8.331531316725245,True
3D-MR-MS,patient21,Tversky,0,182,1,24.018294670321453,False
3D-MR-MS,patient21,Tversky,0,183,565,5.174490530394805,True
3D-MR-MS,patient21,Tversky,0,184,4,12.067220617631918,False
3D-MR-MS,patient21,Tversky,0,185,83,10.529708729598164,True
3D-MR-MS,patient21,Tversky,0,186,13,11.20316815611376,False
3D-MR-MS,patient21,Tversky,0,187,8,21.021827388078357,False
3D-MR-MS,patient21,Tversky,0,188,85,11.538580054320047,True
3D-MR-MS,patient21,Tversky,0,189,15,6.8317561318963325,True
3D-MR-MS,patient21,Tversky,0,190,164,11.60503837164929,True
3D-MR-MS,patient21,Tversky,0,191,142,6.990719381487368,True
3D-MR-MS,patient21,Tversky,0,192,497,0.800000011920929,True
3D-MR-MS,patient21,Tversky,0,193,29,13.364823816424723,True
3D-MR-MS,patient21,Tversky,0,194,213,26.382434544543095,True
3D-MR-MS,patient21,Tversky,0,195,96,15.9375,True
3D-MR-MS,patient21,Tversky,0,196,10,13.498625579382097,False
3D-MR-MS,patient21,Tversky,0,197,69,7.912433450428029,True
3D-MR-MS,patient21,Tversky,0,198,265,26.722861525761047,True
3D-MR-MS,patient21,Tversky,0,199,47,34.41039315289271,True
3D-MR-MS,patient21,Tversky,0,200,53,8.00000011920929,True
3D-MR-MS,patient21,Tversky,0,201,1046,10.846579368472904,True
3D-MR-MS,patient21,Tversky,0,202,26,9.964799374878226,True
3D-MR-MS,patient21,Tversky,0,203,18,13.162096472746729,False
3D-MR-MS,patient21,Tversky,0,204,218,11.19555237283502,True
3D-MR-MS,patient21,Tversky,0,205,14,9.859786657574892,True
3D-MR-MS,patient21,Tversky,0,206,326,7.440136191290613,True
3D-MR-MS,patient21,Tversky,0,207,20,18.664481076911617,False
3D-MR-MS,patient21,Tversky,0,208,144,12.476416925907937,True
3D-MR-MS,patient21,Tversky,0,209,28,11.609778459194734,True
3D-MR-MS,patient21,Tversky,0,210,1,9.611437421586952,False
3D-MR-MS,patient21,Tversky,0,211,52,2.181115701033291,True
3D-MR-MS,patient21,Tversky,0,212,44,16.458517945940248,True
3D-MR-MS,patient21,Tversky,0,213,228,17.12115056565693,True
3D-MR-MS,patient21,Tversky,0,214,24,19.377534204934417,False
3D-MR-MS,patient21,Tversky,0,215,4,10.242354349483904,False
3D-MR-MS,patient21,Tversky,0,216,150,12.802969016013433,True
3D-MR-MS,patient21,Tversky,0,217,5,1.40625,False
3D-MR-MS,patient21,Tversky,0,218,304,22.9817490071972,True
3D-MR-MS,patient21,Tversky,0,219,100,27.192636044200434,True
3D-MR-MS,patient21,Tversky,0,220,90,11.848266117386263,True
3D-MR-MS,patient21,Tversky,0,221,12,30.1521558911268,False
3D-MR-MS,patient21,Tversky,0,222,258,12.970525669101177,True
3D-MR-MS,patient21,Tversky,0,223,275,18.104628893091608,True
3D-MR-MS,patient21,Tversky,0,224,251,6.685458307640781,True
3D-MR-MS,patient21,Tversky,0,225,12,4.800000071525574,True
3D-MR-MS,patient21,Tversky,0,226,12,11.165999014713464,False
3D-MR-MS,patient21,Tversky,0,227,1,21.306184300718343,False
3D-MR-MS,patient21,Tversky,0,228,16,16.869038524895085,True
3D-MR-MS,patient21,Tversky,0,229,382,18.929331196428137,True
3D-MR-MS,patient21,Tversky,0,230,92,17.51252469340836,True
3D-MR-MS,patient21,Tversky,0,231,258,21.438095951082328,True
3D-MR-MS,patient21,Tversky,0,232,221,23.61769845059637,True
3D-MR-MS,patient21,Tversky,0,233,151,25.3417895637634,True
3D-MR-MS,patient21,Tversky,0,234,201,37.53497147023062,True
3D-MR-MS,patient21,Tversky,0,235,78,25.375746148700774,True
3D-MR-MS,patient21,Tversky,0,236,59,21.683182419943975,True
3D-MR-MS,patient21,Tversky,0,237,159,27.304204641108424,True
3D-MR-MS,patient21,Tversky,0,238,20,27.66862326972776,True
3D-MR-MS,patient21,Tversky,0,239,35,15.929043272423412,True
3D-MR-MS,patient21,Tversky,0,240,23,38.279166350539946,True
3D-MR-MS,patient21,Tversky,0,241,159,29.961529153843315,True
3D-MR-MS,patient21,Tversky,0,242,562,31.42707438029532,True
3D-MR-MS,patient21,Tversky,0,243,140,35.972048716738314,True
3D-MR-MS,patient21,Tversky,0,244,269,18.611828622180237,True
3D-MR-MS,patient21,Tversky,0,245,1,21.515329960148588,False
3D-MR-MS,patient21,Tversky,0,246,29,16.826137841507407,True
3D-MR-MS,patient21,Tversky,0,247,59,32.62403592493943,True
3D-MR-MS,patient21,Tversky,0,248,38,31.066851850873192,True
3D-MR-MS,patient21,Tversky,0,249,1,41.70341809966938,False
3D-MR-MS,patient21,Tversky,1,1,332,20.196786085190116,True
3D-MR-MS,patient21,Tversky,1,2,55,28.315536213950228,False
3D-MR-MS,patient21,Tversky,1,3,18,22.041185109214904,False
3D-MR-MS,patient21,Tversky,1,4,239,32.668526140215604,True
3D-MR-MS,patient21,Tversky,1,5,113,29.232549862347287,True
3D-MR-MS,patient21,Tversky,1,6,169550,0.0,True
3D-MR-MS,patient21,Tversky,1,7,185,24.69111477542685,True
3D-MR-MS,patient21,Tversky,1,8,507,10.137609863626674,True
3D-MR-MS,patient21,Tversky,1,9,130,21.61056717172016,True
3D-MR-MS,patient21,Tversky,1,10,229,27.35010648249901,True
3D-MR-MS,patient21,Tversky,1,11,11,19.369580064769824,False
3D-MR-MS,patient21,Tversky,1,12,88,24.472007591912302,True
3D-MR-MS,patient21,Tversky,1,13,1,18.799672927953523,False
3D-MR-MS,patient21,Tversky,1,14,1,30.05397568615619,False
3D-MR-MS,patient21,Tversky,1,15,45,20.08769864670737,True
3D-MR-MS,patient21,Tversky,1,16,437,10.317084341473711,True
3D-MR-MS,patient21,Tversky,1,17,1,24.80442994491348,False
3D-MR-MS,patient21,Tversky,1,18,838,12.200456348858097,True
3D-MR-MS,patient21,Tversky,1,19,2,24.009153885365013,False
3D-MR-MS,patient21,Tversky,1,20,55,19.43376798808904,True
3D-MR-MS,patient21,Tversky,1,21,2,29.052821264313348,False
3D-MR-MS,patient21,Tversky,1,22,1,21.686294415299994,False
3D-MR-MS,patient21,Tversky,1,23,10,26.958486881752346,False
3D-MR-MS,patient21,Tversky,1,24,41,24.881064983907525,True
3D-MR-MS,patient21,Tversky,1,25,23,18.63883734650299,True
3D-MR-MS,patient21,Tversky,1,26,101,6.400000095367432,True
3D-MR-MS,patient21,Tversky,1,27,1,28.815709101437655,False
3D-MR-MS,patient21,Tversky,1,28,1,22.43920291484556,False
3D-MR-MS,patient21,Tversky,1,29,124,26.210855579231147,True
3D-MR-MS,patient21,Tversky,1,30,78,21.759158579199187,True
3D-MR-MS,patient21,Tversky,1,31,1,36.69528508159936,False
3D-MR-MS,patient21,Tversky,1,32,72,15.594471602934727,True
3D-MR-MS,patient21,Tversky,1,33,14,21.94755474929768,False
3D-MR-MS,patient21,Tversky,1,34,124,13.338009779678996,True
3D-MR-MS,patient21,Tversky,1,35,147,23.947962135469783,True
3D-MR-MS,patient21,Tversky,1,36,129,32.961121259720954,True
3D-MR-MS,patient21,Tversky,1,37,685,5.754807853838461,True
3D-MR-MS,patient21,Tversky,1,38,988,27.314909081263217,True
3D-MR-MS,patient21,Tversky,1,39,444,4.844657222326174,True
3D-MR-MS,patient21,Tversky,1,40,2,31.290292149987565,False
3D-MR-MS,patient21,Tversky,1,41,116,9.04624416859792,True
3D-MR-MS,patient21,Tversky,1,42,230,8.92397153362178,True
3D-MR-MS,patient21,Tversky,1,43,164,25.226725852156253,True
3D-MR-MS,patient21,Tversky,1,44,7,26.452479047645294,False
3D-MR-MS,patient21,Tversky,1,45,28,30.455903740004036,False
3D-MR-MS,patient21,Tversky,1,46,83,9.391837087087481,True
3D-MR-MS,patient21,Tversky,1,47,398,9.758988363062631,True
3D-MR-MS,patient21,Tversky,1,48,1,26.80187805520201,True
3D-MR-MS,patient21,Tversky,1,49,21,32.68384659432384,False
3D-MR-MS,patient21,Tversky,1,50,16,12.892162514841413,True
3D-MR-MS,patient21,Tversky,1,51,408,5.4585404979422645,True
3D-MR-MS,patient21,Tversky,1,52,29,8.849492462605024,True
3D-MR-MS,patient21,Tversky,1,53,80,34.6875,True
3D-MR-MS,patient21,Tversky,1,54,344,6.882862004113971,True
3D-MR-MS,patient21,Tversky,1,55,35,17.362190647541386,True
3D-MR-MS,patient21,Tversky,1,56,16,7.5718667188119735,True
3D-MR-MS,patient21,Tversky,1,57,116,10.584387488142406,True
3D-MR-MS,patient21,Tversky,1,58,13,17.400666743691175,False
3D-MR-MS,patient21,Tversky,1,59,273,17.32428980275822,True
3D-MR-MS,patient21,Tversky,1,60,24,3.9954124178605075,True
3D-MR-MS,patient21,Tversky,1,61,61,9.511385085627689,True
3D-MR-MS,patient21,Tversky,1,62,71,14.038492061380824,True
3D-MR-MS,patient21,Tversky,1,63,170,31.236493336003253,True
3D-MR-MS,patient21,Tversky,1,64,71,28.92503850467793,True
3D-MR-MS,patient21,Tversky,1,65,95,26.636026179670147,True
3D-MR-MS,patient21,Tversky,1,66,294,5.675619486468044,True
3D-MR-MS,patient21,Tversky,1,67,593,9.219226708452133,True
3D-MR-MS,patient21,Tversky,1,68,188,22.322162669577985,True
3D-MR-MS,patient21,Tversky,1,69,1,5.361356274473574,False
3D-MR-MS,patient21,Tversky,1,70,254,0.9272144204947885,True
3D-MR-MS,patient21,Tversky,1,71,102,30.933442926897833,True
3D-MR-MS,patient21,Tversky,1,72,60,11.585028748425149,True
3D-MR-MS,patient21,Tversky,1,73,160,5.483725985736843,True
3D-MR-MS,patient21,Tversky,1,74,52,11.95082698498309,True
3D-MR-MS,patient21,Tversky,1,75,15,37.42055856269483,False
3D-MR-MS,patient21,Tversky,1,76,637,5.363301223973299,True
3D-MR-MS,patient21,Tversky,1,77,69,10.458670543589044,True
3D-MR-MS,patient21,Tversky,1,78,136,7.96875,True
3D-MR-MS,patient21,Tversky,1,79,3,2.7697021534947557,False
3D-MR-MS,patient21,Tversky,1,80,1,4.301643964423529,False
3D-MR-MS,patient21,Tversky,1,81,1,4.5498798249691585,False
3D-MR-MS,patient21,Tversky,1,82,645,24.08321835482737,True
3D-MR-MS,patient21,Tversky,1,83,165,7.842465035406501,True
3D-MR-MS,patient21,Tversky,1,84,1,0.46875,False
3D-MR-MS,patient21,Tversky,1,85,1,0.800000011920929,False
3D-MR-MS,patient21,Tversky,1,86,8,15.210919443363705,False
3D-MR-MS,patient21,Tversky,1,87,252,26.396970266190806,True
3D-MR-MS,patient21,Tversky,1,88,14,37.80029968491088,False
3D-MR-MS,patient21,Tversky,1,89,6,14.9486425491581,False
3D-MR-MS,patient21,Tversky,1,90,5,15.551277331421813,False
3D-MR-MS,patient21,Tversky,1,91,28,32.35696535312611,True
3D-MR-MS,patient21,Tversky,1,92,26,12.897015461435254,True
3D-MR-MS,patient21,Tversky,1,93,42,20.625,True
3D-MR-MS,patient21,Tversky,1,94,1,4.780330793993236,False
3D-MR-MS,patient21,Tversky,1,95,5,16.513045269195505,False
3D-MR-MS,patient21,Tversky,1,96,149,29.49908970382026,False
3D-MR-MS,patient21,Tversky,1,97,253,22.662305319991926,True
3D-MR-MS,patient21,Tversky,1,98,248,29.125631134660576,True
3D-MR-MS,patient21,Tversky,1,99,3,0.46875,False
3D-MR-MS,patient21,Tversky,1,100,479,16.40625,True
3D-MR-MS,patient21,Tversky,1,101,69,36.81933093515195,False
3D-MR-MS,patient21,Tversky,1,102,122,22.098981883905324,True
3D-MR-MS,patient21,Tversky,1,103,291,10.532360879054872,True
3D-MR-MS,patient21,Tversky,1,104,41,13.825007088574873,True
3D-MR-MS,patient21,Tversky,1,105,403,16.472128469376553,True
3D-MR-MS,patient21,Tversky,1,106,1,30.4587041159282,False
3D-MR-MS,patient21,Tversky,1,107,33,15.147331144352176,True
3D-MR-MS,patient21,Tversky,1,108,27,29.56387162589226,True
3D-MR-MS,patient21,Tversky,1,109,42,30.077796296144246,True
3D-MR-MS,patient21,Tversky,1,110,9,16.017612379074915,True
3D-MR-MS,patient21,Tversky,1,111,127,12.921803582765584,True
3D-MR-MS,patient21,Tversky,1,112,138,20.21396195993442,True
3D-MR-MS,patient21,Tversky,1,113,310,25.998577187928216,True
3D-MR-MS,patient21,Tversky,1,114,238,22.45896345265462,True
3D-MR-MS,patient21,Tversky,1,115,151,21.23087469425608,True
3D-MR-MS,patient21,Tversky,1,116,135,28.7096054567833,False
3D-MR-MS,patient21,Tversky,1,117,40,37.126315315142634,False
3D-MR-MS,patient21,Tversky,1,118,63,30.914429033606744,True
3D-MR-MS,patient21,Tversky,1,119,114,29.92539820967822,True
3D-MR-MS,patient21,Tversky,1,120,5,36.29636379661973,False
3D-MR-MS,patient21,Tversky,1,121,29,7.71265200398675,True
3D-MR-MS,patient21,Tversky,1,122,55,31.36695373736885,True
3D-MR-MS,patient21,Tversky,1,123,163,18.583574972192537,True
3D-MR-MS,patient21,Tversky,1,124,6,26.82076578416704,False
3D-MR-MS,patient21,Tversky,1,125,26,21.601463098776726,False
3D-MR-MS,patient21,Tversky,1,126,51,28.597916496519368,True
3D-MR-MS,patient21,Tversky,1,127,13,17.65052342705863,False
3D-MR-MS,patient21,Tversky,1,128,114,35.41929325961387,True
3D-MR-MS,patient21,Tversky,1,129,61,1.232439154308839,True
3D-MR-MS,patient21,Tversky,1,130,103,3.4735833470745288,True
3D-MR-MS,patient21,Tversky,1,131,855,12.249655608182357,True
3D-MR-MS,patient21,Tversky,1,132,90,0.46875,True
3D-MR-MS,patient21,Tversky,1,133,142,29.156166272794458,True
3D-MR-MS,patient21,Tversky,1,134,243,33.19768920692839,False
3D-MR-MS,patient21,Tversky,1,135,531,15.116733278059781,True
3D-MR-MS,patient21,Tversky,1,136,269,25.48402848860071,True
3D-MR-MS,patient21,Tversky,1,137,11,28.30340983502407,False
3D-MR-MS,patient21,Tversky,1,138,151,19.136275279039435,True
3D-MR-MS,patient21,Tversky,1,139,228,22.953312108761942,True
3D-MR-MS,patient21,Tversky,1,140,43,20.127441775591095,False
3D-MR-MS,patient21,Tversky,1,141,95,4.518339367961805,True
3D-MR-MS,patient21,Tversky,1,142,28,32.81871906396021,True
3D-MR-MS,patient21,Tversky,1,143,150,9.330532047887804,False
3D-MR-MS,patient21,Tversky,1,144,2,31.95339693717614,False
3D-MR-MS,patient21,Tversky,1,145,81,33.291970739555495,True
3D-MR-MS,patient21,Tversky,1,146,103,36.69363032162135,True
3D-MR-MS,patient21,Tversky,1,147,7,10.481568644530265,False
3D-MR-MS,patient21,Tversky,1,148,131,30.129470668210917,True
3D-MR-MS,patient21,Tversky,1,149,1,32.767784487134804,False
3D-MR-MS,patient21,Tversky,1,150,930,23.869132982943732,True
3D-MR-MS,patient21,Tversky,1,151,23,30.33634700493839,False
3D-MR-MS,patient21,Tversky,1,152,183,29.900959563406992,True
3D-MR-MS,patient21,Tversky,1,153,77,16.162787604372998,True
3D-MR-MS,patient21,Tversky,1,154,146,17.254283888909253,True
3D-MR-MS,patient21,Tversky,1,155,18,4.826076628587656,True
3D-MR-MS,patient21,Tversky,1,156,59,37.03125,False
3D-MR-MS,patient21,Tversky,1,157,163,27.607972706025436,False
3D-MR-MS,patient21,Tversky,1,158,69,24.553386528075936,False
3D-MR-MS,patient21,Tversky,1,159,136,20.6346805049009,True
3D-MR-MS,patient21,Tversky,1,160,12,3.9120507028020413,True
3D-MR-MS,patient21,Tversky,1,161,1,0.9272144204947885,False
3D-MR-MS,patient21,Tversky,1,162,1,3.57648572926852,False
3D-MR-MS,patient21,Tversky,1,163,5,0.9272144204947885,False
3D-MR-MS,patient21,Tversky,1,164,128,7.081296900756342,True
3D-MR-MS,patient21,Tversky,1,165,106,26.109053170705046,True
3D-MR-MS,patient21,Tversky,1,166,40,16.04203585066937,True
3D-MR-MS,patient21,Tversky,1,167,7,14.373241746268006,False
3D-MR-MS,patient21,Tversky,1,168,48,10.175378149442967,True
3D-MR-MS,patient21,Tversky,1,169,60,9.586073892457817,True
3D-MR-MS,patient21,Tversky,1,170,125,8.802063873329697,True
3D-MR-MS,patient21,Tversky,1,171,65,8.904493286349624,True
3D-MR-MS,patient21,Tversky,1,172,101,2.327325802029863,True
3D-MR-MS,patient21,Tversky,1,173,369,0.800000011920929,True
3D-MR-MS,patient21,Tversky,1,174,422,24.676089930014466,True
3D-MR-MS,patient21,Tversky,1,175,43,18.224692435475443,True
3D-MR-MS,patient21,Tversky,1,176,156,3.495359690743684,True
3D-MR-MS,patient21,Tversky,1,177,63,24.84375,True
3D-MR-MS,patient21,Tversky,1,178,12,5.663927800122456,True
3D-MR-MS,patient21,Tversky,1,179,21,15.713426066491701,False
3D-MR-MS,patient21,Tversky,1,180,174,25.364151776307708,True
3D-MR-MS,patient21,Tversky,1,181,161,8.331531316725245,True
3D-MR-MS,patient21,Tversky,1,182,1,24.018294670321453,False
3D-MR-MS,patient21,Tversky,1,183,565,5.174490530394805,True
3D-MR-MS,patient21,Tversky,1,184,4,12.067220617631918,False
3D-MR-MS,patient21,Tversky,1,185,83,10.529708729598164,True
3D-MR-MS,patient21,Tversky,1,186,13,11.20316815611376,False
3D-MR-MS,patient21,Tversky,1,187,8,21.021827388078357,False
3D-MR-MS,patient21,Tversky,1,188,85,11.538580054320047,True
3D-MR-MS,patient21,Tversky,1,189,15,6.8317561318963325,True
3D-MR-MS,patient21,Tversky,1,190,164,11.60503837164929,True
3D-MR-MS,patient21,Tversky,1,191,142,6.990719381487368,True
3D-MR-MS,patient21,Tversky,1,192,497,0.800000011920929,True
3D-MR-MS,patient21,Tversky,1,193,29,13.364823816424723,True
3D-MR-MS,patient21,Tversky,1,194,213,26.382434544543095,True
3D-MR-MS,patient21,Tversky,1,195,96,15.9375,True
3D-MR-MS,patient21,Tversky,1,196,10,13.498625579382097,False
3D-MR-MS,patient21,Tversky,1,197,69,7.912433450428029,True
3D-MR-MS,patient21,Tversky,1,198,265,26.722861525761047,True
3D-MR-MS,patient21,Tversky,1,199,47,34.41039315289271,True
3D-MR-MS,patient21,Tversky,1,200,53,8.00000011920929,True
3D-MR-MS,patient21,Tversky,1,201,1046,10.846579368472904,True
3D-MR-MS,patient21,Tversky,1,202,26,9.964799374878226,False
3D-MR-MS,patient21,Tversky,1,203,18,13.162096472746729,False
3D-MR-MS,patient21,Tversky,1,204,218,11.19555237283502,True
3D-MR-MS,patient21,Tversky,1,205,14,9.859786657574892,True
3D-MR-MS,patient21,Tversky,1,206,326,7.440136191290613,True
3D-MR-MS,patient21,Tversky,1,207,20,18.664481076911617,False
3D-MR-MS,patient21,Tversky,1,208,144,12.476416925907937,True
3D-MR-MS,patient21,Tversky,1,209,28,11.609778459194734,True
3D-MR-MS,patient21,Tversky,1,210,1,9.611437421586952,False
3D-MR-MS,patient21,Tversky,1,211,52,2.181115701033291,True
3D-MR-MS,patient21,Tversky,1,212,44,16.458517945940248,False
3D-MR-MS,patient21,Tversky,1,213,228,17.12115056565693,False
3D-MR-MS,patient21,Tversky,1,214,24,19.377534204934417,False
3D-MR-MS,patient21,Tversky,1,215,4,10.242354349483904,False
3D-MR-MS,patient21,Tversky,1,216,150,12.802969016013433,True
3D-MR-MS,patient21,Tversky,1,217,5,1.40625,False
3D-MR-MS,patient21,Tversky,1,218,304,22.9817490071972,True
3D-MR-MS,patient21,Tversky,1,219,100,27.192636044200434,True
3D-MR-MS,patient21,Tversky,1,220,90,11.848266117386263,True
3D-MR-MS,patient21,Tversky,1,221,12,30.1521558911268,False
3D-MR-MS,patient21,Tversky,1,222,258,12.970525669101177,True
3D-MR-MS,patient21,Tversky,1,223,275,18.104628893091608,True
3D-MR-MS,patient21,Tversky,1,224,251,6.685458307640781,True
3D-MR-MS,patient21,Tversky,1,225,12,4.800000071525574,True
3D-MR-MS,patient21,Tversky,1,226,12,11.165999014713464,False
3D-MR-MS,patient21,Tversky,1,227,1,21.306184300718343,False
3D-MR-MS,patient21,Tversky,1,228,16,16.869038524895085,True
3D-MR-MS,patient21,Tversky,1,229,382,18.929331196428137,True
3D-MR-MS,patient21,Tversky,1,230,92,17.51252469340836,True
3D-MR-MS,patient21,Tversky,1,231,258,21.438095951082328,True
3D-MR-MS,patient21,Tversky,1,232,221,23.61769845059637,True
3D-MR-MS,patient21,Tversky,1,233,151,25.3417895637634,True
3D-MR-MS,patient21,Tversky,1,234,201,37.53497147023062,True
3D-MR-MS,patient21,Tversky,1,235,78,25.375746148700774,True
3D-MR-MS,patient21,Tversky,1,236,59,21.683182419943975,True
3D-MR-MS,patient21,Tversky,1,237,159,27.304204641108424,True
3D-MR-MS,patient21,Tversky,1,238,20,27.66862326972776,False
3D-MR-MS,patient21,Tversky,1,239,35,15.929043272423412,True
3D-MR-MS,patient21,Tversky,1,240,23,38.279166350539946,True
3D-MR-MS,patient21,Tversky,1,241,159,29.961529153843315,True
3D-MR-MS,patient21,Tversky,1,242,562,31.42707438029532,True
3D-MR-MS,patient21,Tversky,1,243,140,35.972048716738314,True
3D-MR-MS,patient21,Tversky,1,244,269,18.611828622180237,True
3D-MR-MS,patient21,Tversky,1,245,1,21.515329960148588,False
3D-MR-MS,patient21,Tversky,1,246,29,16.826137841507407,False
3D-MR-MS,patient21,Tversky,1,247,59,32.62403592493943,True
3D-MR-MS,patient21,Tversky,1,248,38,31.066851850873192,True
3D-MR-MS,patient21,Tversky,1,249,1,41.70341809966938,False
3D-MR-MS,patient21,Tversky,2,1,332,20.196786085190116,True
3D-MR-MS,patient21,Tversky,2,2,55,28.315536213950228,False
3D-MR-MS,patient21,Tversky,2,3,18,22.041185109214904,False
3D-MR-MS,patient21,Tversky,2,4,239,32.668526140215604,True
3D-MR-MS,patient21,Tversky,2,5,113,29.232549862347287,True
3D-MR-MS,patient21,Tversky,2,6,169550,0.0,True
3D-MR-MS,patient21,Tversky,2,7,185,24.69111477542685,True
3D-MR-MS,patient21,Tversky,2,8,507,10.137609863626674,True
3D-MR-MS,patient21,Tversky,2,9,130,21.61056717172016,True
3D-MR-MS,patient21,Tversky,2,10,229,27.35010648249901,True
3D-MR-MS,patient21,Tversky,2,11,11,19.369580064769824,False
3D-MR-MS,patient21,Tversky,2,12,88,24.472007591912302,True
3D-MR-MS,patient21,Tversky,2,13,1,18.799672927953523,False
3D-MR-MS,patient21,Tversky,2,14,1,30.05397568615619,False
3D-MR-MS,patient21,Tversky,2,15,45,20.08769864670737,True
3D-MR-MS,patient21,Tversky,2,16,437,10.317084341473711,True
3D-MR-MS,patient21,Tversky,2,17,1,24.80442994491348,False
3D-MR-MS,patient21,Tversky,2,18,838,12.200456348858097,True
3D-MR-MS,patient21,Tversky,2,19,2,24.009153885365013,False
3D-MR-MS,patient21,Tversky,2,20,55,19.43376798808904,True
3D-MR-MS,patient21,Tversky,2,21,2,29.052821264313348,True
3D-MR-MS,patient21,Tversky,2,22,1,21.686294415299994,False
3D-MR-MS,patient21,Tversky,2,23,10,26.958486881752346,True
3D-MR-MS,patient21,Tversky,2,24,41,24.881064983907525,True
3D-MR-MS,patient21,Tversky,2,25,23,18.63883734650299,True
3D-MR-MS,patient21,Tversky,2,26,101,6.400000095367432,True
3D-MR-MS,patient21,Tversky,2,27,1,28.815709101437655,False
3D-MR-MS,patient21,Tversky,2,28,1,22.43920291484556,False
3D-MR-MS,patient21,Tversky,2,29,124,26.210855579231147,True
3D-MR-MS,patient21,Tversky,2,30,78,21.759158579199187,True
3D-MR-MS,patient21,Tversky,2,31,1,36.69528508159936,False
3D-MR-MS,patient21,Tversky,2,32,72,15.594471602934727,True
3D-MR-MS,patient21,Tversky,2,33,14,21.94755474929768,False
3D-MR-MS,patient21,Tversky,2,34,124,13.338009779678996,True
3D-MR-MS,patient21,Tversky,2,35,147,23.947962135469783,True
3D-MR-MS,patient21,Tversky,2,36,129,32.961121259720954,True
3D-MR-MS,patient21,Tversky,2,37,685,5.754807853838461,True
3D-MR-MS,patient21,Tversky,2,38,988,27.314909081263217,True
3D-MR-MS,patient21,Tversky,2,39,444,4.844657222326174,True
3D-MR-MS,patient21,Tversky,2,40,2,31.290292149987565,False
3D-MR-MS,patient21,Tversky,2,41,116,9.04624416859792,True
3D-MR-MS,patient21,Tversky,2,42,230,8.92397153362178,True
3D-MR-MS,patient21,Tversky,2,43,164,25.226725852156253,True
3D-MR-MS,patient21,Tversky,2,44,7,26.452479047645294,False
3D-MR-MS,patient21,Tversky,2,45,28,30.455903740004036,True
3D-MR-MS,patient21,Tversky,2,46,83,9.391837087087481,True
3D-MR-MS,patient21,Tversky,2,47,398,9.758988363062631,True
3D-MR-MS,patient21,Tversky,2,48,1,26.80187805520201,True
3D-MR-MS,patient21,Tversky,2,49,21,32.68384659432384,False
3D-MR-MS,patient21,Tversky,2,50,16,12.892162514841413,True
3D-MR-MS,patient21,Tversky,2,51,408,5.4585404979422645,True
3D-MR-MS,patient21,Tversky,2,52,29,8.849492462605024,True
3D-MR-MS,patient21,Tversky,2,53,80,34.6875,True
3D-MR-MS,patient21,Tversky,2,54,344,6.882862004113971,True
3D-MR-MS,patient21,Tversky,2,55,35,17.362190647541386,True
3D-MR-MS,patient21,Tversky,2,56,16,7.5718667188119735,True
3D-MR-MS,patient21,Tversky,2,57,116,10.584387488142406,True
3D-MR-MS,patient21,Tversky,2,58,13,17.400666743691175,False
3D-MR-MS,patient21,Tversky,2,59,273,17.32428980275822,True
3D-MR-MS,patient21,Tversky,2,60,24,3.9954124178605075,True
3D-MR-MS,patient21,Tversky,2,61,61,9.511385085627689,True
3D-MR-MS,patient21,Tversky,2,62,71,14.038492061380824,True
3D-MR-MS,patient21,Tversky,2,63,170,31.236493336003253,True
3D-MR-MS,patient21,Tversky,2,64,71,28.92503850467793,True
3D-MR-MS,patient21,Tversky,2,65,95,26.636026179670147,True
3D-MR-MS,patient21,Tversky,2,66,294,5.675619486468044,True
3D-MR-MS,patient21,Tversky,2,67,593,9.219226708452133,True
3D-MR-MS,patient21,Tversky,2,68,188,22.322162669577985,True
3D-MR-MS,patient21,Tversky,2,69,1,5.361356274473574,False
3D-MR-MS,patient21,Tversky,2,70,254,0.9272144204947885,True
3D-MR-MS,patient21,Tversky,2,71,102,30.933442926897833,True
3D-MR-MS,patient21,Tversky,2,72,60,11.585028748425149,True
3D-MR-MS,patient21,Tversky,2,73,160,5.483725985736843,True
3D-MR-MS,patient21,Tversky,2,74,52,11.95082698498309,True
3D-MR-MS,patient21,Tversky,2,75,15,37.42055856269483,False
3D-MR-MS,patient21,Tversky,2,76,637,5.363301223973299,True
3D-MR-MS,patient21,Tversky,2,77,69,10.458670543589044,True
3D-MR-MS,patient21,Tversky,2,78,136,7.96875,True
3D-MR-MS,patient21,Tversky,2,79,3,2.7697021534947557,False
3D-MR-MS,patient21,Tversky,2,80,1,4.301643964423529,False
3D-MR-MS,patient21,Tversky,2,81,1,4.5498798249691585,False
3D-MR-MS,patient21,Tversky,2,82,645,24.08321835482737,True
3D-MR-MS,patient21,Tversky,2,83,165,7.842465035406501,True
3D-MR-MS,patient21,Tversky,2,84,1,0.46875,False
3D-MR-MS,patient21,Tversky,2,85,1,0.800000011920929,False
3D-MR-MS,patient21,Tversky,2,86,8,15.210919443363705,False
3D-MR-MS,patient21,Tversky,2,87,252,26.396970266190806,True
3D-MR-MS,patient21,Tversky,2,88,14,37.80029968491088,False
3D-MR-MS,patient21,Tversky,2,89,6,14.9486425491581,False
3D-MR-MS,patient21,Tversky,2,90,5,15.551277331421813,False
3D-MR-MS,patient21,Tversky,2,91,28,32.35696535312611,True
3D-MR-MS,patient21,Tversky,2,92,26,12.897015461435254,True
3D-MR-MS,patient21,Tversky,2,93,42,20.625,True
3D-MR-MS,patient21,Tversky,2,94,1,4.780330793993236,False
3D-MR-MS,patient21,Tversky,2,95,5,16.513045269195505,False
3D-MR-MS,patient21,Tversky,2,96,149,29.49908970382026,False
3D-MR-MS,patient21,Tversky,2,97,253,22.662305319991926,True
3D-MR-MS,patient21,Tversky,2,98,248,29.125631134660576,True
3D-MR-MS,patient21,Tversky,2,99,3,0.46875,False
3D-MR-MS,patient21,Tversky,2,100,479,16.40625,True
3D-MR-MS,patient21,Tversky,2,101,69,36.81933093515195,False
3D-MR-MS,patient21,Tversky,2,102,122,22.098981883905324,True
3D-MR-MS,patient21,Tversky,2,103,291,10.532360879054872,True
3D-MR-MS,patient21,Tversky,2,104,41,13.825007088574873,True
3D-MR-MS,patient21,Tversky,2,105,403,16.472128469376553,True
3D-MR-MS,patient21,Tversky,2,106,1,30.4587041159282,False
3D-MR-MS,patient21,Tversky,2,107,33,15.147331144352176,True
3D-MR-MS,patient21,Tversky,2,108,27,29.56387162589226,True
3D-MR-MS,patient21,Tversky,2,109,42,30.077796296144246,True
3D-MR-MS,patient21,Tversky,2,110,9,16.017612379074915,True
3D-MR-MS,patient21,Tversky,2,111,127,12.921803582765584,True
3D-MR-MS,patient21,Tversky,2,112,138,20.21396195993442,True
3D-MR-MS,patient21,Tversky,2,113,310,25.998577187928216,True
3D-MR-MS,patient21,Tversky,2,114,238,22.45896345265462,True
3D-MR-MS,patient21,Tversky,2,115,151,21.23087469425608,True
3D-MR-MS,patient21,Tversky,2,116,135,28.7096054567833,False
3D-MR-MS,patient21,Tversky,2,117,40,37.126315315142634,False
3D-MR-MS,patient21,Tversky,2,118,63,30.914429033606744,False
3D-MR-MS,patient21,Tversky,2,119,114,29.92539820967822,True
3D-MR-MS,patient21,Tversky,2,120,5,36.29636379661973,False
3D-MR-MS,patient21,Tversky,2,121,29,7.71265200398675,True
3D-MR-MS,patient21,Tversky,2,122,55,31.36695373736885,True
3D-MR-MS,patient21,Tversky,2,123,163,18.583574972192537,True
3D-MR-MS,patient21,Tversky,2,124,6,26.82076578416704,False
3D-MR-MS,patient21,Tversky,2,125,26,21.601463098776726,False
3D-MR-MS,patient21,Tversky,2,126,51,28.597916496519368,True
3D-MR-MS,patient21,Tversky,2,127,13,17.65052342705863,False
3D-MR-MS,patient21,Tversky,2,128,114,35.41929325961387,True
3D-MR-MS,patient21,Tversky,2,129,61,1.232439154308839,True
3D-MR-MS,patient21,Tversky,2,130,103,3.4735833470745288,False
3D-MR-MS,patient21,Tversky,2,131,855,12.249655608182357,True
3D-MR-MS,patient21,Tversky,2,132,90,0.46875,True
3D-MR-MS,patient21,Tversky,2,133,142,29.156166272794458,True
3D-MR-MS,patient21,Tversky,2,134,243,33.19768920692839,True
3D-MR-MS,patient21,Tversky,2,135,531,15.116733278059781,True
3D-MR-MS,patient21,Tversky,2,136,269,25.48402848860071,True
3D-MR-MS,patient21,Tversky,2,137,11,28.30340983502407,False
3D-MR-MS,patient21,Tversky,2,138,151,19.136275279039435,True
3D-MR-MS,patient21,Tversky,2,139,228,22.953312108761942,True
3D-MR-MS,patient21,Tversky,2,140,43,20.127441775591095,False
3D-MR-MS,patient21,Tversky,2,141,95,4.518339367961805,True
3D-MR-MS,patient21,Tversky,2,142,28,32.81871906396021,True
3D-MR-MS,patient21,Tversky,2,143,150,9.330532047887804,False
3D-MR-MS,patient21,Tversky,2,144,2,31.95339693717614,False
3D-MR-MS,patient21,Tversky,2,145,81,33.291970739555495,True
3D-MR-MS,patient21,Tversky,2,146,103,36.69363032162135,True
3D-MR-MS,patient21,Tversky,2,147,7,10.481568644530265,False
3D-MR-MS,patient21,Tversky,2,148,131,30.129470668210917,True
3D-MR-MS,patient21,Tversky,2,149,1,32.767784487134804,False
3D-MR-MS,patient21,Tversky,2,150,930,23.869132982943732,True
3D-MR-MS,patient21,Tversky,2,151,23,30.33634700493839,False
3D-MR-MS,patient21,Tversky,2,152,183,29.900959563406992,True
3D-MR-MS,patient21,Tversky,2,153,77,16.162787604372998,True
3D-MR-MS,patient21,Tversky,2,154,146,17.254283888909253,True
3D-MR-MS,patient21,Tversky,2,155,18,4.826076628587656,True
3D-MR-MS,patient21,Tversky,2,156,59,37.03125,False
3D-MR-MS,patient21,Tversky,2,157,163,27.607972706025436,True
3D-MR-MS,patient21,Tversky,2,158,69,24.553386528075936,False
3D-MR-MS,patient21,Tversky,2,159,136,20.6346805049009,True
3D-MR-MS,patient21,Tversky,2,160,12,3.9120507028020413,True
3D-MR-MS,patient21,Tversky,2,161,1,0.9272144204947885,False
3D-MR-MS,patient21,Tversky,2,162,1,3.57648572926852,False
3D-MR-MS,patient21,Tversky,2,163,5,0.9272144204947885,False
3D-MR-MS,patient21,Tversky,2,164,128,7.081296900756342,True
3D-MR-MS,patient21,Tversky,2,165,106,26.109053170705046,True
3D-MR-MS,patient21,Tversky,2,166,40,16.04203585066937,True
3D-MR-MS,patient21,Tversky,2,167,7,14.373241746268006,True
3D-MR-MS,patient21,Tversky,2,168,48,10.175378149442967,True
3D-MR-MS,patient21,Tversky,2,169,60,9.586073892457817,True
3D-MR-MS,patient21,Tversky,2,170,125,8.802063873329697,True
3D-MR-MS,patient21,Tversky,2,171,65,8.904493286349624,True
3D-MR-MS,patient21,Tversky,2,172,101,2.327325802029863,True
3D-MR-MS,patient21,Tversky,2,173,369,0.800000011920929,True
3D-MR-MS,patient21,Tversky,2,174,422,24.676089930014466,True
3D-MR-MS,patient21,Tversky,2,175,43,18.224692435475443,True
3D-MR-MS,patient21,Tversky,2,176,156,3.495359690743684,True
3D-MR-MS,patient21,Tversky,2,177,63,24.84375,True
3D-MR-MS,patient21,Tversky,2,178,12,5.663927800122456,True
3D-MR-MS,patient21,Tversky,2,179,21,15.713426066491701,True
3D-MR-MS,patient21,Tversky,2,180,174,25.364151776307708,True
3D-MR-MS,patient21,Tversky,2,181,161,8.331531316725245,True
3D-MR-MS,patient21,Tversky,2,182,1,24.018294670321453,False
3D-MR-MS,patient21,Tversky,2,183,565,5.174490530394805,True
3D-MR-MS,patient21,Tversky,2,184,4,12.067220617631918,False
3D-MR-MS,patient21,Tversky,2,185,83,10.529708729598164,True
3D-MR-MS,patient21,Tversky,2,186,13,11.20316815611376,False
3D-MR-MS,patient21,Tversky,2,187,8,21.021827388078357,False
3D-MR-MS,patient21,Tversky,2,188,85,11.538580054320047,True
3D-MR-MS,patient21,Tversky,2,189,15,6.8317561318963325,True
3D-MR-MS,patient21,Tversky,2,190,164,11.60503837164929,True
3D-MR-MS,patient21,Tversky,2,191,142,6.990719381487368,True
3D-MR-MS,patient21,Tversky,2,192,497,0.800000011920929,True
3D-MR-MS,patient21,Tversky,2,193,29,13.364823816424723,True
3D-MR-MS,patient21,Tversky,2,194,213,26.382434544543095,True
3D-MR-MS,patient21,Tversky,2,195,96,15.9375,True
3D-MR-MS,patient21,Tversky,2,196,10,13.498625579382097,False
3D-MR-MS,patient21,Tversky,2,197,69,7.912433450428029,True
3D-MR-MS,patient21,Tversky,2,198,265,26.722861525761047,True
3D-MR-MS,patient21,Tversky,2,199,47,34.41039315289271,True
3D-MR-MS,patient21,Tversky,2,200,53,8.00000011920929,True
3D-MR-MS,patient21,Tversky,2,201,1046,10.846579368472904,True
3D-MR-MS,patient21,Tversky,2,202,26,9.964799374878226,True
3D-MR-MS,patient21,Tversky,2,203,18,13.162096472746729,False
3D-MR-MS,patient21,Tversky,2,204,218,11.19555237283502,True
3D-MR-MS,patient21,Tversky,2,205,14,9.859786657574892,True
3D-MR-MS,patient21,Tversky,2,206,326,7.440136191290613,True
3D-MR-MS,patient21,Tversky,2,207,20,18.664481076911617,False
3D-MR-MS,patient21,Tversky,2,208,144,12.476416925907937,True
3D-MR-MS,patient21,Tversky,2,209,28,11.609778459194734,True
3D-MR-MS,patient21,Tversky,2,210,1,9.611437421586952,False
3D-MR-MS,patient21,Tversky,2,211,52,2.181115701033291,True
3D-MR-MS,patient21,Tversky,2,212,44,16.458517945940248,False
3D-MR-MS,patient21,Tversky,2,213,228,17.12115056565693,True
3D-MR-MS,patient21,Tversky,2,214,24,19.377534204934417,False
3D-MR-MS,patient21,Tversky,2,215,4,10.242354349483904,False
3D-MR-MS,patient21,Tversky,2,216,150,12.802969016013433,True
3D-MR-MS,patient21,Tversky,2,217,5,1.40625,False
3D-MR-MS,patient21,Tversky,2,218,304,22.9817490071972,True
3D-MR-MS,patient21,Tversky,2,219,100,27.192636044200434,True
3D-MR-MS,patient21,Tversky,2,220,90,11.848266117386263,True
3D-MR-MS,patient21,Tversky,2,221,12,30.1521558911268,False
3D-MR-MS,patient21,Tversky,2,222,258,12.970525669101177,True
3D-MR-MS,patient21,Tversky,2,223,275,18.104628893091608,True
3D-MR-MS,patient21,Tversky,2,224,251,6.685458307640781,True
3D-MR-MS,patient21,Tversky,2,225,12,4.800000071525574,True
3D-MR-MS,patient21,Tversky,2,226,12,11.165999014713464,False
3D-MR-MS,patient21,Tversky,2,227,1,21.306184300718343,False
3D-MR-MS,patient21,Tversky,2,228,16,16.869038524895085,True
3D-MR-MS,patient21,Tversky,2,229,382,18.929331196428137,True
3D-MR-MS,patient21,Tversky,2,230,92,17.51252469340836,True
3D-MR-MS,patient21,Tversky,2,231,258,21.438095951082328,True
3D-MR-MS,patient21,Tversky,2,232,221,23.61769845059637,True
3D-MR-MS,patient21,Tversky,2,233,151,25.3417895637634,True
3D-MR-MS,patient21,Tversky,2,234,201,37.53497147023062,True
3D-MR-MS,patient21,Tversky,2,235,78,25.375746148700774,True
3D-MR-MS,patient21,Tversky,2,236,59,21.683182419943975,True
3D-MR-MS,patient21,Tversky,2,237,159,27.304204641108424,True
3D-MR-MS,patient21,Tversky,2,238,20,27.66862326972776,True
3D-MR-MS,patient21,Tversky,2,239,35,15.929043272423412,True
3D-MR-MS,patient21,Tversky,2,240,23,38.279166350539946,True
3D-MR-MS,patient21,Tversky,2,241,159,29.961529153843315,True
3D-MR-MS,patient21,Tversky,2,242,562,31.42707438029532,True
3D-MR-MS,patient21,Tversky,2,243,140,35.972048716738314,True
3D-MR-MS,patient21,Tversky,2,244,269,18.611828622180237,True
3D-MR-MS,patient21,Tversky,2,245,1,21.515329960148588,False
3D-MR-MS,patient21,Tversky,2,246,29,16.826137841507407,True
3D-MR-MS,patient21,Tversky,2,247,59,32.62403592493943,True
3D-MR-MS,patient21,Tversky,2,248,38,31.066851850873192,True
3D-MR-MS,patient21,Tversky,2,249,1,41.70341809966938,False
3D-MR-MS,patient21,Tversky,3,1,332,20.196786085190116,True
3D-MR-MS,patient21,Tversky,3,2,55,28.315536213950228,False
3D-MR-MS,patient21,Tversky,3,3,18,22.041185109214904,False
3D-MR-MS,patient21,Tversky,3,4,239,32.668526140215604,True
3D-MR-MS,patient21,Tversky,3,5,113,29.232549862347287,True
3D-MR-MS,patient21,Tversky,3,6,169550,0.0,True
3D-MR-MS,patient21,Tversky,3,7,185,24.69111477542685,True
3D-MR-MS,patient21,Tversky,3,8,507,10.137609863626674,True
3D-MR-MS,patient21,Tversky,3,9,130,21.61056717172016,True
3D-MR-MS,patient21,Tversky,3,10,229,27.35010648249901,True
3D-MR-MS,patient21,Tversky,3,11,11,19.369580064769824,False
3D-MR-MS,patient21,Tversky,3,12,88,24.472007591912302,True
3D-MR-MS,patient21,Tversky,3,13,1,18.799672927953523,False
3D-MR-MS,patient21,Tversky,3,14,1,30.05397568615619,False
3D-MR-MS,patient21,Tversky,3,15,45,20.08769864670737,True
3D-MR-MS,patient21,Tversky,3,16,437,10.317084341473711,True
3D-MR-MS,patient21,Tversky,3,17,1,24.80442994491348,False
3D-MR-MS,patient21,Tversky,3,18,838,12.200456348858097,True
3D-MR-MS,patient21,Tversky,3,19,2,24.009153885365013,False
3D-MR-MS,patient21,Tversky,3,20,55,19.43376798808904,True
3D-MR-MS,patient21,Tversky,3,21,2,29.052821264313348,False
3D-MR-MS,patient21,Tversky,3,22,1,21.686294415299994,False
3D-MR-MS,patient21,Tversky,3,23,10,26.958486881752346,True
3D-MR-MS,patient21,Tversky,3,24,41,24.881064983907525,True
3D-MR-MS,patient21,Tversky,3,25,23,18.63883734650299,True
3D-MR-MS,patient21,Tversky,3,26,101,6.400000095367432,True
3D-MR-MS,patient21,Tversky,3,27,1,28.815709101437655,False
3D-MR-MS,patient21,Tversky,3,28,1,22.43920291484556,False
3D-MR-MS,patient21,Tversky,3,29,124,26.210855579231147,True
3D-MR-MS,patient21,Tversky,3,30,78,21.759158579199187,True
3D-MR-MS,patient21,Tversky,3,31,1,36.69528508159936,False
3D-MR-MS,patient21,Tversky,3,32,72,15.594471602934727,True
3D-MR-MS,patient21,Tversky,3,33,14,21.94755474929768,False
3D-MR-MS,patient21,Tversky,3,34,124,13.338009779678996,True
3D-MR-MS,patient21,Tversky,3,35,147,23.947962135469783,True
3D-MR-MS,patient21,Tversky,3,36,129,32.961121259720954,True
3D-MR-MS,patient21,Tversky,3,37,685,5.754807853838461,True
3D-MR-MS,patient21,Tversky,3,38,988,27.314909081263217,True
3D-MR-MS,patient21,Tversky,3,39,444,4.844657222326174,True
3D-MR-MS,patient21,Tversky,3,40,2,31.290292149987565,False
3D-MR-MS,patient21,Tversky,3,41,116,9.04624416859792,True
3D-MR-MS,patient21,Tversky,3,42,230,8.92397153362178,True
3D-MR-MS,patient21,Tversky,3,43,164,25.226725852156253,True
3D-MR-MS,patient21,Tversky,3,44,7,26.452479047645294,False
3D-MR-MS,patient21,Tversky,3,45,28,30.455903740004036,False
3D-MR-MS,patient21,Tversky,3,46,83,9.391837087087481,True
3D-MR-MS,patient21,Tversky,3,47,398,9.758988363062631,True
3D-MR-MS,patient21,Tversky,3,48,1,26.80187805520201,True
3D-MR-MS,patient21,Tversky,3,49,21,32.68384659432384,False
3D-MR-MS,patient21,Tversky,3,50,16,12.892162514841413,True
3D-MR-MS,patient21,Tversky,3,51,408,5.4585404979422645,True
3D-MR-MS,patient21,Tversky,3,52,29,8.849492462605024,True
3D-MR-MS,patient21,Tversky,3,53,80,34.6875,True
3D-MR-MS,patient21,Tversky,3,54,344,6.882862004113971,True
3D-MR-MS,patient21,Tversky,3,55,35,17.362190647541386,True
3D-MR-MS,patient21,Tversky,3,56,16,7.5718667188119735,True
3D-MR-MS,patient21,Tversky,3,57,116,10.584387488142406,True
3D-MR-MS,patient21,Tversky,3,58,13,17.400666743691175,False
3D-MR-MS,patient21,Tversky,3,59,273,17.32428980275822,True
3D-MR-MS,patient21,Tversky,3,60,24,3.9954124178605075,True
3D-MR-MS,patient21,Tversky,3,61,61,9.511385085627689,True
3D-MR-MS,patient21,Tversky,3,62,71,14.038492061380824,True
3D-MR-MS,patient21,Tversky,3,63,170,31.236493336003253,True
3D-MR-MS,patient21,Tversky,3,64,71,28.92503850467793,True
3D-MR-MS,patient21,Tversky,3,65,95,26.636026179670147,True
3D-MR-MS,patient21,Tversky,3,66,294,5.675619486468044,True
3D-MR-MS,patient21,Tversky,3,67,593,9.219226708452133,True
3D-MR-MS,patient21,Tversky,3,68,188,22.322162669577985,True
3D-MR-MS,patient21,Tversky,3,69,1,5.361356274473574,False
3D-MR-MS,patient21,Tversky,3,70,254,0.9272144204947885,True
3D-MR-MS,patient21,Tversky,3,71,102,30.933442926897833,True
3D-MR-MS,patient21,Tversky,3,72,60,11.585028748425149,True
3D-MR-MS,patient21,Tversky,3,73,160,5.483725985736843,True
3D-MR-MS,patient21,Tversky,3,74,52,11.95082698498309,True
3D-MR-MS,patient21,Tversky,3,75,15,37.42055856269483,False
3D-MR-MS,patient21,Tversky,3,76,637,5.363301223973299,True
3D-MR-MS,patient21,Tversky,3,77,69,10.458670543589044,True
3D-MR-MS,patient21,Tversky,3,78,136,7.96875,True
3D-MR-MS,patient21,Tversky,3,79,3,2.7697021534947557,False
3D-MR-MS,patient21,Tversky,3,80,1,4.301643964423529,False
3D-MR-MS,patient21,Tversky,3,81,1,4.5498798249691585,False
3D-MR-MS,patient21,Tversky,3,82,645,24.08321835482737,True
3D-MR-MS,patient21,Tversky,3,83,165,7.842465035406501,True
3D-MR-MS,patient21,Tversky,3,84,1,0.46875,False
3D-MR-MS,patient21,Tversky,3,85,1,0.800000011920929,False
3D-MR-MS,patient21,Tversky,3,86,8,15.210919443363705,False
3D-MR-MS,patient21,Tversky,3,87,252,26.396970266190806,True
3D-MR-MS,patient21,Tversky,3,88,14,37.80029968491088,False
3D-MR-MS,patient21,Tversky,3,89,6,14.9486425491581,False
3D-MR-MS,patient21,Tversky,3,90,5,15.551277331421813,False
3D-MR-MS,patient21,Tversky,3,91,28,32.35696535312611,True
3D-MR-MS,patient21,Tversky,3,92,26,12.897015461435254,True
3D-MR-MS,patient21,Tversky,3,93,42,20.625,True
3D-MR-MS,patient21,Tversky,3,94,1,4.780330793993236,False
3D-MR-MS,patient21,Tversky,3,95,5,16.513045269195505,False
3D-MR-MS,patient21,Tversky,3,96,149,29.49908970382026,True
3D-MR-MS,patient21,Tversky,3,97,253,22.662305319991926,True
3D-MR-MS,patient21,Tversky,3,98,248,29.125631134660576,True
3D-MR-MS,patient21,Tversky,3,99,3,0.46875,False
3D-MR-MS,patient21,Tversky,3,100,479,16.40625,True
3D-MR-MS,patient21,Tversky,3,101,69,36.81933093515195,False
3D-MR-MS,patient21,Tversky,3,102,122,22.098981883905324,True
3D-MR-MS,patient21,Tversky,3,103,291,10.532360879054872,True
3D-MR-MS,patient21,Tversky,3,104,41,13.825007088574873,True
3D-MR-MS,patient21,Tversky,3,105,403,16.472128469376553,True
3D-MR-MS,patient21,Tversky,3,106,1,30.4587041159282,False
3D-MR-MS,patient21,Tversky,3,107,33,15.147331144352176,True
3D-MR-MS,patient21,Tversky,3,108,27,29.56387162589226,True
3D-MR-MS,patient21,Tversky,3,109,42,30.077796296144246,True
3D-MR-MS,patient21,Tversky,3,110,9,16.017612379074915,True
3D-MR-MS,patient21,Tversky,3,111,127,12.921803582765584,True
3D-MR-MS,patient21,Tversky,3,112,138,20.21396195993442,True
3D-MR-MS,patient21,Tversky,3,113,310,25.998577187928216,True
3D-MR-MS,patient21,Tversky,3,114,238,22.45896345265462,True
3D-MR-MS,patient21,Tversky,3,115,151,21.23087469425608,True
3D-MR-MS,patient21,Tversky,3,116,135,28.7096054567833,True
3D-MR-MS,patient21,Tversky,3,117,40,37.126315315142634,False
3D-MR-MS,patient21,Tversky,3,118,63,30.914429033606744,True
3D-MR-MS,patient21,Tversky,3,119,114,29.92539820967822,True
3D-MR-MS,patient21,Tversky,3,120,5,36.29636379661973,False
3D-MR-MS,patient21,Tversky,3,121,29,7.71265200398675,True
3D-MR-MS,patient21,Tversky,3,122,55,31.36695373736885,True
3D-MR-MS,patient21,Tversky,3,123,163,18.583574972192537,True
3D-MR-MS,patient21,Tversky,3,124,6,26.82076578416704,True
3D-MR-MS,patient21,Tversky,3,125,26,21.601463098776726,False
3D-MR-MS,patient21,Tversky,3,126,51,28.597916496519368,True
3D-MR-MS,patient21,Tversky,3,127,13,17.65052342705863,False
3D-MR-MS,patient21,Tversky,3,128,114,35.41929325961387,True
3D-MR-MS,patient21,Tversky,3,129,61,1.232439154308839,True
3D-MR-MS,patient21,Tversky,3,130,103,3.4735833470745288,True
3D-MR-MS,patient21,Tversky,3,131,855,12.249655608182357,True
3D-MR-MS,patient21,Tversky,3,132,90,0.46875,True
3D-MR-MS,patient21,Tversky,3,133,142,29.156166272794458,True
3D-MR-MS,patient21,Tversky,3,134,243,33.19768920692839,True
3D-MR-MS,patient21,Tversky,3,135,531,15.116733278059781,True
3D-MR-MS,patient21,Tversky,3,136,269,25.48402848860071,True
3D-MR-MS,patient21,Tversky,3,137,11,28.30340983502407,False
3D-MR-MS,patient21,Tversky,3,138,151,19.136275279039435,True
3D-MR-MS,patient21,Tversky,3,139,228,22.953312108761942,True
3D-MR-MS,patient21,Tversky,3,140,43,20.127441775591095,False
3D-MR-MS,patient21,Tversky,3,141,95,4.518339367961805,True
3D-MR-MS,patient21,Tversky,3,142,28,32.81871906396021,True
3D-MR-MS,patient21,Tversky,3,143,150,9.330532047887804,False
3D-MR-MS,patient21,Tversky,3,144,2,31.95339693717614,False
3D-MR-MS,patient21,Tversky,3,145,81,33.291970739555495,True
3D-MR-MS,patient21,Tversky,3,146,103,36.69363032162135,True
3D-MR-MS,patient21,Tversky,3,147,7,10.481568644530265,False
3D-MR-MS,patient21,Tversky,3,148,131,30.129470668210917,True
3D-MR-MS,patient21,Tversky,3,149,1,32.767784487134804,False
3D-MR-MS,patient21,Tversky,3,150,930,23.869132982943732,True
3D-MR-MS,patient21,Tversky,3,151,23,30.33634700493839,False
3D-MR-MS,patient21,Tversky,3,152,183,29.900959563406992,True
3D-MR-MS,patient21,Tversky,3,153,77,16.162787604372998,True
3D-MR-MS,patient21,Tversky,3,154,146,17.254283888909253,True
3D-MR-MS,patient21,Tversky,3,155,18,4.826076628587656,True
3D-MR-MS,patient21,Tversky,3,156,59,37.03125,True
3D-MR-MS,patient21,Tversky,3,157,163,27.607972706025436,False
3D-MR-MS,patient21,Tversky,3,158,69,24.553386528075936,False
3D-MR-MS,patient21,Tversky,3,159,136,20.6346805049009,True
3D-MR-MS,patient21,Tversky,3,160,12,3.9120507028020413,True
3D-MR-MS,patient21,Tversky,3,161,1,0.9272144204947885,False
3D-MR-MS,patient21,Tversky,3,162,1,3.57648572926852,False
3D-MR-MS,patient21,Tversky,3,163,5,0.9272144204947885,False
3D-MR-MS,patient21,Tversky,3,164,128,7.081296900756342,True
3D-MR-MS,patient21,Tversky,3,165,106,26.109053170705046,True
3D-MR-MS,patient21,Tversky,3,166,40,16.04203585066937,True
3D-MR-MS,patient21,Tversky,3,167,7,14.373241746268006,False
3D-MR-MS,patient21,Tversky,3,168,48,10.175378149442967,True
3D-MR-MS,patient21,Tversky,3,169,60,9.586073892457817,True
3D-MR-MS,patient21,Tversky,3,170,125,8.802063873329697,True
3D-MR-MS,patient21,Tversky,3,171,65,8.904493286349624,True
3D-MR-MS,patient21,Tversky,3,172,101,2.327325802029863,True
3D-MR-MS,patient21,Tversky,3,173,369,0.800000011920929,True
3D-MR-MS,patient21,Tversky,3,174,422,24.676089930014466,True
3D-MR-MS,patient21,Tversky,3,175,43,18.224692435475443,True
3D-MR-MS,patient21,Tversky,3,176,156,3.495359690743684,True
3D-MR-MS,patient21,Tversky,3,177,63,24.84375,True
3D-MR-MS,patient21,Tversky,3,178,12,5.663927800122456,True
3D-MR-MS,patient21,Tversky,3,179,21,15.713426066491701,True
3D-MR-MS,patient21,Tversky,3,180,174,25.364151776307708,True
3D-MR-MS,patient21,Tversky,3,181,161,8.331531316725245,True
3D-MR-MS,patient21,Tversky,3,182,1,24.018294670321453,False
3D-MR-MS,patient21,Tversky,3,183,565,5.174490530394805,True
3D-MR-MS,patient21,Tversky,3,184,4,12.067220617631918,False
3D-MR-MS,patient21,Tversky,3,185,83,10.529708729598164,True
3D-MR-MS,patient21,Tversky,3,186,13,11.20316815611376,False
3D-MR-MS,patient21,Tversky,3,187,8,21.021827388078357,False
3D-MR-MS,patient21,Tversky,3,188,85,11.538580054320047,True
3D-MR-MS,patient21,Tversky,3,189,15,6.8317561318963325,True
3D-MR-MS,patient21,Tversky,3,190,164,11.60503837164929,True
3D-MR-MS,patient21,Tversky,3,191,142,6.990719381487368,True
3D-MR-MS,patient21,Tversky,3,192,497,0.800000011920929,True
3D-MR-MS,patient21,Tversky,3,193,29,13.364823816424723,True
3D-MR-MS,patient21,Tversky,3,194,213,26.382434544543095,True
3D-MR-MS,patient21,Tversky,3,195,96,15.9375,True
3D-MR-MS,patient21,Tversky,3,196,10,13.498625579382097,False
3D-MR-MS,patient21,Tversky,3,197,69,7.912433450428029,True
3D-MR-MS,patient21,Tversky,3,198,265,26.722861525761047,True
3D-MR-MS,patient21,Tversky,3,199,47,34.41039315289271,True
3D-MR-MS,patient21,Tversky,3,200,53,8.00000011920929,True
3D-MR-MS,patient21,Tversky,3,201,1046,10.846579368472904,True
3D-MR-MS,patient21,Tversky,3,202,26,9.964799374878226,True
3D-MR-MS,patient21,Tversky,3,203,18,13.162096472746729,False
3D-MR-MS,patient21,Tversky,3,204,218,11.19555237283502,True
3D-MR-MS,patient21,Tversky,3,205,14,9.859786657574892,True
3D-MR-MS,patient21,Tversky,3,206,326,7.440136191290613,True
3D-MR-MS,patient21,Tversky,3,207,20,18.664481076911617,False
3D-MR-MS,patient21,Tversky,3,208,144,12.476416925907937,True
3D-MR-MS,patient21,Tversky,3,209,28,11.609778459194734,True
3D-MR-MS,patient21,Tversky,3,210,1,9.611437421586952,False
3D-MR-MS,patient21,Tversky,3,211,52,2.181115701033291,True
3D-MR-MS,patient21,Tversky,3,212,44,16.458517945940248,True
3D-MR-MS,patient21,Tversky,3,213,228,17.12115056565693,True
3D-MR-MS,patient21,Tversky,3,214,24,19.377534204934417,False
3D-MR-MS,patient21,Tversky,3,215,4,10.242354349483904,False
3D-MR-MS,patient21,Tversky,3,216,150,12.802969016013433,True
3D-MR-MS,patient21,Tversky,3,217,5,1.40625,False
3D-MR-MS,patient21,Tversky,3,218,304,22.9817490071972,True
3D-MR-MS,patient21,Tversky,3,219,100,27.192636044200434,True
3D-MR-MS,patient21,Tversky,3,220,90,11.848266117386263,True
3D-MR-MS,patient21,Tversky,3,221,12,30.1521558911268,False
3D-MR-MS,patient21,Tversky,3,222,258,12.970525669101177,True
3D-MR-MS,patient21,Tversky,3,223,275,18.104628893091608,True
3D-MR-MS,patient21,Tversky,3,224,251,6.685458307640781,True
3D-MR-MS,patient21,Tversky,3,225,12,4.800000071525574,True
3D-MR-MS,patient21,Tversky,3,226,12,11.165999014713464,False
3D-MR-MS,patient21,Tversky,3,227,1,21.306184300718343,False
3D-MR-MS,patient21,Tversky,3,228,16,16.869038524895085,True
3D-MR-MS,patient21,Tversky,3,229,382,18.929331196428137,True
3D-MR-MS,patient21,Tversky,3,230,92,17.51252469340836,True
3D-MR-MS,patient21,Tversky,3,231,258,21.438095951082328,True
3D-MR-MS,patient21,Tversky,3,232,221,23.61769845059637,True
3D-MR-MS,patient21,Tversky,3,233,151,25.3417895637634,True
3D-MR-MS,patient21,Tversky,3,234,201,37.53497147023062,True
3D-MR-MS,patient21,Tversky,3,235,78,25.375746148700774,True
3D-MR-MS,patient21,Tversky,3,236,59,21.683182419943975,True
3D-MR-MS,patient21,Tversky,3,237,159,27.304204641108424,True
3D-MR-MS,patient21,Tversky,3,238,20,27.66862326972776,True
3D-MR-MS,patient21,Tversky,3,239,35,15.929043272423412,True
3D-MR-MS,patient21,Tversky,3,240,23,38.279166350539946,True
3D-MR-MS,patient21,Tversky,3,241,159,29.961529153843315,True
3D-MR-MS,patient21,Tversky,3,242,562,31.42707438029532,True
3D-MR-MS,patient21,Tversky,3,243,140,35.972048716738314,True
3D-MR-MS,patient21,Tversky,3,244,269,18.611828622180237,True
3D-MR-MS,patient21,Tversky,3,245,1,21.515329960148588,False
3D-MR-MS,patient21,Tversky,3,246,29,16.826137841507407,True
3D-MR-MS,patient21,Tversky,3,247,59,32.62403592493943,True
3D-MR-MS,patient21,Tversky,3,248,38,31.066851850873192,True
3D-MR-MS,patient21,Tversky,3,249,1,41.70341809966938,False
3D-MR-MS,patient21,Tversky,4,1,332,20.196786085190116,True
3D-MR-MS,patient21,Tversky,4,2,55,28.315536213950228,False
3D-MR-MS,patient21,Tversky,4,3,18,22.041185109214904,False
3D-MR-MS,patient21,Tversky,4,4,239,32.668526140215604,True
3D-MR-MS,patient21,Tversky,4,5,113,29.232549862347287,True
3D-MR-MS,patient21,Tversky,4,6,169550,0.0,True
3D-MR-MS,patient21,Tversky,4,7,185,24.69111477542685,True
3D-MR-MS,patient21,Tversky,4,8,507,10.137609863626674,True
3D-MR-MS,patient21,Tversky,4,9,130,21.61056717172016,True
3D-MR-MS,patient21,Tversky,4,10,229,27.35010648249901,True
3D-MR-MS,patient21,Tversky,4,11,11,19.369580064769824,False
3D-MR-MS,patient21,Tversky,4,12,88,24.472007591912302,True
3D-MR-MS,patient21,Tversky,4,13,1,18.799672927953523,False
3D-MR-MS,patient21,Tversky,4,14,1,30.05397568615619,False
3D-MR-MS,patient21,Tversky,4,15,45,20.08769864670737,True
3D-MR-MS,patient21,Tversky,4,16,437,10.317084341473711,True
3D-MR-MS,patient21,Tversky,4,17,1,24.80442994491348,False
3D-MR-MS,patient21,Tversky,4,18,838,12.200456348858097,True
3D-MR-MS,patient21,Tversky,4,19,2,24.009153885365013,False
3D-MR-MS,patient21,Tversky,4,20,55,19.43376798808904,True
3D-MR-MS,patient21,Tversky,4,21,2,29.052821264313348,False
3D-MR-MS,patient21,Tversky,4,22,1,21.686294415299994,False
3D-MR-MS,patient21,Tversky,4,23,10,26.958486881752346,True
3D-MR-MS,patient21,Tversky,4,24,41,24.881064983907525,True
3D-MR-MS,patient21,Tversky,4,25,23,18.63883734650299,True
3D-MR-MS,patient21,Tversky,4,26,101,6.400000095367432,True
3D-MR-MS,patient21,Tversky,4,27,1,28.815709101437655,False
3D-MR-MS,patient21,Tversky,4,28,1,22.43920291484556,False
3D-MR-MS,patient21,Tversky,4,29,124,26.210855579231147,True
3D-MR-MS,patient21,Tversky,4,30,78,21.759158579199187,True
3D-MR-MS,patient21,Tversky,4,31,1,36.69528508159936,False
3D-MR-MS,patient21,Tversky,4,32,72,15.594471602934727,True
3D-MR-MS,patient21,Tversky,4,33,14,21.94755474929768,False
3D-MR-MS,patient21,Tversky,4,34,124,13.338009779678996,True
3D-MR-MS,patient21,Tversky,4,35,147,23.947962135469783,True
3D-MR-MS,patient21,Tversky,4,36,129,32.961121259720954,True
3D-MR-MS,patient21,Tversky,4,37,685,5.754807853838461,True
3D-MR-MS,patient21,Tversky,4,38,988,27.314909081263217,True
3D-MR-MS,patient21,Tversky,4,39,444,4.844657222326174,True
3D-MR-MS,patient21,Tversky,4,40,2,31.290292149987565,False
3D-MR-MS,patient21,Tversky,4,41,116,9.04624416859792,True
3D-MR-MS,patient21,Tversky,4,42,230,8.92397153362178,True
3D-MR-MS,patient21,Tversky,4,43,164,25.226725852156253,True
3D-MR-MS,patient21,Tversky,4,44,7,26.452479047645294,False
3D-MR-MS,patient21,Tversky,4,45,28,30.455903740004036,False
3D-MR-MS,patient21,Tversky,4,46,83,9.391837087087481,True
3D-MR-MS,patient21,Tversky,4,47,398,9.758988363062631,True
3D-MR-MS,patient21,Tversky,4,48,1,26.80187805520201,True
3D-MR-MS,patient21,Tversky,4,49,21,32.68384659432384,False
3D-MR-MS,patient21,Tversky,4,50,16,12.892162514841413,True
3D-MR-MS,patient21,Tversky,4,51,408,5.4585404979422645,True
3D-MR-MS,patient21,Tversky,4,52,29,8.849492462605024,True
3D-MR-MS,patient21,Tversky,4,53,80,34.6875,True
3D-MR-MS,patient21,Tversky,4,54,344,6.882862004113971,True
3D-MR-MS,patient21,Tversky,4,55,35,17.362190647541386,True
3D-MR-MS,patient21,Tversky,4,56,16,7.5718667188119735,True
3D-MR-MS,patient21,Tversky,4,57,116,10.584387488142406,True
3D-MR-MS,patient21,Tversky,4,58,13,17.400666743691175,False
3D-MR-MS,patient21,Tversky,4,59,273,17.32428980275822,True
3D-MR-MS,patient21,Tversky,4,60,24,3.9954124178605075,True
3D-MR-MS,patient21,Tversky,4,61,61,9.511385085627689,True
3D-MR-MS,patient21,Tversky,4,62,71,14.038492061380824,True
3D-MR-MS,patient21,Tversky,4,63,170,31.236493336003253,True
3D-MR-MS,patient21,Tversky,4,64,71,28.92503850467793,True
3D-MR-MS,patient21,Tversky,4,65,95,26.636026179670147,True
3D-MR-MS,patient21,Tversky,4,66,294,5.675619486468044,True
3D-MR-MS,patient21,Tversky,4,67,593,9.219226708452133,True
3D-MR-MS,patient21,Tversky,4,68,188,22.322162669577985,True
3D-MR-MS,patient21,Tversky,4,69,1,5.361356274473574,False
3D-MR-MS,patient21,Tversky,4,70,254,0.9272144204947885,True
3D-MR-MS,patient21,Tversky,4,71,102,30.933442926897833,True
3D-MR-MS,patient21,Tversky,4,72,60,11.585028748425149,True
3D-MR-MS,patient21,Tversky,4,73,160,5.483725985736843,True
3D-MR-MS,patient21,Tversky,4,74,52,11.95082698498309,True
3D-MR-MS,patient21,Tversky,4,75,15,37.42055856269483,False
3D-MR-MS,patient21,Tversky,4,76,637,5.363301223973299,True
3D-MR-MS,patient21,Tversky,4,77,69,10.458670543589044,True
3D-MR-MS,patient21,Tversky,4,78,136,7.96875,True
3D-MR-MS,patient21,Tversky,4,79,3,2.7697021534947557,False
3D-MR-MS,patient21,Tversky,4,80,1,4.301643964423529,False
3D-MR-MS,patient21,Tversky,4,81,1,4.5498798249691585,False
3D-MR-MS,patient21,Tversky,4,82,645,24.08321835482737,True
3D-MR-MS,patient21,Tversky,4,83,165,7.842465035406501,True
3D-MR-MS,patient21,Tversky,4,84,1,0.46875,False
3D-MR-MS,patient21,Tversky,4,85,1,0.800000011920929,False
3D-MR-MS,patient21,Tversky,4,86,8,15.210919443363705,False
3D-MR-MS,patient21,Tversky,4,87,252,26.396970266190806,True
3D-MR-MS,patient21,Tversky,4,88,14,37.80029968491088,False
3D-MR-MS,patient21,Tversky,4,89,6,14.9486425491581,False
3D-MR-MS,patient21,Tversky,4,90,5,15.551277331421813,False
3D-MR-MS,patient21,Tversky,4,91,28,32.35696535312611,True
3D-MR-MS,patient21,Tversky,4,92,26,12.897015461435254,True
3D-MR-MS,patient21,Tversky,4,93,42,20.625,True
3D-MR-MS,patient21,Tversky,4,94,1,4.780330793993236,False
3D-MR-MS,patient21,Tversky,4,95,5,16.513045269195505,False
3D-MR-MS,patient21,Tversky,4,96,149,29.49908970382026,True
3D-MR-MS,patient21,Tversky,4,97,253,22.662305319991926,True
3D-MR-MS,patient21,Tversky,4,98,248,29.125631134660576,True
3D-MR-MS,patient21,Tversky,4,99,3,0.46875,False
3D-MR-MS,patient21,Tversky,4,100,479,16.40625,True
3D-MR-MS,patient21,Tversky,4,101,69,36.81933093515195,False
3D-MR-MS,patient21,Tversky,4,102,122,22.098981883905324,True
3D-MR-MS,patient21,Tversky,4,103,291,10.532360879054872,True
3D-MR-MS,patient21,Tversky,4,104,41,13.825007088574873,True
3D-MR-MS,patient21,Tversky,4,105,403,16.472128469376553,True
3D-MR-MS,patient21,Tversky,4,106,1,30.4587041159282,False
3D-MR-MS,patient21,Tversky,4,107,33,15.147331144352176,True
3D-MR-MS,patient21,Tversky,4,108,27,29.56387162589226,True
3D-MR-MS,patient21,Tversky,4,109,42,30.077796296144246,True
3D-MR-MS,patient21,Tversky,4,110,9,16.017612379074915,True
3D-MR-MS,patient21,Tversky,4,111,127,12.921803582765584,True
3D-MR-MS,patient21,Tversky,4,112,138,20.21396195993442,True
3D-MR-MS,patient21,Tversky,4,113,310,25.998577187928216,True
3D-MR-MS,patient21,Tversky,4,114,238,22.45896345265462,True
3D-MR-MS,patient21,Tversky,4,115,151,21.23087469425608,True
3D-MR-MS,patient21,Tversky,4,116,135,28.7096054567833,True
3D-MR-MS,patient21,Tversky,4,117,40,37.126315315142634,False
3D-MR-MS,patient21,Tversky,4,118,63,30.914429033606744,True
3D-MR-MS,patient21,Tversky,4,119,114,29.92539820967822,True
3D-MR-MS,patient21,Tversky,4,120,5,36.29636379661973,False
3D-MR-MS,patient21,Tversky,4,121,29,7.71265200398675,True
3D-MR-MS,patient21,Tversky,4,122,55,31.36695373736885,True
3D-MR-MS,patient21,Tversky,4,123,163,18.583574972192537,True
3D-MR-MS,patient21,Tversky,4,124,6,26.82076578416704,True
3D-MR-MS,patient21,Tversky,4,125,26,21.601463098776726,False
3D-MR-MS,patient21,Tversky,4,126,51,28.597916496519368,True
3D-MR-MS,patient21,Tversky,4,127,13,17.65052342705863,False
3D-MR-MS,patient21,Tversky,4,128,114,35.41929325961387,True
3D-MR-MS,patient21,Tversky,4,129,61,1.232439154308839,True
3D-MR-MS,patient21,Tversky,4,130,103,3.4735833470745288,True
3D-MR-MS,patient21,Tversky,4,131,855,12.249655608182357,True
3D-MR-MS,patient21,Tversky,4,132,90,0.46875,True
3D-MR-MS,patient21,Tversky,4,133,142,29.156166272794458,True
3D-MR-MS,patient21,Tversky,4,134,243,33.19768920692839,False
3D-MR-MS,patient21,Tversky,4,135,531,15.116733278059781,True
3D-MR-MS,patient21,Tversky,4,136,269,25.48402848860071,True
3D-MR-MS,patient21,Tversky,4,137,11,28.30340983502407,False
3D-MR-MS,patient21,Tversky,4,138,151,19.136275279039435,True
3D-MR-MS,patient21,Tversky,4,139,228,22.953312108761942,True
3D-MR-MS,patient21,Tversky,4,140,43,20.127441775591095,False
3D-MR-MS,patient21,Tversky,4,141,95,4.518339367961805,True
3D-MR-MS,patient21,Tversky,4,142,28,32.81871906396021,True
3D-MR-MS,patient21,Tversky,4,143,150,9.330532047887804,False
3D-MR-MS,patient21,Tversky,4,144,2,31.95339693717614,False
3D-MR-MS,patient21,Tversky,4,145,81,33.291970739555495,True
3D-MR-MS,patient21,Tversky,4,146,103,36.69363032162135,True
3D-MR-MS,patient21,Tversky,4,147,7,10.481568644530265,False
3D-MR-MS,patient21,Tversky,4,148,131,30.129470668210917,True
3D-MR-MS,patient21,Tversky,4,149,1,32.767784487134804,False
3D-MR-MS,patient21,Tversky,4,150,930,23.869132982943732,True
3D-MR-MS,patient21,Tversky,4,151,23,30.33634700493839,False
3D-MR-MS,patient21,Tversky,4,152,183,29.900959563406992,True
3D-MR-MS,patient21,Tversky,4,153,77,16.162787604372998,True
3D-MR-MS,patient21,Tversky,4,154,146,17.254283888909253,True
3D-MR-MS,patient21,Tversky,4,155,18,4.826076628587656,True
3D-MR-MS,patient21,Tversky,4,156,59,37.03125,False
3D-MR-MS,patient21,Tversky,4,157,163,27.607972706025436,True
3D-MR-MS,patient21,Tversky,4,158,69,24.553386528075936,False
3D-MR-MS,patient21,Tversky,4,159,136,20.6346805049009,True
3D-MR-MS,patient21,Tversky,4,160,12,3.9120507028020413,True
3D-MR-MS,patient21,Tversky,4,161,1,0.9272144204947885,False
3D-MR-MS,patient21,Tversky,4,162,1,3.57648572926852,False
3D-MR-MS,patient21,Tversky,4,163,5,0.9272144204947885,False
3D-MR-MS,patient21,Tversky,4,164,128,7.081296900756342,True
3D-MR-MS,patient21,Tversky,4,165,106,26.109053170705046,True
3D-MR-MS,patient21,Tversky,4,166,40,16.04203585066937,False
3D-MR-MS,patient21,Tversky,4,167,7,14.373241746268006,False
3D-MR-MS,patient21,Tversky,4,168,48,10.175378149442967,True
3D-MR-MS,patient21,Tversky,4,169,60,9.586073892457817,True
3D-MR-MS,patient21,Tversky,4,170,125,8.802063873329697,True
3D-MR-MS,patient21,Tversky,4,171,65,8.904493286349624,True
3D-MR-MS,patient21,Tversky,4,172,101,2.327325802029863,True
3D-MR-MS,patient21,Tversky,4,173,369,0.800000011920929,True
3D-MR-MS,patient21,Tversky,4,174,422,24.676089930014466,True
3D-MR-MS,patient21,Tversky,4,175,43,18.224692435475443,True
3D-MR-MS,patient21,Tversky,4,176,156,3.495359690743684,True
3D-MR-MS,patient21,Tversky,4,177,63,24.84375,True
3D-MR-MS,patient21,Tversky,4,178,12,5.663927800122456,True
3D-MR-MS,patient21,Tversky,4,179,21,15.713426066491701,True
3D-MR-MS,patient21,Tversky,4,180,174,25.364151776307708,True
3D-MR-MS,patient21,Tversky,4,181,161,8.331531316725245,True
3D-MR-MS,patient21,Tversky,4,182,1,24.018294670321453,False
3D-MR-MS,patient21,Tversky,4,183,565,5.174490530394805,True
3D-MR-MS,patient21,Tversky,4,184,4,12.067220617631918,False
3D-MR-MS,patient21,Tversky,4,185,83,10.529708729598164,True
3D-MR-MS,patient21,Tversky,4,186,13,11.20316815611376,False
3D-MR-MS,patient21,Tversky,4,187,8,21.021827388078357,False
3D-MR-MS,patient21,Tversky,4,188,85,11.538580054320047,True
3D-MR-MS,patient21,Tversky,4,189,15,6.8317561318963325,True
3D-MR-MS,patient21,Tversky,4,190,164,11.60503837164929,True
3D-MR-MS,patient21,Tversky,4,191,142,6.990719381487368,True
3D-MR-MS,patient21,Tversky,4,192,497,0.800000011920929,True
3D-MR-MS,patient21,Tversky,4,193,29,13.364823816424723,True
3D-MR-MS,patient21,Tversky,4,194,213,26.382434544543095,True
3D-MR-MS,patient21,Tversky,4,195,96,15.9375,True
3D-MR-MS,patient21,Tversky,4,196,10,13.498625579382097,False
3D-MR-MS,patient21,Tversky,4,197,69,7.912433450428029,True
3D-MR-MS,patient21,Tversky,4,198,265,26.722861525761047,True
3D-MR-MS,patient21,Tversky,4,199,47,34.41039315289271,True
3D-MR-MS,patient21,Tversky,4,200,53,8.00000011920929,True
3D-MR-MS,patient21,Tversky,4,201,1046,10.846579368472904,True
3D-MR-MS,patient21,Tversky,4,202,26,9.964799374878226,True
3D-MR-MS,patient21,Tversky,4,203,18,13.162096472746729,False
3D-MR-MS,patient21,Tversky,4,204,218,11.19555237283502,True
3D-MR-MS,patient21,Tversky,4,205,14,9.859786657574892,True
3D-MR-MS,patient21,Tversky,4,206,326,7.440136191290613,True
3D-MR-MS,patient21,Tversky,4,207,20,18.664481076911617,False
3D-MR-MS,patient21,Tversky,4,208,144,12.476416925907937,True
3D-MR-MS,patient21,Tversky,4,209,28,11.609778459194734,True
3D-MR-MS,patient21,Tversky,4,210,1,9.611437421586952,False
3D-MR-MS,patient21,Tversky,4,211,52,2.181115701033291,True
3D-MR-MS,patient21,Tversky,4,212,44,16.458517945940248,False
3D-MR-MS,patient21,Tversky,4,213,228,17.12115056565693,True
3D-MR-MS,patient21,Tversky,4,214,24,19.377534204934417,False
3D-MR-MS,patient21,Tversky,4,215,4,10.242354349483904,False
3D-MR-MS,patient21,Tversky,4,216,150,12.802969016013433,True
3D-MR-MS,patient21,Tversky,4,217,5,1.40625,False
3D-MR-MS,patient21,Tversky,4,218,304,22.9817490071972,True
3D-MR-MS,patient21,Tversky,4,219,100,27.192636044200434,True
3D-MR-MS,patient21,Tversky,4,220,90,11.848266117386263,True
3D-MR-MS,patient21,Tversky,4,221,12,30.1521558911268,False
3D-MR-MS,patient21,Tversky,4,222,258,12.970525669101177,True
3D-MR-MS,patient21,Tversky,4,223,275,18.104628893091608,True
3D-MR-MS,patient21,Tversky,4,224,251,6.685458307640781,True
3D-MR-MS,patient21,Tversky,4,225,12,4.800000071525574,True
3D-MR-MS,patient21,Tversky,4,226,12,11.165999014713464,False
3D-MR-MS,patient21,Tversky,4,227,1,21.306184300718343,False
3D-MR-MS,patient21,Tversky,4,228,16,16.869038524895085,True
3D-MR-MS,patient21,Tversky,4,229,382,18.929331196428137,True
3D-MR-MS,patient21,Tversky,4,230,92,17.51252469340836,True
3D-MR-MS,patient21,Tversky,4,231,258,21.438095951082328,True
3D-MR-MS,patient21,Tversky,4,232,221,23.61769845059637,True
3D-MR-MS,patient21,Tversky,4,233,151,25.3417895637634,True
3D-MR-MS,patient21,Tversky,4,234,201,37.53497147023062,True
3D-MR-MS,patient21,Tversky,4,235,78,25.375746148700774,True
3D-MR-MS,patient21,Tversky,4,236,59,21.683182419943975,True
3D-MR-MS,patient21,Tversky,4,237,159,27.304204641108424,True
3D-MR-MS,patient21,Tversky,4,238,20,27.66862326972776,True
3D-MR-MS,patient21,Tversky,4,239,35,15.929043272423412,True
3D-MR-MS,patient21,Tversky,4,240,23,38.279166350539946,True
3D-MR-MS,patient21,Tversky,4,241,159,29.961529153843315,True
3D-MR-MS,patient21,Tversky,4,242,562,31.42707438029532,True
3D-MR-MS,patient21,Tversky,4,243,140,35.972048716738314,True
3D-MR-MS,patient21,Tversky,4,244,269,18.611828622180237,True
3D-MR-MS,patient21,Tversky,4,245,1,21.515329960148588,False
3D-MR-MS,patient21,Tversky,4,246,29,16.826137841507407,True
3D-MR-MS,patient21,Tversky,4,247,59,32.62403592493943,True
3D-MR-MS,patient21,Tversky,4,248,38,31.066851850873192,True
3D-MR-MS,patient21,Tversky,4,249,1,41.70341809966938,False
3D-MR-MS,patient21,FocalTversky,0,1,332,20.196786085190116,True
3D-MR-MS,patient21,FocalTversky,0,2,55,28.315536213950228,False
3D-MR-MS,patient21,FocalTversky,0,3,18,22.041185109214904,False
3D-MR-MS,patient21,FocalTversky,0,4,239,32.668526140215604,True
3D-MR-MS,patient21,FocalTversky,0,5,113,29.232549862347287,True
3D-MR-MS,patient21,FocalTversky,0,6,169550,0.0,True
3D-MR-MS,patient21,FocalTversky,0,7,185,24.69111477542685,True
3D-MR-MS,patient21,FocalTversky,0,8,507,10.137609863626674,True
3D-MR-MS,patient21,FocalTversky,0,9,130,21.61056717172016,True
3D-MR-MS,patient21,FocalTversky,0,10,229,27.35010648249901,True
3D-MR-MS,patient21,FocalTversky,0,11,11,19.369580064769824,False
3D-MR-MS,patient21,FocalTversky,0,12,88,24.472007591912302,True
3D-MR-MS,patient21,FocalTversky,0,13,1,18.799672927953523,False
3D-MR-MS,patient21,FocalTversky,0,14,1,30.05397568615619,False
3D-MR-MS,patient21,FocalTversky,0,15,45,20.08769864670737,True
3D-MR-MS,patient21,FocalTversky,0,16,437,10.317084341473711,True
3D-MR-MS,patient21,FocalTversky,0,17,1,24.80442994491348,False
3D-MR-MS,patient21,FocalTversky,0,18,838,12.200456348858097,True
3D-MR-MS,patient21,FocalTversky,0,19,2,24.009153885365013,False
3D-MR-MS,patient21,FocalTversky,0,20,55,19.43376798808904,True
3D-MR-MS,patient21,FocalTversky,0,21,2,29.052821264313348,True
3D-MR-MS,patient21,FocalTversky,0,22,1,21.686294415299994,False
3D-MR-MS,patient21,FocalTversky,0,23,10,26.958486881752346,True
3D-MR-MS,patient21,FocalTversky,0,24,41,24.881064983907525,True
3D-MR-MS,patient21,FocalTversky,0,25,23,18.63883734650299,True
3D-MR-MS,patient21,FocalTversky,0,26,101,6.400000095367432,True
3D-MR-MS,patient21,FocalTversky,0,27,1,28.815709101437655,False
3D-MR-MS,patient21,FocalTversky,0,28,1,22.43920291484556,False
3D-MR-MS,patient21,FocalTversky,0,29,124,26.210855579231147,True
3D-MR-MS,patient21,FocalTversky,0,30,78,21.759158579199187,True
3D-MR-MS,patient21,FocalTversky,0,31,1,36.69528508159936,False
3D-MR-MS,patient21,FocalTversky,0,32,72,15.594471602934727,True
3D-MR-MS,patient21,FocalTversky,0,33,14,21.94755474929768,False
3D-MR-MS,patient21,FocalTversky,0,34,124,13.338009779678996,True
3D-MR-MS,patient21,FocalTversky,0,35,147,23.947962135469783,True
3D-MR-MS,patient21,FocalTversky,0,36,129,32.961121259720954,True
3D-MR-MS,patient21,FocalTversky,0,37,685,5.754807853838461,True
3D-MR-MS,patient21,FocalTversky,0,38,988,27.314909081263217,True
3D-MR-MS,patient21,FocalTversky,0,39,444,4.844657222326174,True
3D-MR-MS,patient21,FocalTversky,0,40,2,31.290292149987565,False
3D-MR-MS,patient21,FocalTversky,0,41,116,9.04624416859792,True
3D-MR-MS,patient21,FocalTversky,0,42,230,8.92397153362178,True
3D-MR-MS,patient21,FocalTversky,0,43,164,25.226725852156253,True
3D-MR-MS,patient21,FocalTversky,0,44,7,26.452479047645294,False
3D-MR-MS,patient21,FocalTversky,0,45,28,30.455903740004036,False
3D-MR-MS,patient21,FocalTversky,0,46,83,9.391837087087481,True
3D-MR-MS,patient21,FocalTversky,0,47,398,9.758988363062631,True
3D-MR-MS,patient21,FocalTversky,0,48,1,26.80187805520201,True
3D-MR-MS,patient21,FocalTversky,0,49,21,32.68384659432384,False
3D-MR-MS,patient21,FocalTversky,0,50,16,12.892162514841413,True
3D-MR-MS,patient21,FocalTversky,0,51,408,5.4585404979422645,True
3D-MR-MS,patient21,FocalTversky,0,52,29,8.849492462605024,True
3D-MR-MS,patient21,FocalTversky,0,53,80,34.6875,True
3D-MR-MS,patient21,FocalTversky,0,54,344,6.882862004113971,True
3D-MR-MS,patient21,FocalTversky,0,55,35,17.362190647541386,True
3D-MR-MS,patient21,FocalTversky,0,56,16,7.5718667188119735,True
3D-MR-MS,patient21,FocalTversky,0,57,116,10.584387488142406,True
3D-MR-MS,patient21,FocalTversky,0,58,13,17.400666743691175,False
3D-MR-MS,patient21,FocalTversky,0,59,273,17.32428980275822,True
3D-MR-MS,patient21,FocalTversky,0,60,24,3.9954124178605075,True
3D-MR-MS,patient21,FocalTversky,0,61,61,9.511385085627689,True
3D-MR-MS,patient21,FocalTversky,0,62,71,14.038492061380824,True
3D-MR-MS,patient21,FocalTversky,0,63,170,31.236493336003253,True
3D-MR-MS,patient21,FocalTversky,0,64,71,28.92503850467793,True
3D-MR-MS,patient21,FocalTversky,0,65,95,26.636026179670147,True
3D-MR-MS,patient21,FocalTversky,0,66,294,5.675619486468044,True
3D-MR-MS,patient21,FocalTversky,0,67,593,9.219226708452133,True
3D-MR-MS,patient21,FocalTversky,0,68,188,22.322162669577985,True
3D-MR-MS,patient21,FocalTversky,0,69,1,5.361356274473574,False
3D-MR-MS,patient21,FocalTversky,0,70,254,0.9272144204947885,True
3D-MR-MS,patient21,FocalTversky,0,71,102,30.933442926897833,True
3D-MR-MS,patient21,FocalTversky,0,72,60,11.585028748425149,True
3D-MR-MS,patient21,FocalTversky,0,73,160,5.483725985736843,True
3D-MR-MS,patient21,FocalTversky,0,74,52,11.95082698498309,True
3D-MR-MS,patient21,FocalTversky,0,75,15,37.42055856269483,False
3D-MR-MS,patient21,FocalTversky,0,76,637,5.363301223973299,True
3D-MR-MS,patient21,FocalTversky,0,77,69,10.458670543589044,True
3D-MR-MS,patient21,FocalTversky,0,78,136,7.96875,True
3D-MR-MS,patient21,FocalTversky,0,79,3,2.7697021534947557,False
3D-MR-MS,patient21,FocalTversky,0,80,1,4.301643964423529,False
3D-MR-MS,patient21,FocalTversky,0,81,1,4.5498798249691585,False
3D-MR-MS,patient21,FocalTversky,0,82,645,24.08321835482737,True
3D-MR-MS,patient21,FocalTversky,0,83,165,7.842465035406501,True
3D-MR-MS,patient21,FocalTversky,0,84,1,0.46875,False
3D-MR-MS,patient21,FocalTversky,0,85,1,0.800000011920929,False
3D-MR-MS,patient21,FocalTversky,0,86,8,15.210919443363705,False
3D-MR-MS,patient21,FocalTversky,0,87,252,26.396970266190806,True
3D-MR-MS,patient21,FocalTversky,0,88,14,37.80029968491088,False
3D-MR-MS,patient21,FocalTversky,0,89,6,14.9486425491581,False
3D-MR-MS,patient21,FocalTversky,0,90,5,15.551277331421813,False
3D-MR-MS,patient21,FocalTversky,0,91,28,32.35696535312611,True
3D-MR-MS,patient21,FocalTversky,0,92,26,12.897015461435254,True
3D-MR-MS,patient21,FocalTversky,0,93,42,20.625,True
3D-MR-MS,patient21,FocalTversky,0,94,1,4.780330793993236,False
3D-MR-MS,patient21,FocalTversky,0,95,5,16.513045269195505,False
3D-MR-MS,patient21,FocalTversky,0,96,149,29.49908970382026,False
3D-MR-MS,patient21,FocalTversky,0,97,253,22.662305319991926,True
3D-MR-MS,patient21,FocalTversky,0,98,248,29.125631134660576,True
3D-MR-MS,patient21,FocalTversky,0,99,3,0.46875,False
3D-MR-MS,patient21,FocalTversky,0,100,479,16.40625,True
3D-MR-MS,patient21,FocalTversky,0,101,69,36.81933093515195,False
3D-MR-MS,patient21,FocalTversky,0,102,122,22.098981883905324,True
3D-MR-MS,patient21,FocalTversky,0,103,291,10.532360879054872,True
3D-MR-MS,patient21,FocalTversky,0,104,41,13.825007088574873,True
3D-MR-MS,patient21,FocalTversky,0,105,403,16.472128469376553,True
3D-MR-MS,patient21,FocalTversky,0,106,1,30.4587041159282,False
3D-MR-MS,patient21,FocalTversky,0,107,33,15.147331144352176,True
3D-MR-MS,patient21,FocalTversky,0,108,27,29.56387162589226,True
3D-MR-MS,patient21,FocalTversky,0,109,42,30.077796296144246,True
3D-MR-MS,patient21,FocalTversky,0,110,9,16.017612379074915,True
3D-MR-MS,patient21,FocalTversky,0,111,127,12.921803582765584,True
3D-MR-MS,patient21,FocalTversky,0,112,138,20.21396195993442,True
3D-MR-MS,patient21,FocalTversky,0,113,310,25.998577187928216,True
3D-MR-MS,patient21,FocalTversky,0,114,238,22.45896345265462,True
3D-MR-MS,patient21,FocalTversky,0,115,151,21.23087469425608,True
3D-MR-MS,patient21,FocalTversky,0,116,135,28.7096054567833,False
3D-MR-MS,patient21,FocalTversky,0,117,40,37.126315315142634,False
3D-MR-MS,patient21,FocalTversky,0,118,63,30.914429033606744,True
3D-MR-MS,patient21,FocalTversky,0,119,114,29.92539820967822,False
3D-MR-MS,patient21,FocalTversky,0,120,5,36.29636379661973,False
3D-MR-MS,patient21,FocalTversky,0,121,29,7.71265200398675,True
3D-MR-MS,patient21,FocalTversky,0,122,55,31.36695373736885,True
3D-MR-MS,patient21,FocalTversky,0,123,163,18.583574972192537,True
3D-MR-MS,patient21,FocalTversky,0,124,6,26.82076578416704,False
3D-MR-MS,patient21,FocalTversky,0,125,26,21.601463098776726,False
3D-MR-MS,patient21,FocalTversky,0,126,51,28.597916496519368,True
3D-MR-MS,patient21,FocalTversky,0,127,13,17.65052342705863,False
3D-MR-MS,patient21,FocalTversky,0,128,114,35.41929325961387,True
3D-MR-MS,patient21,FocalTversky,0,129,61,1.232439154308839,True
3D-MR-MS,patient21,FocalTversky,0,130,103,3.4735833470745288,True
3D-MR-MS,patient21,FocalTversky,0,131,855,12.249655608182357,True
3D-MR-MS,patient21,FocalTversky,0,132,90,0.46875,True
3D-MR-MS,patient21,FocalTversky,0,133,142,29.156166272794458,True
3D-MR-MS,patient21,FocalTversky,0,134,243,33.19768920692839,True
3D-MR-MS,patient21,FocalTversky,0,135,531,15.116733278059781,True
3D-MR-MS,patient21,FocalTversky,0,136,269,25.48402848860071,True
3D-MR-MS,patient21,FocalTversky,0,137,11,28.30340983502407,False
3D-MR-MS,patient21,FocalTversky,0,138,151,19.136275279039435,True
3D-MR-MS,patient21,FocalTversky,0,139,228,22.953312108761942,True
3D-MR-MS,patient21,FocalTversky,0,140,43,20.127441775591095,False
3D-MR-MS,patient21,FocalTversky,0,141,95,4.518339367961805,True
3D-MR-MS,patient21,FocalTversky,0,142,28,32.81871906396021,True
3D-MR-MS,patient21,FocalTversky,0,143,150,9.330532047887804,False
3D-MR-MS,patient21,FocalTversky,0,144,2,31.95339693717614,False
3D-MR-MS,patient21,FocalTversky,0,145,81,33.291970739555495,True
3D-MR-MS,patient21,FocalTversky,0,146,103,36.69363032162135,True
3D-MR-MS,patient21,FocalTversky,0,147,7,10.481568644530265,False
3D-MR-MS,patient21,FocalTversky,0,148,131,30.129470668210917,True
3D-MR-MS,patient21,FocalTversky,0,149,1,32.767784487134804,False
3D-MR-MS,patient21,FocalTversky,0,150,930,23.869132982943732,True
3D-MR-MS,patient21,FocalTversky,0,151,23,30.33634700493839,False
3D-MR-MS,patient21,FocalTversky,0,152,183,29.900959563406992,True
3D-MR-MS,patient21,FocalTversky,0,153,77,16.162787604372998,True
3D-MR-MS,patient21,FocalTversky,0,154,146,17.254283888909253,True
3D-MR-MS,patient21,FocalTversky,0,155,18,4.826076628587656,True
3D-MR-MS,patient21,FocalTversky,0,156,59,37.03125,False
3D-MR-MS,patient21,FocalTversky,0,157,163,27.607972706025436,False
3D-MR-MS,patient21,FocalTversky,0,158,69,24.553386528075936,False
3D-MR-MS,patient21,FocalTversky,0,159,136,20.6346805049009,True
3D-MR-MS,patient21,FocalTversky,0,160,12,3.9120507028020413,True
3D-MR-MS,patient21,FocalTversky,0,161,1,0.9272144204947885,False
3D-MR-MS,patient21,FocalTversky,0,162,1,3.57648572926852,False
3D-MR-MS,patient21,FocalTversky,0,163,5,0.9272144204947885,False
3D-MR-MS,patient21,FocalTversky,0,164,128,7.081296900756342,True
3D-MR-MS,patient21,FocalTversky,0,165,106,26.109053170705046,True
3D-MR-MS,patient21,FocalTversky,0,166,40,16.04203585066937,True
3D-MR-MS,patient21,FocalTversky,0,167,7,14.373241746268006,True
3D-MR-MS,patient21,FocalTversky,0,168,48,10.175378149442967,True
3D-MR-MS,patient21,FocalTversky,0,169,60,9.586073892457817,True
3D-MR-MS,patient21,FocalTversky,0,170,125,8.802063873329697,True
3D-MR-MS,patient21,FocalTversky,0,171,65,8.904493286349624,True
3D-MR-MS,patient21,FocalTversky,0,172,101,2.327325802029863,True
3D-MR-MS,patient21,FocalTversky,0,173,369,0.800000011920929,True
3D-MR-MS,patient21,FocalTversky,0,174,422,24.676089930014466,True
3D-MR-MS,patient21,FocalTversky,0,175,43,18.224692435475443,True
3D-MR-MS,patient21,FocalTversky,0,176,156,3.495359690743684,True
3D-MR-MS,patient21,FocalTversky,0,177,63,24.84375,True
3D-MR-MS,patient21,FocalTversky,0,178,12,5.663927800122456,True
3D-MR-MS,patient21,FocalTversky,0,179,21,15.713426066491701,True
3D-MR-MS,patient21,FocalTversky,0,180,174,25.364151776307708,True
3D-MR-MS,patient21,FocalTversky,0,181,161,8.331531316725245,True
3D-MR-MS,patient21,FocalTversky,0,182,1,24.018294670321453,False
3D-MR-MS,patient21,FocalTversky,0,183,565,5.174490530394805,True
3D-MR-MS,patient21,FocalTversky,0,184,4,12.067220617631918,False
3D-MR-MS,patient21,FocalTversky,0,185,83,10.529708729598164,True
3D-MR-MS,patient21,FocalTversky,0,186,13,11.20316815611376,False
3D-MR-MS,patient21,FocalTversky,0,187,8,21.021827388078357,False
3D-MR-MS,patient21,FocalTversky,0,188,85,11.538580054320047,True
3D-MR-MS,patient21,FocalTversky,0,189,15,6.8317561318963325,True
3D-MR-MS,patient21,FocalTversky,0,190,164,11.60503837164929,True
3D-MR-MS,patient21,FocalTversky,0,191,142,6.990719381487368,True
3D-MR-MS,patient21,FocalTversky,0,192,497,0.800000011920929,True
3D-MR-MS,patient21,FocalTversky,0,193,29,13.364823816424723,True
3D-MR-MS,patient21,FocalTversky,0,194,213,26.382434544543095,True
3D-MR-MS,patient21,FocalTversky,0,195,96,15.9375,True
3D-MR-MS,patient21,FocalTversky,0,196,10,13.498625579382097,False
3D-MR-MS,patient21,FocalTversky,0,197,69,7.912433450428029,True
3D-MR-MS,patient21,FocalTversky,0,198,265,26.722861525761047,True
3D-MR-MS,patient21,FocalTversky,0,199,47,34.41039315289271,True
3D-MR-MS,patient21,FocalTversky,0,200,53,8.00000011920929,True
3D-MR-MS,patient21,FocalTversky,0,201,1046,10.846579368472904,True
3D-MR-MS,patient21,FocalTversky,0,202,26,9.964799374878226,True
3D-MR-MS,patient21,FocalTversky,0,203,18,13.162096472746729,False
3D-MR-MS,patient21,FocalTversky,0,204,218,11.19555237283502,True
3D-MR-MS,patient21,FocalTversky,0,205,14,9.859786657574892,True
3D-MR-MS,patient21,FocalTversky,0,206,326,7.440136191290613,True
3D-MR-MS,patient21,FocalTversky,0,207,20,18.664481076911617,False
3D-MR-MS,patient21,FocalTversky,0,208,144,12.476416925907937,True
3D-MR-MS,patient21,FocalTversky,0,209,28,11.609778459194734,True
3D-MR-MS,patient21,FocalTversky,0,210,1,9.611437421586952,False
3D-MR-MS,patient21,FocalTversky,0,211,52,2.181115701033291,True
3D-MR-MS,patient21,FocalTversky,0,212,44,16.458517945940248,True
3D-MR-MS,patient21,FocalTversky,0,213,228,17.12115056565693,True
3D-MR-MS,patient21,FocalTversky,0,214,24,19.377534204934417,False
3D-MR-MS,patient21,FocalTversky,0,215,4,10.242354349483904,False
3D-MR-MS,patient21,FocalTversky,0,216,150,12.802969016013433,True
3D-MR-MS,patient21,FocalTversky,0,217,5,1.40625,False
3D-MR-MS,patient21,FocalTversky,0,218,304,22.9817490071972,True
3D-MR-MS,patient21,FocalTversky,0,219,100,27.192636044200434,True
3D-MR-MS,patient21,FocalTversky,0,220,90,11.848266117386263,True
3D-MR-MS,patient21,FocalTversky,0,221,12,30.1521558911268,False
3D-MR-MS,patient21,FocalTversky,0,222,258,12.970525669101177,True
3D-MR-MS,patient21,FocalTversky,0,223,275,18.104628893091608,True
3D-MR-MS,patient21,FocalTversky,0,224,251,6.685458307640781,True
3D-MR-MS,patient21,FocalTversky,0,225,12,4.800000071525574,True
3D-MR-MS,patient21,FocalTversky,0,226,12,11.165999014713464,False
3D-MR-MS,patient21,FocalTversky,0,227,1,21.306184300718343,False
3D-MR-MS,patient21,FocalTversky,0,228,16,16.869038524895085,True
3D-MR-MS,patient21,FocalTversky,0,229,382,18.929331196428137,True
3D-MR-MS,patient21,FocalTversky,0,230,92,17.51252469340836,True
3D-MR-MS,patient21,FocalTversky,0,231,258,21.438095951082328,True
3D-MR-MS,patient21,FocalTversky,0,232,221,23.61769845059637,True
3D-MR-MS,patient21,FocalTversky,0,233,151,25.3417895637634,True
3D-MR-MS,patient21,FocalTversky,0,234,201,37.53497147023062,True
3D-MR-MS,patient21,FocalTversky,0,235,78,25.375746148700774,True
3D-MR-MS,patient21,FocalTversky,0,236,59,21.683182419943975,True
3D-MR-MS,patient21,FocalTversky,0,237,159,27.304204641108424,True
3D-MR-MS,patient21,FocalTversky,0,238,20,27.66862326972776,True
3D-MR-MS,patient21,FocalTversky,0,239,35,15.929043272423412,True
3D-MR-MS,patient21,FocalTversky,0,240,23,38.279166350539946,True
3D-MR-MS,patient21,FocalTversky,0,241,159,29.961529153843315,True
3D-MR-MS,patient21,FocalTversky,0,242,562,31.42707438029532,True
3D-MR-MS,patient21,FocalTversky,0,243,140,35.972048716738314,True
3D-MR-MS,patient21,FocalTversky,0,244,269,18.611828622180237,True
3D-MR-MS,patient21,FocalTversky,0,245,1,21.515329960148588,False
3D-MR-MS,patient21,FocalTversky,0,246,29,16.826137841507407,False
3D-MR-MS,patient21,FocalTversky,0,247,59,32.62403592493943,True
3D-MR-MS,patient21,FocalTversky,0,248,38,31.066851850873192,True
3D-MR-MS,patient21,FocalTversky,0,249,1,41.70341809966938,False
3D-MR-MS,patient21,FocalTversky,1,1,332,20.196786085190116,True
3D-MR-MS,patient21,FocalTversky,1,2,55,28.315536213950228,False
3D-MR-MS,patient21,FocalTversky,1,3,18,22.041185109214904,False
3D-MR-MS,patient21,FocalTversky,1,4,239,32.668526140215604,True
3D-MR-MS,patient21,FocalTversky,1,5,113,29.232549862347287,True
3D-MR-MS,patient21,FocalTversky,1,6,169550,0.0,True
3D-MR-MS,patient21,FocalTversky,1,7,185,24.69111477542685,True
3D-MR-MS,patient21,FocalTversky,1,8,507,10.137609863626674,True
3D-MR-MS,patient21,FocalTversky,1,9,130,21.61056717172016,True
3D-MR-MS,patient21,FocalTversky,1,10,229,27.35010648249901,True
3D-MR-MS,patient21,FocalTversky,1,11,11,19.369580064769824,False
3D-MR-MS,patient21,FocalTversky,1,12,88,24.472007591912302,True
3D-MR-MS,patient21,FocalTversky,1,13,1,18.799672927953523,False
3D-MR-MS,patient21,FocalTversky,1,14,1,30.05397568615619,False
3D-MR-MS,patient21,FocalTversky,1,15,45,20.08769864670737,False
3D-MR-MS,patient21,FocalTversky,1,16,437,10.317084341473711,True
3D-MR-MS,patient21,FocalTversky,1,17,1,24.80442994491348,False
3D-MR-MS,patient21,FocalTversky,1,18,838,12.200456348858097,True
3D-MR-MS,patient21,FocalTversky,1,19,2,24.009153885365013,False
3D-MR-MS,patient21,FocalTversky,1,20,55,19.43376798808904,True
3D-MR-MS,patient21,FocalTversky,1,21,2,29.052821264313348,False
3D-MR-MS,patient21,FocalTversky,1,22,1,21.686294415299994,False
3D-MR-MS,patient21,FocalTversky,1,23,10,26.958486881752346,True
3D-MR-MS,patient21,FocalTversky,1,24,41,24.881064983907525,True
3D-MR-MS,patient21,FocalTversky,1,25,23,18.63883734650299,True
3D-MR-MS,patient21,FocalTversky,1,26,101,6.400000095367432,True
3D-MR-MS,patient21,FocalTversky,1,27,1,28.815709101437655,False
3D-MR-MS,patient21,FocalTversky,1,28,1,22.43920291484556,False
3D-MR-MS,patient21,FocalTversky,1,29,124,26.210855579231147,True
3D-MR-MS,patient21,FocalTversky,1,30,78,21.759158579199187,True
3D-MR-MS,patient21,FocalTversky,1,31,1,36.69528508159936,False
3D-MR-MS,patient21,FocalTversky,1,32,72,15.594471602934727,True
3D-MR-MS,patient21,FocalTversky,1,33,14,21.94755474929768,False
3D-MR-MS,patient21,FocalTversky,1,34,124,13.338009779678996,True
3D-MR-MS,patient21,FocalTversky,1,35,147,23.947962135469783,True
3D-MR-MS,patient21,FocalTversky,1,36,129,32.961121259720954,True
3D-MR-MS,patient21,FocalTversky,1,37,685,5.754807853838461,True
3D-MR-MS,patient21,FocalTversky,1,38,988,27.314909081263217,True
3D-MR-MS,patient21,FocalTversky,1,39,444,4.844657222326174,True
3D-MR-MS,patient21,FocalTversky,1,40,2,31.290292149987565,False
3D-MR-MS,patient21,FocalTversky,1,41,116,9.04624416859792,True
3D-MR-MS,patient21,FocalTversky,1,42,230,8.92397153362178,True
3D-MR-MS,patient21,FocalTversky,1,43,164,25.226725852156253,True
3D-MR-MS,patient21,FocalTversky,1,44,7,26.452479047645294,False
3D-MR-MS,patient21,FocalTversky,1,45,28,30.455903740004036,False
3D-MR-MS,patient21,FocalTversky,1,46,83,9.391837087087481,True
3D-MR-MS,patient21,FocalTversky,1,47,398,9.758988363062631,True
3D-MR-MS,patient21,FocalTversky,1,48,1,26.80187805520201,True
3D-MR-MS,patient21,FocalTversky,1,49,21,32.68384659432384,False
3D-MR-MS,patient21,FocalTversky,1,50,16,12.892162514841413,True
3D-MR-MS,patient21,FocalTversky,1,51,408,5.4585404979422645,True
3D-MR-MS,patient21,FocalTversky,1,52,29,8.849492462605024,True
3D-MR-MS,patient21,FocalTversky,1,53,80,34.6875,True
3D-MR-MS,patient21,FocalTversky,1,54,344,6.882862004113971,True
3D-MR-MS,patient21,FocalTversky,1,55,35,17.362190647541386,True
3D-MR-MS,patient21,FocalTversky,1,56,16,7.5718667188119735,True
3D-MR-MS,patient21,FocalTversky,1,57,116,10.584387488142406,True
3D-MR-MS,patient21,FocalTversky,1,58,13,17.400666743691175,False
3D-MR-MS,patient21,FocalTversky,1,59,273,17.32428980275822,True
3D-MR-MS,patient21,FocalTversky,1,60,24,3.9954124178605075,True
3D-MR-MS,patient21,FocalTversky,1,61,61,9.511385085627689,True
3D-MR-MS,patient21,FocalTversky,1,62,71,14.038492061380824,True
3D-MR-MS,patient21,FocalTversky,1,63,170,31.236493336003253,True
3D-MR-MS,patient21,FocalTversky,1,64,71,28.92503850467793,True
3D-MR-MS,patient21,FocalTversky,1,65,95,26.636026179670147,True
3D-MR-MS,patient21,FocalTversky,1,66,294,5.675619486468044,True
3D-MR-MS,patient21,FocalTversky,1,67,593,9.219226708452133,True
3D-MR-MS,patient21,FocalTversky,1,68,188,22.322162669577985,True
3D-MR-MS,patient21,FocalTversky,1,69,1,5.361356274473574,False
3D-MR-MS,patient21,FocalTversky,1,70,254,0.9272144204947885,True
3D-MR-MS,patient21,FocalTversky,1,71,102,30.933442926897833,True
3D-MR-MS,patient21,FocalTversky,1,72,60,11.585028748425149,True
3D-MR-MS,patient21,FocalTversky,1,73,160,5.483725985736843,True
3D-MR-MS,patient21,FocalTversky,1,74,52,11.95082698498309,True
3D-MR-MS,patient21,FocalTversky,1,75,15,37.42055856269483,False
3D-MR-MS,patient21,FocalTversky,1,76,637,5.363301223973299,True
3D-MR-MS,patient21,FocalTversky,1,77,69,10.458670543589044,True
3D-MR-MS,patient21,FocalTversky,1,78,136,7.96875,True
3D-MR-MS,patient21,FocalTversky,1,79,3,2.7697021534947557,False
3D-MR-MS,patient21,FocalTversky,1,80,1,4.301643964423529,False
3D-MR-MS,patient21,FocalTversky,1,81,1,4.5498798249691585,False
3D-MR-MS,patient21,FocalTversky,1,82,645,24.08321835482737,True
3D-MR-MS,patient21,FocalTversky,1,83,165,7.842465035406501,True
3D-MR-MS,patient21,FocalTversky,1,84,1,0.46875,False
3D-MR-MS,patient21,FocalTversky,1,85,1,0.800000011920929,False
3D-MR-MS,patient21,FocalTversky,1,86,8,15.210919443363705,False
3D-MR-MS,patient21,FocalTversky,1,87,252,26.396970266190806,True
3D-MR-MS,patient21,FocalTversky,1,88,14,37.80029968491088,False
3D-MR-MS,patient21,FocalTversky,1,89,6,14.9486425491581,False
3D-MR-MS,patient21,FocalTversky,1,90,5,15.551277331421813,False
3D-MR-MS,patient21,FocalTversky,1,91,28,32.35696535312611,True
3D-MR-MS,patient21,FocalTversky,1,92,26,12.897015461435254,True
3D-MR-MS,patient21,FocalTversky,1,93,42,20.625,True
3D-MR-MS,patient21,FocalTversky,1,94,1,4.780330793993236,False
3D-MR-MS,patient21,FocalTversky,1,95,5,16.513045269195505,False
3D-MR-MS,patient21,FocalTversky,1,96,149,29.49908970382026,False
3D-MR-MS,patient21,FocalTversky,1,97,253,22.662305319991926,True
3D-MR-MS,patient21,FocalTversky,1,98,248,29.125631134660576,True
3D-MR-MS,patient21,FocalTversky,1,99,3,0.46875,False
3D-MR-MS,patient21,FocalTversky,1,100,479,16.40625,True
3D-MR-MS,patient21,FocalTversky,1,101,69,36.81933093515195,False
3D-MR-MS,patient21,FocalTversky,1,102,122,22.098981883905324,True
3D-MR-MS,patient21,FocalTversky,1,103,291,10.532360879054872,True
3D-MR-MS,patient21,FocalTversky,1,104,41,13.825007088574873,True
3D-MR-MS,patient21,FocalTversky,1,105,403,16.472128469376553,True
3D-MR-MS,patient21,FocalTversky,1,106,1,30.4587041159282,False
3D-MR-MS,patient21,FocalTversky,1,107,33,15.147331144352176,True
3D-MR-MS,patient21,FocalTversky,1,108,27,29.56387162589226,True
3D-MR-MS,patient21,FocalTversky,1,109,42,30.077796296144246,True
3D-MR-MS,patient21,FocalTversky,1,110,9,16.017612379074915,True
3D-MR-MS,patient21,FocalTversky,1,111,127,12.921803582765584,True
3D-MR-MS,patient21,FocalTversky,1,112,138,20.21396195993442,True
3D-MR-MS,patient21,FocalTversky,1,113,310,25.998577187928216,True
3D-MR-MS,patient21,FocalTversky,1,114,238,22.45896345265462,True
3D-MR-MS,patient21,FocalTversky,1,115,151,21.23087469425608,True
3D-MR-MS,patient21,FocalTversky,1,116,135,28.7096054567833,False
3D-MR-MS,patient21,FocalTversky,1,117,40,37.126315315142634,False
3D-MR-MS,patient21,FocalTversky,1,118,63,30.914429033606744,True
3D-MR-MS,patient21,FocalTversky,1,119,114,29.92539820967822,False
3D-MR-MS,patient21,FocalTversky,1,120,5,36.29636379661973,False
3D-MR-MS,patient21,FocalTversky,1,121,29,7.71265200398675,True
3D-MR-MS,patient21,FocalTversky,1,122,55,31.36695373736885,True
3D-MR-MS,patient21,FocalTversky,1,123,163,18.583574972192537,True
3D-MR-MS,patient21,FocalTversky,1,124,6,26.82076578416704,False
3D-MR-MS,patient21,FocalTversky,1,125,26,21.601463098776726,False
3D-MR-MS,patient21,FocalTversky,1,126,51,28.597916496519368,True
3D-MR-MS,patient21,FocalTversky,1,127,13,17.65052342705863,False
3D-MR-MS,patient21,FocalTversky,1,128,114,35.41929325961387,True
3D-MR-MS,patient21,FocalTversky,1,129,61,1.232439154308839,True
3D-MR-MS,patient21,FocalTversky,1,130,103,3.4735833470745288,True
3D-MR-MS,patient21,FocalTversky,1,131,855,12.249655608182357,True
3D-MR-MS,patient21,FocalTversky,1,132,90,0.46875,True
3D-MR-MS,patient21,FocalTversky,1,133,142,29.156166272794458,True
3D-MR-MS,patient21,FocalTversky,1,134,243,33.19768920692839,False
3D-MR-MS,patient21,FocalTversky,1,135,531,15.116733278059781,True
3D-MR-MS,patient21,FocalTversky,1,136,269,25.48402848860071,True
3D-MR-MS,patient21,FocalTversky,1,137,11,28.30340983502407,False
3D-MR-MS,patient21,FocalTversky,1,138,151,19.136275279039435,True
3D-MR-MS,patient21,FocalTversky,1,139,228,22.953312108761942,True
3D-MR-MS,patient21,FocalTversky,1,140,43,20.127441775591095,False
3D-MR-MS,patient21,FocalTversky,1,141,95,4.518339367961805,True
3D-MR-MS,patient21,FocalTversky,1,142,28,32.81871906396021,True
3D-MR-MS,patient21,FocalTversky,1,143,150,9.330532047887804,False
3D-MR-MS,patient21,FocalTversky,1,144,2,31.95339693717614,False
3D-MR-MS,patient21,FocalTversky,1,145,81,33.291970739555495,True
3D-MR-MS,patient21,FocalTversky,1,146,103,36.69363032162135,True
3D-MR-MS,patient21,FocalTversky,1,147,7,10.481568644530265,False
3D-MR-MS,patient21,FocalTversky,1,148,131,30.129470668210917,True
3D-MR-MS,patient21,FocalTversky,1,149,1,32.767784487134804,False
3D-MR-MS,patient21,FocalTversky,1,150,930,23.869132982943732,True
3D-MR-MS,patient21,FocalTversky,1,151,23,30.33634700493839,False
3D-MR-MS,patient21,FocalTversky,1,152,183,29.900959563406992,True
3D-MR-MS,patient21,FocalTversky,1,153,77,16.162787604372998,True
3D-MR-MS,patient21,FocalTversky,1,154,146,17.254283888909253,True
3D-MR-MS,patient21,FocalTversky,1,155,18,4.826076628587656,True
3D-MR-MS,patient21,FocalTversky,1,156,59,37.03125,False
3D-MR-MS,patient21,FocalTversky,1,157,163,27.607972706025436,False
3D-MR-MS,patient21,FocalTversky,1,158,69,24.553386528075936,False
3D-MR-MS,patient21,FocalTversky,1,159,136,20.6346805049009,True
3D-MR-MS,patient21,FocalTversky,1,160,12,3.9120507028020413,True
3D-MR-MS,patient21,FocalTversky,1,161,1,0.9272144204947885,False
3D-MR-MS,patient21,FocalTversky,1,162,1,3.57648572926852,False
3D-MR-MS,patient21,FocalTversky,1,163,5,0.9272144204947885,False
3D-MR-MS,patient21,FocalTversky,1,164,128,7.081296900756342,True
3D-MR-MS,patient21,FocalTversky,1,165,106,26.109053170705046,True
3D-MR-MS,patient21,FocalTversky,1,166,40,16.04203585066937,False
3D-MR-MS,patient21,FocalTversky,1,167,7,14.373241746268006,False
3D-MR-MS,patient21,FocalTversky,1,168,48,10.175378149442967,True
3D-MR-MS,patient21,FocalTversky,1,169,60,9.586073892457817,True
3D-MR-MS,patient21,FocalTversky,1,170,125,8.802063873329697,True
3D-MR-MS,patient21,FocalTversky,1,171,65,8.904493286349624,True
3D-MR-MS,patient21,FocalTversky,1,172,101,2.327325802029863,True
3D-MR-MS,patient21,FocalTversky,1,173,369,0.800000011920929,True
3D-MR-MS,patient21,FocalTversky,1,174,422,24.676089930014466,True
3D-MR-MS,patient21,FocalTversky,1,175,43,18.224692435475443,True
3D-MR-MS,patient21,FocalTversky,1,176,156,3.495359690743684,True
3D-MR-MS,patient21,FocalTversky,1,177,63,24.84375,True
3D-MR-MS,patient21,FocalTversky,1,178,12,5.663927800122456,True
3D-MR-MS,patient21,FocalTversky,1,179,21,15.713426066491701,True
3D-MR-MS,patient21,FocalTversky,1,180,174,25.364151776307708,True
3D-MR-MS,patient21,FocalTversky,1,181,161,8.331531316725245,True
3D-MR-MS,patient21,FocalTversky,1,182,1,24.018294670321453,False
3D-MR-MS,patient21,FocalTversky,1,183,565,5.174490530394805,True
3D-MR-MS,patient21,FocalTversky,1,184,4,12.067220617631918,False
3D-MR-MS,patient21,FocalTversky,1,185,83,10.529708729598164,True
3D-MR-MS,patient21,FocalTversky,1,186,13,11.20316815611376,False
3D-MR-MS,patient21,FocalTversky,1,187,8,21.021827388078357,False
3D-MR-MS,patient21,FocalTversky,1,188,85,11.538580054320047,True
3D-MR-MS,patient21,FocalTversky,1,189,15,6.8317561318963325,True
3D-MR-MS,patient21,FocalTversky,1,190,164,11.60503837164929,True
3D-MR-MS,patient21,FocalTversky,1,191,142,6.990719381487368,True
3D-MR-MS,patient21,FocalTversky,1,192,497,0.800000011920929,True
3D-MR-MS,patient21,FocalTversky,1,193,29,13.364823816424723,True
3D-MR-MS,patient21,FocalTversky,1,194,213,26.382434544543095,True
3D-MR-MS,patient21,FocalTversky,1,195,96,15.9375,True
3D-MR-MS,patient21,FocalTversky,1,196,10,13.498625579382097,False
3D-MR-MS,patient21,FocalTversky,1,197,69,7.912433450428029,True
3D-MR-MS,patient21,FocalTversky,1,198,265,26.722861525761047,True
3D-MR-MS,patient21,FocalTversky,1,199,47,34.41039315289271,True
3D-MR-MS,patient21,FocalTversky,1,200,53,8.00000011920929,True
3D-MR-MS,patient21,FocalTversky,1,201,1046,10.846579368472904,True
3D-MR-MS,patient21,FocalTversky,1,202,26,9.964799374878226,False
3D-MR-MS,patient21,FocalTversky,1,203,18,13.162096472746729,False
3D-MR-MS,patient21,FocalTversky,1,204,218,11.19555237283502,True
3D-MR-MS,patient21,FocalTversky,1,205,14,9.859786657574892,True
3D-MR-MS,patient21,FocalTversky,1,206,326,7.440136191290613,True
3D-MR-MS,patient21,FocalTversky,1,207,20,18.664481076911617,False
3D-MR-MS,patient21,FocalTversky,1,208,144,12.476416925907937,True
3D-MR-MS,patient21,FocalTversky,1,209,28,11.609778459194734,True
3D-MR-MS,patient21,FocalTversky,1,210,1,9.611437421586952,False
3D-MR-MS,patient21,FocalTversky,1,211,52,2.181115701033291,True
3D-MR-MS,patient21,FocalTversky,1,212,44,16.458517945940248,False
3D-MR-MS,patient21,FocalTversky,1,213,228,17.12115056565693,True
3D-MR-MS,patient21,FocalTversky,1,214,24,19.377534204934417,False
3D-MR-MS,patient21,FocalTversky,1,215,4,10.242354349483904,False
3D-MR-MS,patient21,FocalTversky,1,216,150,12.802969016013433,True
3D-MR-MS,patient21,FocalTversky,1,217,5,1.40625,False
3D-MR-MS,patient21,FocalTversky,1,218,304,22.9817490071972,True
3D-MR-MS,patient21,FocalTversky,1,219,100,27.192636044200434,True
3D-MR-MS,patient21,FocalTversky,1,220,90,11.848266117386263,True
3D-MR-MS,patient21,FocalTversky,1,221,12,30.1521558911268,False
3D-MR-MS,patient21,FocalTversky,1,222,258,12.970525669101177,True
3D-MR-MS,patient21,FocalTversky,1,223,275,18.104628893091608,True
3D-MR-MS,patient21,FocalTversky,1,224,251,6.685458307640781,True
3D-MR-MS,patient21,FocalTversky,1,225,12,4.800000071525574,True
3D-MR-MS,patient21,FocalTversky,1,226,12,11.165999014713464,False
3D-MR-MS,patient21,FocalTversky,1,227,1,21.306184300718343,False
3D-MR-MS,patient21,FocalTversky,1,228,16,16.869038524895085,True
3D-MR-MS,patient21,FocalTversky,1,229,382,18.929331196428137,True
3D-MR-MS,patient21,FocalTversky,1,230,92,17.51252469340836,True
3D-MR-MS,patient21,FocalTversky,1,231,258,21.438095951082328,True
3D-MR-MS,patient21,FocalTversky,1,232,221,23.61769845059637,True
3D-MR-MS,patient21,FocalTversky,1,233,151,25.3417895637634,True
3D-MR-MS,patient21,FocalTversky,1,234,201,37.53497147023062,True
3D-MR-MS,patient21,FocalTversky,1,235,78,25.375746148700774,True
3D-MR-MS,patient21,FocalTversky,1,236,59,21.683182419943975,True
3D-MR-MS,patient21,FocalTversky,1,237,159,27.304204641108424,True
3D-MR-MS,patient21,FocalTversky,1,238,20,27.66862326972776,False
3D-MR-MS,patient21,FocalTversky,1,239,35,15.929043272423412,True
3D-MR-MS,patient21,FocalTversky,1,240,23,38.279166350539946,True
3D-MR-MS,patient21,FocalTversky,1,241,159,29.961529153843315,True
3D-MR-MS,patient21,FocalTversky,1,242,562,31.42707438029532,True
3D-MR-MS,patient21,FocalTversky,1,243,140,35.972048716738314,True
3D-MR-MS,patient21,FocalTversky,1,244,269,18.611828622180237,True
3D-MR-MS,patient21,FocalTversky,1,245,1,21.515329960148588,False
3D-MR-MS,patient21,FocalTversky,1,246,29,16.826137841507407,False
3D-MR-MS,patient21,FocalTversky,1,247,59,32.62403592493943,True
3D-MR-MS,patient21,FocalTversky,1,248,38,31.066851850873192,True
3D-MR-MS,patient21,FocalTversky,1,249,1,41.70341809966938,False
3D-MR-MS,patient21,FocalTversky,2,1,332,20.196786085190116,True
3D-MR-MS,patient21,FocalTversky,2,2,55,28.315536213950228,False
3D-MR-MS,patient21,FocalTversky,2,3,18,22.041185109214904,False
3D-MR-MS,patient21,FocalTversky,2,4,239,32.668526140215604,True
3D-MR-MS,patient21,FocalTversky,2,5,113,29.232549862347287,True
3D-MR-MS,patient21,FocalTversky,2,6,169550,0.0,True
3D-MR-MS,patient21,FocalTversky,2,7,185,24.69111477542685,True
3D-MR-MS,patient21,FocalTversky,2,8,507,10.137609863626674,True
3D-MR-MS,patient21,FocalTversky,2,9,130,21.61056717172016,True
3D-MR-MS,patient21,FocalTversky,2,10,229,27.35010648249901,True
3D-MR-MS,patient21,FocalTversky,2,11,11,19.369580064769824,False
3D-MR-MS,patient21,FocalTversky,2,12,88,24.472007591912302,True
3D-MR-MS,patient21,FocalTversky,2,13,1,18.799672927953523,False
3D-MR-MS,patient21,FocalTversky,2,14,1,30.05397568615619,False
3D-MR-MS,patient21,FocalTversky,2,15,45,20.08769864670737,True
3D-MR-MS,patient21,FocalTversky,2,16,437,10.317084341473711,True
3D-MR-MS,patient21,FocalTversky,2,17,1,24.80442994491348,False
3D-MR-MS,patient21,FocalTversky,2,18,838,12.200456348858097,True
3D-MR-MS,patient21,FocalTversky,2,19,2,24.009153885365013,False
3D-MR-MS,patient21,FocalTversky,2,20,55,19.43376798808904,True
3D-MR-MS,patient21,FocalTversky,2,21,2,29.052821264313348,False
3D-MR-MS,patient21,FocalTversky,2,22,1,21.686294415299994,True
3D-MR-MS,patient21,FocalTversky,2,23,10,26.958486881752346,True
3D-MR-MS,patient21,FocalTversky,2,24,41,24.881064983907525,True
3D-MR-MS,patient21,FocalTversky,2,25,23,18.63883734650299,True
3D-MR-MS,patient21,FocalTversky,2,26,101,6.400000095367432,True
3D-MR-MS,patient21,FocalTversky,2,27,1,28.815709101437655,False
3D-MR-MS,patient21,FocalTversky,2,28,1,22.43920291484556,False
3D-MR-MS,patient21,FocalTversky,2,29,124,26.210855579231147,True
3D-MR-MS,patient21,FocalTversky,2,30,78,21.759158579199187,True
3D-MR-MS,patient21,FocalTversky,2,31,1,36.69528508159936,False
3D-MR-MS,patient21,FocalTversky,2,32,72,15.594471602934727,True
3D-MR-MS,patient21,FocalTversky,2,33,14,21.94755474929768,False
3D-MR-MS,patient21,FocalTversky,2,34,124,13.338009779678996,True
3D-MR-MS,patient21,FocalTversky,2,35,147,23.947962135469783,True
3D-MR-MS,patient21,FocalTversky,2,36,129,32.961121259720954,True
3D-MR-MS,patient21,FocalTversky,2,37,685,5.754807853838461,True
3D-MR-MS,patient21,FocalTversky,2,38,988,27.314909081263217,True
3D-MR-MS,patient21,FocalTversky,2,39,444,4.844657222326174,True
3D-MR-MS,patient21,FocalTversky,2,40,2,31.290292149987565,False
3D-MR-MS,patient21,FocalTversky,2,41,116,9.04624416859792,True
3D-MR-MS,patient21,FocalTversky,2,42,230,8.92397153362178,True
3D-MR-MS,patient21,FocalTversky,2,43,164,25.226725852156253,True
3D-MR-MS,patient21,FocalTversky,2,44,7,26.452479047645294,False
3D-MR-MS,patient21,FocalTversky,2,45,28,30.455903740004036,False
3D-MR-MS,patient21,FocalTversky,2,46,83,9.391837087087481,True
3D-MR-MS,patient21,FocalTversky,2,47,398,9.758988363062631,True
3D-MR-MS,patient21,FocalTversky,2,48,1,26.80187805520201,True
3D-MR-MS,patient21,FocalTversky,2,49,21,32.68384659432384,False
3D-MR-MS,patient21,FocalTversky,2,50,16,12.892162514841413,True
3D-MR-MS,patient21,FocalTversky,2,51,408,5.4585404979422645,True
3D-MR-MS,patient21,FocalTversky,2,52,29,8.849492462605024,True
3D-MR-MS,patient21,FocalTversky,2,53,80,34.6875,True
3D-MR-MS,patient21,FocalTversky,2,54,344,6.882862004113971,True
3D-MR-MS,patient21,FocalTversky,2,55,35,17.362190647541386,True
3D-MR-MS,patient21,FocalTversky,2,56,16,7.5718667188119735,True
3D-MR-MS,patient21,FocalTversky,2,57,116,10.584387488142406,True
3D-MR-MS,patient21,FocalTversky,2,58,13,17.400666743691175,False
3D-MR-MS,patient21,FocalTversky,2,59,273,17.32428980275822,True
3D-MR-MS,patient21,FocalTversky,2,60,24,3.9954124178605075,True
3D-MR-MS,patient21,FocalTversky,2,61,61,9.511385085627689,True
3D-MR-MS,patient21,FocalTversky,2,62,71,14.038492061380824,True
3D-MR-MS,patient21,FocalTversky,2,63,170,31.236493336003253,True
3D-MR-MS,patient21,FocalTversky,2,64,71,28.92503850467793,True
3D-MR-MS,patient21,FocalTversky,2,65,95,26.636026179670147,True
3D-MR-MS,patient21,FocalTversky,2,66,294,5.675619486468044,True
3D-MR-MS,patient21,FocalTversky,2,67,593,9.219226708452133,True
3D-MR-MS,patient21,FocalTversky,2,68,188,22.322162669577985,True
3D-MR-MS,patient21,FocalTversky,2,69,1,5.361356274473574,False
3D-MR-MS,patient21,FocalTversky,2,70,254,0.9272144204947885,True
3D-MR-MS,patient21,FocalTversky,2,71,102,30.933442926897833,True
3D-MR-MS,patient21,FocalTversky,2,72,60,11.585028748425149,True
3D-MR-MS,patient21,FocalTversky,2,73,160,5.483725985736843,True
3D-MR-MS,patient21,FocalTversky,2,74,52,11.95082698498309,True
3D-MR-MS,patient21,FocalTversky,2,75,15,37.42055856269483,False
3D-MR-MS,patient21,FocalTversky,2,76,637,5.363301223973299,True
3D-MR-MS,patient21,FocalTversky,2,77,69,10.458670543589044,True
3D-MR-MS,patient21,FocalTversky,2,78,136,7.96875,True
3D-MR-MS,patient21,FocalTversky,2,79,3,2.7697021534947557,False
3D-MR-MS,patient21,FocalTversky,2,80,1,4.301643964423529,False
3D-MR-MS,patient21,FocalTversky,2,81,1,4.5498798249691585,False
3D-MR-MS,patient21,FocalTversky,2,82,645,24.08321835482737,True
3D-MR-MS,patient21,FocalTversky,2,83,165,7.842465035406501,True
3D-MR-MS,patient21,FocalTversky,2,84,1,0.46875,False
3D-MR-MS,patient21,FocalTversky,2,85,1,0.800000011920929,False
3D-MR-MS,patient21,FocalTversky,2,86,8,15.210919443363705,False
3D-MR-MS,patient21,FocalTversky,2,87,252,26.396970266190806,True
3D-MR-MS,patient21,FocalTversky,2,88,14,37.80029968491088,False
3D-MR-MS,patient21,FocalTversky,2,89,6,14.9486425491581,False
3D-MR-MS,patient21,FocalTversky,2,90,5,15.551277331421813,False
3D-MR-MS,patient21,FocalTversky,2,91,28,32.35696535312611,True
3D-MR-MS,patient21,FocalTversky,2,92,26,12.897015461435254,True
3D-MR-MS,patient21,FocalTversky,2,93,42,20.625,True
3D-MR-MS,patient21,FocalTversky,2,94,1,4.780330793993236,False
3D-MR-MS,patient21,FocalTversky,2,95,5,16.513045269195505,False
3D-MR-MS,patient21,FocalTversky,2,96,149,29.49908970382026,False
3D-MR-MS,patient21,FocalTversky,2,97,253,22.662305319991926,True
3D-MR-MS,patient21,FocalTversky,2,98,248,29.125631134660576,True
3D-MR-MS,patient21,FocalTversky,2,99,3,0.46875,False
3D-MR-MS,patient21,FocalTversky,2,100,479,16.40625,True
3D-MR-MS,patient21,FocalTversky,2,101,69,36.81933093515195,False
3D-MR-MS,patient21,FocalTversky,2,102,122,22.098981883905324,True
3D-MR-MS,patient21,FocalTversky,2,103,291,10.532360879054872,True
3D-MR-MS,patient21,FocalTversky,2,104,41,13.825007088574873,True
3D-MR-MS,patient21,FocalTversky,2,105,403,16.472128469376553,True
3D-MR-MS,patient21,FocalTversky,2,106,1,30.4587041159282,False
3D-MR-MS,patient21,FocalTversky,2,107,33,15.147331144352176,True
3D-MR-MS,patient21,FocalTversky,2,108,27,29.56387162589226,True
3D-MR-MS,patient21,FocalTversky,2,109,42,30.077796296144246,True
3D-MR-MS,patient21,FocalTversky,2,110,9,16.017612379074915,True
3D-MR-MS,patient21,FocalTversky,2,111,127,12.921803582765584,True
3D-MR-MS,patient21,FocalTversky,2,112,138,20.21396195993442,True
3D-MR-MS,patient21,FocalTversky,2,113,310,25.998577187928216,True
3D-MR-MS,patient21,FocalTversky,2,114,238,22.45896345265462,True
3D-MR-MS,patient21,FocalTversky,2,115,151,21.23087469425608,True
3D-MR-MS,patient21,FocalTversky,2,116,135,28.7096054567833,False
3D-MR-MS,patient21,FocalTversky,2,117,40,37.126315315142634,False
3D-MR-MS,patient21,FocalTversky,2,118,63,30.914429033606744,False
3D-MR-MS,patient21,FocalTversky,2,119,114,29.92539820967822,True
3D-MR-MS,patient21,FocalTversky,2,120,5,36.29636379661973,False
3D-MR-MS,patient21,FocalTversky,2,121,29,7.71265200398675,True
3D-MR-MS,patient21,FocalTversky,2,122,55,31.36695373736885,True
3D-MR-MS,patient21,FocalTversky,2,123,163,18.583574972192537,True
3D-MR-MS,patient21,FocalTversky,2,124,6,26.82076578416704,False
3D-MR-MS,patient21,FocalTversky,2,125,26,21.601463098776726,False
3D-MR-MS,patient21,FocalTversky,2,126,51,28.597916496519368,True
3D-MR-MS,patient21,FocalTversky,2,127,13,17.65052342705863,False
3D-MR-MS,patient21,FocalTversky,2,128,114,35.41929325961387,True
3D-MR-MS,patient21,FocalTversky,2,129,61,1.232439154308839,True
3D-MR-MS,patient21,FocalTversky,2,130,103,3.4735833470745288,False
3D-MR-MS,patient21,FocalTversky,2,131,855,12.249655608182357,True
3D-MR-MS,patient21,FocalTversky,2,132,90,0.46875,True
3D-MR-MS,patient21,FocalTversky,2,133,142,29.156166272794458,True
3D-MR-MS,patient21,FocalTversky,2,134,243,33.19768920692839,True
3D-MR-MS,patient21,FocalTversky,2,135,531,15.116733278059781,True
3D-MR-MS,patient21,FocalTversky,2,136,269,25.48402848860071,True
3D-MR-MS,patient21,FocalTversky,2,137,11,28.30340983502407,False
3D-MR-MS,patient21,FocalTversky,2,138,151,19.136275279039435,True
3D-MR-MS,patient21,FocalTversky,2,139,228,22.953312108761942,True
3D-MR-MS,patient21,FocalTversky,2,140,43,20.127441775591095,False
3D-MR-MS,patient21,FocalTversky,2,141,95,4.518339367961805,True
3D-MR-MS,patient21,FocalTversky,2,142,28,32.81871906396021,True
3D-MR-MS,patient21,FocalTversky,2,143,150,9.330532047887804,False
3D-MR-MS,patient21,FocalTversky,2,144,2,31.95339693717614,False
3D-MR-MS,patient21,FocalTversky,2,145,81,33.291970739555495,True
3D-MR-MS,patient21,FocalTversky,2,146,103,36.69363032162135,True
3D-MR-MS,patient21,FocalTversky,2,147,7,10.481568644530265,False
3D-MR-MS,patient21,FocalTversky,2,148,131,30.129470668210917,True
3D-MR-MS,patient21,FocalTversky,2,149,1,32.767784487134804,False
3D-MR-MS,patient21,FocalTversky,2,150,930,23.869132982943732,True
3D-MR-MS,patient21,FocalTversky,2,151,23,30.33634700493839,False
3D-MR-MS,patient21,FocalTversky,2,152,183,29.900959563406992,True
3D-MR-MS,patient21,FocalTversky,2,153,77,16.162787604372998,True
3D-MR-MS,patient21,FocalTversky,2,154,146,17.254283888909253,True
3D-MR-MS,patient21,FocalTversky,2,155,18,4.826076628587656,True
3D-MR-MS,patient21,FocalTversky,2,156,59,37.03125,True
3D-MR-MS,patient21,FocalTversky,2,157,163,27.607972706025436,True
3D-MR-MS,patient21,FocalTversky,2,158,69,24.553386528075936,True
3D-MR-MS,patient21,FocalTversky,2,159,136,20.6346805049009,True
3D-MR-MS,patient21,FocalTversky,2,160,12,3.9120507028020413,True
3D-MR-MS,patient21,FocalTversky,2,161,1,0.9272144204947885,False
3D-MR-MS,patient21,FocalTversky,2,162,1,3.57648572926852,False
3D-MR-MS,patient21,FocalTversky,2,163,5,0.9272144204947885,False
3D-MR-MS,patient21,FocalTversky,2,164,128,7.081296900756342,True
3D-MR-MS,patient21,FocalTversky,2,165,106,26.109053170705046,True
3D-MR-MS,patient21,FocalTversky,2,166,40,16.04203585066937,True
3D-MR-MS,patient21,FocalTversky,2,167,7,14.373241746268006,True
3D-MR-MS,patient21,FocalTversky,2,168,48,10.175378149442967,True
3D-MR-MS,patient21,FocalTversky,2,169,60,9.586073892457817,True
3D-MR-MS,patient21,FocalTversky,2,170,125,8.802063873329697,True
3D-MR-MS,patient21,FocalTversky,2,171,65,8.904493286349624,True
3D-MR-MS,patient21,FocalTversky,2,172,101,2.327325802029863,True
3D-MR-MS,patient21,FocalTversky,2,173,369,0.800000011920929,True
3D-MR-MS,patient21,FocalTversky,2,174,422,24.676089930014466,True
3D-MR-MS,patient21,FocalTversky,2,175,43,18.224692435475443,True
3D-MR-MS,patient21,FocalTversky,2,176,156,3.495359690743684,True
3D-MR-MS,patient21,FocalTversky,2,177,63,24.84375,True
3D-MR-MS,patient21,FocalTversky,2,178,12,5.663927800122456,True
3D-MR-MS,patient21,FocalTversky,2,179,21,15.713426066491701,True
3D-MR-MS,patient21,FocalTversky,2,180,174,25.364151776307708,True
3D-MR-MS,patient21,FocalTversky,2,181,161,8.331531316725245,True
3D-MR-MS,patient21,FocalTversky,2,182,1,24.018294670321453,False
3D-MR-MS,patient21,FocalTversky,2,183,565,5.174490530394805,True
3D-MR-MS,patient21,FocalTversky,2,184,4,12.067220617631918,False
3D-MR-MS,patient21,FocalTversky,2,185,83,10.529708729598164,True
3D-MR-MS,patient21,FocalTversky,2,186,13,11.20316815611376,False
3D-MR-MS,patient21,FocalTversky,2,187,8,21.021827388078357,False
3D-MR-MS,patient21,FocalTversky,2,188,85,11.538580054320047,True
3D-MR-MS,patient21,FocalTversky,2,189,15,6.8317561318963325,True
3D-MR-MS,patient21,FocalTversky,2,190,164,11.60503837164929,True
3D-MR-MS,patient21,FocalTversky,2,191,142,6.990719381487368,True
3D-MR-MS,patient21,FocalTversky,2,192,497,0.800000011920929,True
3D-MR-MS,patient21,FocalTversky,2,193,29,13.364823816424723,True
3D-MR-MS,patient21,FocalTversky,2,194,213,26.382434544543095,True
3D-MR-MS,patient21,FocalTversky,2,195,96,15.9375,True
3D-MR-MS,patient21,FocalTversky,2,196,10,13.498625579382097,False
3D-MR-MS,patient21,FocalTversky,2,197,69,7.912433450428029,True
3D-MR-MS,patient21,FocalTversky,2,198,265,26.722861525761047,True
3D-MR-MS,patient21,FocalTversky,2,199,47,34.41039315289271,True
3D-MR-MS,patient21,FocalTversky,2,200,53,8.00000011920929,True
3D-MR-MS,patient21,FocalTversky,2,201,1046,10.846579368472904,True
3D-MR-MS,patient21,FocalTversky,2,202,26,9.964799374878226,True
3D-MR-MS,patient21,FocalTversky,2,203,18,13.162096472746729,False
3D-MR-MS,patient21,FocalTversky,2,204,218,11.19555237283502,True
3D-MR-MS,patient21,FocalTversky,2,205,14,9.859786657574892,True
3D-MR-MS,patient21,FocalTversky,2,206,326,7.440136191290613,True
3D-MR-MS,patient21,FocalTversky,2,207,20,18.664481076911617,False
3D-MR-MS,patient21,FocalTversky,2,208,144,12.476416925907937,True
3D-MR-MS,patient21,FocalTversky,2,209,28,11.609778459194734,True
3D-MR-MS,patient21,FocalTversky,2,210,1,9.611437421586952,False
3D-MR-MS,patient21,FocalTversky,2,211,52,2.181115701033291,True
3D-MR-MS,patient21,FocalTversky,2,212,44,16.458517945940248,False
3D-MR-MS,patient21,FocalTversky,2,213,228,17.12115056565693,True
3D-MR-MS,patient21,FocalTversky,2,214,24,19.377534204934417,False
3D-MR-MS,patient21,FocalTversky,2,215,4,10.242354349483904,False
3D-MR-MS,patient21,FocalTversky,2,216,150,12.802969016013433,True
3D-MR-MS,patient21,FocalTversky,2,217,5,1.40625,False
3D-MR-MS,patient21,FocalTversky,2,218,304,22.9817490071972,True
3D-MR-MS,patient21,FocalTversky,2,219,100,27.192636044200434,True
3D-MR-MS,patient21,FocalTversky,2,220,90,11.848266117386263,True
3D-MR-MS,patient21,FocalTversky,2,221,12,30.1521558911268,False
3D-MR-MS,patient21,FocalTversky,2,222,258,12.970525669101177,True
3D-MR-MS,patient21,FocalTversky,2,223,275,18.104628893091608,True
3D-MR-MS,patient21,FocalTversky,2,224,251,6.685458307640781,True
3D-MR-MS,patient21,FocalTversky,2,225,12,4.800000071525574,True
3D-MR-MS,patient21,FocalTversky,2,226,12,11.165999014713464,False
3D-MR-MS,patient21,FocalTversky,2,227,1,21.306184300718343,False
3D-MR-MS,patient21,FocalTversky,2,228,16,16.869038524895085,True
3D-MR-MS,patient21,FocalTversky,2,229,382,18.929331196428137,True
3D-MR-MS,patient21,FocalTversky,2,230,92,17.51252469340836,True
3D-MR-MS,patient21,FocalTversky,2,231,258,21.438095951082328,True
3D-MR-MS,patient21,FocalTversky,2,232,221,23.61769845059637,True
3D-MR-MS,patient21,FocalTversky,2,233,151,25.3417895637634,True
3D-MR-MS,patient21,FocalTversky,2,234,201,37.53497147023062,True
3D-MR-MS,patient21,FocalTversky,2,235,78,25.375746148700774,True
3D-MR-MS,patient21,FocalTversky,2,236,59,21.683182419943975,True
3D-MR-MS,patient21,FocalTversky,2,237,159,27.304204641108424,True
3D-MR-MS,patient21,FocalTversky,2,238,20,27.66862326972776,True
3D-MR-MS,patient21,FocalTversky,2,239,35,15.929043272423412,True
3D-MR-MS,patient21,FocalTversky,2,240,23,38.279166350539946,True
3D-MR-MS,patient21,FocalTversky,2,241,159,29.961529153843315,True
3D-MR-MS,patient21,FocalTversky,2,242,562,31.42707438029532,True
3D-MR-MS,patient21,FocalTversky,2,243,140,35.972048716738314,True
3D-MR-MS,patient21,FocalTversky,2,244,269,18.611828622180237,True
3D-MR-MS,patient21,FocalTversky,2,245,1,21.515329960148588,False
3D-MR-MS,patient21,FocalTversky,2,246,29,16.826137841507407,True
3D-MR-MS,patient21,FocalTversky,2,247,59,32.62403592493943,True
3D-MR-MS,patient21,FocalTversky,2,248,38,31.066851850873192,True
3D-MR-MS,patient21,FocalTversky,2,249,1,41.70341809966938,False
3D-MR-MS,patient21,FocalTversky,3,1,332,20.196786085190116,True
3D-MR-MS,patient21,FocalTversky,3,2,55,28.315536213950228,False
3D-MR-MS,patient21,FocalTversky,3,3,18,22.041185109214904,False
3D-MR-MS,patient21,FocalTversky,3,4,239,32.668526140215604,True
3D-MR-MS,patient21,FocalTversky,3,5,113,29.232549862347287,True
3D-MR-MS,patient21,FocalTversky,3,6,169550,0.0,True
3D-MR-MS,patient21,FocalTversky,3,7,185,24.69111477542685,True
3D-MR-MS,patient21,FocalTversky,3,8,507,10.137609863626674,True
3D-MR-MS,patient21,FocalTversky,3,9,130,21.61056717172016,True
3D-MR-MS,patient21,FocalTversky,3,10,229,27.35010648249901,True
3D-MR-MS,patient21,FocalTversky,3,11,11,19.369580064769824,False
3D-MR-MS,patient21,FocalTversky,3,12,88,24.472007591912302,True
3D-MR-MS,patient21,FocalTversky,3,13,1,18.799672927953523,False
3D-MR-MS,patient21,FocalTversky,3,14,1,30.05397568615619,False
3D-MR-MS,patient21,FocalTversky,3,15,45,20.08769864670737,True
3D-MR-MS,patient21,FocalTversky,3,16,437,10.317084341473711,True
3D-MR-MS,patient21,FocalTversky,3,17,1,24.80442994491348,False
3D-MR-MS,patient21,FocalTversky,3,18,838,12.200456348858097,True
3D-MR-MS,patient21,FocalTversky,3,19,2,24.009153885365013,False
3D-MR-MS,patient21,FocalTversky,3,20,55,19.43376798808904,True
3D-MR-MS,patient21,FocalTversky,3,21,2,29.052821264313348,True
3D-MR-MS,patient21,FocalTversky,3,22,1,21.686294415299994,False
3D-MR-MS,patient21,FocalTversky,3,23,10,26.958486881752346,True
3D-MR-MS,patient21,FocalTversky,3,24,41,24.881064983907525,True
3D-MR-MS,patient21,FocalTversky,3,25,23,18.63883734650299,True
3D-MR-MS,patient21,FocalTversky,3,26,101,6.400000095367432,True
3D-MR-MS,patient21,FocalTversky,3,27,1,28.815709101437655,False
3D-MR-MS,patient21,FocalTversky,3,28,1,22.43920291484556,False
3D-MR-MS,patient21,FocalTversky,3,29,124,26.210855579231147,True
3D-MR-MS,patient21,FocalTversky,3,30,78,21.759158579199187,True
3D-MR-MS,patient21,FocalTversky,3,31,1,36.69528508159936,False
3D-MR-MS,patient21,FocalTversky,3,32,72,15.594471602934727,True
3D-MR-MS,patient21,FocalTversky,3,33,14,21.94755474929768,False
3D-MR-MS,patient21,FocalTversky,3,34,124,13.338009779678996,True
3D-MR-MS,patient21,FocalTversky,3,35,147,23.947962135469783,True
3D-MR-MS,patient21,FocalTversky,3,36,129,32.961121259720954,True
3D-MR-MS,patient21,FocalTversky,3,37,685,5.754807853838461,True
3D-MR-MS,patient21,FocalTversky,3,38,988,27.314909081263217,True
3D-MR-MS,patient21,FocalTversky,3,39,444,4.844657222326174,True
3D-MR-MS,patient21,FocalTversky,3,40,2,31.290292149987565,False
3D-MR-MS,patient21,FocalTversky,3,41,116,9.04624416859792,True
3D-MR-MS,patient21,FocalTversky,3,42,230,8.92397153362178,True
3D-MR-MS,patient21,FocalTversky,3,43,164,25.226725852156253,True
3D-MR-MS,patient21,FocalTversky,3,44,7,26.452479047645294,False
3D-MR-MS,patient21,FocalTversky,3,45,28,30.455903740004036,False
3D-MR-MS,patient21,FocalTversky,3,46,83,9.391837087087481,True
3D-MR-MS,patient21,FocalTversky,3,47,398,9.758988363062631,True
3D-MR-MS,patient21,FocalTversky,3,48,1,26.80187805520201,True
3D-MR-MS,patient21,FocalTversky,3,49,21,32.68384659432384,False
3D-MR-MS,patient21,FocalTversky,3,50,16,12.892162514841413,True
3D-MR-MS,patient21,FocalTversky,3,51,408,5.4585404979422645,True
3D-MR-MS,patient21,FocalTversky,3,52,29,8.849492462605024,True
3D-MR-MS,patient21,FocalTversky,3,53,80,34.6875,True
3D-MR-MS,patient21,FocalTversky,3,54,344,6.882862004113971,True
3D-MR-MS,patient21,FocalTversky,3,55,35,17.362190647541386,True
3D-MR-MS,patient21,FocalTversky,3,56,16,7.5718667188119735,True
3D-MR-MS,patient21,FocalTversky,3,57,116,10.584387488142406,True
3D-MR-MS,patient21,FocalTversky,3,58,13,17.400666743691175,False
3D-MR-MS,patient21,FocalTversky,3,59,273,17.32428980275822,True
3D-MR-MS,patient21,FocalTversky,3,60,24,3.9954124178605075,True
3D-MR-MS,patient21,FocalTversky,3,61,61,9.511385085627689,True
3D-MR-MS,patient21,FocalTversky,3,62,71,14.038492061380824,True
3D-MR-MS,patient21,FocalTversky,3,63,170,31.236493336003253,True
3D-MR-MS,patient21,FocalTversky,3,64,71,28.92503850467793,True
3D-MR-MS,patient21,FocalTversky,3,65,95,26.636026179670147,True
3D-MR-MS,patient21,FocalTversky,3,66,294,5.675619486468044,True
3D-MR-MS,patient21,FocalTversky,3,67,593,9.219226708452133,True
3D-MR-MS,patient21,FocalTversky,3,68,188,22.322162669577985,True
3D-MR-MS,patient21,FocalTversky,3,69,1,5.361356274473574,False
3D-MR-MS,patient21,FocalTversky,3,70,254,0.9272144204947885,True
3D-MR-MS,patient21,FocalTversky,3,71,102,30.933442926897833,True
3D-MR-MS,patient21,FocalTversky,3,72,60,11.585028748425149,True
3D-MR-MS,patient21,FocalTversky,3,73,160,5.483725985736843,True
3D-MR-MS,patient21,FocalTversky,3,74,52,11.95082698498309,True
3D-MR-MS,patient21,FocalTversky,3,75,15,37.42055856269483,False
3D-MR-MS,patient21,FocalTversky,3,76,637,5.363301223973299,True
3D-MR-MS,patient21,FocalTversky,3,77,69,10.458670543589044,True
3D-MR-MS,patient21,FocalTversky,3,78,136,7.96875,True
3D-MR-MS,patient21,FocalTversky,3,79,3,2.7697021534947557,False
3D-MR-MS,patient21,FocalTversky,3,80,1,4.301643964423529,False
3D-MR-MS,patient21,FocalTversky,3,81,1,4.5498798249691585,False
3D-MR-MS,patient21,FocalTversky,3,82,645,24.08321835482737,True
3D-MR-MS,patient21,FocalTversky,3,83,165,7.842465035406501,True
3D-MR-MS,patient21,FocalTversky,3,84,1,0.46875,False
3D-MR-MS,patient21,FocalTversky,3,85,1,0.800000011920929,False
3D-MR-MS,patient21,FocalTversky,3,86,8,15.210919443363705,False
3D-MR-MS,patient21,FocalTversky,3,87,252,26.396970266190806,True
3D-MR-MS,patient21,FocalTversky,3,88,14,37.80029968491088,False
3D-MR-MS,patient21,FocalTversky,3,89,6,14.9486425491581,False
3D-MR-MS,patient21,FocalTversky,3,90,5,15.551277331421813,False
3D-MR-MS,patient21,FocalTversky,3,91,28,32.35696535312611,True
3D-MR-MS,patient21,FocalTversky,3,92,26,12.897015461435254,True
3D-MR-MS,patient21,FocalTversky,3,93,42,20.625,True
3D-MR-MS,patient21,FocalTversky,3,94,1,4.780330793993236,False
3D-MR-MS,patient21,FocalTversky,3,95,5,16.513045269195505,False
3D-MR-MS,patient21,FocalTversky,3,96,149,29.49908970382026,True
3D-MR-MS,patient21,FocalTversky,3,97,253,22.662305319991926,True
3D-MR-MS,patient21,FocalTversky,3,98,248,29.125631134660576,True
3D-MR-MS,patient21,FocalTversky,3,99,3,0.46875,False
3D-MR-MS,patient21,FocalTversky,3,100,479,16.40625,True
3D-MR-MS,patient21,FocalTversky,3,101,69,36.81933093515195,False
3D-MR-MS,patient21,FocalTversky,3,102,122,22.098981883905324,True
3D-MR-MS,patient21,FocalTversky,3,103,291,10.532360879054872,True
3D-MR-MS,patient21,FocalTversky,3,104,41,13.825007088574873,True
3D-MR-MS,patient21,FocalTversky,3,105,403,16.472128469376553,True
3D-MR-MS,patient21,FocalTversky,3,106,1,30.4587041159282,False
3D-MR-MS,patient21,FocalTversky,3,107,33,15.147331144352176,True
3D-MR-MS,patient21,FocalTversky,3,108,27,29.56387162589226,True
3D-MR-MS,patient21,FocalTversky,3,109,42,30.077796296144246,True
3D-MR-MS,patient21,FocalTversky,3,110,9,16.017612379074915,True
3D-MR-MS,patient21,FocalTversky,3,111,127,12.921803582765584,True
3D-MR-MS,patient21,FocalTversky,3,112,138,20.21396195993442,True
3D-MR-MS,patient21,FocalTversky,3,113,310,25.998577187928216,True
3D-MR-MS,patient21,FocalTversky,3,114,238,22.45896345265462,True
3D-MR-MS,patient21,FocalTversky,3,115,151,21.23087469425608,True
3D-MR-MS,patient21,FocalTversky,3,116,135,28.7096054567833,True
3D-MR-MS,patient21,FocalTversky,3,117,40,37.126315315142634,False
3D-MR-MS,patient21,FocalTversky,3,118,63,30.914429033606744,True
3D-MR-MS,patient21,FocalTversky,3,119,114,29.92539820967822,True
3D-MR-MS,patient21,FocalTversky,3,120,5,36.29636379661973,False
3D-MR-MS,patient21,FocalTversky,3,121,29,7.71265200398675,True
3D-MR-MS,patient21,FocalTversky,3,122,55,31.36695373736885,True
3D-MR-MS,patient21,FocalTversky,3,123,163,18.583574972192537,True
3D-MR-MS,patient21,FocalTversky,3,124,6,26.82076578416704,False
3D-MR-MS,patient21,FocalTversky,3,125,26,21.601463098776726,False
3D-MR-MS,patient21,FocalTversky,3,126,51,28.597916496519368,True
3D-MR-MS,patient21,FocalTversky,3,127,13,17.65052342705863,False
3D-MR-MS,patient21,FocalTversky,3,128,114,35.41929325961387,True
3D-MR-MS,patient21,FocalTversky,3,129,61,1.232439154308839,True
3D-MR-MS,patient21,FocalTversky,3,130,103,3.4735833470745288,False
3D-MR-MS,patient21,FocalTversky,3,131,855,12.249655608182357,True
3D-MR-MS,patient21,FocalTversky,3,132,90,0.46875,True
3D-MR-MS,patient21,FocalTversky,3,133,142,29.156166272794458,True
3D-MR-MS,patient21,FocalTversky,3,134,243,33.19768920692839,True
3D-MR-MS,patient21,FocalTversky,3,135,531,15.116733278059781,True
3D-MR-MS,patient21,FocalTversky,3,136,269,25.48402848860071,True
3D-MR-MS,patient21,FocalTversky,3,137,11,28.30340983502407,False
3D-MR-MS,patient21,FocalTversky,3,138,151,19.136275279039435,True
3D-MR-MS,patient21,FocalTversky,3,139,228,22.953312108761942,True
3D-MR-MS,patient21,FocalTversky,3,140,43,20.127441775591095,False
3D-MR-MS,patient21,FocalTversky,3,141,95,4.518339367961805,True
3D-MR-MS,patient21,FocalTversky,3,142,28,32.81871906396021,True
3D-MR-MS,patient21,FocalTversky,3,143,150,9.330532047887804,False
3D-MR-MS,patient21,FocalTversky,3,144,2,31.95339693717614,False
3D-MR-MS,patient21,FocalTversky,3,145,81,33.291970739555495,True
3D-MR-MS,patient21,FocalTversky,3,146,103,36.69363032162135,True
3D-MR-MS,patient21,FocalTversky,3,147,7,10.481568644530265,False
3D-MR-MS,patient21,FocalTversky,3,148,131,30.129470668210917,True
3D-MR-MS,patient21,FocalTversky,3,149,1,32.767784487134804,False
3D-MR-MS,patient21,FocalTversky,3,150,930,23.869132982943732,True
3D-MR-MS,patient21,FocalTversky,3,151,23,30.33634700493839,False
3D-MR-MS,patient21,FocalTversky,3,152,183,29.900959563406992,True
3D-MR-MS,patient21,FocalTversky,3,153,77,16.162787604372998,True
3D-MR-MS,patient21,FocalTversky,3,154,146,17.254283888909253,True
3D-MR-MS,patient21,FocalTversky,3,155,18,4.826076628587656,True
3D-MR-MS,patient21,FocalTversky,3,156,59,37.03125,False
3D-MR-MS,patient21,FocalTversky,3,157,163,27.607972706025436,False
3D-MR-MS,patient21,FocalTversky,3,158,69,24.553386528075936,False
3D-MR-MS,patient21,FocalTversky,3,159,136,20.6346805049009,True
3D-MR-MS,patient21,FocalTversky,3,160,12,3.9120507028020413,True
3D-MR-MS,patient21,FocalTversky,3,161,1,0.9272144204947885,False
3D-MR-MS,patient21,FocalTversky,3,162,1,3.57648572926852,False
3D-MR-MS,patient21,FocalTversky,3,163,5,0.9272144204947885,False
3D-MR-MS,patient21,FocalTversky,3,164,128,7.081296900756342,True
3D-MR-MS,patient21,FocalTversky,3,165,106,26.109053170705046,True
3D-MR-MS,patient21,FocalTversky,3,166,40,16.04203585066937,True
3D-MR-MS,patient21,FocalTversky,3,167,7,14.373241746268006,True
3D-MR-MS,patient21,FocalTversky,3,168,48,10.175378149442967,True
3D-MR-MS,patient21,FocalTversky,3,169,60,9.586073892457817,True
3D-MR-MS,patient21,FocalTversky,3,170,125,8.802063873329697,True
3D-MR-MS,patient21,FocalTversky,3,171,65,8.904493286349624,True
3D-MR-MS,patient21,FocalTversky,3,172,101,2.327325802029863,True
3D-MR-MS,patient21,FocalTversky,3,173,369,0.800000011920929,True
3D-MR-MS,patient21,FocalTversky,3,174,422,24.676089930014466,True
3D-MR-MS,patient21,FocalTversky,3,175,43,18.224692435475443,True
3D-MR-MS,patient21,FocalTversky,3,176,156,3.495359690743684,True
3D-MR-MS,patient21,FocalTversky,3,177,63,24.84375,True
3D-MR-MS,patient21,FocalTversky,3,178,12,5.663927800122456,True
3D-MR-MS,patient21,FocalTversky,3,179,21,15.713426066491701,True
3D-MR-MS,patient21,FocalTversky,3,180,174,25.364151776307708,True
3D-MR-MS,patient21,FocalTversky,3,181,161,8.331531316725245,True
3D-MR-MS,patient21,FocalTversky,3,182,1,24.018294670321453,False
3D-MR-MS,patient21,FocalTversky,3,183,565,5.174490530394805,True
3D-MR-MS,patient21,FocalTversky,3,184,4,12.067220617631918,False
3D-MR-MS,patient21,FocalTversky,3,185,83,10.529708729598164,True
3D-MR-MS,patient21,FocalTversky,3,186,13,11.20316815611376,False
3D-MR-MS,patient21,FocalTversky,3,187,8,21.021827388078357,False
3D-MR-MS,patient21,FocalTversky,3,188,85,11.538580054320047,True
3D-MR-MS,patient21,FocalTversky,3,189,15,6.8317561318963325,True
3D-MR-MS,patient21,FocalTversky,3,190,164,11.60503837164929,True
3D-MR-MS,patient21,FocalTversky,3,191,142,6.990719381487368,True
3D-MR-MS,patient21,FocalTversky,3,192,497,0.800000011920929,True
3D-MR-MS,patient21,FocalTversky,3,193,29,13.364823816424723,True
3D-MR-MS,patient21,FocalTversky,3,194,213,26.382434544543095,True
3D-MR-MS,patient21,FocalTversky,3,195,96,15.9375,True
3D-MR-MS,patient21,FocalTversky,3,196,10,13.498625579382097,False
3D-MR-MS,patient21,FocalTversky,3,197,69,7.912433450428029,True
3D-MR-MS,patient21,FocalTversky,3,198,265,26.722861525761047,True
3D-MR-MS,patient21,FocalTversky,3,199,47,34.41039315289271,True
3D-MR-MS,patient21,FocalTversky,3,200,53,8.00000011920929,True
3D-MR-MS,patient21,FocalTversky,3,201,1046,10.846579368472904,True
3D-MR-MS,patient21,FocalTversky,3,202,26,9.964799374878226,True
3D-MR-MS,patient21,FocalTversky,3,203,18,13.162096472746729,False
3D-MR-MS,patient21,FocalTversky,3,204,218,11.19555237283502,True
3D-MR-MS,patient21,FocalTversky,3,205,14,9.859786657574892,True
3D-MR-MS,patient21,FocalTversky,3,206,326,7.440136191290613,True
3D-MR-MS,patient21,FocalTversky,3,207,20,18.664481076911617,False
3D-MR-MS,patient21,FocalTversky,3,208,144,12.476416925907937,True
3D-MR-MS,patient21,FocalTversky,3,209,28,11.609778459194734,True
3D-MR-MS,patient21,FocalTversky,3,210,1,9.611437421586952,False
3D-MR-MS,patient21,FocalTversky,3,211,52,2.181115701033291,True
3D-MR-MS,patient21,FocalTversky,3,212,44,16.458517945940248,False
3D-MR-MS,patient21,FocalTversky,3,213,228,17.12115056565693,True
3D-MR-MS,patient21,FocalTversky,3,214,24,19.377534204934417,False
3D-MR-MS,patient21,FocalTversky,3,215,4,10.242354349483904,False
3D-MR-MS,patient21,FocalTversky,3,216,150,12.802969016013433,True
3D-MR-MS,patient21,FocalTversky,3,217,5,1.40625,False
3D-MR-MS,patient21,FocalTversky,3,218,304,22.9817490071972,True
3D-MR-MS,patient21,FocalTversky,3,219,100,27.192636044200434,True
3D-MR-MS,patient21,FocalTversky,3,220,90,11.848266117386263,True
3D-MR-MS,patient21,FocalTversky,3,221,12,30.1521558911268,False
3D-MR-MS,patient21,FocalTversky,3,222,258,12.970525669101177,True
3D-MR-MS,patient21,FocalTversky,3,223,275,18.104628893091608,True
3D-MR-MS,patient21,FocalTversky,3,224,251,6.685458307640781,True
3D-MR-MS,patient21,FocalTversky,3,225,12,4.800000071525574,True
3D-MR-MS,patient21,FocalTversky,3,226,12,11.165999014713464,False
3D-MR-MS,patient21,FocalTversky,3,227,1,21.306184300718343,False
3D-MR-MS,patient21,FocalTversky,3,228,16,16.869038524895085,True
3D-MR-MS,patient21,FocalTversky,3,229,382,18.929331196428137,True
3D-MR-MS,patient21,FocalTversky,3,230,92,17.51252469340836,True
3D-MR-MS,patient21,FocalTversky,3,231,258,21.438095951082328,True
3D-MR-MS,patient21,FocalTversky,3,232,221,23.61769845059637,True
3D-MR-MS,patient21,FocalTversky,3,233,151,25.3417895637634,True
3D-MR-MS,patient21,FocalTversky,3,234,201,37.53497147023062,True
3D-MR-MS,patient21,FocalTversky,3,235,78,25.375746148700774,True
3D-MR-MS,patient21,FocalTversky,3,236,59,21.683182419943975,True
3D-MR-MS,patient21,FocalTversky,3,237,159,27.304204641108424,True
3D-MR-MS,patient21,FocalTversky,3,238,20,27.66862326972776,True
3D-MR-MS,patient21,FocalTversky,3,239,35,15.929043272423412,True
3D-MR-MS,patient21,FocalTversky,3,240,23,38.279166350539946,True
3D-MR-MS,patient21,FocalTversky,3,241,159,29.961529153843315,True
3D-MR-MS,patient21,FocalTversky,3,242,562,31.42707438029532,True
3D-MR-MS,patient21,FocalTversky,3,243,140,35.972048716738314,True
3D-MR-MS,patient21,FocalTversky,3,244,269,18.611828622180237,True
3D-MR-MS,patient21,FocalTversky,3,245,1,21.515329960148588,False
3D-MR-MS,patient21,FocalTversky,3,246,29,16.826137841507407,False
3D-MR-MS,patient21,FocalTversky,3,247,59,32.62403592493943,True
3D-MR-MS,patient21,FocalTversky,3,248,38,31.066851850873192,True
3D-MR-MS,patient21,FocalTversky,3,249,1,41.70341809966938,False
3D-MR-MS,patient21,FocalTversky,4,1,332,20.196786085190116,True
3D-MR-MS,patient21,FocalTversky,4,2,55,28.315536213950228,False
3D-MR-MS,patient21,FocalTversky,4,3,18,22.041185109214904,False
3D-MR-MS,patient21,FocalTversky,4,4,239,32.668526140215604,True
3D-MR-MS,patient21,FocalTversky,4,5,113,29.232549862347287,True
3D-MR-MS,patient21,FocalTversky,4,6,169550,0.0,True
3D-MR-MS,patient21,FocalTversky,4,7,185,24.69111477542685,True
3D-MR-MS,patient21,FocalTversky,4,8,507,10.137609863626674,True
3D-MR-MS,patient21,FocalTversky,4,9,130,21.61056717172016,True
3D-MR-MS,patient21,FocalTversky,4,10,229,27.35010648249901,True
3D-MR-MS,patient21,FocalTversky,4,11,11,19.369580064769824,False
3D-MR-MS,patient21,FocalTversky,4,12,88,24.472007591912302,True
3D-MR-MS,patient21,FocalTversky,4,13,1,18.799672927953523,False
3D-MR-MS,patient21,FocalTversky,4,14,1,30.05397568615619,False
3D-MR-MS,patient21,FocalTversky,4,15,45,20.08769864670737,True
3D-MR-MS,patient21,FocalTversky,4,16,437,10.317084341473711,True
3D-MR-MS,patient21,FocalTversky,4,17,1,24.80442994491348,False
3D-MR-MS,patient21,FocalTversky,4,18,838,12.200456348858097,True
3D-MR-MS,patient21,FocalTversky,4,19,2,24.009153885365013,False
3D-MR-MS,patient21,FocalTversky,4,20,55,19.43376798808904,True
3D-MR-MS,patient21,FocalTversky,4,21,2,29.052821264313348,True
3D-MR-MS,patient21,FocalTversky,4,22,1,21.686294415299994,False
3D-MR-MS,patient21,FocalTversky,4,23,10,26.958486881752346,True
3D-MR-MS,patient21,FocalTversky,4,24,41,24.881064983907525,True
3D-MR-MS,patient21,FocalTversky,4,25,23,18.63883734650299,True
3D-MR-MS,patient21,FocalTversky,4,26,101,6.400000095367432,True
3D-MR-MS,patient21,FocalTversky,4,27,1,28.815709101437655,False
3D-MR-MS,patient21,FocalTversky,4,28,1,22.43920291484556,False
3D-MR-MS,patient21,FocalTversky,4,29,124,26.210855579231147,True
3D-MR-MS,patient21,FocalTversky,4,30,78,21.759158579199187,True
3D-MR-MS,patient21,FocalTversky,4,31,1,36.69528508159936,False
3D-MR-MS,patient21,FocalTversky,4,32,72,15.594471602934727,True
3D-MR-MS,patient21,FocalTversky,4,33,14,21.94755474929768,False
3D-MR-MS,patient21,FocalTversky,4,34,124,13.338009779678996,True
3D-MR-MS,patient21,FocalTversky,4,35,147,23.947962135469783,True
3D-MR-MS,patient21,FocalTversky,4,36,129,32.961121259720954,True
3D-MR-MS,patient21,FocalTversky,4,37,685,5.754807853838461,True
3D-MR-MS,patient21,FocalTversky,4,38,988,27.314909081263217,True
3D-MR-MS,patient21,FocalTversky,4,39,444,4.844657222326174,True
3D-MR-MS,patient21,FocalTversky,4,40,2,31.290292149987565,True
3D-MR-MS,patient21,FocalTversky,4,41,116,9.04624416859792,True
3D-MR-MS,patient21,FocalTversky,4,42,230,8.92397153362178,True
3D-MR-MS,patient21,FocalTversky,4,43,164,25.226725852156253,True
3D-MR-MS,patient21,FocalTversky,4,44,7,26.452479047645294,False
3D-MR-MS,patient21,FocalTversky,4,45,28,30.455903740004036,False
3D-MR-MS,patient21,FocalTversky,4,46,83,9.391837087087481,True
3D-MR-MS,patient21,FocalTversky,4,47,398,9.758988363062631,True
3D-MR-MS,patient21,FocalTversky,4,48,1,26.80187805520201,True
3D-MR-MS,patient21,FocalTversky,4,49,21,32.68384659432384,False
3D-MR-MS,patient21,FocalTversky,4,50,16,12.892162514841413,True
3D-MR-MS,patient21,FocalTversky,4,51,408,5.4585404979422645,True
3D-MR-MS,patient21,FocalTversky,4,52,29,8.849492462605024,True
3D-MR-MS,patient21,FocalTversky,4,53,80,34.6875,True
3D-MR-MS,patient21,FocalTversky,4,54,344,6.882862004113971,True
3D-MR-MS,patient21,FocalTversky,4,55,35,17.362190647541386,True
3D-MR-MS,patient21,FocalTversky,4,56,16,7.5718667188119735,True
3D-MR-MS,patient21,FocalTversky,4,57,116,10.584387488142406,True
3D-MR-MS,patient21,FocalTversky,4,58,13,17.400666743691175,False
3D-MR-MS,patient21,FocalTversky,4,59,273,17.32428980275822,True
3D-MR-MS,patient21,FocalTversky,4,60,24,3.9954124178605075,True
3D-MR-MS,patient21,FocalTversky,4,61,61,9.511385085627689,True
3D-MR-MS,patient21,FocalTversky,4,62,71,14.038492061380824,True
3D-MR-MS,patient21,FocalTversky,4,63,170,31.236493336003253,True
3D-MR-MS,patient21,FocalTversky,4,64,71,28.92503850467793,True
3D-MR-MS,patient21,FocalTversky,4,65,95,26.636026179670147,True
3D-MR-MS,patient21,FocalTversky,4,66,294,5.675619486468044,True
3D-MR-MS,patient21,FocalTversky,4,67,593,9.219226708452133,True
3D-MR-MS,patient21,FocalTversky,4,68,188,22.322162669577985,True
3D-MR-MS,patient21,FocalTversky,4,69,1,5.361356274473574,False
3D-MR-MS,patient21,FocalTversky,4,70,254,0.9272144204947885,True
3D-MR-MS,patient21,FocalTversky,4,71,102,30.933442926897833,True
3D-MR-MS,patient21,FocalTversky,4,72,60,11.585028748425149,True
3D-MR-MS,patient21,FocalTversky,4,73,160,5.483725985736843,True
3D-MR-MS,patient21,FocalTversky,4,74,52,11.95082698498309,True
3D-MR-MS,patient21,FocalTversky,4,75,15,37.42055856269483,False
3D-MR-MS,patient21,FocalTversky,4,76,637,5.363301223973299,True
3D-MR-MS,patient21,FocalTversky,4,77,69,10.458670543589044,True
3D-MR-MS,patient21,FocalTversky,4,78,136,7.96875,True
3D-MR-MS,patient21,FocalTversky,4,79,3,2.7697021534947557,False
3D-MR-MS,patient21,FocalTversky,4,80,1,4.301643964423529,True
3D-MR-MS,patient21,FocalTversky,4,81,1,4.5498798249691585,True
3D-MR-MS,patient21,FocalTversky,4,82,645,24.08321835482737,True
3D-MR-MS,patient21,FocalTversky,4,83,165,7.842465035406501,True
3D-MR-MS,patient21,FocalTversky,4,84,1,0.46875,False
3D-MR-MS,patient21,FocalTversky,4,85,1,0.800000011920929,False
3D-MR-MS,patient21,FocalTversky,4,86,8,15.210919443363705,False
3D-MR-MS,patient21,FocalTversky,4,87,252,26.396970266190806,True
3D-MR-MS,patient21,FocalTversky,4,88,14,37.80029968491088,False
3D-MR-MS,patient21,FocalTversky,4,89,6,14.9486425491581,False
3D-MR-MS,patient21,FocalTversky,4,90,5,15.551277331421813,False
3D-MR-MS,patient21,FocalTversky,4,91,28,32.35696535312611,True
3D-MR-MS,patient21,FocalTversky,4,92,26,12.897015461435254,True
3D-MR-MS,patient21,FocalTversky,4,93,42,20.625,True
3D-MR-MS,patient21,FocalTversky,4,94,1,4.780330793993236,False
3D-MR-MS,patient21,FocalTversky,4,95,5,16.513045269195505,False
3D-MR-MS,patient21,FocalTversky,4,96,149,29.49908970382026,True
3D-MR-MS,patient21,FocalTversky,4,97,253,22.662305319991926,True
3D-MR-MS,patient21,FocalTversky,4,98,248,29.125631134660576,True
3D-MR-MS,patient21,FocalTversky,4,99,3,0.46875,False
3D-MR-MS,patient21,FocalTversky,4,100,479,16.40625,True
3D-MR-MS,patient21,FocalTversky,4,101,69,36.81933093515195,False
3D-MR-MS,patient21,FocalTversky,4,102,122,22.098981883905324,True
3D-MR-MS,patient21,FocalTversky,4,103,291,10.532360879054872,True
3D-MR-MS,patient21,FocalTversky,4,104,41,13.825007088574873,True
3D-MR-MS,patient21,FocalTversky,4,105,403,16.472128469376553,True
3D-MR-MS,patient21,FocalTversky,4,106,1,30.4587041159282,False
3D-MR-MS,patient21,FocalTversky,4,107,33,15.147331144352176,True
3D-MR-MS,patient21,FocalTversky,4,108,27,29.56387162589226,True
3D-MR-MS,patient21,FocalTversky,4,109,42,30.077796296144246,True
3D-MR-MS,patient21,FocalTversky,4,110,9,16.017612379074915,True
3D-MR-MS,patient21,FocalTversky,4,111,127,12.921803582765584,True
3D-MR-MS,patient21,FocalTversky,4,112,138,20.21396195993442,True
3D-MR-MS,patient21,FocalTversky,4,113,310,25.998577187928216,True
3D-MR-MS,patient21,FocalTversky,4,114,238,22.45896345265462,True
3D-MR-MS,patient21,FocalTversky,4,115,151,21.23087469425608,True
3D-MR-MS,patient21,FocalTversky,4,116,135,28.7096054567833,False
3D-MR-MS,patient21,FocalTversky,4,117,40,37.126315315142634,False
3D-MR-MS,patient21,FocalTversky,4,118,63,30.914429033606744,True
3D-MR-MS,patient21,FocalTversky,4,119,114,29.92539820967822,True
3D-MR-MS,patient21,FocalTversky,4,120,5,36.29636379661973,False
3D-MR-MS,patient21,FocalTversky,4,121,29,7.71265200398675,True
3D-MR-MS,patient21,FocalTversky,4,122,55,31.36695373736885,True
3D-MR-MS,patient21,FocalTversky,4,123,163,18.583574972192537,True
3D-MR-MS,patient21,FocalTversky,4,124,6,26.82076578416704,False
3D-MR-MS,patient21,FocalTversky,4,125,26,21.601463098776726,False
3D-MR-MS,patient21,FocalTversky,4,126,51,28.597916496519368,True
3D-MR-MS,patient21,FocalTversky,4,127,13,17.65052342705863,False
3D-MR-MS,patient21,FocalTversky,4,128,114,35.41929325961387,True
3D-MR-MS,patient21,FocalTversky,4,129,61,1.232439154308839,True
3D-MR-MS,patient21,FocalTversky,4,130,103,3.4735833470745288,False
3D-MR-MS,patient21,FocalTversky,4,131,855,12.249655608182357,True
3D-MR-MS,patient21,FocalTversky,4,132,90,0.46875,True
3D-MR-MS,patient21,FocalTversky,4,133,142,29.156166272794458,True
3D-MR-MS,patient21,FocalTversky,4,134,243,33.19768920692839,True
3D-MR-MS,patient21,FocalTversky,4,135,531,15.116733278059781,True
3D-MR-MS,patient21,FocalTversky,4,136,269,25.48402848860071,True
3D-MR-MS,patient21,FocalTversky,4,137,11,28.30340983502407,False
3D-MR-MS,patient21,FocalTversky,4,138,151,19.136275279039435,True
3D-MR-MS,patient21,FocalTversky,4,139,228,22.953312108761942,True
3D-MR-MS,patient21,FocalTversky,4,140,43,20.127441775591095,False
3D-MR-MS,patient21,FocalTversky,4,141,95,4.518339367961805,True
3D-MR-MS,patient21,FocalTversky,4,142,28,32.81871906396021,False
3D-MR-MS,patient21,FocalTversky,4,143,150,9.330532047887804,False
3D-MR-MS,patient21,FocalTversky,4,144,2,31.95339693717614,False
3D-MR-MS,patient21,FocalTversky,4,145,81,33.291970739555495,True
3D-MR-MS,patient21,FocalTversky,4,146,103,36.69363032162135,True
3D-MR-MS,patient21,FocalTversky,4,147,7,10.481568644530265,False
3D-MR-MS,patient21,FocalTversky,4,148,131,30.129470668210917,True
3D-MR-MS,patient21,FocalTversky,4,149,1,32.767784487134804,False
3D-MR-MS,patient21,FocalTversky,4,150,930,23.869132982943732,True
3D-MR-MS,patient21,FocalTversky,4,151,23,30.33634700493839,False
3D-MR-MS,patient21,FocalTversky,4,152,183,29.900959563406992,True
3D-MR-MS,patient21,FocalTversky,4,153,77,16.162787604372998,True
3D-MR-MS,patient21,FocalTversky,4,154,146,17.254283888909253,True
3D-MR-MS,patient21,FocalTversky,4,155,18,4.826076628587656,True
3D-MR-MS,patient21,FocalTversky,4,156,59,37.03125,False
3D-MR-MS,patient21,FocalTversky,4,157,163,27.607972706025436,True
3D-MR-MS,patient21,FocalTversky,4,158,69,24.553386528075936,False
3D-MR-MS,patient21,FocalTversky,4,159,136,20.6346805049009,True
3D-MR-MS,patient21,FocalTversky,4,160,12,3.9120507028020413,True
3D-MR-MS,patient21,FocalTversky,4,161,1,0.9272144204947885,False
3D-MR-MS,patient21,FocalTversky,4,162,1,3.57648572926852,False
3D-MR-MS,patient21,FocalTversky,4,163,5,0.9272144204947885,False
3D-MR-MS,patient21,FocalTversky,4,164,128,7.081296900756342,True
3D-MR-MS,patient21,FocalTversky,4,165,106,26.109053170705046,True
3D-MR-MS,patient21,FocalTversky,4,166,40,16.04203585066937,True
3D-MR-MS,patient21,FocalTversky,4,167,7,14.373241746268006,False
3D-MR-MS,patient21,FocalTversky,4,168,48,10.175378149442967,True
3D-MR-MS,patient21,FocalTversky,4,169,60,9.586073892457817,True
3D-MR-MS,patient21,FocalTversky,4,170,125,8.802063873329697,True
3D-MR-MS,patient21,FocalTversky,4,171,65,8.904493286349624,True
3D-MR-MS,patient21,FocalTversky,4,172,101,2.327325802029863,True
3D-MR-MS,patient21,FocalTversky,4,173,369,0.800000011920929,True
3D-MR-MS,patient21,FocalTversky,4,174,422,24.676089930014466,True
3D-MR-MS,patient21,FocalTversky,4,175,43,18.224692435475443,True
3D-MR-MS,patient21,FocalTversky,4,176,156,3.495359690743684,True
3D-MR-MS,patient21,FocalTversky,4,177,63,24.84375,True
3D-MR-MS,patient21,FocalTversky,4,178,12,5.663927800122456,True
3D-MR-MS,patient21,FocalTversky,4,179,21,15.713426066491701,True
3D-MR-MS,patient21,FocalTversky,4,180,174,25.364151776307708,True
3D-MR-MS,patient21,FocalTversky,4,181,161,8.331531316725245,True
3D-MR-MS,patient21,FocalTversky,4,182,1,24.018294670321453,False
3D-MR-MS,patient21,FocalTversky,4,183,565,5.174490530394805,True
3D-MR-MS,patient21,FocalTversky,4,184,4,12.067220617631918,False
3D-MR-MS,patient21,FocalTversky,4,185,83,10.529708729598164,True
3D-MR-MS,patient21,FocalTversky,4,186,13,11.20316815611376,False
3D-MR-MS,patient21,FocalTversky,4,187,8,21.021827388078357,False
3D-MR-MS,patient21,FocalTversky,4,188,85,11.538580054320047,True
3D-MR-MS,patient21,FocalTversky,4,189,15,6.8317561318963325,True
3D-MR-MS,patient21,FocalTversky,4,190,164,11.60503837164929,True
3D-MR-MS,patient21,FocalTversky,4,191,142,6.990719381487368,True
3D-MR-MS,patient21,FocalTversky,4,192,497,0.800000011920929,True
3D-MR-MS,patient21,FocalTversky,4,193,29,13.364823816424723,True
3D-MR-MS,patient21,FocalTversky,4,194,213,26.382434544543095,True
3D-MR-MS,patient21,FocalTversky,4,195,96,15.9375,True
3D-MR-MS,patient21,FocalTversky,4,196,10,13.498625579382097,False
3D-MR-MS,patient21,FocalTversky,4,197,69,7.912433450428029,True
3D-MR-MS,patient21,FocalTversky,4,198,265,26.722861525761047,True
3D-MR-MS,patient21,FocalTversky,4,199,47,34.41039315289271,True
3D-MR-MS,patient21,FocalTversky,4,200,53,8.00000011920929,True
3D-MR-MS,patient21,FocalTversky,4,201,1046,10.846579368472904,True
3D-MR-MS,patient21,FocalTversky,4,202,26,9.964799374878226,True
3D-MR-MS,patient21,FocalTversky,4,203,18,13.162096472746729,True
3D-MR-MS,patient21,FocalTversky,4,204,218,11.19555237283502,True
3D-MR-MS,patient21,FocalTversky,4,205,14,9.859786657574892,True
3D-MR-MS,patient21,FocalTversky,4,206,326,7.440136191290613,True
3D-MR-MS,patient21,FocalTversky,4,207,20,18.664481076911617,False
3D-MR-MS,patient21,FocalTversky,4,208,144,12.476416925907937,True
3D-MR-MS,patient21,FocalTversky,4,209,28,11.609778459194734,True
3D-MR-MS,patient21,FocalTversky,4,210,1,9.611437421586952,False
3D-MR-MS,patient21,FocalTversky,4,211,52,2.181115701033291,True
3D-MR-MS,patient21,FocalTversky,4,212,44,16.458517945940248,False
3D-MR-MS,patient21,FocalTversky,4,213,228,17.12115056565693,True
3D-MR-MS,patient21,FocalTversky,4,214,24,19.377534204934417,False
3D-MR-MS,patient21,FocalTversky,4,215,4,10.242354349483904,False
3D-MR-MS,patient21,FocalTversky,4,216,150,12.802969016013433,True
3D-MR-MS,patient21,FocalTversky,4,217,5,1.40625,False
3D-MR-MS,patient21,FocalTversky,4,218,304,22.9817490071972,True
3D-MR-MS,patient21,FocalTversky,4,219,100,27.192636044200434,True
3D-MR-MS,patient21,FocalTversky,4,220,90,11.848266117386263,True
3D-MR-MS,patient21,FocalTversky,4,221,12,30.1521558911268,False
3D-MR-MS,patient21,FocalTversky,4,222,258,12.970525669101177,True
3D-MR-MS,patient21,FocalTversky,4,223,275,18.104628893091608,True
3D-MR-MS,patient21,FocalTversky,4,224,251,6.685458307640781,True
3D-MR-MS,patient21,FocalTversky,4,225,12,4.800000071525574,True
3D-MR-MS,patient21,FocalTversky,4,226,12,11.165999014713464,False
3D-MR-MS,patient21,FocalTversky,4,227,1,21.306184300718343,False
3D-MR-MS,patient21,FocalTversky,4,228,16,16.869038524895085,True
3D-MR-MS,patient21,FocalTversky,4,229,382,18.929331196428137,True
3D-MR-MS,patient21,FocalTversky,4,230,92,17.51252469340836,True
3D-MR-MS,patient21,FocalTversky,4,231,258,21.438095951082328,True
3D-MR-MS,patient21,FocalTversky,4,232,221,23.61769845059637,True
3D-MR-MS,patient21,FocalTversky,4,233,151,25.3417895637634,True
3D-MR-MS,patient21,FocalTversky,4,234,201,37.53497147023062,True
3D-MR-MS,patient21,FocalTversky,4,235,78,25.375746148700774,True
3D-MR-MS,patient21,FocalTversky,4,236,59,21.683182419943975,True
3D-MR-MS,patient21,FocalTversky,4,237,159,27.304204641108424,True
3D-MR-MS,patient21,FocalTversky,4,238,20,27.66862326972776,True
3D-MR-MS,patient21,FocalTversky,4,239,35,15.929043272423412,True
3D-MR-MS,patient21,FocalTversky,4,240,23,38.279166350539946,True
3D-MR-MS,patient21,FocalTversky,4,241,159,29.961529153843315,True
3D-MR-MS,patient21,FocalTversky,4,242,562,31.42707438029532,True
3D-MR-MS,patient21,FocalTversky,4,243,140,35.972048716738314,True
3D-MR-MS,patient21,FocalTversky,4,244,269,18.611828622180237,True
3D-MR-MS,patient21,FocalTversky,4,245,1,21.515329960148588,False
3D-MR-MS,patient21,FocalTversky,4,246,29,16.826137841507407,False
3D-MR-MS,patient21,FocalTversky,4,247,59,32.62403592493943,True
3D-MR-MS,patient21,FocalTversky,4,248,38,31.066851850873192,True
3D-MR-MS,patient21,FocalTversky,4,249,1,41.70341809966938,False
3D-MR-MS,patient26,CATMIL,0,1,73,18.550211836846895,True
3D-MR-MS,patient26,CATMIL,0,2,15,11.716151418430918,True
3D-MR-MS,patient26,CATMIL,0,3,1245,1.854428840989577,True
3D-MR-MS,patient26,CATMIL,0,4,2016,0.6629126073623883,True
3D-MR-MS,patient26,CATMIL,0,5,5041,0.46875,True
3D-MR-MS,patient26,CATMIL,0,6,9,3.658434179273079,False
3D-MR-MS,patient26,CATMIL,0,7,26,10.27440134796583,True
3D-MR-MS,patient26,CATMIL,0,8,781,1.6844184884028928,True
3D-MR-MS,patient26,CATMIL,0,9,2,17.814172124178228,False
3D-MR-MS,patient26,CATMIL,0,10,2,3.7269133319895404,False
3D-MR-MS,patient26,CATMIL,0,11,105,0.9272144204947885,True
3D-MR-MS,patient26,CATMIL,0,12,4,1.5484871711039412,False
3D-MR-MS,patient26,CATMIL,0,13,7558,0.46875,True
3D-MR-MS,patient26,CATMIL,0,14,463,22.31770773627608,True
3D-MR-MS,patient26,CATMIL,0,15,50,25.320561229940097,True
3D-MR-MS,patient26,CATMIL,0,16,15470,0.46875,True
3D-MR-MS,patient26,CATMIL,0,17,1118,1.3185722701367135,True
3D-MR-MS,patient26,CATMIL,0,18,1,1.232439154308839,False
3D-MR-MS,patient26,CATMIL,0,19,4,1.9127553133618387,False
3D-MR-MS,patient26,CATMIL,0,20,10009,0.46875,True
3D-MR-MS,patient26,CATMIL,0,21,3499,2.5766075412567933,False
3D-MR-MS,patient26,CATMIL,0,22,16,8.92981312901191,False
3D-MR-MS,patient26,CATMIL,0,23,106,12.53288489581092,True
3D-MR-MS,patient26,CATMIL,0,24,17,12.585999537480223,True
3D-MR-MS,patient26,CATMIL,1,1,73,18.550211836846895,True
3D-MR-MS,patient26,CATMIL,1,2,15,11.716151418430918,True
3D-MR-MS,patient26,CATMIL,1,3,1245,1.854428840989577,True
3D-MR-MS,patient26,CATMIL,1,4,2016,0.6629126073623883,True
3D-MR-MS,patient26,CATMIL,1,5,5041,0.46875,True
3D-MR-MS,patient26,CATMIL,1,6,9,3.658434179273079,False
3D-MR-MS,patient26,CATMIL,1,7,26,10.27440134796583,False
3D-MR-MS,patient26,CATMIL,1,8,781,1.6844184884028928,True
3D-MR-MS,patient26,CATMIL,1,9,2,17.814172124178228,False
3D-MR-MS,patient26,CATMIL,1,10,2,3.7269133319895404,False
3D-MR-MS,patient26,CATMIL,1,11,105,0.9272144204947885,True
3D-MR-MS,patient26,CATMIL,1,12,4,1.5484871711039412,False
3D-MR-MS,patient26,CATMIL,1,13,7558,0.46875,True
3D-MR-MS,patient26,CATMIL,1,14,463,22.31770773627608,True
3D-MR-MS,patient26,CATMIL,1,15,50,25.320561229940097,True
3D-MR-MS,patient26,CATMIL,1,16,15470,0.46875,True
3D-MR-MS,patient26,CATMIL,1,17,1118,1.3185722701367135,True
3D-MR-MS,patient26,CATMIL,1,18,1,1.232439154308839,False
3D-MR-MS,patient26,CATMIL,1,19,4,1.9127553133618387,False
3D-MR-MS,patient26,CATMIL,1,20,10009,0.46875,True
3D-MR-MS,patient26,CATMIL,1,21,3499,2.5766075412567933,True
3D-MR-MS,patient26,CATMIL,1,22,16,8.92981312901191,False
3D-MR-MS,patient26,CATMIL,1,23,106,12.53288489581092,True
3D-MR-MS,patient26,CATMIL,1,24,17,12.585999537480223,True
3D-MR-MS,patient26,CATMIL,2,1,73,18.550211836846895,True
3D-MR-MS,patient26,CATMIL,2,2,15,11.716151418430918,True
3D-MR-MS,patient26,CATMIL,2,3,1245,1.854428840989577,True
3D-MR-MS,patient26,CATMIL,2,4,2016,0.6629126073623883,True
3D-MR-MS,patient26,CATMIL,2,5,5041,0.46875,True
3D-MR-MS,patient26,CATMIL,2,6,9,3.658434179273079,False
3D-MR-MS,patient26,CATMIL,2,7,26,10.27440134796583,False
3D-MR-MS,patient26,CATMIL,2,8,781,1.6844184884028928,True
3D-MR-MS,patient26,CATMIL,2,9,2,17.814172124178228,False
3D-MR-MS,patient26,CATMIL,2,10,2,3.7269133319895404,False
3D-MR-MS,patient26,CATMIL,2,11,105,0.9272144204947885,True
3D-MR-MS,patient26,CATMIL,2,12,4,1.5484871711039412,False
3D-MR-MS,patient26,CATMIL,2,13,7558,0.46875,True
3D-MR-MS,patient26,CATMIL,2,14,463,22.31770773627608,True
3D-MR-MS,patient26,CATMIL,2,15,50,25.320561229940097,False
3D-MR-MS,patient26,CATMIL,2,16,15470,0.46875,True
3D-MR-MS,patient26,CATMIL,2,17,1118,1.3185722701367135,True
3D-MR-MS,patient26,CATMIL,2,18,1,1.232439154308839,False
3D-MR-MS,patient26,CATMIL,2,19,4,1.9127553133618387,False
3D-MR-MS,patient26,CATMIL,2,20,10009,0.46875,True
3D-MR-MS,patient26,CATMIL,2,21,3499,2.5766075412567933,True
3D-MR-MS,patient26,CATMIL,2,22,16,8.92981312901191,False
3D-MR-MS,patient26,CATMIL,2,23,106,12.53288489581092,True
3D-MR-MS,patient26,CATMIL,2,24,17,12.585999537480223,True
3D-MR-MS,patient26,CATMIL,3,1,73,18.550211836846895,True
3D-MR-MS,patient26,CATMIL,3,2,15,11.716151418430918,True
3D-MR-MS,patient26,CATMIL,3,3,1245,1.854428840989577,True
3D-MR-MS,patient26,CATMIL,3,4,2016,0.6629126073623883,True
3D-MR-MS,patient26,CATMIL,3,5,5041,0.46875,True
3D-MR-MS,patient26,CATMIL,3,6,9,3.658434179273079,False
3D-MR-MS,patient26,CATMIL,3,7,26,10.27440134796583,False
3D-MR-MS,patient26,CATMIL,3,8,781,1.6844184884028928,True
3D-MR-MS,patient26,CATMIL,3,9,2,17.814172124178228,False
3D-MR-MS,patient26,CATMIL,3,10,2,3.7269133319895404,False
3D-MR-MS,patient26,CATMIL,3,11,105,0.9272144204947885,True
3D-MR-MS,patient26,CATMIL,3,12,4,1.5484871711039412,False
3D-MR-MS,patient26,CATMIL,3,13,7558,0.46875,True
3D-MR-MS,patient26,CATMIL,3,14,463,22.31770773627608,True
3D-MR-MS,patient26,CATMIL,3,15,50,25.320561229940097,True
3D-MR-MS,patient26,CATMIL,3,16,15470,0.46875,True
3D-MR-MS,patient26,CATMIL,3,17,1118,1.3185722701367135,True
3D-MR-MS,patient26,CATMIL,3,18,1,1.232439154308839,False
3D-MR-MS,patient26,CATMIL,3,19,4,1.9127553133618387,False
3D-MR-MS,patient26,CATMIL,3,20,10009,0.46875,True
3D-MR-MS,patient26,CATMIL,3,21,3499,2.5766075412567933,True
3D-MR-MS,patient26,CATMIL,3,22,16,8.92981312901191,True
3D-MR-MS,patient26,CATMIL,3,23,106,12.53288489581092,True
3D-MR-MS,patient26,CATMIL,3,24,17,12.585999537480223,True
3D-MR-MS,patient26,CATMIL,4,1,73,18.550211836846895,True
3D-MR-MS,patient26,CATMIL,4,2,15,11.716151418430918,True
3D-MR-MS,patient26,CATMIL,4,3,1245,1.854428840989577,True
3D-MR-MS,patient26,CATMIL,4,4,2016,0.6629126073623883,True
3D-MR-MS,patient26,CATMIL,4,5,5041,0.46875,True
3D-MR-MS,patient26,CATMIL,4,6,9,3.658434179273079,False
3D-MR-MS,patient26,CATMIL,4,7,26,10.27440134796583,False
3D-MR-MS,patient26,CATMIL,4,8,781,1.6844184884028928,True
3D-MR-MS,patient26,CATMIL,4,9,2,17.814172124178228,False
3D-MR-MS,patient26,CATMIL,4,10,2,3.7269133319895404,False
3D-MR-MS,patient26,CATMIL,4,11,105,0.9272144204947885,True
3D-MR-MS,patient26,CATMIL,4,12,4,1.5484871711039412,False
3D-MR-MS,patient26,CATMIL,4,13,7558,0.46875,True
3D-MR-MS,patient26,CATMIL,4,14,463,22.31770773627608,True
3D-MR-MS,patient26,CATMIL,4,15,50,25.320561229940097,True
3D-MR-MS,patient26,CATMIL,4,16,15470,0.46875,True
3D-MR-MS,patient26,CATMIL,4,17,1118,1.3185722701367135,True
3D-MR-MS,patient26,CATMIL,4,18,1,1.232439154308839,False
3D-MR-MS,patient26,CATMIL,4,19,4,1.9127553133618387,False
3D-MR-MS,patient26,CATMIL,4,20,10009,0.46875,True
3D-MR-MS,patient26,CATMIL,4,21,3499,2.5766075412567933,True
3D-MR-MS,patient26,CATMIL,4,22,16,8.92981312901191,False
3D-MR-MS,patient26,CATMIL,4,23,106,12.53288489581092,True
3D-MR-MS,patient26,CATMIL,4,24,17,12.585999537480223,True
3D-MR-MS,patient26,DiceCE,0,1,73,18.550211836846895,True
3D-MR-MS,patient26,DiceCE,0,2,15,11.716151418430918,True
3D-MR-MS,patient26,DiceCE,0,3,1245,1.854428840989577,True
3D-MR-MS,patient26,DiceCE,0,4,2016,0.6629126073623883,True
3D-MR-MS,patient26,DiceCE,0,5,5041,0.46875,True
3D-MR-MS,patient26,DiceCE,0,6,9,3.658434179273079,False
3D-MR-MS,patient26,DiceCE,0,7,26,10.27440134796583,False
3D-MR-MS,patient26,DiceCE,0,8,781,1.6844184884028928,True
3D-MR-MS,patient26,DiceCE,0,9,2,17.814172124178228,False
3D-MR-MS,patient26,DiceCE,0,10,2,3.7269133319895404,False
3D-MR-MS,patient26,DiceCE,0,11,105,0.9272144204947885,True
3D-MR-MS,patient26,DiceCE,0,12,4,1.5484871711039412,False
3D-MR-MS,patient26,DiceCE,0,13,7558,0.46875,True
3D-MR-MS,patient26,DiceCE,0,14,463,22.31770773627608,True
3D-MR-MS,patient26,DiceCE,0,15,50,25.320561229940097,False
3D-MR-MS,patient26,DiceCE,0,16,15470,0.46875,True
3D-MR-MS,patient26,DiceCE,0,17,1118,1.3185722701367135,True
3D-MR-MS,patient26,DiceCE,0,18,1,1.232439154308839,False
3D-MR-MS,patient26,DiceCE,0,19,4,1.9127553133618387,False
3D-MR-MS,patient26,DiceCE,0,20,10009,0.46875,True
3D-MR-MS,patient26,DiceCE,0,21,3499,2.5766075412567933,True
3D-MR-MS,patient26,DiceCE,0,22,16,8.92981312901191,False
3D-MR-MS,patient26,DiceCE,0,23,106,12.53288489581092,True
3D-MR-MS,patient26,DiceCE,0,24,17,12.585999537480223,True
3D-MR-MS,patient26,DiceCE,1,1,73,18.550211836846895,True
3D-MR-MS,patient26,DiceCE,1,2,15,11.716151418430918,True
3D-MR-MS,patient26,DiceCE,1,3,1245,1.854428840989577,True
3D-MR-MS,patient26,DiceCE,1,4,2016,0.6629126073623883,True
3D-MR-MS,patient26,DiceCE,1,5,5041,0.46875,True
3D-MR-MS,patient26,DiceCE,1,6,9,3.658434179273079,False
3D-MR-MS,patient26,DiceCE,1,7,26,10.27440134796583,False
3D-MR-MS,patient26,DiceCE,1,8,781,1.6844184884028928,True
3D-MR-MS,patient26,DiceCE,1,9,2,17.814172124178228,False
3D-MR-MS,patient26,DiceCE,1,10,2,3.7269133319895404,False
3D-MR-MS,patient26,DiceCE,1,11,105,0.9272144204947885,True
3D-MR-MS,patient26,DiceCE,1,12,4,1.5484871711039412,False
3D-MR-MS,patient26,DiceCE,1,13,7558,0.46875,True
3D-MR-MS,patient26,DiceCE,1,14,463,22.31770773627608,True
3D-MR-MS,patient26,DiceCE,1,15,50,25.320561229940097,True
3D-MR-MS,patient26,DiceCE,1,16,15470,0.46875,True
3D-MR-MS,patient26,DiceCE,1,17,1118,1.3185722701367135,True
3D-MR-MS,patient26,DiceCE,1,18,1,1.232439154308839,False
3D-MR-MS,patient26,DiceCE,1,19,4,1.9127553133618387,False
3D-MR-MS,patient26,DiceCE,1,20,10009,0.46875,True
3D-MR-MS,patient26,DiceCE,1,21,3499,2.5766075412567933,True
3D-MR-MS,patient26,DiceCE,1,22,16,8.92981312901191,False
3D-MR-MS,patient26,DiceCE,1,23,106,12.53288489581092,True
3D-MR-MS,patient26,DiceCE,1,24,17,12.585999537480223,True
3D-MR-MS,patient26,DiceCE,2,1,73,18.550211836846895,True
3D-MR-MS,patient26,DiceCE,2,2,15,11.716151418430918,True
3D-MR-MS,patient26,DiceCE,2,3,1245,1.854428840989577,True
3D-MR-MS,patient26,DiceCE,2,4,2016,0.6629126073623883,True
3D-MR-MS,patient26,DiceCE,2,5,5041,0.46875,True
3D-MR-MS,patient26,DiceCE,2,6,9,3.658434179273079,False
3D-MR-MS,patient26,DiceCE,2,7,26,10.27440134796583,False
3D-MR-MS,patient26,DiceCE,2,8,781,1.6844184884028928,True
3D-MR-MS,patient26,DiceCE,2,9,2,17.814172124178228,False
3D-MR-MS,patient26,DiceCE,2,10,2,3.7269133319895404,False
3D-MR-MS,patient26,DiceCE,2,11,105,0.9272144204947885,True
3D-MR-MS,patient26,DiceCE,2,12,4,1.5484871711039412,False
3D-MR-MS,patient26,DiceCE,2,13,7558,0.46875,True
3D-MR-MS,patient26,DiceCE,2,14,463,22.31770773627608,False
3D-MR-MS,patient26,DiceCE,2,15,50,25.320561229940097,False
3D-MR-MS,patient26,DiceCE,2,16,15470,0.46875,True
3D-MR-MS,patient26,DiceCE,2,17,1118,1.3185722701367135,True
3D-MR-MS,patient26,DiceCE,2,18,1,1.232439154308839,False
3D-MR-MS,patient26,DiceCE,2,19,4,1.9127553133618387,False
3D-MR-MS,patient26,DiceCE,2,20,10009,0.46875,True
3D-MR-MS,patient26,DiceCE,2,21,3499,2.5766075412567933,True
3D-MR-MS,patient26,DiceCE,2,22,16,8.92981312901191,False
3D-MR-MS,patient26,DiceCE,2,23,106,12.53288489581092,True
3D-MR-MS,patient26,DiceCE,2,24,17,12.585999537480223,True
3D-MR-MS,patient26,DiceCE,3,1,73,18.550211836846895,True
3D-MR-MS,patient26,DiceCE,3,2,15,11.716151418430918,True
3D-MR-MS,patient26,DiceCE,3,3,1245,1.854428840989577,True
3D-MR-MS,patient26,DiceCE,3,4,2016,0.6629126073623883,True
3D-MR-MS,patient26,DiceCE,3,5,5041,0.46875,True
3D-MR-MS,patient26,DiceCE,3,6,9,3.658434179273079,False
3D-MR-MS,patient26,DiceCE,3,7,26,10.27440134796583,False
3D-MR-MS,patient26,DiceCE,3,8,781,1.6844184884028928,True
3D-MR-MS,patient26,DiceCE,3,9,2,17.814172124178228,False
3D-MR-MS,patient26,DiceCE,3,10,2,3.7269133319895404,False
3D-MR-MS,patient26,DiceCE,3,11,105,0.9272144204947885,True
3D-MR-MS,patient26,DiceCE,3,12,4,1.5484871711039412,False
3D-MR-MS,patient26,DiceCE,3,13,7558,0.46875,True
3D-MR-MS,patient26,DiceCE,3,14,463,22.31770773627608,True
3D-MR-MS,patient26,DiceCE,3,15,50,25.320561229940097,True
3D-MR-MS,patient26,DiceCE,3,16,15470,0.46875,True
3D-MR-MS,patient26,DiceCE,3,17,1118,1.3185722701367135,True
3D-MR-MS,patient26,DiceCE,3,18,1,1.232439154308839,False
3D-MR-MS,patient26,DiceCE,3,19,4,1.9127553133618387,False
3D-MR-MS,patient26,DiceCE,3,20,10009,0.46875,True
3D-MR-MS,patient26,DiceCE,3,21,3499,2.5766075412567933,True
3D-MR-MS,patient26,DiceCE,3,22,16,8.92981312901191,False
3D-MR-MS,patient26,DiceCE,3,23,106,12.53288489581092,True
3D-MR-MS,patient26,DiceCE,3,24,17,12.585999537480223,True
3D-MR-MS,patient26,DiceCE,4,1,73,18.550211836846895,True
3D-MR-MS,patient26,DiceCE,4,2,15,11.716151418430918,True
3D-MR-MS,patient26,DiceCE,4,3,1245,1.854428840989577,True
3D-MR-MS,patient26,DiceCE,4,4,2016,0.6629126073623883,True
3D-MR-MS,patient26,DiceCE,4,5,5041,0.46875,True
3D-MR-MS,patient26,DiceCE,4,6,9,3.658434179273079,False
3D-MR-MS,patient26,DiceCE,4,7,26,10.27440134796583,False
3D-MR-MS,patient26,DiceCE,4,8,781,1.6844184884028928,True
3D-MR-MS,patient26,DiceCE,4,9,2,17.814172124178228,False
3D-MR-MS,patient26,DiceCE,4,10,2,3.7269133319895404,False
3D-MR-MS,patient26,DiceCE,4,11,105,0.9272144204947885,True
3D-MR-MS,patient26,DiceCE,4,12,4,1.5484871711039412,False
3D-MR-MS,patient26,DiceCE,4,13,7558,0.46875,True
3D-MR-MS,patient26,DiceCE,4,14,463,22.31770773627608,True
3D-MR-MS,patient26,DiceCE,4,15,50,25.320561229940097,True
3D-MR-MS,patient26,DiceCE,4,16,15470,0.46875,True
3D-MR-MS,patient26,DiceCE,4,17,1118,1.3185722701367135,True
3D-MR-MS,patient26,DiceCE,4,18,1,1.232439154308839,False
3D-MR-MS,patient26,DiceCE,4,19,4,1.9127553133618387,False
3D-MR-MS,patient26,DiceCE,4,20,10009,0.46875,True
3D-MR-MS,patient26,DiceCE,4,21,3499,2.5766075412567933,True
3D-MR-MS,patient26,DiceCE,4,22,16,8.92981312901191,False
3D-MR-MS,patient26,DiceCE,4,23,106,12.53288489581092,True
3D-MR-MS,patient26,DiceCE,4,24,17,12.585999537480223,True
3D-MR-MS,patient26,Tversky,0,1,73,18.550211836846895,True
3D-MR-MS,patient26,Tversky,0,2,15,11.716151418430918,True
3D-MR-MS,patient26,Tversky,0,3,1245,1.854428840989577,True
3D-MR-MS,patient26,Tversky,0,4,2016,0.6629126073623883,True
3D-MR-MS,patient26,Tversky,0,5,5041,0.46875,True
3D-MR-MS,patient26,Tversky,0,6,9,3.658434179273079,False
3D-MR-MS,patient26,Tversky,0,7,26,10.27440134796583,False
3D-MR-MS,patient26,Tversky,0,8,781,1.6844184884028928,True
3D-MR-MS,patient26,Tversky,0,9,2,17.814172124178228,False
3D-MR-MS,patient26,Tversky,0,10,2,3.7269133319895404,False
3D-MR-MS,patient26,Tversky,0,11,105,0.9272144204947885,True
3D-MR-MS,patient26,Tversky,0,12,4,1.5484871711039412,False
3D-MR-MS,patient26,Tversky,0,13,7558,0.46875,True
3D-MR-MS,patient26,Tversky,0,14,463,22.31770773627608,True
3D-MR-MS,patient26,Tversky,0,15,50,25.320561229940097,True
3D-MR-MS,patient26,Tversky,0,16,15470,0.46875,True
3D-MR-MS,patient26,Tversky,0,17,1118,1.3185722701367135,True
3D-MR-MS,patient26,Tversky,0,18,1,1.232439154308839,False
3D-MR-MS,patient26,Tversky,0,19,4,1.9127553133618387,False
3D-MR-MS,patient26,Tversky,0,20,10009,0.46875,True
3D-MR-MS,patient26,Tversky,0,21,3499,2.5766075412567933,False
3D-MR-MS,patient26,Tversky,0,22,16,8.92981312901191,False
3D-MR-MS,patient26,Tversky,0,23,106,12.53288489581092,True
3D-MR-MS,patient26,Tversky,0,24,17,12.585999537480223,True
3D-MR-MS,patient26,Tversky,1,1,73,18.550211836846895,True
3D-MR-MS,patient26,Tversky,1,2,15,11.716151418430918,True
3D-MR-MS,patient26,Tversky,1,3,1245,1.854428840989577,True
3D-MR-MS,patient26,Tversky,1,4,2016,0.6629126073623883,True
3D-MR-MS,patient26,Tversky,1,5,5041,0.46875,True
3D-MR-MS,patient26,Tversky,1,6,9,3.658434179273079,False
3D-MR-MS,patient26,Tversky,1,7,26,10.27440134796583,False
3D-MR-MS,patient26,Tversky,1,8,781,1.6844184884028928,True
3D-MR-MS,patient26,Tversky,1,9,2,17.814172124178228,False
3D-MR-MS,patient26,Tversky,1,10,2,3.7269133319895404,False
3D-MR-MS,patient26,Tversky,1,11,105,0.9272144204947885,True
3D-MR-MS,patient26,Tversky,1,12,4,1.5484871711039412,False
3D-MR-MS,patient26,Tversky,1,13,7558,0.46875,True
3D-MR-MS,patient26,Tversky,1,14,463,22.31770773627608,True
3D-MR-MS,patient26,Tversky,1,15,50,25.320561229940097,True
3D-MR-MS,patient26,Tversky,1,16,15470,0.46875,True
3D-MR-MS,patient26,Tversky,1,17,1118,1.3185722701367135,True
3D-MR-MS,patient26,Tversky,1,18,1,1.232439154308839,False
3D-MR-MS,patient26,Tversky,1,19,4,1.9127553133618387,False
3D-MR-MS,patient26,Tversky,1,20,10009,0.46875,True
3D-MR-MS,patient26,Tversky,1,21,3499,2.5766075412567933,True
3D-MR-MS,patient26,Tversky,1,22,16,8.92981312901191,False
3D-MR-MS,patient26,Tversky,1,23,106,12.53288489581092,True
3D-MR-MS,patient26,Tversky,1,24,17,12.585999537480223,True
3D-MR-MS,patient26,Tversky,2,1,73,18.550211836846895,True
3D-MR-MS,patient26,Tversky,2,2,15,11.716151418430918,True
3D-MR-MS,patient26,Tversky,2,3,1245,1.854428840989577,True
3D-MR-MS,patient26,Tversky,2,4,2016,0.6629126073623883,True
3D-MR-MS,patient26,Tversky,2,5,5041,0.46875,True
3D-MR-MS,patient26,Tversky,2,6,9,3.658434179273079,False
3D-MR-MS,patient26,Tversky,2,7,26,10.27440134796583,False
3D-MR-MS,patient26,Tversky,2,8,781,1.6844184884028928,True
3D-MR-MS,patient26,Tversky,2,9,2,17.814172124178228,False
3D-MR-MS,patient26,Tversky,2,10,2,3.7269133319895404,False
3D-MR-MS,patient26,Tversky,2,11,105,0.9272144204947885,True
3D-MR-MS,patient26,Tversky,2,12,4,1.5484871711039412,False
3D-MR-MS,patient26,Tversky,2,13,7558,0.46875,True
3D-MR-MS,patient26,Tversky,2,14,463,22.31770773627608,True
3D-MR-MS,patient26,Tversky,2,15,50,25.320561229940097,False
3D-MR-MS,patient26,Tversky,2,16,15470,0.46875,True
3D-MR-MS,patient26,Tversky,2,17,1118,1.3185722701367135,True
3D-MR-MS,patient26,Tversky,2,18,1,1.232439154308839,False
3D-MR-MS,patient26,Tversky,2,19,4,1.9127553133618387,False
3D-MR-MS,patient26,Tversky,2,20,10009,0.46875,True
3D-MR-MS,patient26,Tversky,2,21,3499,2.5766075412567933,False
3D-MR-MS,patient26,Tversky,2,22,16,8.92981312901191,False
3D-MR-MS,patient26,Tversky,2,23,106,12.53288489581092,True
3D-MR-MS,patient26,Tversky,2,24,17,12.585999537480223,True
3D-MR-MS,patient26,Tversky,3,1,73,18.550211836846895,True
3D-MR-MS,patient26,Tversky,3,2,15,11.716151418430918,True
3D-MR-MS,patient26,Tversky,3,3,1245,1.854428840989577,True
3D-MR-MS,patient26,Tversky,3,4,2016,0.6629126073623883,True
3D-MR-MS,patient26,Tversky,3,5,5041,0.46875,True
3D-MR-MS,patient26,Tversky,3,6,9,3.658434179273079,False
3D-MR-MS,patient26,Tversky,3,7,26,10.27440134796583,False
3D-MR-MS,patient26,Tversky,3,8,781,1.6844184884028928,True
3D-MR-MS,patient26,Tversky,3,9,2,17.814172124178228,False
3D-MR-MS,patient26,Tversky,3,10,2,3.7269133319895404,False
3D-MR-MS,patient26,Tversky,3,11,105,0.9272144204947885,True
3D-MR-MS,patient26,Tversky,3,12,4,1.5484871711039412,False
3D-MR-MS,patient26,Tversky,3,13,7558,0.46875,True
3D-MR-MS,patient26,Tversky,3,14,463,22.31770773627608,True
3D-MR-MS,patient26,Tversky,3,15,50,25.320561229940097,True
3D-MR-MS,patient26,Tversky,3,16,15470,0.46875,True
3D-MR-MS,patient26,Tversky,3,17,1118,1.3185722701367135,True
3D-MR-MS,patient26,Tversky,3,18,1,1.232439154308839,False
3D-MR-MS,patient26,Tversky,3,19,4,1.9127553133618387,False
3D-MR-MS,patient26,Tversky,3,20,10009,0.46875,True
3D-MR-MS,patient26,Tversky,3,21,3499,2.5766075412567933,True
3D-MR-MS,patient26,Tversky,3,22,16,8.92981312901191,False
3D-MR-MS,patient26,Tversky,3,23,106,12.53288489581092,True
3D-MR-MS,patient26,Tversky,3,24,17,12.585999537480223,True
3D-MR-MS,patient26,Tversky,4,1,73,18.550211836846895,True
3D-MR-MS,patient26,Tversky,4,2,15,11.716151418430918,True
3D-MR-MS,patient26,Tversky,4,3,1245,1.854428840989577,True
3D-MR-MS,patient26,Tversky,4,4,2016,0.6629126073623883,True
3D-MR-MS,patient26,Tversky,4,5,5041,0.46875,True
3D-MR-MS,patient26,Tversky,4,6,9,3.658434179273079,False
3D-MR-MS,patient26,Tversky,4,7,26,10.27440134796583,False
3D-MR-MS,patient26,Tversky,4,8,781,1.6844184884028928,True
3D-MR-MS,patient26,Tversky,4,9,2,17.814172124178228,False
3D-MR-MS,patient26,Tversky,4,10,2,3.7269133319895404,False
3D-MR-MS,patient26,Tversky,4,11,105,0.9272144204947885,True
3D-MR-MS,patient26,Tversky,4,12,4,1.5484871711039412,False
3D-MR-MS,patient26,Tversky,4,13,7558,0.46875,True
3D-MR-MS,patient26,Tversky,4,14,463,22.31770773627608,True
3D-MR-MS,patient26,Tversky,4,15,50,25.320561229940097,False
3D-MR-MS,patient26,Tversky,4,16,15470,0.46875,True
3D-MR-MS,patient26,Tversky,4,17,1118,1.3185722701367135,True
3D-MR-MS,patient26,Tversky,4,18,1,1.232439154308839,False
3D-MR-MS,patient26,Tversky,4,19,4,1.9127553133618387,False
3D-MR-MS,patient26,Tversky,4,20,10009,0.46875,True
3D-MR-MS,patient26,Tversky,4,21,3499,2.5766075412567933,True
3D-MR-MS,patient26,Tversky,4,22,16,8.92981312901191,False
3D-MR-MS,patient26,Tversky,4,23,106,12.53288489581092,True
3D-MR-MS,patient26,Tversky,4,24,17,12.585999537480223,True
3D-MR-MS,patient26,FocalTversky,0,1,73,18.550211836846895,True
3D-MR-MS,patient26,FocalTversky,0,2,15,11.716151418430918,True
3D-MR-MS,patient26,FocalTversky,0,3,1245,1.854428840989577,True
3D-MR-MS,patient26,FocalTversky,0,4,2016,0.6629126073623883,True
3D-MR-MS,patient26,FocalTversky,0,5,5041,0.46875,True
3D-MR-MS,patient26,FocalTversky,0,6,9,3.658434179273079,False
3D-MR-MS,patient26,FocalTversky,0,7,26,10.27440134796583,False
3D-MR-MS,patient26,FocalTversky,0,8,781,1.6844184884028928,True
3D-MR-MS,patient26,FocalTversky,0,9,2,17.814172124178228,False
3D-MR-MS,patient26,FocalTversky,0,10,2,3.7269133319895404,False
3D-MR-MS,patient26,FocalTversky,0,11,105,0.9272144204947885,True
3D-MR-MS,patient26,FocalTversky,0,12,4,1.5484871711039412,False
3D-MR-MS,patient26,FocalTversky,0,13,7558,0.46875,True
3D-MR-MS,patient26,FocalTversky,0,14,463,22.31770773627608,True
3D-MR-MS,patient26,FocalTversky,0,15,50,25.320561229940097,True
3D-MR-MS,patient26,FocalTversky,0,16,15470,0.46875,True
3D-MR-MS,patient26,FocalTversky,0,17,1118,1.3185722701367135,True
3D-MR-MS,patient26,FocalTversky,0,18,1,1.232439154308839,False
3D-MR-MS,patient26,FocalTversky,0,19,4,1.9127553133618387,False
3D-MR-MS,patient26,FocalTversky,0,20,10009,0.46875,True
3D-MR-MS,patient26,FocalTversky,0,21,3499,2.5766075412567933,False
3D-MR-MS,patient26,FocalTversky,0,22,16,8.92981312901191,False
3D-MR-MS,patient26,FocalTversky,0,23,106,12.53288489581092,True
3D-MR-MS,patient26,FocalTversky,0,24,17,12.585999537480223,True
3D-MR-MS,patient26,FocalTversky,1,1,73,18.550211836846895,True
3D-MR-MS,patient26,FocalTversky,1,2,15,11.716151418430918,True
3D-MR-MS,patient26,FocalTversky,1,3,1245,1.854428840989577,True
3D-MR-MS,patient26,FocalTversky,1,4,2016,0.6629126073623883,True
3D-MR-MS,patient26,FocalTversky,1,5,5041,0.46875,True
3D-MR-MS,patient26,FocalTversky,1,6,9,3.658434179273079,False
3D-MR-MS,patient26,FocalTversky,1,7,26,10.27440134796583,False
3D-MR-MS,patient26,FocalTversky,1,8,781,1.6844184884028928,True
3D-MR-MS,patient26,FocalTversky,1,9,2,17.814172124178228,False
3D-MR-MS,patient26,FocalTversky,1,10,2,3.7269133319895404,False
3D-MR-MS,patient26,FocalTversky,1,11,105,0.9272144204947885,True
3D-MR-MS,patient26,FocalTversky,1,12,4,1.5484871711039412,False
3D-MR-MS,patient26,FocalTversky,1,13,7558,0.46875,True
3D-MR-MS,patient26,FocalTversky,1,14,463,22.31770773627608,True
3D-MR-MS,patient26,FocalTversky,1,15,50,25.320561229940097,True
3D-MR-MS,patient26,FocalTversky,1,16,15470,0.46875,True
3D-MR-MS,patient26,FocalTversky,1,17,1118,1.3185722701367135,True
3D-MR-MS,patient26,FocalTversky,1,18,1,1.232439154308839,False
3D-MR-MS,patient26,FocalTversky,1,19,4,1.9127553133618387,False
3D-MR-MS,patient26,FocalTversky,1,20,10009,0.46875,True
3D-MR-MS,patient26,FocalTversky,1,21,3499,2.5766075412567933,False
3D-MR-MS,patient26,FocalTversky,1,22,16,8.92981312901191,False
3D-MR-MS,patient26,FocalTversky,1,23,106,12.53288489581092,True
3D-MR-MS,patient26,FocalTversky,1,24,17,12.585999537480223,True
3D-MR-MS,patient26,FocalTversky,2,1,73,18.550211836846895,True
3D-MR-MS,patient26,FocalTversky,2,2,15,11.716151418430918,True
3D-MR-MS,patient26,FocalTversky,2,3,1245,1.854428840989577,True
3D-MR-MS,patient26,FocalTversky,2,4,2016,0.6629126073623883,True
3D-MR-MS,patient26,FocalTversky,2,5,5041,0.46875,True
3D-MR-MS,patient26,FocalTversky,2,6,9,3.658434179273079,False
3D-MR-MS,patient26,FocalTversky,2,7,26,10.27440134796583,False
3D-MR-MS,patient26,FocalTversky,2,8,781,1.6844184884028928,True
3D-MR-MS,patient26,FocalTversky,2,9,2,17.814172124178228,False
3D-MR-MS,patient26,FocalTversky,2,10,2,3.7269133319895404,False
3D-MR-MS,patient26,FocalTversky,2,11,105,0.9272144204947885,True
3D-MR-MS,patient26,FocalTversky,2,12,4,1.5484871711039412,False
3D-MR-MS,patient26,FocalTversky,2,13,7558,0.46875,True
3D-MR-MS,patient26,FocalTversky,2,14,463,22.31770773627608,True
3D-MR-MS,patient26,FocalTversky,2,15,50,25.320561229940097,False
3D-MR-MS,patient26,FocalTversky,2,16,15470,0.46875,True
3D-MR-MS,patient26,FocalTversky,2,17,1118,1.3185722701367135,True
3D-MR-MS,patient26,FocalTversky,2,18,1,1.232439154308839,False
3D-MR-MS,patient26,FocalTversky,2,19,4,1.9127553133618387,False
3D-MR-MS,patient26,FocalTversky,2,20,10009,0.46875,True
3D-MR-MS,patient26,FocalTversky,2,21,3499,2.5766075412567933,False
3D-MR-MS,patient26,FocalTversky,2,22,16,8.92981312901191,False
3D-MR-MS,patient26,FocalTversky,2,23,106,12.53288489581092,True
3D-MR-MS,patient26,FocalTversky,2,24,17,12.585999537480223,True
3D-MR-MS,patient26,FocalTversky,3,1,73,18.550211836846895,True
3D-MR-MS,patient26,FocalTversky,3,2,15,11.716151418430918,True
3D-MR-MS,patient26,FocalTversky,3,3,1245,1.854428840989577,True
3D-MR-MS,patient26,FocalTversky,3,4,2016,0.6629126073623883,True
3D-MR-MS,patient26,FocalTversky,3,5,5041,0.46875,True
3D-MR-MS,patient26,FocalTversky,3,6,9,3.658434179273079,False
3D-MR-MS,patient26,FocalTversky,3,7,26,10.27440134796583,False
3D-MR-MS,patient26,FocalTversky,3,8,781,1.6844184884028928,True
3D-MR-MS,patient26,FocalTversky,3,9,2,17.814172124178228,False
3D-MR-MS,patient26,FocalTversky,3,10,2,3.7269133319895404,False
3D-MR-MS,patient26,FocalTversky,3,11,105,0.9272144204947885,True
3D-MR-MS,patient26,FocalTversky,3,12,4,1.5484871711039412,False
3D-MR-MS,patient26,FocalTversky,3,13,7558,0.46875,True
3D-MR-MS,patient26,FocalTversky,3,14,463,22.31770773627608,True
3D-MR-MS,patient26,FocalTversky,3,15,50,25.320561229940097,True
3D-MR-MS,patient26,FocalTversky,3,16,15470,0.46875,True
3D-MR-MS,patient26,FocalTversky,3,17,1118,1.3185722701367135,True
3D-MR-MS,patient26,FocalTversky,3,18,1,1.232439154308839,False
3D-MR-MS,patient26,FocalTversky,3,19,4,1.9127553133618387,False
3D-MR-MS,patient26,FocalTversky,3,20,10009,0.46875,True
3D-MR-MS,patient26,FocalTversky,3,21,3499,2.5766075412567933,True
3D-MR-MS,patient26,FocalTversky,3,22,16,8.92981312901191,False
3D-MR-MS,patient26,FocalTversky,3,23,106,12.53288489581092,True
3D-MR-MS,patient26,FocalTversky,3,24,17,12.585999537480223,True
3D-MR-MS,patient26,FocalTversky,4,1,73,18.550211836846895,True
3D-MR-MS,patient26,FocalTversky,4,2,15,11.716151418430918,True
3D-MR-MS,patient26,FocalTversky,4,3,1245,1.854428840989577,True
3D-MR-MS,patient26,FocalTversky,4,4,2016,0.6629126073623883,True
3D-MR-MS,patient26,FocalTversky,4,5,5041,0.46875,True
3D-MR-MS,patient26,FocalTversky,4,6,9,3.658434179273079,False
3D-MR-MS,patient26,FocalTversky,4,7,26,10.27440134796583,False
3D-MR-MS,patient26,FocalTversky,4,8,781,1.6844184884028928,True
3D-MR-MS,patient26,FocalTversky,4,9,2,17.814172124178228,False
3D-MR-MS,patient26,FocalTversky,4,10,2,3.7269133319895404,False
3D-MR-MS,patient26,FocalTversky,4,11,105,0.9272144204947885,True
3D-MR-MS,patient26,FocalTversky,4,12,4,1.5484871711039412,False
3D-MR-MS,patient26,FocalTversky,4,13,7558,0.46875,True
3D-MR-MS,patient26,FocalTversky,4,14,463,22.31770773627608,True
3D-MR-MS,patient26,FocalTversky,4,15,50,25.320561229940097,False
3D-MR-MS,patient26,FocalTversky,4,16,15470,0.46875,True
3D-MR-MS,patient26,FocalTversky,4,17,1118,1.3185722701367135,True
3D-MR-MS,patient26,FocalTversky,4,18,1,1.232439154308839,False
3D-MR-MS,patient26,FocalTversky,4,19,4,1.9127553133618387,False
3D-MR-MS,patient26,FocalTversky,4,20,10009,0.46875,True
3D-MR-MS,patient26,FocalTversky,4,21,3499,2.5766075412567933,True
3D-MR-MS,patient26,FocalTversky,4,22,16,8.92981312901191,False
3D-MR-MS,patient26,FocalTversky,4,23,106,12.53288489581092,True
3D-MR-MS,patient26,FocalTversky,4,24,17,12.585999537480223,True
3D-MR-MS,patient29,CATMIL,0,1,229,24.99119019732029,True
3D-MR-MS,patient29,CATMIL,0,2,29,27.587107425276578,True
3D-MR-MS,patient29,CATMIL,0,3,12,23.293462699426456,False
3D-MR-MS,patient29,CATMIL,0,4,29,17.6624448657947,True
3D-MR-MS,patient29,CATMIL,0,5,16,19.9889755348515,True
3D-MR-MS,patient29,CATMIL,0,6,75,13.319681264826949,True
3D-MR-MS,patient29,CATMIL,0,7,14,13.235429905595028,True
3D-MR-MS,patient29,CATMIL,0,8,81,7.432511539392531,True
3D-MR-MS,patient29,CATMIL,0,9,48,8.948258453224467,True
3D-MR-MS,patient29,CATMIL,0,10,108,0.800000011920929,False
3D-MR-MS,patient29,CATMIL,0,11,402,11.708710765705693,True
3D-MR-MS,patient29,CATMIL,0,12,18,16.976587740953537,True
3D-MR-MS,patient29,CATMIL,0,13,69,20.32026871092411,True
3D-MR-MS,patient29,CATMIL,0,14,179,59.32996629985661,False
3D-MR-MS,patient29,CATMIL,0,15,1,61.304392133778805,False
3D-MR-MS,patient29,CATMIL,0,16,49,17.805206853666068,True
3D-MR-MS,patient29,CATMIL,0,17,38,23.068109931013794,True
3D-MR-MS,patient29,CATMIL,0,18,44,10.299897625794014,True
3D-MR-MS,patient29,CATMIL,0,19,339,9.917174590964695,True
3D-MR-MS,patient29,CATMIL,0,20,32,7.933010618340501,True
3D-MR-MS,patient29,CATMIL,0,21,68,27.245789123801092,True
3D-MR-MS,patient29,CATMIL,1,1,229,24.99119019732029,True
3D-MR-MS,patient29,CATMIL,1,2,29,27.587107425276578,True
3D-MR-MS,patient29,CATMIL,1,3,12,23.293462699426456,True
3D-MR-MS,patient29,CATMIL,1,4,29,17.6624448657947,True
3D-MR-MS,patient29,CATMIL,1,5,16,19.9889755348515,False
3D-MR-MS,patient29,CATMIL,1,6,75,13.319681264826949,True
3D-MR-MS,patient29,CATMIL,1,7,14,13.235429905595028,False
3D-MR-MS,patient29,CATMIL,1,8,81,7.432511539392531,True
3D-MR-MS,patient29,CATMIL,1,9,48,8.948258453224467,False
3D-MR-MS,patient29,CATMIL,1,10,108,0.800000011920929,False
3D-MR-MS,patient29,CATMIL,1,11,402,11.708710765705693,False
3D-MR-MS,patient29,CATMIL,1,12,18,16.976587740953537,True
3D-MR-MS,patient29,CATMIL,1,13,69,20.32026871092411,True
3D-MR-MS,patient29,CATMIL,1,14,179,59.32996629985661,False
3D-MR-MS,patient29,CATMIL,1,15,1,61.304392133778805,False
3D-MR-MS,patient29,CATMIL,1,16,49,17.805206853666068,True
3D-MR-MS,patient29,CATMIL,1,17,38,23.068109931013794,True
3D-MR-MS,patient29,CATMIL,1,18,44,10.299897625794014,False
3D-MR-MS,patient29,CATMIL,1,19,339,9.917174590964695,True
3D-MR-MS,patient29,CATMIL,1,20,32,7.933010618340501,True
3D-MR-MS,patient29,CATMIL,1,21,68,27.245789123801092,True
3D-MR-MS,patient29,CATMIL,2,1,229,24.99119019732029,True
3D-MR-MS,patient29,CATMIL,2,2,29,27.587107425276578,True
3D-MR-MS,patient29,CATMIL,2,3,12,23.293462699426456,False
3D-MR-MS,patient29,CATMIL,2,4,29,17.6624448657947,True
3D-MR-MS,patient29,CATMIL,2,5,16,19.9889755348515,True
3D-MR-MS,patient29,CATMIL,2,6,75,13.319681264826949,True
3D-MR-MS,patient29,CATMIL,2,7,14,13.235429905595028,True
3D-MR-MS,patient29,CATMIL,2,8,81,7.432511539392531,True
3D-MR-MS,patient29,CATMIL,2,9,48,8.948258453224467,False
3D-MR-MS,patient29,CATMIL,2,10,108,0.800000011920929,False
3D-MR-MS,patient29,CATMIL,2,11,402,11.708710765705693,True
3D-MR-MS,patient29,CATMIL,2,12,18,16.976587740953537,True
3D-MR-MS,patient29,CATMIL,2,13,69,20.32026871092411,False
3D-MR-MS,patient29,CATMIL,2,14,179,59.32996629985661,False
3D-MR-MS,patient29,CATMIL,2,15,1,61.304392133778805,False
3D-MR-MS,patient29,CATMIL,2,16,49,17.805206853666068,True
3D-MR-MS,patient29,CATMIL,2,17,38,23.068109931013794,True
3D-MR-MS,patient29,CATMIL,2,18,44,10.299897625794014,True
3D-MR-MS,patient29,CATMIL,2,19,339,9.917174590964695,True
3D-MR-MS,patient29,CATMIL,2,20,32,7.933010618340501,True
3D-MR-MS,patient29,CATMIL,2,21,68,27.245789123801092,True
3D-MR-MS,patient29,CATMIL,3,1,229,24.99119019732029,True
3D-MR-MS,patient29,CATMIL,3,2,29,27.587107425276578,True
3D-MR-MS,patient29,CATMIL,3,3,12,23.293462699426456,False
3D-MR-MS,patient29,CATMIL,3,4,29,17.6624448657947,True
3D-MR-MS,patient29,CATMIL,3,5,16,19.9889755348515,True
3D-MR-MS,patient29,CATMIL,3,6,75,13.319681264826949,True
3D-MR-MS,patient29,CATMIL,3,7,14,13.235429905595028,True
3D-MR-MS,patient29,CATMIL,3,8,81,7.432511539392531,True
3D-MR-MS,patient29,CATMIL,3,9,48,8.948258453224467,True
3D-MR-MS,patient29,CATMIL,3,10,108,0.800000011920929,False
3D-MR-MS,patient29,CATMIL,3,11,402,11.708710765705693,True
3D-MR-MS,patient29,CATMIL,3,12,18,16.976587740953537,True
3D-MR-MS,patient29,CATMIL,3,13,69,20.32026871092411,True
3D-MR-MS,patient29,CATMIL,3,14,179,59.32996629985661,False
3D-MR-MS,patient29,CATMIL,3,15,1,61.304392133778805,False
3D-MR-MS,patient29,CATMIL,3,16,49,17.805206853666068,True
3D-MR-MS,patient29,CATMIL,3,17,38,23.068109931013794,True
3D-MR-MS,patient29,CATMIL,3,18,44,10.299897625794014,True
3D-MR-MS,patient29,CATMIL,3,19,339,9.917174590964695,True
3D-MR-MS,patient29,CATMIL,3,20,32,7.933010618340501,True
3D-MR-MS,patient29,CATMIL,3,21,68,27.245789123801092,True
3D-MR-MS,patient29,CATMIL,4,1,229,24.99119019732029,True
3D-MR-MS,patient29,CATMIL,4,2,29,27.587107425276578,True
3D-MR-MS,patient29,CATMIL,4,3,12,23.293462699426456,True
3D-MR-MS,patient29,CATMIL,4,4,29,17.6624448657947,True
3D-MR-MS,patient29,CATMIL,4,5,16,19.9889755348515,False
3D-MR-MS,patient29,CATMIL,4,6,75,13.319681264826949,True
3D-MR-MS,patient29,CATMIL,4,7,14,13.235429905595028,True
3D-MR-MS,patient29,CATMIL,4,8,81,7.432511539392531,True
3D-MR-MS,patient29,CATMIL,4,9,48,8.948258453224467,False
3D-MR-MS,patient29,CATMIL,4,10,108,0.800000011920929,False
3D-MR-MS,patient29,CATMIL,4,11,402,11.708710765705693,True
3D-MR-MS,patient29,CATMIL,4,12,18,16.976587740953537,True
3D-MR-MS,patient29,CATMIL,4,13,69,20.32026871092411,True
3D-MR-MS,patient29,CATMIL,4,14,179,59.32996629985661,False
3D-MR-MS,patient29,CATMIL,4,15,1,61.304392133778805,False
3D-MR-MS,patient29,CATMIL,4,16,49,17.805206853666068,True
3D-MR-MS,patient29,CATMIL,4,17,38,23.068109931013794,True
3D-MR-MS,patient29,CATMIL,4,18,44,10.299897625794014,True
3D-MR-MS,patient29,CATMIL,4,19,339,9.917174590964695,True
3D-MR-MS,patient29,CATMIL,4,20,32,7.933010618340501,True
3D-MR-MS,patient29,CATMIL,4,21,68,27.245789123801092,True
3D-MR-MS,patient29,DiceCE,0,1,229,24.99119019732029,True
3D-MR-MS,patient29,DiceCE,0,2,29,27.587107425276578,True
3D-MR-MS,patient29,DiceCE,0,3,12,23.293462699426456,False
3D-MR-MS,patient29,DiceCE,0,4,29,17.6624448657947,True
3D-MR-MS,patient29,DiceCE,0,5,16,19.9889755348515,True
3D-MR-MS,patient29,DiceCE,0,6,75,13.319681264826949,True
3D-MR-MS,patient29,DiceCE,0,7,14,13.235429905595028,False
3D-MR-MS,patient29,DiceCE,0,8,81,7.432511539392531,True
3D-MR-MS,patient29,DiceCE,0,9,48,8.948258453224467,False
3D-MR-MS,patient29,DiceCE,0,10,108,0.800000011920929,False
3D-MR-MS,patient29,DiceCE,0,11,402,11.708710765705693,True
3D-MR-MS,patient29,DiceCE,0,12,18,16.976587740953537,True
3D-MR-MS,patient29,DiceCE,0,13,69,20.32026871092411,False
3D-MR-MS,patient29,DiceCE,0,14,179,59.32996629985661,False
3D-MR-MS,patient29,DiceCE,0,15,1,61.304392133778805,False
3D-MR-MS,patient29,DiceCE,0,16,49,17.805206853666068,True
3D-MR-MS,patient29,DiceCE,0,17,38,23.068109931013794,True
3D-MR-MS,patient29,DiceCE,0,18,44,10.299897625794014,True
3D-MR-MS,patient29,DiceCE,0,19,339,9.917174590964695,True
3D-MR-MS,patient29,DiceCE,0,20,32,7.933010618340501,True
3D-MR-MS,patient29,DiceCE,0,21,68,27.245789123801092,True
3D-MR-MS,patient29,DiceCE,1,1,229,24.99119019732029,True
3D-MR-MS,patient29,DiceCE,1,2,29,27.587107425276578,True
3D-MR-MS,patient29,DiceCE,1,3,12,23.293462699426456,False
3D-MR-MS,patient29,DiceCE,1,4,29,17.6624448657947,True
3D-MR-MS,patient29,DiceCE,1,5,16,19.9889755348515,False
3D-MR-MS,patient29,DiceCE,1,6,75,13.319681264826949,True
3D-MR-MS,patient29,DiceCE,1,7,14,13.235429905595028,True
3D-MR-MS,patient29,DiceCE,1,8,81,7.432511539392531,True
3D-MR-MS,patient29,DiceCE,1,9,48,8.948258453224467,False
3D-MR-MS,patient29,DiceCE,1,10,108,0.800000011920929,False
3D-MR-MS,patient29,DiceCE,1,11,402,11.708710765705693,False
3D-MR-MS,patient29,DiceCE,1,12,18,16.976587740953537,True
3D-MR-MS,patient29,DiceCE,1,13,69,20.32026871092411,True
3D-MR-MS,patient29,DiceCE,1,14,179,59.32996629985661,False
3D-MR-MS,patient29,DiceCE,1,15,1,61.304392133778805,False
3D-MR-MS,patient29,DiceCE,1,16,49,17.805206853666068,True
3D-MR-MS,patient29,DiceCE,1,17,38,23.068109931013794,True
3D-MR-MS,patient29,DiceCE,1,18,44,10.299897625794014,False
3D-MR-MS,patient29,DiceCE,1,19,339,9.917174590964695,True
3D-MR-MS,patient29,DiceCE,1,20,32,7.933010618340501,True
3D-MR-MS,patient29,DiceCE,1,21,68,27.245789123801092,True
3D-MR-MS,patient29,DiceCE,2,1,229,24.99119019732029,True
3D-MR-MS,patient29,DiceCE,2,2,29,27.587107425276578,False
3D-MR-MS,patient29,DiceCE,2,3,12,23.293462699426456,False
3D-MR-MS,patient29,DiceCE,2,4,29,17.6624448657947,True
3D-MR-MS,patient29,DiceCE,2,5,16,19.9889755348515,False
3D-MR-MS,patient29,DiceCE,2,6,75,13.319681264826949,True
3D-MR-MS,patient29,DiceCE,2,7,14,13.235429905595028,True
3D-MR-MS,patient29,DiceCE,2,8,81,7.432511539392531,True
3D-MR-MS,patient29,DiceCE,2,9,48,8.948258453224467,False
3D-MR-MS,patient29,DiceCE,2,10,108,0.800000011920929,False
3D-MR-MS,patient29,DiceCE,2,11,402,11.708710765705693,True
3D-MR-MS,patient29,DiceCE,2,12,18,16.976587740953537,True
3D-MR-MS,patient29,DiceCE,2,13,69,20.32026871092411,False
3D-MR-MS,patient29,DiceCE,2,14,179,59.32996629985661,False
3D-MR-MS,patient29,DiceCE,2,15,1,61.304392133778805,False
3D-MR-MS,patient29,DiceCE,2,16,49,17.805206853666068,True
3D-MR-MS,patient29,DiceCE,2,17,38,23.068109931013794,True
3D-MR-MS,patient29,DiceCE,2,18,44,10.299897625794014,True
3D-MR-MS,patient29,DiceCE,2,19,339,9.917174590964695,True
3D-MR-MS,patient29,DiceCE,2,20,32,7.933010618340501,True
3D-MR-MS,patient29,DiceCE,2,21,68,27.245789123801092,True
3D-MR-MS,patient29,DiceCE,3,1,229,24.99119019732029,True
3D-MR-MS,patient29,DiceCE,3,2,29,27.587107425276578,True
3D-MR-MS,patient29,DiceCE,3,3,12,23.293462699426456,False
3D-MR-MS,patient29,DiceCE,3,4,29,17.6624448657947,True
3D-MR-MS,patient29,DiceCE,3,5,16,19.9889755348515,True
3D-MR-MS,patient29,DiceCE,3,6,75,13.319681264826949,True
3D-MR-MS,patient29,DiceCE,3,7,14,13.235429905595028,False
3D-MR-MS,patient29,DiceCE,3,8,81,7.432511539392531,True
3D-MR-MS,patient29,DiceCE,3,9,48,8.948258453224467,False
3D-MR-MS,patient29,DiceCE,3,10,108,0.800000011920929,False
3D-MR-MS,patient29,DiceCE,3,11,402,11.708710765705693,True
3D-MR-MS,patient29,DiceCE,3,12,18,16.976587740953537,True
3D-MR-MS,patient29,DiceCE,3,13,69,20.32026871092411,False
3D-MR-MS,patient29,DiceCE,3,14,179,59.32996629985661,False
3D-MR-MS,patient29,DiceCE,3,15,1,61.304392133778805,False
3D-MR-MS,patient29,DiceCE,3,16,49,17.805206853666068,True
3D-MR-MS,patient29,DiceCE,3,17,38,23.068109931013794,True
3D-MR-MS,patient29,DiceCE,3,18,44,10.299897625794014,True
3D-MR-MS,patient29,DiceCE,3,19,339,9.917174590964695,True
3D-MR-MS,patient29,DiceCE,3,20,32,7.933010618340501,True
3D-MR-MS,patient29,DiceCE,3,21,68,27.245789123801092,True
3D-MR-MS,patient29,DiceCE,4,1,229,24.99119019732029,True
3D-MR-MS,patient29,DiceCE,4,2,29,27.587107425276578,True
3D-MR-MS,patient29,DiceCE,4,3,12,23.293462699426456,False
3D-MR-MS,patient29,DiceCE,4,4,29,17.6624448657947,True
3D-MR-MS,patient29,DiceCE,4,5,16,19.9889755348515,False
3D-MR-MS,patient29,DiceCE,4,6,75,13.319681264826949,True
3D-MR-MS,patient29,DiceCE,4,7,14,13.235429905595028,True
3D-MR-MS,patient29,DiceCE,4,8,81,7.432511539392531,True
3D-MR-MS,patient29,DiceCE,4,9,48,8.948258453224467,False
3D-MR-MS,patient29,DiceCE,4,10,108,0.800000011920929,False
3D-MR-MS,patient29,DiceCE,4,11,402,11.708710765705693,True
3D-MR-MS,patient29,DiceCE,4,12,18,16.976587740953537,True
3D-MR-MS,patient29,DiceCE,4,13,69,20.32026871092411,False
3D-MR-MS,patient29,DiceCE,4,14,179,59.32996629985661,False
3D-MR-MS,patient29,DiceCE,4,15,1,61.304392133778805,False
3D-MR-MS,patient29,DiceCE,4,16,49,17.805206853666068,True
3D-MR-MS,patient29,DiceCE,4,17,38,23.068109931013794,True
3D-MR-MS,patient29,DiceCE,4,18,44,10.299897625794014,True
3D-MR-MS,patient29,DiceCE,4,19,339,9.917174590964695,True
3D-MR-MS,patient29,DiceCE,4,20,32,7.933010618340501,True
3D-MR-MS,patient29,DiceCE,4,21,68,27.245789123801092,True
3D-MR-MS,patient29,Tversky,0,1,229,24.99119019732029,True
3D-MR-MS,patient29,Tversky,0,2,29,27.587107425276578,True
3D-MR-MS,patient29,Tversky,0,3,12,23.293462699426456,False
3D-MR-MS,patient29,Tversky,0,4,29,17.6624448657947,True
3D-MR-MS,patient29,Tversky,0,5,16,19.9889755348515,True
3D-MR-MS,patient29,Tversky,0,6,75,13.319681264826949,True
3D-MR-MS,patient29,Tversky,0,7,14,13.235429905595028,True
3D-MR-MS,patient29,Tversky,0,8,81,7.432511539392531,True
3D-MR-MS,patient29,Tversky,0,9,48,8.948258453224467,False
3D-MR-MS,patient29,Tversky,0,10,108,0.800000011920929,False
3D-MR-MS,patient29,Tversky,0,11,402,11.708710765705693,True
3D-MR-MS,patient29,Tversky,0,12,18,16.976587740953537,True
3D-MR-MS,patient29,Tversky,0,13,69,20.32026871092411,True
3D-MR-MS,patient29,Tversky,0,14,179,59.32996629985661,False
3D-MR-MS,patient29,Tversky,0,15,1,61.304392133778805,False
3D-MR-MS,patient29,Tversky,0,16,49,17.805206853666068,True
3D-MR-MS,patient29,Tversky,0,17,38,23.068109931013794,True
3D-MR-MS,patient29,Tversky,0,18,44,10.299897625794014,True
3D-MR-MS,patient29,Tversky,0,19,339,9.917174590964695,True
3D-MR-MS,patient29,Tversky,0,20,32,7.933010618340501,True
3D-MR-MS,patient29,Tversky,0,21,68,27.245789123801092,True
3D-MR-MS,patient29,Tversky,1,1,229,24.99119019732029,True
3D-MR-MS,patient29,Tversky,1,2,29,27.587107425276578,True
3D-MR-MS,patient29,Tversky,1,3,12,23.293462699426456,False
3D-MR-MS,patient29,Tversky,1,4,29,17.6624448657947,True
3D-MR-MS,patient29,Tversky,1,5,16,19.9889755348515,False
3D-MR-MS,patient29,Tversky,1,6,75,13.319681264826949,True
3D-MR-MS,patient29,Tversky,1,7,14,13.235429905595028,True
3D-MR-MS,patient29,Tversky,1,8,81,7.432511539392531,True
3D-MR-MS,patient29,Tversky,1,9,48,8.948258453224467,False
3D-MR-MS,patient29,Tversky,1,10,108,0.800000011920929,False
3D-MR-MS,patient29,Tversky,1,11,402,11.708710765705693,False
3D-MR-MS,patient29,Tversky,1,12,18,16.976587740953537,True
3D-MR-MS,patient29,Tversky,1,13,69,20.32026871092411,True
3D-MR-MS,patient29,Tversky,1,14,179,59.32996629985661,False
3D-MR-MS,patient29,Tversky,1,15,1,61.304392133778805,False
3D-MR-MS,patient29,Tversky,1,16,49,17.805206853666068,True
3D-MR-MS,patient29,Tversky,1,17,38,23.068109931013794,True
3D-MR-MS,patient29,Tversky,1,18,44,10.299897625794014,False
3D-MR-MS,patient29,Tversky,1,19,339,9.917174590964695,False
3D-MR-MS,patient29,Tversky,1,20,32,7.933010618340501,True
3D-MR-MS,patient29,Tversky,1,21,68,27.245789123801092,True
3D-MR-MS,patient29,Tversky,2,1,229,24.99119019732029,True
3D-MR-MS,patient29,Tversky,2,2,29,27.587107425276578,False
3D-MR-MS,patient29,Tversky,2,3,12,23.293462699426456,False
3D-MR-MS,patient29,Tversky,2,4,29,17.6624448657947,True
3D-MR-MS,patient29,Tversky,2,5,16,19.9889755348515,True
3D-MR-MS,patient29,Tversky,2,6,75,13.319681264826949,True
3D-MR-MS,patient29,Tversky,2,7,14,13.235429905595028,True
3D-MR-MS,patient29,Tversky,2,8,81,7.432511539392531,True
3D-MR-MS,patient29,Tversky,2,9,48,8.948258453224467,False
3D-MR-MS,patient29,Tversky,2,10,108,0.800000011920929,False
3D-MR-MS,patient29,Tversky,2,11,402,11.708710765705693,False
3D-MR-MS,patient29,Tversky,2,12,18,16.976587740953537,True
3D-MR-MS,patient29,Tversky,2,13,69,20.32026871092411,False
3D-MR-MS,patient29,Tversky,2,14,179,59.32996629985661,False
3D-MR-MS,patient29,Tversky,2,15,1,61.304392133778805,False
3D-MR-MS,patient29,Tversky,2,16,49,17.805206853666068,True
3D-MR-MS,patient29,Tversky,2,17,38,23.068109931013794,True
3D-MR-MS,patient29,Tversky,2,18,44,10.299897625794014,True
3D-MR-MS,patient29,Tversky,2,19,339,9.917174590964695,True
3D-MR-MS,patient29,Tversky,2,20,32,7.933010618340501,True
3D-MR-MS,patient29,Tversky,2,21,68,27.245789123801092,True
3D-MR-MS,patient29,Tversky,3,1,229,24.99119019732029,True
3D-MR-MS,patient29,Tversky,3,2,29,27.587107425276578,True
3D-MR-MS,patient29,Tversky,3,3,12,23.293462699426456,True
3D-MR-MS,patient29,Tversky,3,4,29,17.6624448657947,True
3D-MR-MS,patient29,Tversky,3,5,16,19.9889755348515,True
3D-MR-MS,patient29,Tversky,3,6,75,13.319681264826949,True
3D-MR-MS,patient29,Tversky,3,7,14,13.235429905595028,True
3D-MR-MS,patient29,Tversky,3,8,81,7.432511539392531,True
3D-MR-MS,patient29,Tversky,3,9,48,8.948258453224467,False
3D-MR-MS,patient29,Tversky,3,10,108,0.800000011920929,False
3D-MR-MS,patient29,Tversky,3,11,402,11.708710765705693,True
3D-MR-MS,patient29,Tversky,3,12,18,16.976587740953537,True
3D-MR-MS,patient29,Tversky,3,13,69,20.32026871092411,True
3D-MR-MS,patient29,Tversky,3,14,179,59.32996629985661,False
3D-MR-MS,patient29,Tversky,3,15,1,61.304392133778805,False
3D-MR-MS,patient29,Tversky,3,16,49,17.805206853666068,True
3D-MR-MS,patient29,Tversky,3,17,38,23.068109931013794,True
3D-MR-MS,patient29,Tversky,3,18,44,10.299897625794014,True
3D-MR-MS,patient29,Tversky,3,19,339,9.917174590964695,True
3D-MR-MS,patient29,Tversky,3,20,32,7.933010618340501,True
3D-MR-MS,patient29,Tversky,3,21,68,27.245789123801092,True
3D-MR-MS,patient29,Tversky,4,1,229,24.99119019732029,True
3D-MR-MS,patient29,Tversky,4,2,29,27.587107425276578,True
3D-MR-MS,patient29,Tversky,4,3,12,23.293462699426456,False
3D-MR-MS,patient29,Tversky,4,4,29,17.6624448657947,True
3D-MR-MS,patient29,Tversky,4,5,16,19.9889755348515,True
3D-MR-MS,patient29,Tversky,4,6,75,13.319681264826949,True
3D-MR-MS,patient29,Tversky,4,7,14,13.235429905595028,False
3D-MR-MS,patient29,Tversky,4,8,81,7.432511539392531,True
3D-MR-MS,patient29,Tversky,4,9,48,8.948258453224467,False
3D-MR-MS,patient29,Tversky,4,10,108,0.800000011920929,False
3D-MR-MS,patient29,Tversky,4,11,402,11.708710765705693,True
3D-MR-MS,patient29,Tversky,4,12,18,16.976587740953537,True
3D-MR-MS,patient29,Tversky,4,13,69,20.32026871092411,False
3D-MR-MS,patient29,Tversky,4,14,179,59.32996629985661,False
3D-MR-MS,patient29,Tversky,4,15,1,61.304392133778805,False
3D-MR-MS,patient29,Tversky,4,16,49,17.805206853666068,True
3D-MR-MS,patient29,Tversky,4,17,38,23.068109931013794,True
3D-MR-MS,patient29,Tversky,4,18,44,10.299897625794014,True
3D-MR-MS,patient29,Tversky,4,19,339,9.917174590964695,True
3D-MR-MS,patient29,Tversky,4,20,32,7.933010618340501,True
3D-MR-MS,patient29,Tversky,4,21,68,27.245789123801092,True
3D-MR-MS,patient29,FocalTversky,0,1,229,24.99119019732029,True
3D-MR-MS,patient29,FocalTversky,0,2,29,27.587107425276578,True
3D-MR-MS,patient29,FocalTversky,0,3,12,23.293462699426456,True
3D-MR-MS,patient29,FocalTversky,0,4,29,17.6624448657947,True
3D-MR-MS,patient29,FocalTversky,0,5,16,19.9889755348515,True
3D-MR-MS,patient29,FocalTversky,0,6,75,13.319681264826949,True
3D-MR-MS,patient29,FocalTversky,0,7,14,13.235429905595028,False
3D-MR-MS,patient29,FocalTversky,0,8,81,7.432511539392531,True
3D-MR-MS,patient29,FocalTversky,0,9,48,8.948258453224467,False
3D-MR-MS,patient29,FocalTversky,0,10,108,0.800000011920929,False
3D-MR-MS,patient29,FocalTversky,0,11,402,11.708710765705693,True
3D-MR-MS,patient29,FocalTversky,0,12,18,16.976587740953537,True
3D-MR-MS,patient29,FocalTversky,0,13,69,20.32026871092411,True
3D-MR-MS,patient29,FocalTversky,0,14,179,59.32996629985661,False
3D-MR-MS,patient29,FocalTversky,0,15,1,61.304392133778805,False
3D-MR-MS,patient29,FocalTversky,0,16,49,17.805206853666068,True
3D-MR-MS,patient29,FocalTversky,0,17,38,23.068109931013794,True
3D-MR-MS,patient29,FocalTversky,0,18,44,10.299897625794014,True
3D-MR-MS,patient29,FocalTversky,0,19,339,9.917174590964695,True
3D-MR-MS,patient29,FocalTversky,0,20,32,7.933010618340501,True
3D-MR-MS,patient29,FocalTversky,0,21,68,27.245789123801092,True
3D-MR-MS,patient29,FocalTversky,1,1,229,24.99119019732029,True
3D-MR-MS,patient29,FocalTversky,1,2,29,27.587107425276578,True
3D-MR-MS,patient29,FocalTversky,1,3,12,23.293462699426456,False
3D-MR-MS,patient29,FocalTversky,1,4,29,17.6624448657947,True
3D-MR-MS,patient29,FocalTversky,1,5,16,19.9889755348515,True
3D-MR-MS,patient29,FocalTversky,1,6,75,13.319681264826949,True
3D-MR-MS,patient29,FocalTversky,1,7,14,13.235429905595028,True
3D-MR-MS,patient29,FocalTversky,1,8,81,7.432511539392531,True
3D-MR-MS,patient29,FocalTversky,1,9,48,8.948258453224467,False
3D-MR-MS,patient29,FocalTversky,1,10,108,0.800000011920929,False
3D-MR-MS,patient29,FocalTversky,1,11,402,11.708710765705693,False
3D-MR-MS,patient29,FocalTversky,1,12,18,16.976587740953537,True
3D-MR-MS,patient29,FocalTversky,1,13,69,20.32026871092411,True
3D-MR-MS,patient29,FocalTversky,1,14,179,59.32996629985661,False
3D-MR-MS,patient29,FocalTversky,1,15,1,61.304392133778805,False
3D-MR-MS,patient29,FocalTversky,1,16,49,17.805206853666068,True
3D-MR-MS,patient29,FocalTversky,1,17,38,23.068109931013794,True
3D-MR-MS,patient29,FocalTversky,1,18,44,10.299897625794014,False
3D-MR-MS,patient29,FocalTversky,1,19,339,9.917174590964695,False
3D-MR-MS,patient29,FocalTversky,1,20,32,7.933010618340501,True
3D-MR-MS,patient29,FocalTversky,1,21,68,27.245789123801092,True
3D-MR-MS,patient29,FocalTversky,2,1,229,24.99119019732029,True
3D-MR-MS,patient29,FocalTversky,2,2,29,27.587107425276578,True
3D-MR-MS,patient29,FocalTversky,2,3,12,23.293462699426456,False
3D-MR-MS,patient29,FocalTversky,2,4,29,17.6624448657947,True
3D-MR-MS,patient29,FocalTversky,2,5,16,19.9889755348515,True
3D-MR-MS,patient29,FocalTversky,2,6,75,13.319681264826949,True
3D-MR-MS,patient29,FocalTversky,2,7,14,13.235429905595028,False
3D-MR-MS,patient29,FocalTversky,2,8,81,7.432511539392531,True
3D-MR-MS,patient29,FocalTversky,2,9,48,8.948258453224467,False
3D-MR-MS,patient29,FocalTversky,2,10,108,0.800000011920929,False
3D-MR-MS,patient29,FocalTversky,2,11,402,11.708710765705693,True
3D-MR-MS,patient29,FocalTversky,2,12,18,16.976587740953537,True
3D-MR-MS,patient29,FocalTversky,2,13,69,20.32026871092411,False
3D-MR-MS,patient29,FocalTversky,2,14,179,59.32996629985661,False
3D-MR-MS,patient29,FocalTversky,2,15,1,61.304392133778805,False
3D-MR-MS,patient29,FocalTversky,2,16,49,17.805206853666068,True
3D-MR-MS,patient29,FocalTversky,2,17,38,23.068109931013794,True
3D-MR-MS,patient29,FocalTversky,2,18,44,10.299897625794014,True
3D-MR-MS,patient29,FocalTversky,2,19,339,9.917174590964695,True
3D-MR-MS,patient29,FocalTversky,2,20,32,7.933010618340501,True
3D-MR-MS,patient29,FocalTversky,2,21,68,27.245789123801092,True
3D-MR-MS,patient29,FocalTversky,3,1,229,24.99119019732029,True
3D-MR-MS,patient29,FocalTversky,3,2,29,27.587107425276578,True
3D-MR-MS,patient29,FocalTversky,3,3,12,23.293462699426456,True
3D-MR-MS,patient29,FocalTversky,3,4,29,17.6624448657947,True
3D-MR-MS,patient29,FocalTversky,3,5,16,19.9889755348515,True
3D-MR-MS,patient29,FocalTversky,3,6,75,13.319681264826949,True
3D-MR-MS,patient29,FocalTversky,3,7,14,13.235429905595028,True
3D-MR-MS,patient29,FocalTversky,3,8,81,7.432511539392531,True
3D-MR-MS,patient29,FocalTversky,3,9,48,8.948258453224467,False
3D-MR-MS,patient29,FocalTversky,3,10,108,0.800000011920929,False
3D-MR-MS,patient29,FocalTversky,3,11,402,11.708710765705693,True
3D-MR-MS,patient29,FocalTversky,3,12,18,16.976587740953537,True
3D-MR-MS,patient29,FocalTversky,3,13,69,20.32026871092411,False
3D-MR-MS,patient29,FocalTversky,3,14,179,59.32996629985661,False
3D-MR-MS,patient29,FocalTversky,3,15,1,61.304392133778805,False
3D-MR-MS,patient29,FocalTversky,3,16,49,17.805206853666068,True
3D-MR-MS,patient29,FocalTversky,3,17,38,23.068109931013794,True
3D-MR-MS,patient29,FocalTversky,3,18,44,10.299897625794014,True
3D-MR-MS,patient29,FocalTversky,3,19,339,9.917174590964695,True
3D-MR-MS,patient29,FocalTversky,3,20,32,7.933010618340501,True
3D-MR-MS,patient29,FocalTversky,3,21,68,27.245789123801092,True
3D-MR-MS,patient29,FocalTversky,4,1,229,24.99119019732029,True
3D-MR-MS,patient29,FocalTversky,4,2,29,27.587107425276578,True
3D-MR-MS,patient29,FocalTversky,4,3,12,23.293462699426456,False
3D-MR-MS,patient29,FocalTversky,4,4,29,17.6624448657947,True
3D-MR-MS,patient29,FocalTversky,4,5,16,19.9889755348515,True
3D-MR-MS,patient29,FocalTversky,4,6,75,13.319681264826949,True
3D-MR-MS,patient29,FocalTversky,4,7,14,13.235429905595028,True
3D-MR-MS,patient29,FocalTversky,4,8,81,7.432511539392531,True
3D-MR-MS,patient29,FocalTversky,4,9,48,8.948258453224467,False
3D-MR-MS,patient29,FocalTversky,4,10,108,0.800000011920929,False
3D-MR-MS,patient29,FocalTversky,4,11,402,11.708710765705693,True
3D-MR-MS,patient29,FocalTversky,4,12,18,16.976587740953537,True
3D-MR-MS,patient29,FocalTversky,4,13,69,20.32026871092411,False
3D-MR-MS,patient29,FocalTversky,4,14,179,59.32996629985661,False
3D-MR-MS,patient29,FocalTversky,4,15,1,61.304392133778805,False
3D-MR-MS,patient29,FocalTversky,4,16,49,17.805206853666068,True
3D-MR-MS,patient29,FocalTversky,4,17,38,23.068109931013794,True
3D-MR-MS,patient29,FocalTversky,4,18,44,10.299897625794014,True
3D-MR-MS,patient29,FocalTversky,4,19,339,9.917174590964695,True
3D-MR-MS,patient29,FocalTversky,4,20,32,7.933010618340501,True
3D-MR-MS,patient29,FocalTversky,4,21,68,27.245789123801092,True
