dataset,case,loss,variant,fold,d_mm,ventricle_ml,gt_pv_lesions,gt_pv_small_lesions,pv_lesions_missed,pv_small_missed,indicator_gt,indicator_pred,indicator_detected
MSLesSeg,P13_T1,CATMIL,raw,0,1,46.358,0,0,0,0,False,True,False
MSLesSeg,P13_T1,CATMIL,raw,0,2,46.358,9,4,0,0,True,True,True
MSLesSeg,P13_T1,CATMIL,raw,0,3,46.358,15,8,0,0,True,True,True
MSLesSeg,P13_T1,CATMIL,raw,0,5,46.358,17,9,0,0,True,True,True
MSLesSeg,P13_T1,CATMIL,raw,1,1,46.358,0,0,0,0,False,True,False
MSLesSeg,P13_T1,CATMIL,raw,1,2,46.358,9,4,0,0,True,True,True
MSLesSeg,P13_T1,CATMIL,raw,1,3,46.358,15,8,0,0,True,True,True
MSLesSeg,P13_T1,CATMIL,raw,1,5,46.358,17,9,0,0,True,True,True
MSLesSeg,P13_T1,CATMIL,raw,2,1,46.358,0,0,0,0,False,True,False
MSLesSeg,P13_T1,CATMIL,raw,2,2,46.358,9,4,0,0,True,True,True
MSLesSeg,P13_T1,CATMIL,raw,2,3,46.358,15,8,0,0,True,True,True
MSLesSeg,P13_T1,CATMIL,raw,2,5,46.358,17,9,0,0,True,True,True
MSLesSeg,P13_T1,CATMIL,raw,3,1,46.358,0,0,0,0,False,True,False
MSLesSeg,P13_T1,CATMIL,raw,3,2,46.358,9,4,0,0,True,True,True
MSLesSeg,P13_T1,CATMIL,raw,3,3,46.358,15,8,0,0,True,True,True
MSLesSeg,P13_T1,CATMIL,raw,3,5,46.358,17,9,0,0,True,True,True
MSLesSeg,P13_T1,CATMIL,raw,4,1,46.358,0,0,0,0,False,True,False
MSLesSeg,P13_T1,CATMIL,raw,4,2,46.358,9,4,0,0,True,True,True
MSLesSeg,P13_T1,CATMIL,raw,4,3,46.358,15,8,0,0,True,True,True
MSLesSeg,P13_T1,CATMIL,raw,4,5,46.358,17,9,0,0,True,True,True
MSLesSeg,P13_T1,CATMIL,pp5,0,1,46.358,0,0,0,0,False,True,False
MSLesSeg,P13_T1,CATMIL,pp5,0,2,46.358,9,4,0,0,True,True,True
MSLesSeg,P13_T1,CATMIL,pp5,0,3,46.358,15,8,0,0,True,True,True
MSLesSeg,P13_T1,CATMIL,pp5,0,5,46.358,17,9,0,0,True,True,True
MSLesSeg,P13_T1,CATMIL,pp5,1,1,46.358,0,0,0,0,False,True,False
MSLesSeg,P13_T1,CATMIL,pp5,1,2,46.358,9,4,0,0,True,True,True
MSLesSeg,P13_T1,CATMIL,pp5,1,3,46.358,15,8,0,0,True,True,True
MSLesSeg,P13_T1,CATMIL,pp5,1,5,46.358,17,9,0,0,True,True,True
MSLesSeg,P13_T1,CATMIL,pp5,2,1,46.358,0,0,0,0,False,True,False
MSLesSeg,P13_T1,CATMIL,pp5,2,2,46.358,9,4,0,0,True,True,True
MSLesSeg,P13_T1,CATMIL,pp5,2,3,46.358,15,8,0,0,True,True,True
MSLesSeg,P13_T1,CATMIL,pp5,2,5,46.358,17,9,0,0,True,True,True
MSLesSeg,P13_T1,CATMIL,pp5,3,1,46.358,0,0,0,0,False,True,False
MSLesSeg,P13_T1,CATMIL,pp5,3,2,46.358,9,4,0,0,True,True,True
MSLesSeg,P13_T1,CATMIL,pp5,3,3,46.358,15,8,0,0,True,True,True
MSLesSeg,P13_T1,CATMIL,pp5,3,5,46.358,17,9,0,0,True,True,True
MSLesSeg,P13_T1,CATMIL,pp5,4,1,46.358,0,0,0,0,False,True,False
MSLesSeg,P13_T1,CATMIL,pp5,4,2,46.358,9,4,0,0,True,True,True
MSLesSeg,P13_T1,CATMIL,pp5,4,3,46.358,15,8,0,0,True,True,True
MSLesSeg,P13_T1,CATMIL,pp5,4,5,46.358,17,9,0,0,True,True,True
MSLesSeg,P13_T1,DiceCE,raw,0,1,46.358,0,0,0,0,False,True,False
MSLesSeg,P13_T1,DiceCE,raw,0,2,46.358,9,4,0,0,True,True,True
MSLesSeg,P13_T1,DiceCE,raw,0,3,46.358,15,8,0,0,True,True,True
MSLesSeg,P13_T1,DiceCE,raw,0,5,46.358,17,9,0,0,True,True,True
MSLesSeg,P13_T1,DiceCE,raw,1,1,46.358,0,0,0,0,False,False,False
MSLesSeg,P13_T1,DiceCE,raw,1,2,46.358,9,4,0,0,True,True,True
MSLesSeg,P13_T1,DiceCE,raw,1,3,46.358,15,8,0,0,True,True,True
MSLesSeg,P13_T1,DiceCE,raw,1,5,46.358,17,9,0,0,True,True,True
MSLesSeg,P13_T1,DiceCE,raw,2,1,46.358,0,0,0,0,False,True,False
MSLesSeg,P13_T1,DiceCE,raw,2,2,46.358,9,4,0,0,True,True,True
MSLesSeg,P13_T1,DiceCE,raw,2,3,46.358,15,8,0,0,True,True,True
MSLesSeg,P13_T1,DiceCE,raw,2,5,46.358,17,9,0,0,True,True,True
MSLesSeg,P13_T1,DiceCE,raw,3,1,46.358,0,0,0,0,False,True,False
MSLesSeg,P13_T1,DiceCE,raw,3,2,46.358,9,4,0,0,True,True,True
MSLesSeg,P13_T1,DiceCE,raw,3,3,46.358,15,8,0,0,True,True,True
MSLesSeg,P13_T1,DiceCE,raw,3,5,46.358,17,9,0,0,True,True,True
MSLesSeg,P13_T1,DiceCE,raw,4,1,46.358,0,0,0,0,False,False,False
MSLesSeg,P13_T1,DiceCE,raw,4,2,46.358,9,4,0,0,True,True,True
MSLesSeg,P13_T1,DiceCE,raw,4,3,46.358,15,8,0,0,True,True,True
MSLesSeg,P13_T1,DiceCE,raw,4,5,46.358,17,9,0,0,True,True,True
MSLesSeg,P13_T1,DiceCE,pp5,0,1,46.358,0,0,0,0,False,True,False
MSLesSeg,P13_T1,DiceCE,pp5,0,2,46.358,9,4,0,0,True,True,True
MSLesSeg,P13_T1,DiceCE,pp5,0,3,46.358,15,8,0,0,True,True,True
MSLesSeg,P13_T1,DiceCE,pp5,0,5,46.358,17,9,0,0,True,True,True
MSLesSeg,P13_T1,DiceCE,pp5,1,1,46.358,0,0,0,0,False,False,False
MSLesSeg,P13_T1,DiceCE,pp5,1,2,46.358,9,4,0,0,True,True,True
MSLesSeg,P13_T1,DiceCE,pp5,1,3,46.358,15,8,0,0,True,True,True
MSLesSeg,P13_T1,DiceCE,pp5,1,5,46.358,17,9,0,0,True,True,True
MSLesSeg,P13_T1,DiceCE,pp5,2,1,46.358,0,0,0,0,False,True,False
MSLesSeg,P13_T1,DiceCE,pp5,2,2,46.358,9,4,0,0,True,True,True
MSLesSeg,P13_T1,DiceCE,pp5,2,3,46.358,15,8,0,0,True,True,True
MSLesSeg,P13_T1,DiceCE,pp5,2,5,46.358,17,9,0,0,True,True,True
MSLesSeg,P13_T1,DiceCE,pp5,3,1,46.358,0,0,0,0,False,True,False
MSLesSeg,P13_T1,DiceCE,pp5,3,2,46.358,9,4,0,0,True,True,True
MSLesSeg,P13_T1,DiceCE,pp5,3,3,46.358,15,8,0,0,True,True,True
MSLesSeg,P13_T1,DiceCE,pp5,3,5,46.358,17,9,0,0,True,True,True
MSLesSeg,P13_T1,DiceCE,pp5,4,1,46.358,0,0,0,0,False,False,False
MSLesSeg,P13_T1,DiceCE,pp5,4,2,46.358,9,4,0,0,True,True,True
MSLesSeg,P13_T1,DiceCE,pp5,4,3,46.358,15,8,0,0,True,True,True
MSLesSeg,P13_T1,DiceCE,pp5,4,5,46.358,17,9,0,0,True,True,True
MSLesSeg,P13_T1,Tversky,raw,0,1,46.358,0,0,0,0,False,True,False
MSLesSeg,P13_T1,Tversky,raw,0,2,46.358,9,4,0,0,True,True,True
MSLesSeg,P13_T1,Tversky,raw,0,3,46.358,15,8,0,0,True,True,True
MSLesSeg,P13_T1,Tversky,raw,0,5,46.358,17,9,0,0,True,True,True
MSLesSeg,P13_T1,Tversky,raw,1,1,46.358,0,0,0,0,False,True,False
MSLesSeg,P13_T1,Tversky,raw,1,2,46.358,9,4,0,0,True,True,True
MSLesSeg,P13_T1,Tversky,raw,1,3,46.358,15,8,0,0,True,True,True
MSLesSeg,P13_T1,Tversky,raw,1,5,46.358,17,9,0,0,True,True,True
MSLesSeg,P13_T1,Tversky,raw,2,1,46.358,0,0,0,0,False,True,False
MSLesSeg,P13_T1,Tversky,raw,2,2,46.358,9,4,0,0,True,True,True
MSLesSeg,P13_T1,Tversky,raw,2,3,46.358,15,8,0,0,True,True,True
MSLesSeg,P13_T1,Tversky,raw,2,5,46.358,17,9,0,0,True,True,True
MSLesSeg,P13_T1,Tversky,raw,3,1,46.358,0,0,0,0,False,True,False
MSLesSeg,P13_T1,Tversky,raw,3,2,46.358,9,4,0,0,True,True,True
MSLesSeg,P13_T1,Tversky,raw,3,3,46.358,15,8,0,0,True,True,True
MSLesSeg,P13_T1,Tversky,raw,3,5,46.358,17,9,0,0,True,True,True
MSLesSeg,P13_T1,Tversky,raw,4,1,46.358,0,0,0,0,False,True,False
MSLesSeg,P13_T1,Tversky,raw,4,2,46.358,9,4,0,0,True,True,True
MSLesSeg,P13_T1,Tversky,raw,4,3,46.358,15,8,0,0,True,True,True
MSLesSeg,P13_T1,Tversky,raw,4,5,46.358,17,9,0,0,True,True,True
MSLesSeg,P13_T1,Tversky,pp5,0,1,46.358,0,0,0,0,False,True,False
MSLesSeg,P13_T1,Tversky,pp5,0,2,46.358,9,4,0,0,True,True,True
MSLesSeg,P13_T1,Tversky,pp5,0,3,46.358,15,8,0,0,True,True,True
MSLesSeg,P13_T1,Tversky,pp5,0,5,46.358,17,9,0,0,True,True,True
MSLesSeg,P13_T1,Tversky,pp5,1,1,46.358,0,0,0,0,False,True,False
MSLesSeg,P13_T1,Tversky,pp5,1,2,46.358,9,4,0,0,True,True,True
MSLesSeg,P13_T1,Tversky,pp5,1,3,46.358,15,8,0,0,True,True,True
MSLesSeg,P13_T1,Tversky,pp5,1,5,46.358,17,9,0,0,True,True,True
MSLesSeg,P13_T1,Tversky,pp5,2,1,46.358,0,0,0,0,False,True,False
MSLesSeg,P13_T1,Tversky,pp5,2,2,46.358,9,4,0,0,True,True,True
MSLesSeg,P13_T1,Tversky,pp5,2,3,46.358,15,8,0,0,True,True,True
MSLesSeg,P13_T1,Tversky,pp5,2,5,46.358,17,9,0,0,True,True,True
MSLesSeg,P13_T1,Tversky,pp5,3,1,46.358,0,0,0,0,False,True,False
MSLesSeg,P13_T1,Tversky,pp5,3,2,46.358,9,4,0,0,True,True,True
MSLesSeg,P13_T1,Tversky,pp5,3,3,46.358,15,8,0,0,True,True,True
MSLesSeg,P13_T1,Tversky,pp5,3,5,46.358,17,9,0,0,True,True,True
MSLesSeg,P13_T1,Tversky,pp5,4,1,46.358,0,0,0,0,False,True,False
MSLesSeg,P13_T1,Tversky,pp5,4,2,46.358,9,4,0,0,True,True,True
MSLesSeg,P13_T1,Tversky,pp5,4,3,46.358,15,8,0,0,True,True,True
MSLesSeg,P13_T1,Tversky,pp5,4,5,46.358,17,9,0,0,True,True,True
MSLesSeg,P13_T1,FocalTversky,raw,0,1,46.358,0,0,0,0,False,True,False
MSLesSeg,P13_T1,FocalTversky,raw,0,2,46.358,9,4,0,0,True,True,True
MSLesSeg,P13_T1,FocalTversky,raw,0,3,46.358,15,8,0,0,True,True,True
MSLesSeg,P13_T1,FocalTversky,raw,0,5,46.358,17,9,0,0,True,True,True
MSLesSeg,P13_T1,FocalTversky,raw,1,1,46.358,0,0,0,0,False,False,False
MSLesSeg,P13_T1,FocalTversky,raw,1,2,46.358,9,4,0,0,True,True,True
MSLesSeg,P13_T1,FocalTversky,raw,1,3,46.358,15,8,0,0,True,True,True
MSLesSeg,P13_T1,FocalTversky,raw,1,5,46.358,17,9,0,0,True,True,True
MSLesSeg,P13_T1,FocalTversky,raw,2,1,46.358,0,0,0,0,False,True,False
MSLesSeg,P13_T1,FocalTversky,raw,2,2,46.358,9,4,0,0,True,True,True
MSLesSeg,P13_T1,FocalTversky,raw,2,3,46.358,15,8,0,0,True,True,True
MSLesSeg,P13_T1,FocalTversky,raw,2,5,46.358,17,9,0,0,True,True,True
MSLesSeg,P13_T1,FocalTversky,raw,3,1,46.358,0,0,0,0,False,True,False
MSLesSeg,P13_T1,FocalTversky,raw,3,2,46.358,9,4,0,0,True,True,True
MSLesSeg,P13_T1,FocalTversky,raw,3,3,46.358,15,8,0,0,True,True,True
MSLesSeg,P13_T1,FocalTversky,raw,3,5,46.358,17,9,0,0,True,True,True
MSLesSeg,P13_T1,FocalTversky,raw,4,1,46.358,0,0,0,0,False,True,False
MSLesSeg,P13_T1,FocalTversky,raw,4,2,46.358,9,4,0,0,True,True,True
MSLesSeg,P13_T1,FocalTversky,raw,4,3,46.358,15,8,0,0,True,True,True
MSLesSeg,P13_T1,FocalTversky,raw,4,5,46.358,17,9,0,0,True,True,True
MSLesSeg,P13_T1,FocalTversky,pp5,0,1,46.358,0,0,0,0,False,True,False
MSLesSeg,P13_T1,FocalTversky,pp5,0,2,46.358,9,4,0,0,True,True,True
MSLesSeg,P13_T1,FocalTversky,pp5,0,3,46.358,15,8,0,0,True,True,True
MSLesSeg,P13_T1,FocalTversky,pp5,0,5,46.358,17,9,0,0,True,True,True
MSLesSeg,P13_T1,FocalTversky,pp5,1,1,46.358,0,0,0,0,False,False,False
MSLesSeg,P13_T1,FocalTversky,pp5,1,2,46.358,9,4,0,0,True,True,True
MSLesSeg,P13_T1,FocalTversky,pp5,1,3,46.358,15,8,0,0,True,True,True
MSLesSeg,P13_T1,FocalTversky,pp5,1,5,46.358,17,9,0,0,True,True,True
MSLesSeg,P13_T1,FocalTversky,pp5,2,1,46.358,0,0,0,0,False,True,False
MSLesSeg,P13_T1,FocalTversky,pp5,2,2,46.358,9,4,0,0,True,True,True
MSLesSeg,P13_T1,FocalTversky,pp5,2,3,46.358,15,8,0,0,True,True,True
MSLesSeg,P13_T1,FocalTversky,pp5,2,5,46.358,17,9,0,0,True,True,True
MSLesSeg,P13_T1,FocalTversky,pp5,3,1,46.358,0,0,0,0,False,True,False
MSLesSeg,P13_T1,FocalTversky,pp5,3,2,46.358,9,4,0,0,True,True,True
MSLesSeg,P13_T1,FocalTversky,pp5,3,3,46.358,15,8,0,0,True,True,True
MSLesSeg,P13_T1,FocalTversky,pp5,3,5,46.358,17,9,0,0,True,True,True
MSLesSeg,P13_T1,FocalTversky,pp5,4,1,46.358,0,0,0,0,False,True,False
MSLesSeg,P13_T1,FocalTversky,pp5,4,2,46.358,9,4,0,0,True,True,True
MSLesSeg,P13_T1,FocalTversky,pp5,4,3,46.358,15,8,0,0,True,True,True
MSLesSeg,P13_T1,FocalTversky,pp5,4,5,46.358,17,9,0,0,True,True,True
MSLesSeg,P13_T2,CATMIL,raw,0,1,48.387,0,0,0,0,False,True,False
MSLesSeg,P13_T2,CATMIL,raw,0,2,48.387,13,7,0,0,True,True,True
MSLesSeg,P13_T2,CATMIL,raw,0,3,48.387,26,18,0,0,True,True,True
MSLesSeg,P13_T2,CATMIL,raw,0,5,48.387,29,19,1,1,True,True,True
MSLesSeg,P13_T2,CATMIL,raw,1,1,48.387,0,0,0,0,False,True,False
MSLesSeg,P13_T2,CATMIL,raw,1,2,48.387,13,7,0,0,True,True,True
MSLesSeg,P13_T2,CATMIL,raw,1,3,48.387,26,18,0,0,True,True,True
MSLesSeg,P13_T2,CATMIL,raw,1,5,48.387,29,19,0,0,True,True,True
MSLesSeg,P13_T2,CATMIL,raw,2,1,48.387,0,0,0,0,False,True,False
MSLesSeg,P13_T2,CATMIL,raw,2,2,48.387,13,7,0,0,True,True,True
MSLesSeg,P13_T2,CATMIL,raw,2,3,48.387,26,18,0,0,True,True,True
MSLesSeg,P13_T2,CATMIL,raw,2,5,48.387,29,19,1,1,True,True,True
MSLesSeg,P13_T2,CATMIL,raw,3,1,48.387,0,0,0,0,False,True,False
MSLesSeg,P13_T2,CATMIL,raw,3,2,48.387,13,7,1,1,True,True,True
MSLesSeg,P13_T2,CATMIL,raw,3,3,48.387,26,18,1,1,True,True,True
MSLesSeg,P13_T2,CATMIL,raw,3,5,48.387,29,19,1,1,True,True,True
MSLesSeg,P13_T2,CATMIL,raw,4,1,48.387,0,0,0,0,False,True,False
MSLesSeg,P13_T2,CATMIL,raw,4,2,48.387,13,7,0,0,True,True,True
MSLesSeg,P13_T2,CATMIL,raw,4,3,48.387,26,18,0,0,True,True,True
MSLesSeg,P13_T2,CATMIL,raw,4,5,48.387,29,19,0,0,True,True,True
MSLesSeg,P13_T2,CATMIL,pp5,0,1,48.387,0,0,0,0,False,True,False
MSLesSeg,P13_T2,CATMIL,pp5,0,2,48.387,13,7,0,0,True,True,True
MSLesSeg,P13_T2,CATMIL,pp5,0,3,48.387,26,18,1,1,True,True,True
MSLesSeg,P13_T2,CATMIL,pp5,0,5,48.387,29,19,2,2,True,True,True
MSLesSeg,P13_T2,CATMIL,pp5,1,1,48.387,0,0,0,0,False,True,False
MSLesSeg,P13_T2,CATMIL,pp5,1,2,48.387,13,7,0,0,True,True,True
MSLesSeg,P13_T2,CATMIL,pp5,1,3,48.387,26,18,0,0,True,True,True
MSLesSeg,P13_T2,CATMIL,pp5,1,5,48.387,29,19,1,1,True,True,True
MSLesSeg,P13_T2,CATMIL,pp5,2,1,48.387,0,0,0,0,False,True,False
MSLesSeg,P13_T2,CATMIL,pp5,2,2,48.387,13,7,0,0,True,True,True
MSLesSeg,P13_T2,CATMIL,pp5,2,3,48.387,26,18,1,1,True,True,True
MSLesSeg,P13_T2,CATMIL,pp5,2,5,48.387,29,19,2,2,True,True,True
MSLesSeg,P13_T2,CATMIL,pp5,3,1,48.387,0,0,0,0,False,True,False
MSLesSeg,P13_T2,CATMIL,pp5,3,2,48.387,13,7,1,1,True,True,True
MSLesSeg,P13_T2,CATMIL,pp5,3,3,48.387,26,18,2,2,True,True,True
MSLesSeg,P13_T2,CATMIL,pp5,3,5,48.387,29,19,3,3,True,True,True
MSLesSeg,P13_T2,CATMIL,pp5,4,1,48.387,0,0,0,0,False,True,False
MSLesSeg,P13_T2,CATMIL,pp5,4,2,48.387,13,7,1,1,True,True,True
MSLesSeg,P13_T2,CATMIL,pp5,4,3,48.387,26,18,1,1,True,True,True
MSLesSeg,P13_T2,CATMIL,pp5,4,5,48.387,29,19,1,1,True,True,True
MSLesSeg,P13_T2,DiceCE,raw,0,1,48.387,0,0,0,0,False,True,False
MSLesSeg,P13_T2,DiceCE,raw,0,2,48.387,13,7,1,1,True,True,True
MSLesSeg,P13_T2,DiceCE,raw,0,3,48.387,26,18,2,2,True,True,True
MSLesSeg,P13_T2,DiceCE,raw,0,5,48.387,29,19,3,3,True,True,True
MSLesSeg,P13_T2,DiceCE,raw,1,1,48.387,0,0,0,0,False,True,False
MSLesSeg,P13_T2,DiceCE,raw,1,2,48.387,13,7,1,1,True,True,True
MSLesSeg,P13_T2,DiceCE,raw,1,3,48.387,26,18,2,2,True,True,True
MSLesSeg,P13_T2,DiceCE,raw,1,5,48.387,29,19,3,3,True,True,True
MSLesSeg,P13_T2,DiceCE,raw,2,1,48.387,0,0,0,0,False,False,False
MSLesSeg,P13_T2,DiceCE,raw,2,2,48.387,13,7,2,2,True,True,True
MSLesSeg,P13_T2,DiceCE,raw,2,3,48.387,26,18,5,5,True,True,True
MSLesSeg,P13_T2,DiceCE,raw,2,5,48.387,29,19,6,6,True,True,True
MSLesSeg,P13_T2,DiceCE,raw,3,1,48.387,0,0,0,0,False,True,False
MSLesSeg,P13_T2,DiceCE,raw,3,2,48.387,13,7,2,2,True,True,True
MSLesSeg,P13_T2,DiceCE,raw,3,3,48.387,26,18,3,3,True,True,True
MSLesSeg,P13_T2,DiceCE,raw,3,5,48.387,29,19,4,4,True,True,True
MSLesSeg,P13_T2,DiceCE,raw,4,1,48.387,0,0,0,0,False,True,False
MSLesSeg,P13_T2,DiceCE,raw,4,2,48.387,13,7,1,1,True,True,True
MSLesSeg,P13_T2,DiceCE,raw,4,3,48.387,26,18,2,2,True,True,True
MSLesSeg,P13_T2,DiceCE,raw,4,5,48.387,29,19,3,3,True,True,True
MSLesSeg,P13_T2,DiceCE,pp5,0,1,48.387,0,0,0,0,False,True,False
MSLesSeg,P13_T2,DiceCE,pp5,0,2,48.387,13,7,1,1,True,True,True
MSLesSeg,P13_T2,DiceCE,pp5,0,3,48.387,26,18,2,2,True,True,True
MSLesSeg,P13_T2,DiceCE,pp5,0,5,48.387,29,19,3,3,True,True,True
MSLesSeg,P13_T2,DiceCE,pp5,1,1,48.387,0,0,0,0,False,True,False
MSLesSeg,P13_T2,DiceCE,pp5,1,2,48.387,13,7,2,2,True,True,True
MSLesSeg,P13_T2,DiceCE,pp5,1,3,48.387,26,18,3,3,True,True,True
MSLesSeg,P13_T2,DiceCE,pp5,1,5,48.387,29,19,4,4,True,True,True
MSLesSeg,P13_T2,DiceCE,pp5,2,1,48.387,0,0,0,0,False,False,False
MSLesSeg,P13_T2,DiceCE,pp5,2,2,48.387,13,7,2,2,True,True,True
MSLesSeg,P13_T2,DiceCE,pp5,2,3,48.387,26,18,5,5,True,True,True
MSLesSeg,P13_T2,DiceCE,pp5,2,5,48.387,29,19,6,6,True,True,True
MSLesSeg,P13_T2,DiceCE,pp5,3,1,48.387,0,0,0,0,False,True,False
MSLesSeg,P13_T2,DiceCE,pp5,3,2,48.387,13,7,2,2,True,True,True
MSLesSeg,P13_T2,DiceCE,pp5,3,3,48.387,26,18,3,3,True,True,True
MSLesSeg,P13_T2,DiceCE,pp5,3,5,48.387,29,19,4,4,True,True,True
MSLesSeg,P13_T2,DiceCE,pp5,4,1,48.387,0,0,0,0,False,True,False
MSLesSeg,P13_T2,DiceCE,pp5,4,2,48.387,13,7,1,1,True,True,True
MSLesSeg,P13_T2,DiceCE,pp5,4,3,48.387,26,18,2,2,True,True,True
MSLesSeg,P13_T2,DiceCE,pp5,4,5,48.387,29,19,3,3,True,True,True
MSLesSeg,P13_T2,Tversky,raw,0,1,48.387,0,0,0,0,False,True,False
MSLesSeg,P13_T2,Tversky,raw,0,2,48.387,13,7,0,0,True,True,True
MSLesSeg,P13_T2,Tversky,raw,0,3,48.387,26,18,1,1,True,True,True
MSLesSeg,P13_T2,Tversky,raw,0,5,48.387,29,19,2,2,True,True,True
MSLesSeg,P13_T2,Tversky,raw,1,1,48.387,0,0,0,0,False,True,False
MSLesSeg,P13_T2,Tversky,raw,1,2,48.387,13,7,0,0,True,True,True
MSLesSeg,P13_T2,Tversky,raw,1,3,48.387,26,18,0,0,True,True,True
MSLesSeg,P13_T2,Tversky,raw,1,5,48.387,29,19,1,1,True,True,True
MSLesSeg,P13_T2,Tversky,raw,2,1,48.387,0,0,0,0,False,True,False
MSLesSeg,P13_T2,Tversky,raw,2,2,48.387,13,7,0,0,True,True,True
MSLesSeg,P13_T2,Tversky,raw,2,3,48.387,26,18,1,1,True,True,True
MSLesSeg,P13_T2,Tversky,raw,2,5,48.387,29,19,2,2,True,True,True
MSLesSeg,P13_T2,Tversky,raw,3,1,48.387,0,0,0,0,False,True,False
MSLesSeg,P13_T2,Tversky,raw,3,2,48.387,13,7,0,0,True,True,True
MSLesSeg,P13_T2,Tversky,raw,3,3,48.387,26,18,1,1,True,True,True
MSLesSeg,P13_T2,Tversky,raw,3,5,48.387,29,19,1,1,True,True,True
MSLesSeg,P13_T2,Tversky,raw,4,1,48.387,0,0,0,0,False,True,False
MSLesSeg,P13_T2,Tversky,raw,4,2,48.387,13,7,0,0,True,True,True
MSLesSeg,P13_T2,Tversky,raw,4,3,48.387,26,18,0,0,True,True,True
MSLesSeg,P13_T2,Tversky,raw,4,5,48.387,29,19,1,1,True,True,True
MSLesSeg,P13_T2,Tversky,pp5,0,1,48.387,0,0,0,0,False,True,False
MSLesSeg,P13_T2,Tversky,pp5,0,2,48.387,13,7,1,1,True,True,True
MSLesSeg,P13_T2,Tversky,pp5,0,3,48.387,26,18,2,2,True,True,True
MSLesSeg,P13_T2,Tversky,pp5,0,5,48.387,29,19,3,3,True,True,True
MSLesSeg,P13_T2,Tversky,pp5,1,1,48.387,0,0,0,0,False,True,False
MSLesSeg,P13_T2,Tversky,pp5,1,2,48.387,13,7,0,0,True,True,True
MSLesSeg,P13_T2,Tversky,pp5,1,3,48.387,26,18,0,0,True,True,True
MSLesSeg,P13_T2,Tversky,pp5,1,5,48.387,29,19,1,1,True,True,True
MSLesSeg,P13_T2,Tversky,pp5,2,1,48.387,0,0,0,0,False,True,False
MSLesSeg,P13_T2,Tversky,pp5,2,2,48.387,13,7,1,1,True,True,True
MSLesSeg,P13_T2,Tversky,pp5,2,3,48.387,26,18,2,2,True,True,True
MSLesSeg,P13_T2,Tversky,pp5,2,5,48.387,29,19,3,3,True,True,True
MSLesSeg,P13_T2,Tversky,pp5,3,1,48.387,0,0,0,0,False,True,False
MSLesSeg,P13_T2,Tversky,pp5,3,2,48.387,13,7,0,0,True,True,True
MSLesSeg,P13_T2,Tversky,pp5,3,3,48.387,26,18,1,1,True,True,True
MSLesSeg,P13_T2,Tversky,pp5,3,5,48.387,29,19,1,1,True,True,True
MSLesSeg,P13_T2,Tversky,pp5,4,1,48.387,0,0,0,0,False,True,False
MSLesSeg,P13_T2,Tversky,pp5,4,2,48.387,13,7,0,0,True,True,True
MSLesSeg,P13_T2,Tversky,pp5,4,3,48.387,26,18,1,1,True,True,True
MSLesSeg,P13_T2,Tversky,pp5,4,5,48.387,29,19,2,2,True,True,True
MSLesSeg,P13_T2,FocalTversky,raw,0,1,48.387,0,0,0,0,False,True,False
MSLesSeg,P13_T2,FocalTversky,raw,0,2,48.387,13,7,0,0,True,True,True
MSLesSeg,P13_T2,FocalTversky,raw,0,3,48.387,26,18,0,0,True,True,True
MSLesSeg,P13_T2,FocalTversky,raw,0,5,48.387,29,19,1,1,True,True,True
MSLesSeg,P13_T2,FocalTversky,raw,1,1,48.387,0,0,0,0,False,True,False
MSLesSeg,P13_T2,FocalTversky,raw,1,2,48.387,13,7,0,0,True,True,True
MSLesSeg,P13_T2,FocalTversky,raw,1,3,48.387,26,18,1,1,True,True,True
MSLesSeg,P13_T2,FocalTversky,raw,1,5,48.387,29,19,2,2,True,True,True
MSLesSeg,P13_T2,FocalTversky,raw,2,1,48.387,0,0,0,0,False,True,False
MSLesSeg,P13_T2,FocalTversky,raw,2,2,48.387,13,7,1,1,True,True,True
MSLesSeg,P13_T2,FocalTversky,raw,2,3,48.387,26,18,2,2,True,True,True
MSLesSeg,P13_T2,FocalTversky,raw,2,5,48.387,29,19,3,3,True,True,True
MSLesSeg,P13_T2,FocalTversky,raw,3,1,48.387,0,0,0,0,False,True,False
MSLesSeg,P13_T2,FocalTversky,raw,3,2,48.387,13,7,0,0,True,True,True
MSLesSeg,P13_T2,FocalTversky,raw,3,3,48.387,26,18,0,0,True,True,True
MSLesSeg,P13_T2,FocalTversky,raw,3,5,48.387,29,19,0,0,True,True,True
MSLesSeg,P13_T2,FocalTversky,raw,4,1,48.387,0,0,0,0,False,True,False
MSLesSeg,P13_T2,FocalTversky,raw,4,2,48.387,13,7,0,0,True,True,True
MSLesSeg,P13_T2,FocalTversky,raw,4,3,48.387,26,18,0,0,True,True,True
MSLesSeg,P13_T2,FocalTversky,raw,4,5,48.387,29,19,1,1,True,True,True
MSLesSeg,P13_T2,FocalTversky,pp5,0,1,48.387,0,0,0,0,False,True,False
MSLesSeg,P13_T2,FocalTversky,pp5,0,2,48.387,13,7,0,0,True,True,True
MSLesSeg,P13_T2,FocalTversky,pp5,0,3,48.387,26,18,0,0,True,True,True
MSLesSeg,P13_T2,FocalTversky,pp5,0,5,48.387,29,19,1,1,True,True,True
MSLesSeg,P13_T2,FocalTversky,pp5,1,1,48.387,0,0,0,0,False,True,False
MSLesSeg,P13_T2,FocalTversky,pp5,1,2,48.387,13,7,2,2,True,True,True
MSLesSeg,P13_T2,FocalTversky,pp5,1,3,48.387,26,18,3,3,True,True,True
MSLesSeg,P13_T2,FocalTversky,pp5,1,5,48.387,29,19,4,4,True,True,True
MSLesSeg,P13_T2,FocalTversky,pp5,2,1,48.387,0,0,0,0,False,True,False
MSLesSeg,P13_T2,FocalTversky,pp5,2,2,48.387,13,7,1,1,True,True,True
MSLesSeg,P13_T2,FocalTversky,pp5,2,3,48.387,26,18,2,2,True,True,True
MSLesSeg,P13_T2,FocalTversky,pp5,2,5,48.387,29,19,3,3,True,True,True
MSLesSeg,P13_T2,FocalTversky,pp5,3,1,48.387,0,0,0,0,False,True,False
MSLesSeg,P13_T2,FocalTversky,pp5,3,2,48.387,13,7,1,1,True,True,True
MSLesSeg,P13_T2,FocalTversky,pp5,3,3,48.387,26,18,2,2,True,True,True
MSLesSeg,P13_T2,FocalTversky,pp5,3,5,48.387,29,19,3,3,True,True,True
MSLesSeg,P13_T2,FocalTversky,pp5,4,1,48.387,0,0,0,0,False,True,False
MSLesSeg,P13_T2,FocalTversky,pp5,4,2,48.387,13,7,0,0,True,True,True
MSLesSeg,P13_T2,FocalTversky,pp5,4,3,48.387,26,18,0,0,True,True,True
MSLesSeg,P13_T2,FocalTversky,pp5,4,5,48.387,29,19,1,1,True,True,True
MSLesSeg,P26_T1,CATMIL,raw,0,1,15.308,3,0,0,0,True,True,True
MSLesSeg,P26_T1,CATMIL,raw,0,2,15.308,4,0,0,0,True,True,True
MSLesSeg,P26_T1,CATMIL,raw,0,3,15.308,4,0,0,0,True,True,True
MSLesSeg,P26_T1,CATMIL,raw,0,5,15.308,5,0,0,0,True,True,True
MSLesSeg,P26_T1,CATMIL,raw,1,1,15.308,3,0,0,0,True,True,True
MSLesSeg,P26_T1,CATMIL,raw,1,2,15.308,4,0,0,0,True,True,True
MSLesSeg,P26_T1,CATMIL,raw,1,3,15.308,4,0,0,0,True,True,True
MSLesSeg,P26_T1,CATMIL,raw,1,5,15.308,5,0,0,0,True,True,True
MSLesSeg,P26_T1,CATMIL,raw,2,1,15.308,3,0,0,0,True,True,True
MSLesSeg,P26_T1,CATMIL,raw,2,2,15.308,4,0,0,0,True,True,True
MSLesSeg,P26_T1,CATMIL,raw,2,3,15.308,4,0,0,0,True,True,True
MSLesSeg,P26_T1,CATMIL,raw,2,5,15.308,5,0,0,0,True,True,True
MSLesSeg,P26_T1,CATMIL,raw,3,1,15.308,3,0,0,0,True,True,True
MSLesSeg,P26_T1,CATMIL,raw,3,2,15.308,4,0,0,0,True,True,True
MSLesSeg,P26_T1,CATMIL,raw,3,3,15.308,4,0,0,0,True,True,True
MSLesSeg,P26_T1,CATMIL,raw,3,5,15.308,5,0,0,0,True,True,True
MSLesSeg,P26_T1,CATMIL,raw,4,1,15.308,3,0,0,0,True,True,True
MSLesSeg,P26_T1,CATMIL,raw,4,2,15.308,4,0,0,0,True,True,True
MSLesSeg,P26_T1,CATMIL,raw,4,3,15.308,4,0,0,0,True,True,True
MSLesSeg,P26_T1,CATMIL,raw,4,5,15.308,5,0,0,0,True,True,True
MSLesSeg,P26_T1,CATMIL,pp5,0,1,15.308,3,0,0,0,True,True,True
MSLesSeg,P26_T1,CATMIL,pp5,0,2,15.308,4,0,0,0,True,True,True
MSLesSeg,P26_T1,CATMIL,pp5,0,3,15.308,4,0,0,0,True,True,True
MSLesSeg,P26_T1,CATMIL,pp5,0,5,15.308,5,0,0,0,True,True,True
MSLesSeg,P26_T1,CATMIL,pp5,1,1,15.308,3,0,0,0,True,True,True
MSLesSeg,P26_T1,CATMIL,pp5,1,2,15.308,4,0,0,0,True,True,True
MSLesSeg,P26_T1,CATMIL,pp5,1,3,15.308,4,0,0,0,True,True,True
MSLesSeg,P26_T1,CATMIL,pp5,1,5,15.308,5,0,0,0,True,True,True
MSLesSeg,P26_T1,CATMIL,pp5,2,1,15.308,3,0,0,0,True,True,True
MSLesSeg,P26_T1,CATMIL,pp5,2,2,15.308,4,0,0,0,True,True,True
MSLesSeg,P26_T1,CATMIL,pp5,2,3,15.308,4,0,0,0,True,True,True
MSLesSeg,P26_T1,CATMIL,pp5,2,5,15.308,5,0,0,0,True,True,True
MSLesSeg,P26_T1,CATMIL,pp5,3,1,15.308,3,0,0,0,True,True,True
MSLesSeg,P26_T1,CATMIL,pp5,3,2,15.308,4,0,0,0,True,True,True
MSLesSeg,P26_T1,CATMIL,pp5,3,3,15.308,4,0,0,0,True,True,True
MSLesSeg,P26_T1,CATMIL,pp5,3,5,15.308,5,0,0,0,True,True,True
MSLesSeg,P26_T1,CATMIL,pp5,4,1,15.308,3,0,0,0,True,True,True
MSLesSeg,P26_T1,CATMIL,pp5,4,2,15.308,4,0,0,0,True,True,True
MSLesSeg,P26_T1,CATMIL,pp5,4,3,15.308,4,0,0,0,True,True,True
MSLesSeg,P26_T1,CATMIL,pp5,4,5,15.308,5,0,0,0,True,True,True
MSLesSeg,P26_T1,DiceCE,raw,0,1,15.308,3,0,0,0,True,True,True
MSLesSeg,P26_T1,DiceCE,raw,0,2,15.308,4,0,0,0,True,True,True
MSLesSeg,P26_T1,DiceCE,raw,0,3,15.308,4,0,0,0,True,True,True
MSLesSeg,P26_T1,DiceCE,raw,0,5,15.308,5,0,0,0,True,True,True
MSLesSeg,P26_T1,DiceCE,raw,1,1,15.308,3,0,0,0,True,True,True
MSLesSeg,P26_T1,DiceCE,raw,1,2,15.308,4,0,0,0,True,True,True
MSLesSeg,P26_T1,DiceCE,raw,1,3,15.308,4,0,0,0,True,True,True
MSLesSeg,P26_T1,DiceCE,raw,1,5,15.308,5,0,0,0,True,True,True
MSLesSeg,P26_T1,DiceCE,raw,2,1,15.308,3,0,0,0,True,True,True
MSLesSeg,P26_T1,DiceCE,raw,2,2,15.308,4,0,0,0,True,True,True
MSLesSeg,P26_T1,DiceCE,raw,2,3,15.308,4,0,0,0,True,True,True
MSLesSeg,P26_T1,DiceCE,raw,2,5,15.308,5,0,0,0,True,True,True
MSLesSeg,P26_T1,DiceCE,raw,3,1,15.308,3,0,0,0,True,True,True
MSLesSeg,P26_T1,DiceCE,raw,3,2,15.308,4,0,0,0,True,True,True
MSLesSeg,P26_T1,DiceCE,raw,3,3,15.308,4,0,0,0,True,True,True
MSLesSeg,P26_T1,DiceCE,raw,3,5,15.308,5,0,0,0,True,True,True
MSLesSeg,P26_T1,DiceCE,raw,4,1,15.308,3,0,0,0,True,True,True
MSLesSeg,P26_T1,DiceCE,raw,4,2,15.308,4,0,0,0,True,True,True
MSLesSeg,P26_T1,DiceCE,raw,4,3,15.308,4,0,0,0,True,True,True
MSLesSeg,P26_T1,DiceCE,raw,4,5,15.308,5,0,0,0,True,True,True
MSLesSeg,P26_T1,DiceCE,pp5,0,1,15.308,3,0,0,0,True,True,True
MSLesSeg,P26_T1,DiceCE,pp5,0,2,15.308,4,0,0,0,True,True,True
MSLesSeg,P26_T1,DiceCE,pp5,0,3,15.308,4,0,0,0,True,True,True
MSLesSeg,P26_T1,DiceCE,pp5,0,5,15.308,5,0,0,0,True,True,True
MSLesSeg,P26_T1,DiceCE,pp5,1,1,15.308,3,0,0,0,True,True,True
MSLesSeg,P26_T1,DiceCE,pp5,1,2,15.308,4,0,0,0,True,True,True
MSLesSeg,P26_T1,DiceCE,pp5,1,3,15.308,4,0,0,0,True,True,True
MSLesSeg,P26_T1,DiceCE,pp5,1,5,15.308,5,0,0,0,True,True,True
MSLesSeg,P26_T1,DiceCE,pp5,2,1,15.308,3,0,0,0,True,True,True
MSLesSeg,P26_T1,DiceCE,pp5,2,2,15.308,4,0,0,0,True,True,True
MSLesSeg,P26_T1,DiceCE,pp5,2,3,15.308,4,0,0,0,True,True,True
MSLesSeg,P26_T1,DiceCE,pp5,2,5,15.308,5,0,0,0,True,True,True
MSLesSeg,P26_T1,DiceCE,pp5,3,1,15.308,3,0,0,0,True,True,True
MSLesSeg,P26_T1,DiceCE,pp5,3,2,15.308,4,0,0,0,True,True,True
MSLesSeg,P26_T1,DiceCE,pp5,3,3,15.308,4,0,0,0,True,True,True
MSLesSeg,P26_T1,DiceCE,pp5,3,5,15.308,5,0,0,0,True,True,True
MSLesSeg,P26_T1,DiceCE,pp5,4,1,15.308,3,0,0,0,True,True,True
MSLesSeg,P26_T1,DiceCE,pp5,4,2,15.308,4,0,0,0,True,True,True
MSLesSeg,P26_T1,DiceCE,pp5,4,3,15.308,4,0,0,0,True,True,True
MSLesSeg,P26_T1,DiceCE,pp5,4,5,15.308,5,0,0,0,True,True,True
MSLesSeg,P26_T1,Tversky,raw,0,1,15.308,3,0,0,0,True,True,True
MSLesSeg,P26_T1,Tversky,raw,0,2,15.308,4,0,0,0,True,True,True
MSLesSeg,P26_T1,Tversky,raw,0,3,15.308,4,0,0,0,True,True,True
MSLesSeg,P26_T1,Tversky,raw,0,5,15.308,5,0,0,0,True,True,True
MSLesSeg,P26_T1,Tversky,raw,1,1,15.308,3,0,0,0,True,True,True
MSLesSeg,P26_T1,Tversky,raw,1,2,15.308,4,0,0,0,True,True,True
MSLesSeg,P26_T1,Tversky,raw,1,3,15.308,4,0,0,0,True,True,True
MSLesSeg,P26_T1,Tversky,raw,1,5,15.308,5,0,0,0,True,True,True
MSLesSeg,P26_T1,Tversky,raw,2,1,15.308,3,0,0,0,True,True,True
MSLesSeg,P26_T1,Tversky,raw,2,2,15.308,4,0,0,0,True,True,True
MSLesSeg,P26_T1,Tversky,raw,2,3,15.308,4,0,0,0,True,True,True
MSLesSeg,P26_T1,Tversky,raw,2,5,15.308,5,0,0,0,True,True,True
MSLesSeg,P26_T1,Tversky,raw,3,1,15.308,3,0,0,0,True,True,True
MSLesSeg,P26_T1,Tversky,raw,3,2,15.308,4,0,0,0,True,True,True
MSLesSeg,P26_T1,Tversky,raw,3,3,15.308,4,0,0,0,True,True,True
MSLesSeg,P26_T1,Tversky,raw,3,5,15.308,5,0,0,0,True,True,True
MSLesSeg,P26_T1,Tversky,raw,4,1,15.308,3,0,0,0,True,True,True
MSLesSeg,P26_T1,Tversky,raw,4,2,15.308,4,0,0,0,True,True,True
MSLesSeg,P26_T1,Tversky,raw,4,3,15.308,4,0,0,0,True,True,True
MSLesSeg,P26_T1,Tversky,raw,4,5,15.308,5,0,0,0,True,True,True
MSLesSeg,P26_T1,Tversky,pp5,0,1,15.308,3,0,0,0,True,True,True
MSLesSeg,P26_T1,Tversky,pp5,0,2,15.308,4,0,0,0,True,True,True
MSLesSeg,P26_T1,Tversky,pp5,0,3,15.308,4,0,0,0,True,True,True
MSLesSeg,P26_T1,Tversky,pp5,0,5,15.308,5,0,0,0,True,True,True
MSLesSeg,P26_T1,Tversky,pp5,1,1,15.308,3,0,0,0,True,True,True
MSLesSeg,P26_T1,Tversky,pp5,1,2,15.308,4,0,0,0,True,True,True
MSLesSeg,P26_T1,Tversky,pp5,1,3,15.308,4,0,0,0,True,True,True
MSLesSeg,P26_T1,Tversky,pp5,1,5,15.308,5,0,0,0,True,True,True
MSLesSeg,P26_T1,Tversky,pp5,2,1,15.308,3,0,0,0,True,True,True
MSLesSeg,P26_T1,Tversky,pp5,2,2,15.308,4,0,0,0,True,True,True
MSLesSeg,P26_T1,Tversky,pp5,2,3,15.308,4,0,0,0,True,True,True
MSLesSeg,P26_T1,Tversky,pp5,2,5,15.308,5,0,0,0,True,True,True
MSLesSeg,P26_T1,Tversky,pp5,3,1,15.308,3,0,0,0,True,True,True
MSLesSeg,P26_T1,Tversky,pp5,3,2,15.308,4,0,0,0,True,True,True
MSLesSeg,P26_T1,Tversky,pp5,3,3,15.308,4,0,0,0,True,True,True
MSLesSeg,P26_T1,Tversky,pp5,3,5,15.308,5,0,0,0,True,True,True
MSLesSeg,P26_T1,Tversky,pp5,4,1,15.308,3,0,0,0,True,True,True
MSLesSeg,P26_T1,Tversky,pp5,4,2,15.308,4,0,0,0,True,True,True
MSLesSeg,P26_T1,Tversky,pp5,4,3,15.308,4,0,0,0,True,True,True
MSLesSeg,P26_T1,Tversky,pp5,4,5,15.308,5,0,0,0,True,True,True
MSLesSeg,P26_T1,FocalTversky,raw,0,1,15.308,3,0,0,0,True,True,True
MSLesSeg,P26_T1,FocalTversky,raw,0,2,15.308,4,0,0,0,True,True,True
MSLesSeg,P26_T1,FocalTversky,raw,0,3,15.308,4,0,0,0,True,True,True
MSLesSeg,P26_T1,FocalTversky,raw,0,5,15.308,5,0,0,0,True,True,True
MSLesSeg,P26_T1,FocalTversky,raw,1,1,15.308,3,0,0,0,True,True,True
MSLesSeg,P26_T1,FocalTversky,raw,1,2,15.308,4,0,0,0,True,True,True
MSLesSeg,P26_T1,FocalTversky,raw,1,3,15.308,4,0,0,0,True,True,True
MSLesSeg,P26_T1,FocalTversky,raw,1,5,15.308,5,0,0,0,True,True,True
MSLesSeg,P26_T1,FocalTversky,raw,2,1,15.308,3,0,0,0,True,True,True
MSLesSeg,P26_T1,FocalTversky,raw,2,2,15.308,4,0,0,0,True,True,True
MSLesSeg,P26_T1,FocalTversky,raw,2,3,15.308,4,0,0,0,True,True,True
MSLesSeg,P26_T1,FocalTversky,raw,2,5,15.308,5,0,0,0,True,True,True
MSLesSeg,P26_T1,FocalTversky,raw,3,1,15.308,3,0,0,0,True,True,True
MSLesSeg,P26_T1,FocalTversky,raw,3,2,15.308,4,0,0,0,True,True,True
MSLesSeg,P26_T1,FocalTversky,raw,3,3,15.308,4,0,0,0,True,True,True
MSLesSeg,P26_T1,FocalTversky,raw,3,5,15.308,5,0,0,0,True,True,True
MSLesSeg,P26_T1,FocalTversky,raw,4,1,15.308,3,0,0,0,True,True,True
MSLesSeg,P26_T1,FocalTversky,raw,4,2,15.308,4,0,0,0,True,True,True
MSLesSeg,P26_T1,FocalTversky,raw,4,3,15.308,4,0,0,0,True,True,True
MSLesSeg,P26_T1,FocalTversky,raw,4,5,15.308,5,0,0,0,True,True,True
MSLesSeg,P26_T1,FocalTversky,pp5,0,1,15.308,3,0,0,0,True,True,True
MSLesSeg,P26_T1,FocalTversky,pp5,0,2,15.308,4,0,0,0,True,True,True
MSLesSeg,P26_T1,FocalTversky,pp5,0,3,15.308,4,0,0,0,True,True,True
MSLesSeg,P26_T1,FocalTversky,pp5,0,5,15.308,5,0,0,0,True,True,True
MSLesSeg,P26_T1,FocalTversky,pp5,1,1,15.308,3,0,0,0,True,True,True
MSLesSeg,P26_T1,FocalTversky,pp5,1,2,15.308,4,0,0,0,True,True,True
MSLesSeg,P26_T1,FocalTversky,pp5,1,3,15.308,4,0,0,0,True,True,True
MSLesSeg,P26_T1,FocalTversky,pp5,1,5,15.308,5,0,0,0,True,True,True
MSLesSeg,P26_T1,FocalTversky,pp5,2,1,15.308,3,0,0,0,True,True,True
MSLesSeg,P26_T1,FocalTversky,pp5,2,2,15.308,4,0,0,0,True,True,True
MSLesSeg,P26_T1,FocalTversky,pp5,2,3,15.308,4,0,0,0,True,True,True
MSLesSeg,P26_T1,FocalTversky,pp5,2,5,15.308,5,0,0,0,True,True,True
MSLesSeg,P26_T1,FocalTversky,pp5,3,1,15.308,3,0,0,0,True,True,True
MSLesSeg,P26_T1,FocalTversky,pp5,3,2,15.308,4,0,0,0,True,True,True
MSLesSeg,P26_T1,FocalTversky,pp5,3,3,15.308,4,0,0,0,True,True,True
MSLesSeg,P26_T1,FocalTversky,pp5,3,5,15.308,5,0,0,0,True,True,True
MSLesSeg,P26_T1,FocalTversky,pp5,4,1,15.308,3,0,0,0,True,True,True
MSLesSeg,P26_T1,FocalTversky,pp5,4,2,15.308,4,0,0,0,True,True,True
MSLesSeg,P26_T1,FocalTversky,pp5,4,3,15.308,4,0,0,0,True,True,True
MSLesSeg,P26_T1,FocalTversky,pp5,4,5,15.308,5,0,0,0,True,True,True
MSLesSeg,P2_T1,CATMIL,raw,0,1,9.058,1,1,0,0,True,False,True
MSLesSeg,P2_T1,CATMIL,raw,0,2,9.058,6,3,1,1,True,True,True
MSLesSeg,P2_T1,CATMIL,raw,0,3,9.058,6,3,1,1,True,True,True
MSLesSeg,P2_T1,CATMIL,raw,0,5,9.058,7,3,1,1,True,True,True
MSLesSeg,P2_T1,CATMIL,raw,1,1,9.058,1,1,1,1,True,False,False
MSLesSeg,P2_T1,CATMIL,raw,1,2,9.058,6,3,2,2,True,True,True
MSLesSeg,P2_T1,CATMIL,raw,1,3,9.058,6,3,2,2,True,True,True
MSLesSeg,P2_T1,CATMIL,raw,1,5,9.058,7,3,2,2,True,True,True
MSLesSeg,P2_T1,CATMIL,raw,2,1,9.058,1,1,1,1,True,False,False
MSLesSeg,P2_T1,CATMIL,raw,2,2,9.058,6,3,2,2,True,True,True
MSLesSeg,P2_T1,CATMIL,raw,2,3,9.058,6,3,2,2,True,True,True
MSLesSeg,P2_T1,CATMIL,raw,2,5,9.058,7,3,2,2,True,True,True
MSLesSeg,P2_T1,CATMIL,raw,3,1,9.058,1,1,0,0,True,True,True
MSLesSeg,P2_T1,CATMIL,raw,3,2,9.058,6,3,1,1,True,True,True
MSLesSeg,P2_T1,CATMIL,raw,3,3,9.058,6,3,1,1,True,True,True
MSLesSeg,P2_T1,CATMIL,raw,3,5,9.058,7,3,1,1,True,True,True
MSLesSeg,P2_T1,CATMIL,raw,4,1,9.058,1,1,1,1,True,True,False
MSLesSeg,P2_T1,CATMIL,raw,4,2,9.058,6,3,2,2,True,True,True
MSLesSeg,P2_T1,CATMIL,raw,4,3,9.058,6,3,2,2,True,True,True
MSLesSeg,P2_T1,CATMIL,raw,4,5,9.058,7,3,2,2,True,True,True
MSLesSeg,P2_T1,CATMIL,pp5,0,1,9.058,1,1,0,0,True,False,True
MSLesSeg,P2_T1,CATMIL,pp5,0,2,9.058,6,3,1,1,True,True,True
MSLesSeg,P2_T1,CATMIL,pp5,0,3,9.058,6,3,1,1,True,True,True
MSLesSeg,P2_T1,CATMIL,pp5,0,5,9.058,7,3,1,1,True,True,True
MSLesSeg,P2_T1,CATMIL,pp5,1,1,9.058,1,1,1,1,True,False,False
MSLesSeg,P2_T1,CATMIL,pp5,1,2,9.058,6,3,2,2,True,True,True
MSLesSeg,P2_T1,CATMIL,pp5,1,3,9.058,6,3,2,2,True,True,True
MSLesSeg,P2_T1,CATMIL,pp5,1,5,9.058,7,3,2,2,True,True,True
MSLesSeg,P2_T1,CATMIL,pp5,2,1,9.058,1,1,1,1,True,False,False
MSLesSeg,P2_T1,CATMIL,pp5,2,2,9.058,6,3,2,2,True,True,True
MSLesSeg,P2_T1,CATMIL,pp5,2,3,9.058,6,3,2,2,True,True,True
MSLesSeg,P2_T1,CATMIL,pp5,2,5,9.058,7,3,2,2,True,True,True
MSLesSeg,P2_T1,CATMIL,pp5,3,1,9.058,1,1,0,0,True,True,True
MSLesSeg,P2_T1,CATMIL,pp5,3,2,9.058,6,3,1,1,True,True,True
MSLesSeg,P2_T1,CATMIL,pp5,3,3,9.058,6,3,1,1,True,True,True
MSLesSeg,P2_T1,CATMIL,pp5,3,5,9.058,7,3,1,1,True,True,True
MSLesSeg,P2_T1,CATMIL,pp5,4,1,9.058,1,1,1,1,True,True,False
MSLesSeg,P2_T1,CATMIL,pp5,4,2,9.058,6,3,2,2,True,True,True
MSLesSeg,P2_T1,CATMIL,pp5,4,3,9.058,6,3,2,2,True,True,True
MSLesSeg,P2_T1,CATMIL,pp5,4,5,9.058,7,3,2,2,True,True,True
MSLesSeg,P2_T1,DiceCE,raw,0,1,9.058,1,1,1,1,True,False,False
MSLesSeg,P2_T1,DiceCE,raw,0,2,9.058,6,3,2,2,True,True,True
MSLesSeg,P2_T1,DiceCE,raw,0,3,9.058,6,3,2,2,True,True,True
MSLesSeg,P2_T1,DiceCE,raw,0,5,9.058,7,3,2,2,True,True,True
MSLesSeg,P2_T1,DiceCE,raw,1,1,9.058,1,1,1,1,True,False,False
MSLesSeg,P2_T1,DiceCE,raw,1,2,9.058,6,3,2,2,True,True,True
MSLesSeg,P2_T1,DiceCE,raw,1,3,9.058,6,3,2,2,True,True,True
MSLesSeg,P2_T1,DiceCE,raw,1,5,9.058,7,3,2,2,True,True,True
MSLesSeg,P2_T1,DiceCE,raw,2,1,9.058,1,1,1,1,True,False,False
MSLesSeg,P2_T1,DiceCE,raw,2,2,9.058,6,3,2,2,True,True,True
MSLesSeg,P2_T1,DiceCE,raw,2,3,9.058,6,3,2,2,True,True,True
MSLesSeg,P2_T1,DiceCE,raw,2,5,9.058,7,3,2,2,True,True,True
MSLesSeg,P2_T1,DiceCE,raw,3,1,9.058,1,1,1,1,True,False,False
MSLesSeg,P2_T1,DiceCE,raw,3,2,9.058,6,3,2,2,True,True,True
MSLesSeg,P2_T1,DiceCE,raw,3,3,9.058,6,3,2,2,True,True,True
MSLesSeg,P2_T1,DiceCE,raw,3,5,9.058,7,3,2,2,True,True,True
MSLesSeg,P2_T1,DiceCE,raw,4,1,9.058,1,1,1,1,True,False,False
MSLesSeg,P2_T1,DiceCE,raw,4,2,9.058,6,3,2,2,True,True,True
MSLesSeg,P2_T1,DiceCE,raw,4,3,9.058,6,3,2,2,True,True,True
MSLesSeg,P2_T1,DiceCE,raw,4,5,9.058,7,3,2,2,True,True,True
MSLesSeg,P2_T1,DiceCE,pp5,0,1,9.058,1,1,1,1,True,False,False
MSLesSeg,P2_T1,DiceCE,pp5,0,2,9.058,6,3,2,2,True,True,True
MSLesSeg,P2_T1,DiceCE,pp5,0,3,9.058,6,3,2,2,True,True,True
MSLesSeg,P2_T1,DiceCE,pp5,0,5,9.058,7,3,2,2,True,True,True
MSLesSeg,P2_T1,DiceCE,pp5,1,1,9.058,1,1,1,1,True,False,False
MSLesSeg,P2_T1,DiceCE,pp5,1,2,9.058,6,3,2,2,True,True,True
MSLesSeg,P2_T1,DiceCE,pp5,1,3,9.058,6,3,2,2,True,True,True
MSLesSeg,P2_T1,DiceCE,pp5,1,5,9.058,7,3,2,2,True,True,True
MSLesSeg,P2_T1,DiceCE,pp5,2,1,9.058,1,1,1,1,True,False,False
MSLesSeg,P2_T1,DiceCE,pp5,2,2,9.058,6,3,2,2,True,True,True
MSLesSeg,P2_T1,DiceCE,pp5,2,3,9.058,6,3,2,2,True,True,True
MSLesSeg,P2_T1,DiceCE,pp5,2,5,9.058,7,3,2,2,True,True,True
MSLesSeg,P2_T1,DiceCE,pp5,3,1,9.058,1,1,1,1,True,False,False
MSLesSeg,P2_T1,DiceCE,pp5,3,2,9.058,6,3,2,2,True,True,True
MSLesSeg,P2_T1,DiceCE,pp5,3,3,9.058,6,3,2,2,True,True,True
MSLesSeg,P2_T1,DiceCE,pp5,3,5,9.058,7,3,2,2,True,True,True
MSLesSeg,P2_T1,DiceCE,pp5,4,1,9.058,1,1,1,1,True,False,False
MSLesSeg,P2_T1,DiceCE,pp5,4,2,9.058,6,3,2,2,True,True,True
MSLesSeg,P2_T1,DiceCE,pp5,4,3,9.058,6,3,2,2,True,True,True
MSLesSeg,P2_T1,DiceCE,pp5,4,5,9.058,7,3,2,2,True,True,True
MSLesSeg,P2_T1,Tversky,raw,0,1,9.058,1,1,0,0,True,True,True
MSLesSeg,P2_T1,Tversky,raw,0,2,9.058,6,3,1,1,True,True,True
MSLesSeg,P2_T1,Tversky,raw,0,3,9.058,6,3,1,1,True,True,True
MSLesSeg,P2_T1,Tversky,raw,0,5,9.058,7,3,1,1,True,True,True
MSLesSeg,P2_T1,Tversky,raw,1,1,9.058,1,1,1,1,True,False,False
MSLesSeg,P2_T1,Tversky,raw,1,2,9.058,6,3,2,2,True,True,True
MSLesSeg,P2_T1,Tversky,raw,1,3,9.058,6,3,2,2,True,True,True
MSLesSeg,P2_T1,Tversky,raw,1,5,9.058,7,3,2,2,True,True,True
MSLesSeg,P2_T1,Tversky,raw,2,1,9.058,1,1,1,1,True,False,False
MSLesSeg,P2_T1,Tversky,raw,2,2,9.058,6,3,2,2,True,True,True
MSLesSeg,P2_T1,Tversky,raw,2,3,9.058,6,3,2,2,True,True,True
MSLesSeg,P2_T1,Tversky,raw,2,5,9.058,7,3,2,2,True,True,True
MSLesSeg,P2_T1,Tversky,raw,3,1,9.058,1,1,1,1,True,True,False
MSLesSeg,P2_T1,Tversky,raw,3,2,9.058,6,3,2,2,True,True,True
MSLesSeg,P2_T1,Tversky,raw,3,3,9.058,6,3,2,2,True,True,True
MSLesSeg,P2_T1,Tversky,raw,3,5,9.058,7,3,2,2,True,True,True
MSLesSeg,P2_T1,Tversky,raw,4,1,9.058,1,1,1,1,True,True,False
MSLesSeg,P2_T1,Tversky,raw,4,2,9.058,6,3,2,2,True,True,True
MSLesSeg,P2_T1,Tversky,raw,4,3,9.058,6,3,2,2,True,True,True
MSLesSeg,P2_T1,Tversky,raw,4,5,9.058,7,3,2,2,True,True,True
MSLesSeg,P2_T1,Tversky,pp5,0,1,9.058,1,1,0,0,True,True,True
MSLesSeg,P2_T1,Tversky,pp5,0,2,9.058,6,3,1,1,True,True,True
MSLesSeg,P2_T1,Tversky,pp5,0,3,9.058,6,3,1,1,True,True,True
MSLesSeg,P2_T1,Tversky,pp5,0,5,9.058,7,3,1,1,True,True,True
MSLesSeg,P2_T1,Tversky,pp5,1,1,9.058,1,1,1,1,True,False,False
MSLesSeg,P2_T1,Tversky,pp5,1,2,9.058,6,3,2,2,True,True,True
MSLesSeg,P2_T1,Tversky,pp5,1,3,9.058,6,3,2,2,True,True,True
MSLesSeg,P2_T1,Tversky,pp5,1,5,9.058,7,3,2,2,True,True,True
MSLesSeg,P2_T1,Tversky,pp5,2,1,9.058,1,1,1,1,True,False,False
MSLesSeg,P2_T1,Tversky,pp5,2,2,9.058,6,3,2,2,True,True,True
MSLesSeg,P2_T1,Tversky,pp5,2,3,9.058,6,3,2,2,True,True,True
MSLesSeg,P2_T1,Tversky,pp5,2,5,9.058,7,3,2,2,True,True,True
MSLesSeg,P2_T1,Tversky,pp5,3,1,9.058,1,1,1,1,True,True,False
MSLesSeg,P2_T1,Tversky,pp5,3,2,9.058,6,3,2,2,True,True,True
MSLesSeg,P2_T1,Tversky,pp5,3,3,9.058,6,3,2,2,True,True,True
MSLesSeg,P2_T1,Tversky,pp5,3,5,9.058,7,3,2,2,True,True,True
MSLesSeg,P2_T1,Tversky,pp5,4,1,9.058,1,1,1,1,True,True,False
MSLesSeg,P2_T1,Tversky,pp5,4,2,9.058,6,3,2,2,True,True,True
MSLesSeg,P2_T1,Tversky,pp5,4,3,9.058,6,3,2,2,True,True,True
MSLesSeg,P2_T1,Tversky,pp5,4,5,9.058,7,3,2,2,True,True,True
MSLesSeg,P2_T1,FocalTversky,raw,0,1,9.058,1,1,0,0,True,True,True
MSLesSeg,P2_T1,FocalTversky,raw,0,2,9.058,6,3,1,1,True,True,True
MSLesSeg,P2_T1,FocalTversky,raw,0,3,9.058,6,3,1,1,True,True,True
MSLesSeg,P2_T1,FocalTversky,raw,0,5,9.058,7,3,1,1,True,True,True
MSLesSeg,P2_T1,FocalTversky,raw,1,1,9.058,1,1,1,1,True,True,False
MSLesSeg,P2_T1,FocalTversky,raw,1,2,9.058,6,3,2,2,True,True,True
MSLesSeg,P2_T1,FocalTversky,raw,1,3,9.058,6,3,2,2,True,True,True
MSLesSeg,P2_T1,FocalTversky,raw,1,5,9.058,7,3,2,2,True,True,True
MSLesSeg,P2_T1,FocalTversky,raw,2,1,9.058,1,1,1,1,True,False,False
MSLesSeg,P2_T1,FocalTversky,raw,2,2,9.058,6,3,2,2,True,True,True
MSLesSeg,P2_T1,FocalTversky,raw,2,3,9.058,6,3,2,2,True,True,True
MSLesSeg,P2_T1,FocalTversky,raw,2,5,9.058,7,3,2,2,True,True,True
MSLesSeg,P2_T1,FocalTversky,raw,3,1,9.058,1,1,1,1,True,True,False
MSLesSeg,P2_T1,FocalTversky,raw,3,2,9.058,6,3,2,2,True,True,True
MSLesSeg,P2_T1,FocalTversky,raw,3,3,9.058,6,3,2,2,True,True,True
MSLesSeg,P2_T1,FocalTversky,raw,3,5,9.058,7,3,2,2,True,True,True
MSLesSeg,P2_T1,FocalTversky,raw,4,1,9.058,1,1,1,1,True,False,False
MSLesSeg,P2_T1,FocalTversky,raw,4,2,9.058,6,3,2,2,True,True,True
MSLesSeg,P2_T1,FocalTversky,raw,4,3,9.058,6,3,2,2,True,True,True
MSLesSeg,P2_T1,FocalTversky,raw,4,5,9.058,7,3,2,2,True,True,True
MSLesSeg,P2_T1,FocalTversky,pp5,0,1,9.058,1,1,0,0,True,True,True
MSLesSeg,P2_T1,FocalTversky,pp5,0,2,9.058,6,3,1,1,True,True,True
MSLesSeg,P2_T1,FocalTversky,pp5,0,3,9.058,6,3,1,1,True,True,True
MSLesSeg,P2_T1,FocalTversky,pp5,0,5,9.058,7,3,1,1,True,True,True
MSLesSeg,P2_T1,FocalTversky,pp5,1,1,9.058,1,1,1,1,True,True,False
MSLesSeg,P2_T1,FocalTversky,pp5,1,2,9.058,6,3,2,2,True,True,True
MSLesSeg,P2_T1,FocalTversky,pp5,1,3,9.058,6,3,2,2,True,True,True
MSLesSeg,P2_T1,FocalTversky,pp5,1,5,9.058,7,3,2,2,True,True,True
MSLesSeg,P2_T1,FocalTversky,pp5,2,1,9.058,1,1,1,1,True,False,False
MSLesSeg,P2_T1,FocalTversky,pp5,2,2,9.058,6,3,2,2,True,True,True
MSLesSeg,P2_T1,FocalTversky,pp5,2,3,9.058,6,3,2,2,True,True,True
MSLesSeg,P2_T1,FocalTversky,pp5,2,5,9.058,7,3,2,2,True,True,True
MSLesSeg,P2_T1,FocalTversky,pp5,3,1,9.058,1,1,1,1,True,True,False
MSLesSeg,P2_T1,FocalTversky,pp5,3,2,9.058,6,3,2,2,True,True,True
MSLesSeg,P2_T1,FocalTversky,pp5,3,3,9.058,6,3,2,2,True,True,True
MSLesSeg,P2_T1,FocalTversky,pp5,3,5,9.058,7,3,2,2,True,True,True
MSLesSeg,P2_T1,FocalTversky,pp5,4,1,9.058,1,1,1,1,True,False,False
MSLesSeg,P2_T1,FocalTversky,pp5,4,2,9.058,6,3,2,2,True,True,True
MSLesSeg,P2_T1,FocalTversky,pp5,4,3,9.058,6,3,2,2,True,True,True
MSLesSeg,P2_T1,FocalTversky,pp5,4,5,9.058,7,3,2,2,True,True,True
MSLesSeg,P2_T2,CATMIL,raw,0,1,5.146,0,0,0,0,False,False,False
MSLesSeg,P2_T2,CATMIL,raw,0,2,5.146,3,1,1,0,True,True,True
MSLesSeg,P2_T2,CATMIL,raw,0,3,5.146,5,2,1,0,True,True,True
MSLesSeg,P2_T2,CATMIL,raw,0,5,5.146,6,2,1,0,True,True,True
MSLesSeg,P2_T2,CATMIL,raw,1,1,5.146,0,0,0,0,False,False,False
MSLesSeg,P2_T2,CATMIL,raw,1,2,5.146,3,1,1,0,True,True,True
MSLesSeg,P2_T2,CATMIL,raw,1,3,5.146,5,2,1,0,True,True,True
MSLesSeg,P2_T2,CATMIL,raw,1,5,5.146,6,2,1,0,True,True,True
MSLesSeg,P2_T2,CATMIL,raw,2,1,5.146,0,0,0,0,False,False,False
MSLesSeg,P2_T2,CATMIL,raw,2,2,5.146,3,1,1,0,True,True,True
MSLesSeg,P2_T2,CATMIL,raw,2,3,5.146,5,2,1,0,True,True,True
MSLesSeg,P2_T2,CATMIL,raw,2,5,5.146,6,2,1,0,True,True,True
MSLesSeg,P2_T2,CATMIL,raw,3,1,5.146,0,0,0,0,False,False,False
MSLesSeg,P2_T2,CATMIL,raw,3,2,5.146,3,1,1,0,True,True,True
MSLesSeg,P2_T2,CATMIL,raw,3,3,5.146,5,2,1,0,True,True,True
MSLesSeg,P2_T2,CATMIL,raw,3,5,5.146,6,2,1,0,True,True,True
MSLesSeg,P2_T2,CATMIL,raw,4,1,5.146,0,0,0,0,False,False,False
MSLesSeg,P2_T2,CATMIL,raw,4,2,5.146,3,1,1,0,True,True,True
MSLesSeg,P2_T2,CATMIL,raw,4,3,5.146,5,2,1,0,True,True,True
MSLesSeg,P2_T2,CATMIL,raw,4,5,5.146,6,2,1,0,True,True,True
MSLesSeg,P2_T2,CATMIL,pp5,0,1,5.146,0,0,0,0,False,False,False
MSLesSeg,P2_T2,CATMIL,pp5,0,2,5.146,3,1,1,0,True,True,True
MSLesSeg,P2_T2,CATMIL,pp5,0,3,5.146,5,2,1,0,True,True,True
MSLesSeg,P2_T2,CATMIL,pp5,0,5,5.146,6,2,1,0,True,True,True
MSLesSeg,P2_T2,CATMIL,pp5,1,1,5.146,0,0,0,0,False,False,False
MSLesSeg,P2_T2,CATMIL,pp5,1,2,5.146,3,1,1,0,True,True,True
MSLesSeg,P2_T2,CATMIL,pp5,1,3,5.146,5,2,1,0,True,True,True
MSLesSeg,P2_T2,CATMIL,pp5,1,5,5.146,6,2,1,0,True,True,True
MSLesSeg,P2_T2,CATMIL,pp5,2,1,5.146,0,0,0,0,False,False,False
MSLesSeg,P2_T2,CATMIL,pp5,2,2,5.146,3,1,1,0,True,True,True
MSLesSeg,P2_T2,CATMIL,pp5,2,3,5.146,5,2,1,0,True,True,True
MSLesSeg,P2_T2,CATMIL,pp5,2,5,5.146,6,2,1,0,True,True,True
MSLesSeg,P2_T2,CATMIL,pp5,3,1,5.146,0,0,0,0,False,False,False
MSLesSeg,P2_T2,CATMIL,pp5,3,2,5.146,3,1,1,0,True,True,True
MSLesSeg,P2_T2,CATMIL,pp5,3,3,5.146,5,2,1,0,True,True,True
MSLesSeg,P2_T2,CATMIL,pp5,3,5,5.146,6,2,1,0,True,True,True
MSLesSeg,P2_T2,CATMIL,pp5,4,1,5.146,0,0,0,0,False,False,False
MSLesSeg,P2_T2,CATMIL,pp5,4,2,5.146,3,1,1,0,True,True,True
MSLesSeg,P2_T2,CATMIL,pp5,4,3,5.146,5,2,1,0,True,True,True
MSLesSeg,P2_T2,CATMIL,pp5,4,5,5.146,6,2,1,0,True,True,True
MSLesSeg,P2_T2,DiceCE,raw,0,1,5.146,0,0,0,0,False,False,False
MSLesSeg,P2_T2,DiceCE,raw,0,2,5.146,3,1,1,0,True,True,True
MSLesSeg,P2_T2,DiceCE,raw,0,3,5.146,5,2,1,0,True,True,True
MSLesSeg,P2_T2,DiceCE,raw,0,5,5.146,6,2,1,0,True,True,True
MSLesSeg,P2_T2,DiceCE,raw,1,1,5.146,0,0,0,0,False,False,False
MSLesSeg,P2_T2,DiceCE,raw,1,2,5.146,3,1,1,0,True,True,True
MSLesSeg,P2_T2,DiceCE,raw,1,3,5.146,5,2,1,0,True,True,True
MSLesSeg,P2_T2,DiceCE,raw,1,5,5.146,6,2,1,0,True,True,True
MSLesSeg,P2_T2,DiceCE,raw,2,1,5.146,0,0,0,0,False,False,False
MSLesSeg,P2_T2,DiceCE,raw,2,2,5.146,3,1,1,0,True,True,True
MSLesSeg,P2_T2,DiceCE,raw,2,3,5.146,5,2,1,0,True,True,True
MSLesSeg,P2_T2,DiceCE,raw,2,5,5.146,6,2,1,0,True,True,True
MSLesSeg,P2_T2,DiceCE,raw,3,1,5.146,0,0,0,0,False,False,False
MSLesSeg,P2_T2,DiceCE,raw,3,2,5.146,3,1,1,0,True,True,True
MSLesSeg,P2_T2,DiceCE,raw,3,3,5.146,5,2,1,0,True,True,True
MSLesSeg,P2_T2,DiceCE,raw,3,5,5.146,6,2,1,0,True,True,True
MSLesSeg,P2_T2,DiceCE,raw,4,1,5.146,0,0,0,0,False,False,False
MSLesSeg,P2_T2,DiceCE,raw,4,2,5.146,3,1,1,0,True,True,True
MSLesSeg,P2_T2,DiceCE,raw,4,3,5.146,5,2,1,0,True,True,True
MSLesSeg,P2_T2,DiceCE,raw,4,5,5.146,6,2,1,0,True,True,True
MSLesSeg,P2_T2,DiceCE,pp5,0,1,5.146,0,0,0,0,False,False,False
MSLesSeg,P2_T2,DiceCE,pp5,0,2,5.146,3,1,1,0,True,True,True
MSLesSeg,P2_T2,DiceCE,pp5,0,3,5.146,5,2,1,0,True,True,True
MSLesSeg,P2_T2,DiceCE,pp5,0,5,5.146,6,2,1,0,True,True,True
MSLesSeg,P2_T2,DiceCE,pp5,1,1,5.146,0,0,0,0,False,False,False
MSLesSeg,P2_T2,DiceCE,pp5,1,2,5.146,3,1,1,0,True,True,True
MSLesSeg,P2_T2,DiceCE,pp5,1,3,5.146,5,2,1,0,True,True,True
MSLesSeg,P2_T2,DiceCE,pp5,1,5,5.146,6,2,1,0,True,True,True
MSLesSeg,P2_T2,DiceCE,pp5,2,1,5.146,0,0,0,0,False,False,False
MSLesSeg,P2_T2,DiceCE,pp5,2,2,5.146,3,1,1,0,True,True,True
MSLesSeg,P2_T2,DiceCE,pp5,2,3,5.146,5,2,1,0,True,True,True
MSLesSeg,P2_T2,DiceCE,pp5,2,5,5.146,6,2,1,0,True,True,True
MSLesSeg,P2_T2,DiceCE,pp5,3,1,5.146,0,0,0,0,False,False,False
MSLesSeg,P2_T2,DiceCE,pp5,3,2,5.146,3,1,1,0,True,True,True
MSLesSeg,P2_T2,DiceCE,pp5,3,3,5.146,5,2,1,0,True,True,True
MSLesSeg,P2_T2,DiceCE,pp5,3,5,5.146,6,2,1,0,True,True,True
MSLesSeg,P2_T2,DiceCE,pp5,4,1,5.146,0,0,0,0,False,False,False
MSLesSeg,P2_T2,DiceCE,pp5,4,2,5.146,3,1,1,0,True,True,True
MSLesSeg,P2_T2,DiceCE,pp5,4,3,5.146,5,2,1,0,True,True,True
MSLesSeg,P2_T2,DiceCE,pp5,4,5,5.146,6,2,1,0,True,True,True
MSLesSeg,P2_T2,Tversky,raw,0,1,5.146,0,0,0,0,False,False,False
MSLesSeg,P2_T2,Tversky,raw,0,2,5.146,3,1,1,0,True,True,True
MSLesSeg,P2_T2,Tversky,raw,0,3,5.146,5,2,1,0,True,True,True
MSLesSeg,P2_T2,Tversky,raw,0,5,5.146,6,2,1,0,True,True,True
MSLesSeg,P2_T2,Tversky,raw,1,1,5.146,0,0,0,0,False,False,False
MSLesSeg,P2_T2,Tversky,raw,1,2,5.146,3,1,1,0,True,True,True
MSLesSeg,P2_T2,Tversky,raw,1,3,5.146,5,2,1,0,True,True,True
MSLesSeg,P2_T2,Tversky,raw,1,5,5.146,6,2,1,0,True,True,True
MSLesSeg,P2_T2,Tversky,raw,2,1,5.146,0,0,0,0,False,False,False
MSLesSeg,P2_T2,Tversky,raw,2,2,5.146,3,1,1,0,True,True,True
MSLesSeg,P2_T2,Tversky,raw,2,3,5.146,5,2,1,0,True,True,True
MSLesSeg,P2_T2,Tversky,raw,2,5,5.146,6,2,1,0,True,True,True
MSLesSeg,P2_T2,Tversky,raw,3,1,5.146,0,0,0,0,False,False,False
MSLesSeg,P2_T2,Tversky,raw,3,2,5.146,3,1,1,0,True,True,True
MSLesSeg,P2_T2,Tversky,raw,3,3,5.146,5,2,1,0,True,True,True
MSLesSeg,P2_T2,Tversky,raw,3,5,5.146,6,2,1,0,True,True,True
MSLesSeg,P2_T2,Tversky,raw,4,1,5.146,0,0,0,0,False,False,False
MSLesSeg,P2_T2,Tversky,raw,4,2,5.146,3,1,1,0,True,True,True
MSLesSeg,P2_T2,Tversky,raw,4,3,5.146,5,2,1,0,True,True,True
MSLesSeg,P2_T2,Tversky,raw,4,5,5.146,6,2,1,0,True,True,True
MSLesSeg,P2_T2,Tversky,pp5,0,1,5.146,0,0,0,0,False,False,False
MSLesSeg,P2_T2,Tversky,pp5,0,2,5.146,3,1,1,0,True,True,True
MSLesSeg,P2_T2,Tversky,pp5,0,3,5.146,5,2,1,0,True,True,True
MSLesSeg,P2_T2,Tversky,pp5,0,5,5.146,6,2,1,0,True,True,True
MSLesSeg,P2_T2,Tversky,pp5,1,1,5.146,0,0,0,0,False,False,False
MSLesSeg,P2_T2,Tversky,pp5,1,2,5.146,3,1,1,0,True,True,True
MSLesSeg,P2_T2,Tversky,pp5,1,3,5.146,5,2,1,0,True,True,True
MSLesSeg,P2_T2,Tversky,pp5,1,5,5.146,6,2,1,0,True,True,True
MSLesSeg,P2_T2,Tversky,pp5,2,1,5.146,0,0,0,0,False,False,False
MSLesSeg,P2_T2,Tversky,pp5,2,2,5.146,3,1,1,0,True,True,True
MSLesSeg,P2_T2,Tversky,pp5,2,3,5.146,5,2,1,0,True,True,True
MSLesSeg,P2_T2,Tversky,pp5,2,5,5.146,6,2,1,0,True,True,True
MSLesSeg,P2_T2,Tversky,pp5,3,1,5.146,0,0,0,0,False,False,False
MSLesSeg,P2_T2,Tversky,pp5,3,2,5.146,3,1,1,0,True,True,True
MSLesSeg,P2_T2,Tversky,pp5,3,3,5.146,5,2,1,0,True,True,True
MSLesSeg,P2_T2,Tversky,pp5,3,5,5.146,6,2,1,0,True,True,True
MSLesSeg,P2_T2,Tversky,pp5,4,1,5.146,0,0,0,0,False,False,False
MSLesSeg,P2_T2,Tversky,pp5,4,2,5.146,3,1,1,0,True,True,True
MSLesSeg,P2_T2,Tversky,pp5,4,3,5.146,5,2,1,0,True,True,True
MSLesSeg,P2_T2,Tversky,pp5,4,5,5.146,6,2,1,0,True,True,True
MSLesSeg,P2_T2,FocalTversky,raw,0,1,5.146,0,0,0,0,False,False,False
MSLesSeg,P2_T2,FocalTversky,raw,0,2,5.146,3,1,1,0,True,True,True
MSLesSeg,P2_T2,FocalTversky,raw,0,3,5.146,5,2,1,0,True,True,True
MSLesSeg,P2_T2,FocalTversky,raw,0,5,5.146,6,2,1,0,True,True,True
MSLesSeg,P2_T2,FocalTversky,raw,1,1,5.146,0,0,0,0,False,False,False
MSLesSeg,P2_T2,FocalTversky,raw,1,2,5.146,3,1,1,0,True,True,True
MSLesSeg,P2_T2,FocalTversky,raw,1,3,5.146,5,2,1,0,True,True,True
MSLesSeg,P2_T2,FocalTversky,raw,1,5,5.146,6,2,1,0,True,True,True
MSLesSeg,P2_T2,FocalTversky,raw,2,1,5.146,0,0,0,0,False,False,False
MSLesSeg,P2_T2,FocalTversky,raw,2,2,5.146,3,1,1,0,True,True,True
MSLesSeg,P2_T2,FocalTversky,raw,2,3,5.146,5,2,1,0,True,True,True
MSLesSeg,P2_T2,FocalTversky,raw,2,5,5.146,6,2,1,0,True,True,True
MSLesSeg,P2_T2,FocalTversky,raw,3,1,5.146,0,0,0,0,False,False,False
MSLesSeg,P2_T2,FocalTversky,raw,3,2,5.146,3,1,1,0,True,True,True
MSLesSeg,P2_T2,FocalTversky,raw,3,3,5.146,5,2,1,0,True,True,True
MSLesSeg,P2_T2,FocalTversky,raw,3,5,5.146,6,2,1,0,True,True,True
MSLesSeg,P2_T2,FocalTversky,raw,4,1,5.146,0,0,0,0,False,False,False
MSLesSeg,P2_T2,FocalTversky,raw,4,2,5.146,3,1,1,0,True,True,True
MSLesSeg,P2_T2,FocalTversky,raw,4,3,5.146,5,2,1,0,True,True,True
MSLesSeg,P2_T2,FocalTversky,raw,4,5,5.146,6,2,1,0,True,True,True
MSLesSeg,P2_T2,FocalTversky,pp5,0,1,5.146,0,0,0,0,False,False,False
MSLesSeg,P2_T2,FocalTversky,pp5,0,2,5.146,3,1,1,0,True,True,True
MSLesSeg,P2_T2,FocalTversky,pp5,0,3,5.146,5,2,1,0,True,True,True
MSLesSeg,P2_T2,FocalTversky,pp5,0,5,5.146,6,2,1,0,True,True,True
MSLesSeg,P2_T2,FocalTversky,pp5,1,1,5.146,0,0,0,0,False,False,False
MSLesSeg,P2_T2,FocalTversky,pp5,1,2,5.146,3,1,1,0,True,True,True
MSLesSeg,P2_T2,FocalTversky,pp5,1,3,5.146,5,2,1,0,True,True,True
MSLesSeg,P2_T2,FocalTversky,pp5,1,5,5.146,6,2,1,0,True,True,True
MSLesSeg,P2_T2,FocalTversky,pp5,2,1,5.146,0,0,0,0,False,False,False
MSLesSeg,P2_T2,FocalTversky,pp5,2,2,5.146,3,1,1,0,True,True,True
MSLesSeg,P2_T2,FocalTversky,pp5,2,3,5.146,5,2,1,0,True,True,True
MSLesSeg,P2_T2,FocalTversky,pp5,2,5,5.146,6,2,1,0,True,True,True
MSLesSeg,P2_T2,FocalTversky,pp5,3,1,5.146,0,0,0,0,False,False,False
MSLesSeg,P2_T2,FocalTversky,pp5,3,2,5.146,3,1,1,0,True,True,True
MSLesSeg,P2_T2,FocalTversky,pp5,3,3,5.146,5,2,1,0,True,True,True
MSLesSeg,P2_T2,FocalTversky,pp5,3,5,5.146,6,2,1,0,True,True,True
MSLesSeg,P2_T2,FocalTversky,pp5,4,1,5.146,0,0,0,0,False,False,False
MSLesSeg,P2_T2,FocalTversky,pp5,4,2,5.146,3,1,1,0,True,True,True
MSLesSeg,P2_T2,FocalTversky,pp5,4,3,5.146,5,2,1,0,True,True,True
MSLesSeg,P2_T2,FocalTversky,pp5,4,5,5.146,6,2,1,0,True,True,True
MSLesSeg,P2_T3,CATMIL,raw,0,1,5.159,0,0,0,0,False,False,False
MSLesSeg,P2_T3,CATMIL,raw,0,2,5.159,2,1,0,0,True,True,True
MSLesSeg,P2_T3,CATMIL,raw,0,3,5.159,4,3,0,0,True,True,True
MSLesSeg,P2_T3,CATMIL,raw,0,5,5.159,4,3,0,0,True,True,True
MSLesSeg,P2_T3,CATMIL,raw,1,1,5.159,0,0,0,0,False,False,False
MSLesSeg,P2_T3,CATMIL,raw,1,2,5.159,2,1,0,0,True,True,True
MSLesSeg,P2_T3,CATMIL,raw,1,3,5.159,4,3,0,0,True,True,True
MSLesSeg,P2_T3,CATMIL,raw,1,5,5.159,4,3,0,0,True,True,True
MSLesSeg,P2_T3,CATMIL,raw,2,1,5.159,0,0,0,0,False,False,False
MSLesSeg,P2_T3,CATMIL,raw,2,2,5.159,2,1,0,0,True,True,True
MSLesSeg,P2_T3,CATMIL,raw,2,3,5.159,4,3,0,0,True,True,True
MSLesSeg,P2_T3,CATMIL,raw,2,5,5.159,4,3,0,0,True,True,True
MSLesSeg,P2_T3,CATMIL,raw,3,1,5.159,0,0,0,0,False,False,False
MSLesSeg,P2_T3,CATMIL,raw,3,2,5.159,2,1,0,0,True,True,True
MSLesSeg,P2_T3,CATMIL,raw,3,3,5.159,4,3,0,0,True,True,True
MSLesSeg,P2_T3,CATMIL,raw,3,5,5.159,4,3,0,0,True,True,True
MSLesSeg,P2_T3,CATMIL,raw,4,1,5.159,0,0,0,0,False,False,False
MSLesSeg,P2_T3,CATMIL,raw,4,2,5.159,2,1,0,0,True,True,True
MSLesSeg,P2_T3,CATMIL,raw,4,3,5.159,4,3,0,0,True,True,True
MSLesSeg,P2_T3,CATMIL,raw,4,5,5.159,4,3,0,0,True,True,True
MSLesSeg,P2_T3,CATMIL,pp5,0,1,5.159,0,0,0,0,False,False,False
MSLesSeg,P2_T3,CATMIL,pp5,0,2,5.159,2,1,0,0,True,True,True
MSLesSeg,P2_T3,CATMIL,pp5,0,3,5.159,4,3,0,0,True,True,True
MSLesSeg,P2_T3,CATMIL,pp5,0,5,5.159,4,3,0,0,True,True,True
MSLesSeg,P2_T3,CATMIL,pp5,1,1,5.159,0,0,0,0,False,False,False
MSLesSeg,P2_T3,CATMIL,pp5,1,2,5.159,2,1,0,0,True,True,True
MSLesSeg,P2_T3,CATMIL,pp5,1,3,5.159,4,3,0,0,True,True,True
MSLesSeg,P2_T3,CATMIL,pp5,1,5,5.159,4,3,0,0,True,True,True
MSLesSeg,P2_T3,CATMIL,pp5,2,1,5.159,0,0,0,0,False,False,False
MSLesSeg,P2_T3,CATMIL,pp5,2,2,5.159,2,1,0,0,True,True,True
MSLesSeg,P2_T3,CATMIL,pp5,2,3,5.159,4,3,0,0,True,True,True
MSLesSeg,P2_T3,CATMIL,pp5,2,5,5.159,4,3,0,0,True,True,True
MSLesSeg,P2_T3,CATMIL,pp5,3,1,5.159,0,0,0,0,False,False,False
MSLesSeg,P2_T3,CATMIL,pp5,3,2,5.159,2,1,0,0,True,True,True
MSLesSeg,P2_T3,CATMIL,pp5,3,3,5.159,4,3,0,0,True,True,True
MSLesSeg,P2_T3,CATMIL,pp5,3,5,5.159,4,3,0,0,True,True,True
MSLesSeg,P2_T3,CATMIL,pp5,4,1,5.159,0,0,0,0,False,False,False
MSLesSeg,P2_T3,CATMIL,pp5,4,2,5.159,2,1,0,0,True,True,True
MSLesSeg,P2_T3,CATMIL,pp5,4,3,5.159,4,3,0,0,True,True,True
MSLesSeg,P2_T3,CATMIL,pp5,4,5,5.159,4,3,0,0,True,True,True
MSLesSeg,P2_T3,DiceCE,raw,0,1,5.159,0,0,0,0,False,False,False
MSLesSeg,P2_T3,DiceCE,raw,0,2,5.159,2,1,0,0,True,True,True
MSLesSeg,P2_T3,DiceCE,raw,0,3,5.159,4,3,0,0,True,True,True
MSLesSeg,P2_T3,DiceCE,raw,0,5,5.159,4,3,0,0,True,True,True
MSLesSeg,P2_T3,DiceCE,raw,1,1,5.159,0,0,0,0,False,False,False
MSLesSeg,P2_T3,DiceCE,raw,1,2,5.159,2,1,0,0,True,True,True
MSLesSeg,P2_T3,DiceCE,raw,1,3,5.159,4,3,0,0,True,True,True
MSLesSeg,P2_T3,DiceCE,raw,1,5,5.159,4,3,0,0,True,True,True
MSLesSeg,P2_T3,DiceCE,raw,2,1,5.159,0,0,0,0,False,False,False
MSLesSeg,P2_T3,DiceCE,raw,2,2,5.159,2,1,0,0,True,True,True
MSLesSeg,P2_T3,DiceCE,raw,2,3,5.159,4,3,0,0,True,True,True
MSLesSeg,P2_T3,DiceCE,raw,2,5,5.159,4,3,0,0,True,True,True
MSLesSeg,P2_T3,DiceCE,raw,3,1,5.159,0,0,0,0,False,False,False
MSLesSeg,P2_T3,DiceCE,raw,3,2,5.159,2,1,0,0,True,True,True
MSLesSeg,P2_T3,DiceCE,raw,3,3,5.159,4,3,0,0,True,True,True
MSLesSeg,P2_T3,DiceCE,raw,3,5,5.159,4,3,0,0,True,True,True
MSLesSeg,P2_T3,DiceCE,raw,4,1,5.159,0,0,0,0,False,False,False
MSLesSeg,P2_T3,DiceCE,raw,4,2,5.159,2,1,0,0,True,True,True
MSLesSeg,P2_T3,DiceCE,raw,4,3,5.159,4,3,0,0,True,True,True
MSLesSeg,P2_T3,DiceCE,raw,4,5,5.159,4,3,0,0,True,True,True
MSLesSeg,P2_T3,DiceCE,pp5,0,1,5.159,0,0,0,0,False,False,False
MSLesSeg,P2_T3,DiceCE,pp5,0,2,5.159,2,1,0,0,True,True,True
MSLesSeg,P2_T3,DiceCE,pp5,0,3,5.159,4,3,0,0,True,True,True
MSLesSeg,P2_T3,DiceCE,pp5,0,5,5.159,4,3,0,0,True,True,True
MSLesSeg,P2_T3,DiceCE,pp5,1,1,5.159,0,0,0,0,False,False,False
MSLesSeg,P2_T3,DiceCE,pp5,1,2,5.159,2,1,0,0,True,True,True
MSLesSeg,P2_T3,DiceCE,pp5,1,3,5.159,4,3,0,0,True,True,True
MSLesSeg,P2_T3,DiceCE,pp5,1,5,5.159,4,3,0,0,True,True,True
MSLesSeg,P2_T3,DiceCE,pp5,2,1,5.159,0,0,0,0,False,False,False
MSLesSeg,P2_T3,DiceCE,pp5,2,2,5.159,2,1,0,0,True,True,True
MSLesSeg,P2_T3,DiceCE,pp5,2,3,5.159,4,3,0,0,True,True,True
MSLesSeg,P2_T3,DiceCE,pp5,2,5,5.159,4,3,0,0,True,True,True
MSLesSeg,P2_T3,DiceCE,pp5,3,1,5.159,0,0,0,0,False,False,False
MSLesSeg,P2_T3,DiceCE,pp5,3,2,5.159,2,1,0,0,True,True,True
MSLesSeg,P2_T3,DiceCE,pp5,3,3,5.159,4,3,0,0,True,True,True
MSLesSeg,P2_T3,DiceCE,pp5,3,5,5.159,4,3,0,0,True,True,True
MSLesSeg,P2_T3,DiceCE,pp5,4,1,5.159,0,0,0,0,False,False,False
MSLesSeg,P2_T3,DiceCE,pp5,4,2,5.159,2,1,0,0,True,True,True
MSLesSeg,P2_T3,DiceCE,pp5,4,3,5.159,4,3,0,0,True,True,True
MSLesSeg,P2_T3,DiceCE,pp5,4,5,5.159,4,3,0,0,True,True,True
MSLesSeg,P2_T3,Tversky,raw,0,1,5.159,0,0,0,0,False,False,False
MSLesSeg,P2_T3,Tversky,raw,0,2,5.159,2,1,0,0,True,True,True
MSLesSeg,P2_T3,Tversky,raw,0,3,5.159,4,3,0,0,True,True,True
MSLesSeg,P2_T3,Tversky,raw,0,5,5.159,4,3,0,0,True,True,True
MSLesSeg,P2_T3,Tversky,raw,1,1,5.159,0,0,0,0,False,False,False
MSLesSeg,P2_T3,Tversky,raw,1,2,5.159,2,1,0,0,True,True,True
MSLesSeg,P2_T3,Tversky,raw,1,3,5.159,4,3,0,0,True,True,True
MSLesSeg,P2_T3,Tversky,raw,1,5,5.159,4,3,0,0,True,True,True
MSLesSeg,P2_T3,Tversky,raw,2,1,5.159,0,0,0,0,False,False,False
MSLesSeg,P2_T3,Tversky,raw,2,2,5.159,2,1,0,0,True,True,True
MSLesSeg,P2_T3,Tversky,raw,2,3,5.159,4,3,0,0,True,True,True
MSLesSeg,P2_T3,Tversky,raw,2,5,5.159,4,3,0,0,True,True,True
MSLesSeg,P2_T3,Tversky,raw,3,1,5.159,0,0,0,0,False,False,False
MSLesSeg,P2_T3,Tversky,raw,3,2,5.159,2,1,0,0,True,True,True
MSLesSeg,P2_T3,Tversky,raw,3,3,5.159,4,3,0,0,True,True,True
MSLesSeg,P2_T3,Tversky,raw,3,5,5.159,4,3,0,0,True,True,True
MSLesSeg,P2_T3,Tversky,raw,4,1,5.159,0,0,0,0,False,False,False
MSLesSeg,P2_T3,Tversky,raw,4,2,5.159,2,1,0,0,True,True,True
MSLesSeg,P2_T3,Tversky,raw,4,3,5.159,4,3,0,0,True,True,True
MSLesSeg,P2_T3,Tversky,raw,4,5,5.159,4,3,0,0,True,True,True
MSLesSeg,P2_T3,Tversky,pp5,0,1,5.159,0,0,0,0,False,False,False
MSLesSeg,P2_T3,Tversky,pp5,0,2,5.159,2,1,0,0,True,True,True
MSLesSeg,P2_T3,Tversky,pp5,0,3,5.159,4,3,0,0,True,True,True
MSLesSeg,P2_T3,Tversky,pp5,0,5,5.159,4,3,0,0,True,True,True
MSLesSeg,P2_T3,Tversky,pp5,1,1,5.159,0,0,0,0,False,False,False
MSLesSeg,P2_T3,Tversky,pp5,1,2,5.159,2,1,0,0,True,True,True
MSLesSeg,P2_T3,Tversky,pp5,1,3,5.159,4,3,0,0,True,True,True
MSLesSeg,P2_T3,Tversky,pp5,1,5,5.159,4,3,0,0,True,True,True
MSLesSeg,P2_T3,Tversky,pp5,2,1,5.159,0,0,0,0,False,False,False
MSLesSeg,P2_T3,Tversky,pp5,2,2,5.159,2,1,0,0,True,True,True
MSLesSeg,P2_T3,Tversky,pp5,2,3,5.159,4,3,0,0,True,True,True
MSLesSeg,P2_T3,Tversky,pp5,2,5,5.159,4,3,0,0,True,True,True
MSLesSeg,P2_T3,Tversky,pp5,3,1,5.159,0,0,0,0,False,False,False
MSLesSeg,P2_T3,Tversky,pp5,3,2,5.159,2,1,0,0,True,True,True
MSLesSeg,P2_T3,Tversky,pp5,3,3,5.159,4,3,0,0,True,True,True
MSLesSeg,P2_T3,Tversky,pp5,3,5,5.159,4,3,0,0,True,True,True
MSLesSeg,P2_T3,Tversky,pp5,4,1,5.159,0,0,0,0,False,False,False
MSLesSeg,P2_T3,Tversky,pp5,4,2,5.159,2,1,0,0,True,True,True
MSLesSeg,P2_T3,Tversky,pp5,4,3,5.159,4,3,0,0,True,True,True
MSLesSeg,P2_T3,Tversky,pp5,4,5,5.159,4,3,0,0,True,True,True
MSLesSeg,P2_T3,FocalTversky,raw,0,1,5.159,0,0,0,0,False,False,False
MSLesSeg,P2_T3,FocalTversky,raw,0,2,5.159,2,1,0,0,True,True,True
MSLesSeg,P2_T3,FocalTversky,raw,0,3,5.159,4,3,0,0,True,True,True
MSLesSeg,P2_T3,FocalTversky,raw,0,5,5.159,4,3,0,0,True,True,True
MSLesSeg,P2_T3,FocalTversky,raw,1,1,5.159,0,0,0,0,False,False,False
MSLesSeg,P2_T3,FocalTversky,raw,1,2,5.159,2,1,0,0,True,True,True
MSLesSeg,P2_T3,FocalTversky,raw,1,3,5.159,4,3,0,0,True,True,True
MSLesSeg,P2_T3,FocalTversky,raw,1,5,5.159,4,3,0,0,True,True,True
MSLesSeg,P2_T3,FocalTversky,raw,2,1,5.159,0,0,0,0,False,False,False
MSLesSeg,P2_T3,FocalTversky,raw,2,2,5.159,2,1,0,0,True,True,True
MSLesSeg,P2_T3,FocalTversky,raw,2,3,5.159,4,3,0,0,True,True,True
MSLesSeg,P2_T3,FocalTversky,raw,2,5,5.159,4,3,0,0,True,True,True
MSLesSeg,P2_T3,FocalTversky,raw,3,1,5.159,0,0,0,0,False,False,False
MSLesSeg,P2_T3,FocalTversky,raw,3,2,5.159,2,1,0,0,True,True,True
MSLesSeg,P2_T3,FocalTversky,raw,3,3,5.159,4,3,0,0,True,True,True
MSLesSeg,P2_T3,FocalTversky,raw,3,5,5.159,4,3,0,0,True,True,True
MSLesSeg,P2_T3,FocalTversky,raw,4,1,5.159,0,0,0,0,False,False,False
MSLesSeg,P2_T3,FocalTversky,raw,4,2,5.159,2,1,0,0,True,True,True
MSLesSeg,P2_T3,FocalTversky,raw,4,3,5.159,4,3,0,0,True,True,True
MSLesSeg,P2_T3,FocalTversky,raw,4,5,5.159,4,3,0,0,True,True,True
MSLesSeg,P2_T3,FocalTversky,pp5,0,1,5.159,0,0,0,0,False,False,False
MSLesSeg,P2_T3,FocalTversky,pp5,0,2,5.159,2,1,0,0,True,True,True
MSLesSeg,P2_T3,FocalTversky,pp5,0,3,5.159,4,3,0,0,True,True,True
MSLesSeg,P2_T3,FocalTversky,pp5,0,5,5.159,4,3,0,0,True,True,True
MSLesSeg,P2_T3,FocalTversky,pp5,1,1,5.159,0,0,0,0,False,False,False
MSLesSeg,P2_T3,FocalTversky,pp5,1,2,5.159,2,1,0,0,True,True,True
MSLesSeg,P2_T3,FocalTversky,pp5,1,3,5.159,4,3,0,0,True,True,True
MSLesSeg,P2_T3,FocalTversky,pp5,1,5,5.159,4,3,0,0,True,True,True
MSLesSeg,P2_T3,FocalTversky,pp5,2,1,5.159,0,0,0,0,False,False,False
MSLesSeg,P2_T3,FocalTversky,pp5,2,2,5.159,2,1,0,0,True,True,True
MSLesSeg,P2_T3,FocalTversky,pp5,2,3,5.159,4,3,0,0,True,True,True
MSLesSeg,P2_T3,FocalTversky,pp5,2,5,5.159,4,3,0,0,True,True,True
MSLesSeg,P2_T3,FocalTversky,pp5,3,1,5.159,0,0,0,0,False,False,False
MSLesSeg,P2_T3,FocalTversky,pp5,3,2,5.159,2,1,0,0,True,True,True
MSLesSeg,P2_T3,FocalTversky,pp5,3,3,5.159,4,3,0,0,True,True,True
MSLesSeg,P2_T3,FocalTversky,pp5,3,5,5.159,4,3,0,0,True,True,True
MSLesSeg,P2_T3,FocalTversky,pp5,4,1,5.159,0,0,0,0,False,False,False
MSLesSeg,P2_T3,FocalTversky,pp5,4,2,5.159,2,1,0,0,True,True,True
MSLesSeg,P2_T3,FocalTversky,pp5,4,3,5.159,4,3,0,0,True,True,True
MSLesSeg,P2_T3,FocalTversky,pp5,4,5,5.159,4,3,0,0,True,True,True
MSLesSeg,P2_T4,CATMIL,raw,0,1,3.929,0,0,0,0,False,False,False
MSLesSeg,P2_T4,CATMIL,raw,0,2,3.929,2,2,1,1,True,True,True
MSLesSeg,P2_T4,CATMIL,raw,0,3,3.929,3,3,1,1,True,True,True
MSLesSeg,P2_T4,CATMIL,raw,0,5,3.929,6,4,1,1,True,True,True
MSLesSeg,P2_T4,CATMIL,raw,1,1,3.929,0,0,0,0,False,False,False
MSLesSeg,P2_T4,CATMIL,raw,1,2,3.929,2,2,1,1,True,True,True
MSLesSeg,P2_T4,CATMIL,raw,1,3,3.929,3,3,1,1,True,True,True
MSLesSeg,P2_T4,CATMIL,raw,1,5,3.929,6,4,1,1,True,True,True
MSLesSeg,P2_T4,CATMIL,raw,2,1,3.929,0,0,0,0,False,False,False
MSLesSeg,P2_T4,CATMIL,raw,2,2,3.929,2,2,1,1,True,True,True
MSLesSeg,P2_T4,CATMIL,raw,2,3,3.929,3,3,1,1,True,True,True
MSLesSeg,P2_T4,CATMIL,raw,2,5,3.929,6,4,1,1,True,True,True
MSLesSeg,P2_T4,CATMIL,raw,3,1,3.929,0,0,0,0,False,False,False
MSLesSeg,P2_T4,CATMIL,raw,3,2,3.929,2,2,1,1,True,True,True
MSLesSeg,P2_T4,CATMIL,raw,3,3,3.929,3,3,1,1,True,True,True
MSLesSeg,P2_T4,CATMIL,raw,3,5,3.929,6,4,1,1,True,True,True
MSLesSeg,P2_T4,CATMIL,raw,4,1,3.929,0,0,0,0,False,False,False
MSLesSeg,P2_T4,CATMIL,raw,4,2,3.929,2,2,1,1,True,True,True
MSLesSeg,P2_T4,CATMIL,raw,4,3,3.929,3,3,1,1,True,True,True
MSLesSeg,P2_T4,CATMIL,raw,4,5,3.929,6,4,1,1,True,True,True
MSLesSeg,P2_T4,CATMIL,pp5,0,1,3.929,0,0,0,0,False,False,False
MSLesSeg,P2_T4,CATMIL,pp5,0,2,3.929,2,2,1,1,True,True,True
MSLesSeg,P2_T4,CATMIL,pp5,0,3,3.929,3,3,1,1,True,True,True
MSLesSeg,P2_T4,CATMIL,pp5,0,5,3.929,6,4,1,1,True,True,True
MSLesSeg,P2_T4,CATMIL,pp5,1,1,3.929,0,0,0,0,False,False,False
MSLesSeg,P2_T4,CATMIL,pp5,1,2,3.929,2,2,1,1,True,True,True
MSLesSeg,P2_T4,CATMIL,pp5,1,3,3.929,3,3,1,1,True,True,True
MSLesSeg,P2_T4,CATMIL,pp5,1,5,3.929,6,4,1,1,True,True,True
MSLesSeg,P2_T4,CATMIL,pp5,2,1,3.929,0,0,0,0,False,False,False
MSLesSeg,P2_T4,CATMIL,pp5,2,2,3.929,2,2,1,1,True,True,True
MSLesSeg,P2_T4,CATMIL,pp5,2,3,3.929,3,3,1,1,True,True,True
MSLesSeg,P2_T4,CATMIL,pp5,2,5,3.929,6,4,1,1,True,True,True
MSLesSeg,P2_T4,CATMIL,pp5,3,1,3.929,0,0,0,0,False,False,False
MSLesSeg,P2_T4,CATMIL,pp5,3,2,3.929,2,2,1,1,True,True,True
MSLesSeg,P2_T4,CATMIL,pp5,3,3,3.929,3,3,1,1,True,True,True
MSLesSeg,P2_T4,CATMIL,pp5,3,5,3.929,6,4,1,1,True,True,True
MSLesSeg,P2_T4,CATMIL,pp5,4,1,3.929,0,0,0,0,False,False,False
MSLesSeg,P2_T4,CATMIL,pp5,4,2,3.929,2,2,1,1,True,True,True
MSLesSeg,P2_T4,CATMIL,pp5,4,3,3.929,3,3,1,1,True,True,True
MSLesSeg,P2_T4,CATMIL,pp5,4,5,3.929,6,4,1,1,True,True,True
MSLesSeg,P2_T4,DiceCE,raw,0,1,3.929,0,0,0,0,False,False,False
MSLesSeg,P2_T4,DiceCE,raw,0,2,3.929,2,2,1,1,True,True,True
MSLesSeg,P2_T4,DiceCE,raw,0,3,3.929,3,3,1,1,True,True,True
MSLesSeg,P2_T4,DiceCE,raw,0,5,3.929,6,4,1,1,True,True,True
MSLesSeg,P2_T4,DiceCE,raw,1,1,3.929,0,0,0,0,False,False,False
MSLesSeg,P2_T4,DiceCE,raw,1,2,3.929,2,2,1,1,True,True,True
MSLesSeg,P2_T4,DiceCE,raw,1,3,3.929,3,3,1,1,True,True,True
MSLesSeg,P2_T4,DiceCE,raw,1,5,3.929,6,4,1,1,True,True,True
MSLesSeg,P2_T4,DiceCE,raw,2,1,3.929,0,0,0,0,False,False,False
MSLesSeg,P2_T4,DiceCE,raw,2,2,3.929,2,2,1,1,True,True,True
MSLesSeg,P2_T4,DiceCE,raw,2,3,3.929,3,3,1,1,True,True,True
MSLesSeg,P2_T4,DiceCE,raw,2,5,3.929,6,4,1,1,True,True,True
MSLesSeg,P2_T4,DiceCE,raw,3,1,3.929,0,0,0,0,False,False,False
MSLesSeg,P2_T4,DiceCE,raw,3,2,3.929,2,2,1,1,True,True,True
MSLesSeg,P2_T4,DiceCE,raw,3,3,3.929,3,3,1,1,True,True,True
MSLesSeg,P2_T4,DiceCE,raw,3,5,3.929,6,4,1,1,True,True,True
MSLesSeg,P2_T4,DiceCE,raw,4,1,3.929,0,0,0,0,False,False,False
MSLesSeg,P2_T4,DiceCE,raw,4,2,3.929,2,2,1,1,True,True,True
MSLesSeg,P2_T4,DiceCE,raw,4,3,3.929,3,3,1,1,True,True,True
MSLesSeg,P2_T4,DiceCE,raw,4,5,3.929,6,4,1,1,True,True,True
MSLesSeg,P2_T4,DiceCE,pp5,0,1,3.929,0,0,0,0,False,False,False
MSLesSeg,P2_T4,DiceCE,pp5,0,2,3.929,2,2,1,1,True,True,True
MSLesSeg,P2_T4,DiceCE,pp5,0,3,3.929,3,3,1,1,True,True,True
MSLesSeg,P2_T4,DiceCE,pp5,0,5,3.929,6,4,1,1,True,True,True
MSLesSeg,P2_T4,DiceCE,pp5,1,1,3.929,0,0,0,0,False,False,False
MSLesSeg,P2_T4,DiceCE,pp5,1,2,3.929,2,2,1,1,True,True,True
MSLesSeg,P2_T4,DiceCE,pp5,1,3,3.929,3,3,1,1,True,True,True
MSLesSeg,P2_T4,DiceCE,pp5,1,5,3.929,6,4,1,1,True,True,True
MSLesSeg,P2_T4,DiceCE,pp5,2,1,3.929,0,0,0,0,False,False,False
MSLesSeg,P2_T4,DiceCE,pp5,2,2,3.929,2,2,1,1,True,True,True
MSLesSeg,P2_T4,DiceCE,pp5,2,3,3.929,3,3,1,1,True,True,True
MSLesSeg,P2_T4,DiceCE,pp5,2,5,3.929,6,4,1,1,True,True,True
MSLesSeg,P2_T4,DiceCE,pp5,3,1,3.929,0,0,0,0,False,False,False
MSLesSeg,P2_T4,DiceCE,pp5,3,2,3.929,2,2,1,1,True,True,True
MSLesSeg,P2_T4,DiceCE,pp5,3,3,3.929,3,3,1,1,True,True,True
MSLesSeg,P2_T4,DiceCE,pp5,3,5,3.929,6,4,1,1,True,True,True
MSLesSeg,P2_T4,DiceCE,pp5,4,1,3.929,0,0,0,0,False,False,False
MSLesSeg,P2_T4,DiceCE,pp5,4,2,3.929,2,2,1,1,True,True,True
MSLesSeg,P2_T4,DiceCE,pp5,4,3,3.929,3,3,1,1,True,True,True
MSLesSeg,P2_T4,DiceCE,pp5,4,5,3.929,6,4,1,1,True,True,True
MSLesSeg,P2_T4,Tversky,raw,0,1,3.929,0,0,0,0,False,False,False
MSLesSeg,P2_T4,Tversky,raw,0,2,3.929,2,2,1,1,True,True,True
MSLesSeg,P2_T4,Tversky,raw,0,3,3.929,3,3,1,1,True,True,True
MSLesSeg,P2_T4,Tversky,raw,0,5,3.929,6,4,1,1,True,True,True
MSLesSeg,P2_T4,Tversky,raw,1,1,3.929,0,0,0,0,False,False,False
MSLesSeg,P2_T4,Tversky,raw,1,2,3.929,2,2,1,1,True,True,True
MSLesSeg,P2_T4,Tversky,raw,1,3,3.929,3,3,1,1,True,True,True
MSLesSeg,P2_T4,Tversky,raw,1,5,3.929,6,4,1,1,True,True,True
MSLesSeg,P2_T4,Tversky,raw,2,1,3.929,0,0,0,0,False,False,False
MSLesSeg,P2_T4,Tversky,raw,2,2,3.929,2,2,1,1,True,True,True
MSLesSeg,P2_T4,Tversky,raw,2,3,3.929,3,3,1,1,True,True,True
MSLesSeg,P2_T4,Tversky,raw,2,5,3.929,6,4,1,1,True,True,True
MSLesSeg,P2_T4,Tversky,raw,3,1,3.929,0,0,0,0,False,False,False
MSLesSeg,P2_T4,Tversky,raw,3,2,3.929,2,2,1,1,True,True,True
MSLesSeg,P2_T4,Tversky,raw,3,3,3.929,3,3,1,1,True,True,True
MSLesSeg,P2_T4,Tversky,raw,3,5,3.929,6,4,1,1,True,True,True
MSLesSeg,P2_T4,Tversky,raw,4,1,3.929,0,0,0,0,False,False,False
MSLesSeg,P2_T4,Tversky,raw,4,2,3.929,2,2,1,1,True,True,True
MSLesSeg,P2_T4,Tversky,raw,4,3,3.929,3,3,1,1,True,True,True
MSLesSeg,P2_T4,Tversky,raw,4,5,3.929,6,4,1,1,True,True,True
MSLesSeg,P2_T4,Tversky,pp5,0,1,3.929,0,0,0,0,False,False,False
MSLesSeg,P2_T4,Tversky,pp5,0,2,3.929,2,2,1,1,True,True,True
MSLesSeg,P2_T4,Tversky,pp5,0,3,3.929,3,3,1,1,True,True,True
MSLesSeg,P2_T4,Tversky,pp5,0,5,3.929,6,4,1,1,True,True,True
MSLesSeg,P2_T4,Tversky,pp5,1,1,3.929,0,0,0,0,False,False,False
MSLesSeg,P2_T4,Tversky,pp5,1,2,3.929,2,2,1,1,True,True,True
MSLesSeg,P2_T4,Tversky,pp5,1,3,3.929,3,3,1,1,True,True,True
MSLesSeg,P2_T4,Tversky,pp5,1,5,3.929,6,4,1,1,True,True,True
MSLesSeg,P2_T4,Tversky,pp5,2,1,3.929,0,0,0,0,False,False,False
MSLesSeg,P2_T4,Tversky,pp5,2,2,3.929,2,2,1,1,True,True,True
MSLesSeg,P2_T4,Tversky,pp5,2,3,3.929,3,3,1,1,True,True,True
MSLesSeg,P2_T4,Tversky,pp5,2,5,3.929,6,4,1,1,True,True,True
MSLesSeg,P2_T4,Tversky,pp5,3,1,3.929,0,0,0,0,False,False,False
MSLesSeg,P2_T4,Tversky,pp5,3,2,3.929,2,2,1,1,True,True,True
MSLesSeg,P2_T4,Tversky,pp5,3,3,3.929,3,3,1,1,True,True,True
MSLesSeg,P2_T4,Tversky,pp5,3,5,3.929,6,4,1,1,True,True,True
MSLesSeg,P2_T4,Tversky,pp5,4,1,3.929,0,0,0,0,False,False,False
MSLesSeg,P2_T4,Tversky,pp5,4,2,3.929,2,2,1,1,True,True,True
MSLesSeg,P2_T4,Tversky,pp5,4,3,3.929,3,3,1,1,True,True,True
MSLesSeg,P2_T4,Tversky,pp5,4,5,3.929,6,4,1,1,True,True,True
MSLesSeg,P2_T4,FocalTversky,raw,0,1,3.929,0,0,0,0,False,False,False
MSLesSeg,P2_T4,FocalTversky,raw,0,2,3.929,2,2,1,1,True,True,True
MSLesSeg,P2_T4,FocalTversky,raw,0,3,3.929,3,3,1,1,True,True,True
MSLesSeg,P2_T4,FocalTversky,raw,0,5,3.929,6,4,1,1,True,True,True
MSLesSeg,P2_T4,FocalTversky,raw,1,1,3.929,0,0,0,0,False,False,False
MSLesSeg,P2_T4,FocalTversky,raw,1,2,3.929,2,2,1,1,True,True,True
MSLesSeg,P2_T4,FocalTversky,raw,1,3,3.929,3,3,1,1,True,True,True
MSLesSeg,P2_T4,FocalTversky,raw,1,5,3.929,6,4,1,1,True,True,True
MSLesSeg,P2_T4,FocalTversky,raw,2,1,3.929,0,0,0,0,False,False,False
MSLesSeg,P2_T4,FocalTversky,raw,2,2,3.929,2,2,1,1,True,True,True
MSLesSeg,P2_T4,FocalTversky,raw,2,3,3.929,3,3,1,1,True,True,True
MSLesSeg,P2_T4,FocalTversky,raw,2,5,3.929,6,4,1,1,True,True,True
MSLesSeg,P2_T4,FocalTversky,raw,3,1,3.929,0,0,0,0,False,False,False
MSLesSeg,P2_T4,FocalTversky,raw,3,2,3.929,2,2,1,1,True,True,True
MSLesSeg,P2_T4,FocalTversky,raw,3,3,3.929,3,3,1,1,True,True,True
MSLesSeg,P2_T4,FocalTversky,raw,3,5,3.929,6,4,1,1,True,True,True
MSLesSeg,P2_T4,FocalTversky,raw,4,1,3.929,0,0,0,0,False,False,False
MSLesSeg,P2_T4,FocalTversky,raw,4,2,3.929,2,2,1,1,True,True,True
MSLesSeg,P2_T4,FocalTversky,raw,4,3,3.929,3,3,1,1,True,True,True
MSLesSeg,P2_T4,FocalTversky,raw,4,5,3.929,6,4,1,1,True,True,True
MSLesSeg,P2_T4,FocalTversky,pp5,0,1,3.929,0,0,0,0,False,False,False
MSLesSeg,P2_T4,FocalTversky,pp5,0,2,3.929,2,2,1,1,True,True,True
MSLesSeg,P2_T4,FocalTversky,pp5,0,3,3.929,3,3,1,1,True,True,True
MSLesSeg,P2_T4,FocalTversky,pp5,0,5,3.929,6,4,1,1,True,True,True
MSLesSeg,P2_T4,FocalTversky,pp5,1,1,3.929,0,0,0,0,False,False,False
MSLesSeg,P2_T4,FocalTversky,pp5,1,2,3.929,2,2,1,1,True,True,True
MSLesSeg,P2_T4,FocalTversky,pp5,1,3,3.929,3,3,1,1,True,True,True
MSLesSeg,P2_T4,FocalTversky,pp5,1,5,3.929,6,4,1,1,True,True,True
MSLesSeg,P2_T4,FocalTversky,pp5,2,1,3.929,0,0,0,0,False,False,False
MSLesSeg,P2_T4,FocalTversky,pp5,2,2,3.929,2,2,1,1,True,True,True
MSLesSeg,P2_T4,FocalTversky,pp5,2,3,3.929,3,3,1,1,True,True,True
MSLesSeg,P2_T4,FocalTversky,pp5,2,5,3.929,6,4,1,1,True,True,True
MSLesSeg,P2_T4,FocalTversky,pp5,3,1,3.929,0,0,0,0,False,False,False
MSLesSeg,P2_T4,FocalTversky,pp5,3,2,3.929,2,2,1,1,True,True,True
MSLesSeg,P2_T4,FocalTversky,pp5,3,3,3.929,3,3,1,1,True,True,True
MSLesSeg,P2_T4,FocalTversky,pp5,3,5,3.929,6,4,1,1,True,True,True
MSLesSeg,P2_T4,FocalTversky,pp5,4,1,3.929,0,0,0,0,False,False,False
MSLesSeg,P2_T4,FocalTversky,pp5,4,2,3.929,2,2,1,1,True,True,True
MSLesSeg,P2_T4,FocalTversky,pp5,4,3,3.929,3,3,1,1,True,True,True
MSLesSeg,P2_T4,FocalTversky,pp5,4,5,3.929,6,4,1,1,True,True,True
MSLesSeg,P47_T1,CATMIL,raw,0,1,27.638,4,0,0,0,True,True,True
MSLesSeg,P47_T1,CATMIL,raw,0,2,27.638,8,1,0,0,True,True,True
MSLesSeg,P47_T1,CATMIL,raw,0,3,27.638,9,2,0,0,True,True,True
MSLesSeg,P47_T1,CATMIL,raw,0,5,27.638,11,4,1,1,True,True,True
MSLesSeg,P47_T1,CATMIL,raw,1,1,27.638,4,0,0,0,True,True,True
MSLesSeg,P47_T1,CATMIL,raw,1,2,27.638,8,1,0,0,True,True,True
MSLesSeg,P47_T1,CATMIL,raw,1,3,27.638,9,2,0,0,True,True,True
MSLesSeg,P47_T1,CATMIL,raw,1,5,27.638,11,4,1,1,True,True,True
MSLesSeg,P47_T1,CATMIL,raw,2,1,27.638,4,0,0,0,True,True,True
MSLesSeg,P47_T1,CATMIL,raw,2,2,27.638,8,1,0,0,True,True,True
MSLesSeg,P47_T1,CATMIL,raw,2,3,27.638,9,2,0,0,True,True,True
MSLesSeg,P47_T1,CATMIL,raw,2,5,27.638,11,4,1,1,True,True,True
MSLesSeg,P47_T1,CATMIL,raw,3,1,27.638,4,0,0,0,True,True,True
MSLesSeg,P47_T1,CATMIL,raw,3,2,27.638,8,1,0,0,True,True,True
MSLesSeg,P47_T1,CATMIL,raw,3,3,27.638,9,2,0,0,True,True,True
MSLesSeg,P47_T1,CATMIL,raw,3,5,27.638,11,4,1,1,True,True,True
MSLesSeg,P47_T1,CATMIL,raw,4,1,27.638,4,0,0,0,True,True,True
MSLesSeg,P47_T1,CATMIL,raw,4,2,27.638,8,1,0,0,True,True,True
MSLesSeg,P47_T1,CATMIL,raw,4,3,27.638,9,2,0,0,True,True,True
MSLesSeg,P47_T1,CATMIL,raw,4,5,27.638,11,4,1,1,True,True,True
MSLesSeg,P47_T1,CATMIL,pp5,0,1,27.638,4,0,0,0,True,True,True
MSLesSeg,P47_T1,CATMIL,pp5,0,2,27.638,8,1,0,0,True,True,True
MSLesSeg,P47_T1,CATMIL,pp5,0,3,27.638,9,2,0,0,True,True,True
MSLesSeg,P47_T1,CATMIL,pp5,0,5,27.638,11,4,1,1,True,True,True
MSLesSeg,P47_T1,CATMIL,pp5,1,1,27.638,4,0,0,0,True,True,True
MSLesSeg,P47_T1,CATMIL,pp5,1,2,27.638,8,1,0,0,True,True,True
MSLesSeg,P47_T1,CATMIL,pp5,1,3,27.638,9,2,0,0,True,True,True
MSLesSeg,P47_T1,CATMIL,pp5,1,5,27.638,11,4,1,1,True,True,True
MSLesSeg,P47_T1,CATMIL,pp5,2,1,27.638,4,0,0,0,True,True,True
MSLesSeg,P47_T1,CATMIL,pp5,2,2,27.638,8,1,0,0,True,True,True
MSLesSeg,P47_T1,CATMIL,pp5,2,3,27.638,9,2,0,0,True,True,True
MSLesSeg,P47_T1,CATMIL,pp5,2,5,27.638,11,4,1,1,True,True,True
MSLesSeg,P47_T1,CATMIL,pp5,3,1,27.638,4,0,0,0,True,True,True
MSLesSeg,P47_T1,CATMIL,pp5,3,2,27.638,8,1,0,0,True,True,True
MSLesSeg,P47_T1,CATMIL,pp5,3,3,27.638,9,2,0,0,True,True,True
MSLesSeg,P47_T1,CATMIL,pp5,3,5,27.638,11,4,1,1,True,True,True
MSLesSeg,P47_T1,CATMIL,pp5,4,1,27.638,4,0,0,0,True,True,True
MSLesSeg,P47_T1,CATMIL,pp5,4,2,27.638,8,1,0,0,True,True,True
MSLesSeg,P47_T1,CATMIL,pp5,4,3,27.638,9,2,0,0,True,True,True
MSLesSeg,P47_T1,CATMIL,pp5,4,5,27.638,11,4,1,1,True,True,True
MSLesSeg,P47_T1,DiceCE,raw,0,1,27.638,4,0,0,0,True,True,True
MSLesSeg,P47_T1,DiceCE,raw,0,2,27.638,8,1,1,1,True,True,True
MSLesSeg,P47_T1,DiceCE,raw,0,3,27.638,9,2,1,1,True,True,True
MSLesSeg,P47_T1,DiceCE,raw,0,5,27.638,11,4,2,2,True,True,True
MSLesSeg,P47_T1,DiceCE,raw,1,1,27.638,4,0,0,0,True,True,True
MSLesSeg,P47_T1,DiceCE,raw,1,2,27.638,8,1,0,0,True,True,True
MSLesSeg,P47_T1,DiceCE,raw,1,3,27.638,9,2,0,0,True,True,True
MSLesSeg,P47_T1,DiceCE,raw,1,5,27.638,11,4,1,1,True,True,True
MSLesSeg,P47_T1,DiceCE,raw,2,1,27.638,4,0,0,0,True,True,True
MSLesSeg,P47_T1,DiceCE,raw,2,2,27.638,8,1,1,1,True,True,True
MSLesSeg,P47_T1,DiceCE,raw,2,3,27.638,9,2,1,1,True,True,True
MSLesSeg,P47_T1,DiceCE,raw,2,5,27.638,11,4,2,2,True,True,True
MSLesSeg,P47_T1,DiceCE,raw,3,1,27.638,4,0,0,0,True,True,True
MSLesSeg,P47_T1,DiceCE,raw,3,2,27.638,8,1,0,0,True,True,True
MSLesSeg,P47_T1,DiceCE,raw,3,3,27.638,9,2,0,0,True,True,True
MSLesSeg,P47_T1,DiceCE,raw,3,5,27.638,11,4,1,1,True,True,True
MSLesSeg,P47_T1,DiceCE,raw,4,1,27.638,4,0,0,0,True,True,True
MSLesSeg,P47_T1,DiceCE,raw,4,2,27.638,8,1,0,0,True,True,True
MSLesSeg,P47_T1,DiceCE,raw,4,3,27.638,9,2,0,0,True,True,True
MSLesSeg,P47_T1,DiceCE,raw,4,5,27.638,11,4,1,1,True,True,True
MSLesSeg,P47_T1,DiceCE,pp5,0,1,27.638,4,0,0,0,True,True,True
MSLesSeg,P47_T1,DiceCE,pp5,0,2,27.638,8,1,1,1,True,True,True
MSLesSeg,P47_T1,DiceCE,pp5,0,3,27.638,9,2,1,1,True,True,True
MSLesSeg,P47_T1,DiceCE,pp5,0,5,27.638,11,4,2,2,True,True,True
MSLesSeg,P47_T1,DiceCE,pp5,1,1,27.638,4,0,0,0,True,True,True
MSLesSeg,P47_T1,DiceCE,pp5,1,2,27.638,8,1,0,0,True,True,True
MSLesSeg,P47_T1,DiceCE,pp5,1,3,27.638,9,2,0,0,True,True,True
MSLesSeg,P47_T1,DiceCE,pp5,1,5,27.638,11,4,1,1,True,True,True
MSLesSeg,P47_T1,DiceCE,pp5,2,1,27.638,4,0,0,0,True,True,True
MSLesSeg,P47_T1,DiceCE,pp5,2,2,27.638,8,1,1,1,True,True,True
MSLesSeg,P47_T1,DiceCE,pp5,2,3,27.638,9,2,1,1,True,True,True
MSLesSeg,P47_T1,DiceCE,pp5,2,5,27.638,11,4,2,2,True,True,True
MSLesSeg,P47_T1,DiceCE,pp5,3,1,27.638,4,0,0,0,True,True,True
MSLesSeg,P47_T1,DiceCE,pp5,3,2,27.638,8,1,0,0,True,True,True
MSLesSeg,P47_T1,DiceCE,pp5,3,3,27.638,9,2,0,0,True,True,True
MSLesSeg,P47_T1,DiceCE,pp5,3,5,27.638,11,4,1,1,True,True,True
MSLesSeg,P47_T1,DiceCE,pp5,4,1,27.638,4,0,0,0,True,True,True
MSLesSeg,P47_T1,DiceCE,pp5,4,2,27.638,8,1,1,1,True,True,True
MSLesSeg,P47_T1,DiceCE,pp5,4,3,27.638,9,2,1,1,True,True,True
MSLesSeg,P47_T1,DiceCE,pp5,4,5,27.638,11,4,2,2,True,True,True
MSLesSeg,P47_T1,Tversky,raw,0,1,27.638,4,0,0,0,True,True,True
MSLesSeg,P47_T1,Tversky,raw,0,2,27.638,8,1,0,0,True,True,True
MSLesSeg,P47_T1,Tversky,raw,0,3,27.638,9,2,0,0,True,True,True
MSLesSeg,P47_T1,Tversky,raw,0,5,27.638,11,4,1,1,True,True,True
MSLesSeg,P47_T1,Tversky,raw,1,1,27.638,4,0,0,0,True,True,True
MSLesSeg,P47_T1,Tversky,raw,1,2,27.638,8,1,0,0,True,True,True
MSLesSeg,P47_T1,Tversky,raw,1,3,27.638,9,2,0,0,True,True,True
MSLesSeg,P47_T1,Tversky,raw,1,5,27.638,11,4,0,0,True,True,True
MSLesSeg,P47_T1,Tversky,raw,2,1,27.638,4,0,0,0,True,True,True
MSLesSeg,P47_T1,Tversky,raw,2,2,27.638,8,1,0,0,True,True,True
MSLesSeg,P47_T1,Tversky,raw,2,3,27.638,9,2,0,0,True,True,True
MSLesSeg,P47_T1,Tversky,raw,2,5,27.638,11,4,1,1,True,True,True
MSLesSeg,P47_T1,Tversky,raw,3,1,27.638,4,0,0,0,True,True,True
MSLesSeg,P47_T1,Tversky,raw,3,2,27.638,8,1,0,0,True,True,True
MSLesSeg,P47_T1,Tversky,raw,3,3,27.638,9,2,0,0,True,True,True
MSLesSeg,P47_T1,Tversky,raw,3,5,27.638,11,4,1,1,True,True,True
MSLesSeg,P47_T1,Tversky,raw,4,1,27.638,4,0,0,0,True,True,True
MSLesSeg,P47_T1,Tversky,raw,4,2,27.638,8,1,0,0,True,True,True
MSLesSeg,P47_T1,Tversky,raw,4,3,27.638,9,2,0,0,True,True,True
MSLesSeg,P47_T1,Tversky,raw,4,5,27.638,11,4,1,1,True,True,True
MSLesSeg,P47_T1,Tversky,pp5,0,1,27.638,4,0,0,0,True,True,True
MSLesSeg,P47_T1,Tversky,pp5,0,2,27.638,8,1,0,0,True,True,True
MSLesSeg,P47_T1,Tversky,pp5,0,3,27.638,9,2,0,0,True,True,True
MSLesSeg,P47_T1,Tversky,pp5,0,5,27.638,11,4,1,1,True,True,True
MSLesSeg,P47_T1,Tversky,pp5,1,1,27.638,4,0,0,0,True,True,True
MSLesSeg,P47_T1,Tversky,pp5,1,2,27.638,8,1,0,0,True,True,True
MSLesSeg,P47_T1,Tversky,pp5,1,3,27.638,9,2,0,0,True,True,True
MSLesSeg,P47_T1,Tversky,pp5,1,5,27.638,11,4,0,0,True,True,True
MSLesSeg,P47_T1,Tversky,pp5,2,1,27.638,4,0,0,0,True,True,True
MSLesSeg,P47_T1,Tversky,pp5,2,2,27.638,8,1,0,0,True,True,True
MSLesSeg,P47_T1,Tversky,pp5,2,3,27.638,9,2,0,0,True,True,True
MSLesSeg,P47_T1,Tversky,pp5,2,5,27.638,11,4,1,1,True,True,True
MSLesSeg,P47_T1,Tversky,pp5,3,1,27.638,4,0,0,0,True,True,True
MSLesSeg,P47_T1,Tversky,pp5,3,2,27.638,8,1,0,0,True,True,True
MSLesSeg,P47_T1,Tversky,pp5,3,3,27.638,9,2,0,0,True,True,True
MSLesSeg,P47_T1,Tversky,pp5,3,5,27.638,11,4,1,1,True,True,True
MSLesSeg,P47_T1,Tversky,pp5,4,1,27.638,4,0,0,0,True,True,True
MSLesSeg,P47_T1,Tversky,pp5,4,2,27.638,8,1,0,0,True,True,True
MSLesSeg,P47_T1,Tversky,pp5,4,3,27.638,9,2,0,0,True,True,True
MSLesSeg,P47_T1,Tversky,pp5,4,5,27.638,11,4,1,1,True,True,True
MSLesSeg,P47_T1,FocalTversky,raw,0,1,27.638,4,0,0,0,True,True,True
MSLesSeg,P47_T1,FocalTversky,raw,0,2,27.638,8,1,0,0,True,True,True
MSLesSeg,P47_T1,FocalTversky,raw,0,3,27.638,9,2,0,0,True,True,True
MSLesSeg,P47_T1,FocalTversky,raw,0,5,27.638,11,4,0,0,True,True,True
MSLesSeg,P47_T1,FocalTversky,raw,1,1,27.638,4,0,0,0,True,True,True
MSLesSeg,P47_T1,FocalTversky,raw,1,2,27.638,8,1,0,0,True,True,True
MSLesSeg,P47_T1,FocalTversky,raw,1,3,27.638,9,2,0,0,True,True,True
MSLesSeg,P47_T1,FocalTversky,raw,1,5,27.638,11,4,0,0,True,True,True
MSLesSeg,P47_T1,FocalTversky,raw,2,1,27.638,4,0,0,0,True,True,True
MSLesSeg,P47_T1,FocalTversky,raw,2,2,27.638,8,1,0,0,True,True,True
MSLesSeg,P47_T1,FocalTversky,raw,2,3,27.638,9,2,0,0,True,True,True
MSLesSeg,P47_T1,FocalTversky,raw,2,5,27.638,11,4,1,1,True,True,True
MSLesSeg,P47_T1,FocalTversky,raw,3,1,27.638,4,0,0,0,True,True,True
MSLesSeg,P47_T1,FocalTversky,raw,3,2,27.638,8,1,0,0,True,True,True
MSLesSeg,P47_T1,FocalTversky,raw,3,3,27.638,9,2,0,0,True,True,True
MSLesSeg,P47_T1,FocalTversky,raw,3,5,27.638,11,4,0,0,True,True,True
MSLesSeg,P47_T1,FocalTversky,raw,4,1,27.638,4,0,0,0,True,True,True
MSLesSeg,P47_T1,FocalTversky,raw,4,2,27.638,8,1,0,0,True,True,True
MSLesSeg,P47_T1,FocalTversky,raw,4,3,27.638,9,2,0,0,True,True,True
MSLesSeg,P47_T1,FocalTversky,raw,4,5,27.638,11,4,0,0,True,True,True
MSLesSeg,P47_T1,FocalTversky,pp5,0,1,27.638,4,0,0,0,True,True,True
MSLesSeg,P47_T1,FocalTversky,pp5,0,2,27.638,8,1,0,0,True,True,True
MSLesSeg,P47_T1,FocalTversky,pp5,0,3,27.638,9,2,0,0,True,True,True
MSLesSeg,P47_T1,FocalTversky,pp5,0,5,27.638,11,4,0,0,True,True,True
MSLesSeg,P47_T1,FocalTversky,pp5,1,1,27.638,4,0,0,0,True,True,True
MSLesSeg,P47_T1,FocalTversky,pp5,1,2,27.638,8,1,0,0,True,True,True
MSLesSeg,P47_T1,FocalTversky,pp5,1,3,27.638,9,2,0,0,True,True,True
MSLesSeg,P47_T1,FocalTversky,pp5,1,5,27.638,11,4,0,0,True,True,True
MSLesSeg,P47_T1,FocalTversky,pp5,2,1,27.638,4,0,0,0,True,True,True
MSLesSeg,P47_T1,FocalTversky,pp5,2,2,27.638,8,1,0,0,True,True,True
MSLesSeg,P47_T1,FocalTversky,pp5,2,3,27.638,9,2,0,0,True,True,True
MSLesSeg,P47_T1,FocalTversky,pp5,2,5,27.638,11,4,1,1,True,True,True
MSLesSeg,P47_T1,FocalTversky,pp5,3,1,27.638,4,0,0,0,True,True,True
MSLesSeg,P47_T1,FocalTversky,pp5,3,2,27.638,8,1,0,0,True,True,True
MSLesSeg,P47_T1,FocalTversky,pp5,3,3,27.638,9,2,0,0,True,True,True
MSLesSeg,P47_T1,FocalTversky,pp5,3,5,27.638,11,4,0,0,True,True,True
MSLesSeg,P47_T1,FocalTversky,pp5,4,1,27.638,4,0,0,0,True,True,True
MSLesSeg,P47_T1,FocalTversky,pp5,4,2,27.638,8,1,0,0,True,True,True
MSLesSeg,P47_T1,FocalTversky,pp5,4,3,27.638,9,2,0,0,True,True,True
MSLesSeg,P47_T1,FocalTversky,pp5,4,5,27.638,11,4,0,0,True,True,True
MSLesSeg,P49_T1,CATMIL,raw,0,1,5.605,0,0,0,0,False,False,False
MSLesSeg,P49_T1,CATMIL,raw,0,2,5.605,5,1,0,0,True,True,True
MSLesSeg,P49_T1,CATMIL,raw,0,3,5.605,6,2,0,0,True,True,True
MSLesSeg,P49_T1,CATMIL,raw,0,5,5.605,7,3,0,0,True,True,True
MSLesSeg,P49_T1,CATMIL,raw,1,1,5.605,0,0,0,0,False,False,False
MSLesSeg,P49_T1,CATMIL,raw,1,2,5.605,5,1,0,0,True,True,True
MSLesSeg,P49_T1,CATMIL,raw,1,3,5.605,6,2,0,0,True,True,True
MSLesSeg,P49_T1,CATMIL,raw,1,5,5.605,7,3,0,0,True,True,True
MSLesSeg,P49_T1,CATMIL,raw,2,1,5.605,0,0,0,0,False,False,False
MSLesSeg,P49_T1,CATMIL,raw,2,2,5.605,5,1,0,0,True,True,True
MSLesSeg,P49_T1,CATMIL,raw,2,3,5.605,6,2,0,0,True,True,True
MSLesSeg,P49_T1,CATMIL,raw,2,5,5.605,7,3,0,0,True,True,True
MSLesSeg,P49_T1,CATMIL,raw,3,1,5.605,0,0,0,0,False,False,False
MSLesSeg,P49_T1,CATMIL,raw,3,2,5.605,5,1,0,0,True,True,True
MSLesSeg,P49_T1,CATMIL,raw,3,3,5.605,6,2,0,0,True,True,True
MSLesSeg,P49_T1,CATMIL,raw,3,5,5.605,7,3,0,0,True,True,True
MSLesSeg,P49_T1,CATMIL,raw,4,1,5.605,0,0,0,0,False,False,False
MSLesSeg,P49_T1,CATMIL,raw,4,2,5.605,5,1,1,0,True,True,True
MSLesSeg,P49_T1,CATMIL,raw,4,3,5.605,6,2,1,0,True,True,True
MSLesSeg,P49_T1,CATMIL,raw,4,5,5.605,7,3,1,0,True,True,True
MSLesSeg,P49_T1,CATMIL,pp5,0,1,5.605,0,0,0,0,False,False,False
MSLesSeg,P49_T1,CATMIL,pp5,0,2,5.605,5,1,1,0,True,True,True
MSLesSeg,P49_T1,CATMIL,pp5,0,3,5.605,6,2,1,0,True,True,True
MSLesSeg,P49_T1,CATMIL,pp5,0,5,5.605,7,3,1,0,True,True,True
MSLesSeg,P49_T1,CATMIL,pp5,1,1,5.605,0,0,0,0,False,False,False
MSLesSeg,P49_T1,CATMIL,pp5,1,2,5.605,5,1,0,0,True,True,True
MSLesSeg,P49_T1,CATMIL,pp5,1,3,5.605,6,2,1,1,True,True,True
MSLesSeg,P49_T1,CATMIL,pp5,1,5,5.605,7,3,1,1,True,True,True
MSLesSeg,P49_T1,CATMIL,pp5,2,1,5.605,0,0,0,0,False,False,False
MSLesSeg,P49_T1,CATMIL,pp5,2,2,5.605,5,1,0,0,True,True,True
MSLesSeg,P49_T1,CATMIL,pp5,2,3,5.605,6,2,0,0,True,True,True
MSLesSeg,P49_T1,CATMIL,pp5,2,5,5.605,7,3,0,0,True,True,True
MSLesSeg,P49_T1,CATMIL,pp5,3,1,5.605,0,0,0,0,False,False,False
MSLesSeg,P49_T1,CATMIL,pp5,3,2,5.605,5,1,1,0,True,True,True
MSLesSeg,P49_T1,CATMIL,pp5,3,3,5.605,6,2,1,0,True,True,True
MSLesSeg,P49_T1,CATMIL,pp5,3,5,5.605,7,3,1,0,True,True,True
MSLesSeg,P49_T1,CATMIL,pp5,4,1,5.605,0,0,0,0,False,False,False
MSLesSeg,P49_T1,CATMIL,pp5,4,2,5.605,5,1,1,0,True,True,True
MSLesSeg,P49_T1,CATMIL,pp5,4,3,5.605,6,2,1,0,True,True,True
MSLesSeg,P49_T1,CATMIL,pp5,4,5,5.605,7,3,1,0,True,True,True
MSLesSeg,P49_T1,DiceCE,raw,0,1,5.605,0,0,0,0,False,False,False
MSLesSeg,P49_T1,DiceCE,raw,0,2,5.605,5,1,2,1,True,True,True
MSLesSeg,P49_T1,DiceCE,raw,0,3,5.605,6,2,3,2,True,True,True
MSLesSeg,P49_T1,DiceCE,raw,0,5,5.605,7,3,3,2,True,True,True
MSLesSeg,P49_T1,DiceCE,raw,1,1,5.605,0,0,0,0,False,False,False
MSLesSeg,P49_T1,DiceCE,raw,1,2,5.605,5,1,0,0,True,True,True
MSLesSeg,P49_T1,DiceCE,raw,1,3,5.605,6,2,1,1,True,True,True
MSLesSeg,P49_T1,DiceCE,raw,1,5,5.605,7,3,1,1,True,True,True
MSLesSeg,P49_T1,DiceCE,raw,2,1,5.605,0,0,0,0,False,False,False
MSLesSeg,P49_T1,DiceCE,raw,2,2,5.605,5,1,2,1,True,True,True
MSLesSeg,P49_T1,DiceCE,raw,2,3,5.605,6,2,3,2,True,True,True
MSLesSeg,P49_T1,DiceCE,raw,2,5,5.605,7,3,3,2,True,True,True
MSLesSeg,P49_T1,DiceCE,raw,3,1,5.605,0,0,0,0,False,False,False
MSLesSeg,P49_T1,DiceCE,raw,3,2,5.605,5,1,2,1,True,True,True
MSLesSeg,P49_T1,DiceCE,raw,3,3,5.605,6,2,3,2,True,True,True
MSLesSeg,P49_T1,DiceCE,raw,3,5,5.605,7,3,3,2,True,True,True
MSLesSeg,P49_T1,DiceCE,raw,4,1,5.605,0,0,0,0,False,False,False
MSLesSeg,P49_T1,DiceCE,raw,4,2,5.605,5,1,2,1,True,True,True
MSLesSeg,P49_T1,DiceCE,raw,4,3,5.605,6,2,3,2,True,True,True
MSLesSeg,P49_T1,DiceCE,raw,4,5,5.605,7,3,3,2,True,True,True
MSLesSeg,P49_T1,DiceCE,pp5,0,1,5.605,0,0,0,0,False,False,False
MSLesSeg,P49_T1,DiceCE,pp5,0,2,5.605,5,1,2,1,True,True,True
MSLesSeg,P49_T1,DiceCE,pp5,0,3,5.605,6,2,3,2,True,True,True
MSLesSeg,P49_T1,DiceCE,pp5,0,5,5.605,7,3,3,2,True,True,True
MSLesSeg,P49_T1,DiceCE,pp5,1,1,5.605,0,0,0,0,False,False,False
MSLesSeg,P49_T1,DiceCE,pp5,1,2,5.605,5,1,0,0,True,True,True
MSLesSeg,P49_T1,DiceCE,pp5,1,3,5.605,6,2,1,1,True,True,True
MSLesSeg,P49_T1,DiceCE,pp5,1,5,5.605,7,3,1,1,True,True,True
MSLesSeg,P49_T1,DiceCE,pp5,2,1,5.605,0,0,0,0,False,False,False
MSLesSeg,P49_T1,DiceCE,pp5,2,2,5.605,5,1,2,1,True,True,True
MSLesSeg,P49_T1,DiceCE,pp5,2,3,5.605,6,2,3,2,True,True,True
MSLesSeg,P49_T1,DiceCE,pp5,2,5,5.605,7,3,3,2,True,True,True
MSLesSeg,P49_T1,DiceCE,pp5,3,1,5.605,0,0,0,0,False,False,False
MSLesSeg,P49_T1,DiceCE,pp5,3,2,5.605,5,1,2,1,True,True,True
MSLesSeg,P49_T1,DiceCE,pp5,3,3,5.605,6,2,3,2,True,True,True
MSLesSeg,P49_T1,DiceCE,pp5,3,5,5.605,7,3,3,2,True,True,True
MSLesSeg,P49_T1,DiceCE,pp5,4,1,5.605,0,0,0,0,False,False,False
MSLesSeg,P49_T1,DiceCE,pp5,4,2,5.605,5,1,2,1,True,True,True
MSLesSeg,P49_T1,DiceCE,pp5,4,3,5.605,6,2,3,2,True,True,True
MSLesSeg,P49_T1,DiceCE,pp5,4,5,5.605,7,3,3,2,True,True,True
MSLesSeg,P49_T1,Tversky,raw,0,1,5.605,0,0,0,0,False,False,False
MSLesSeg,P49_T1,Tversky,raw,0,2,5.605,5,1,1,0,True,True,True
MSLesSeg,P49_T1,Tversky,raw,0,3,5.605,6,2,2,1,True,True,True
MSLesSeg,P49_T1,Tversky,raw,0,5,5.605,7,3,2,1,True,True,True
MSLesSeg,P49_T1,Tversky,raw,1,1,5.605,0,0,0,0,False,False,False
MSLesSeg,P49_T1,Tversky,raw,1,2,5.605,5,1,0,0,True,True,True
MSLesSeg,P49_T1,Tversky,raw,1,3,5.605,6,2,1,1,True,True,True
MSLesSeg,P49_T1,Tversky,raw,1,5,5.605,7,3,1,1,True,True,True
MSLesSeg,P49_T1,Tversky,raw,2,1,5.605,0,0,0,0,False,False,False
MSLesSeg,P49_T1,Tversky,raw,2,2,5.605,5,1,1,0,True,True,True
MSLesSeg,P49_T1,Tversky,raw,2,3,5.605,6,2,1,0,True,True,True
MSLesSeg,P49_T1,Tversky,raw,2,5,5.605,7,3,1,0,True,True,True
MSLesSeg,P49_T1,Tversky,raw,3,1,5.605,0,0,0,0,False,True,False
MSLesSeg,P49_T1,Tversky,raw,3,2,5.605,5,1,1,0,True,True,True
MSLesSeg,P49_T1,Tversky,raw,3,3,5.605,6,2,1,0,True,True,True
MSLesSeg,P49_T1,Tversky,raw,3,5,5.605,7,3,1,0,True,True,True
MSLesSeg,P49_T1,Tversky,raw,4,1,5.605,0,0,0,0,False,False,False
MSLesSeg,P49_T1,Tversky,raw,4,2,5.605,5,1,1,0,True,True,True
MSLesSeg,P49_T1,Tversky,raw,4,3,5.605,6,2,1,0,True,True,True
MSLesSeg,P49_T1,Tversky,raw,4,5,5.605,7,3,1,0,True,True,True
MSLesSeg,P49_T1,Tversky,pp5,0,1,5.605,0,0,0,0,False,False,False
MSLesSeg,P49_T1,Tversky,pp5,0,2,5.605,5,1,1,0,True,True,True
MSLesSeg,P49_T1,Tversky,pp5,0,3,5.605,6,2,2,1,True,True,True
MSLesSeg,P49_T1,Tversky,pp5,0,5,5.605,7,3,2,1,True,True,True
MSLesSeg,P49_T1,Tversky,pp5,1,1,5.605,0,0,0,0,False,False,False
MSLesSeg,P49_T1,Tversky,pp5,1,2,5.605,5,1,0,0,True,True,True
MSLesSeg,P49_T1,Tversky,pp5,1,3,5.605,6,2,1,1,True,True,True
MSLesSeg,P49_T1,Tversky,pp5,1,5,5.605,7,3,1,1,True,True,True
MSLesSeg,P49_T1,Tversky,pp5,2,1,5.605,0,0,0,0,False,False,False
MSLesSeg,P49_T1,Tversky,pp5,2,2,5.605,5,1,1,0,True,True,True
MSLesSeg,P49_T1,Tversky,pp5,2,3,5.605,6,2,1,0,True,True,True
MSLesSeg,P49_T1,Tversky,pp5,2,5,5.605,7,3,1,0,True,True,True
MSLesSeg,P49_T1,Tversky,pp5,3,1,5.605,0,0,0,0,False,True,False
MSLesSeg,P49_T1,Tversky,pp5,3,2,5.605,5,1,1,0,True,True,True
MSLesSeg,P49_T1,Tversky,pp5,3,3,5.605,6,2,1,0,True,True,True
MSLesSeg,P49_T1,Tversky,pp5,3,5,5.605,7,3,1,0,True,True,True
MSLesSeg,P49_T1,Tversky,pp5,4,1,5.605,0,0,0,0,False,False,False
MSLesSeg,P49_T1,Tversky,pp5,4,2,5.605,5,1,1,0,True,True,True
MSLesSeg,P49_T1,Tversky,pp5,4,3,5.605,6,2,1,0,True,True,True
MSLesSeg,P49_T1,Tversky,pp5,4,5,5.605,7,3,1,0,True,True,True
MSLesSeg,P49_T1,FocalTversky,raw,0,1,5.605,0,0,0,0,False,False,False
MSLesSeg,P49_T1,FocalTversky,raw,0,2,5.605,5,1,1,0,True,True,True
MSLesSeg,P49_T1,FocalTversky,raw,0,3,5.605,6,2,1,0,True,True,True
MSLesSeg,P49_T1,FocalTversky,raw,0,5,5.605,7,3,1,0,True,True,True
MSLesSeg,P49_T1,FocalTversky,raw,1,1,5.605,0,0,0,0,False,False,False
MSLesSeg,P49_T1,FocalTversky,raw,1,2,5.605,5,1,0,0,True,True,True
MSLesSeg,P49_T1,FocalTversky,raw,1,3,5.605,6,2,1,1,True,True,True
MSLesSeg,P49_T1,FocalTversky,raw,1,5,5.605,7,3,1,1,True,True,True
MSLesSeg,P49_T1,FocalTversky,raw,2,1,5.605,0,0,0,0,False,False,False
MSLesSeg,P49_T1,FocalTversky,raw,2,2,5.605,5,1,1,0,True,True,True
MSLesSeg,P49_T1,FocalTversky,raw,2,3,5.605,6,2,1,0,True,True,True
MSLesSeg,P49_T1,FocalTversky,raw,2,5,5.605,7,3,1,0,True,True,True
MSLesSeg,P49_T1,FocalTversky,raw,3,1,5.605,0,0,0,0,False,False,False
MSLesSeg,P49_T1,FocalTversky,raw,3,2,5.605,5,1,1,0,True,True,True
MSLesSeg,P49_T1,FocalTversky,raw,3,3,5.605,6,2,1,0,True,True,True
MSLesSeg,P49_T1,FocalTversky,raw,3,5,5.605,7,3,1,0,True,True,True
MSLesSeg,P49_T1,FocalTversky,raw,4,1,5.605,0,0,0,0,False,False,False
MSLesSeg,P49_T1,FocalTversky,raw,4,2,5.605,5,1,1,0,True,True,True
MSLesSeg,P49_T1,FocalTversky,raw,4,3,5.605,6,2,1,0,True,True,True
MSLesSeg,P49_T1,FocalTversky,raw,4,5,5.605,7,3,1,0,True,True,True
MSLesSeg,P49_T1,FocalTversky,pp5,0,1,5.605,0,0,0,0,False,False,False
MSLesSeg,P49_T1,FocalTversky,pp5,0,2,5.605,5,1,1,0,True,True,True
MSLesSeg,P49_T1,FocalTversky,pp5,0,3,5.605,6,2,1,0,True,True,True
MSLesSeg,P49_T1,FocalTversky,pp5,0,5,5.605,7,3,1,0,True,True,True
MSLesSeg,P49_T1,FocalTversky,pp5,1,1,5.605,0,0,0,0,False,False,False
MSLesSeg,P49_T1,FocalTversky,pp5,1,2,5.605,5,1,0,0,True,True,True
MSLesSeg,P49_T1,FocalTversky,pp5,1,3,5.605,6,2,1,1,True,True,True
MSLesSeg,P49_T1,FocalTversky,pp5,1,5,5.605,7,3,1,1,True,True,True
MSLesSeg,P49_T1,FocalTversky,pp5,2,1,5.605,0,0,0,0,False,False,False
MSLesSeg,P49_T1,FocalTversky,pp5,2,2,5.605,5,1,1,0,True,True,True
MSLesSeg,P49_T1,FocalTversky,pp5,2,3,5.605,6,2,1,0,True,True,True
MSLesSeg,P49_T1,FocalTversky,pp5,2,5,5.605,7,3,1,0,True,True,True
MSLesSeg,P49_T1,FocalTversky,pp5,3,1,5.605,0,0,0,0,False,False,False
MSLesSeg,P49_T1,FocalTversky,pp5,3,2,5.605,5,1,1,0,True,True,True
MSLesSeg,P49_T1,FocalTversky,pp5,3,3,5.605,6,2,1,0,True,True,True
MSLesSeg,P49_T1,FocalTversky,pp5,3,5,5.605,7,3,1,0,True,True,True
MSLesSeg,P49_T1,FocalTversky,pp5,4,1,5.605,0,0,0,0,False,False,False
MSLesSeg,P49_T1,FocalTversky,pp5,4,2,5.605,5,1,1,0,True,True,True
MSLesSeg,P49_T1,FocalTversky,pp5,4,3,5.605,6,2,2,1,True,True,True
MSLesSeg,P49_T1,FocalTversky,pp5,4,5,5.605,7,3,2,1,True,True,True
MSLesSeg,P49_T2,CATMIL,raw,0,1,13.247,1,0,0,0,True,False,True
MSLesSeg,P49_T2,CATMIL,raw,0,2,13.247,4,0,0,0,True,True,True
MSLesSeg,P49_T2,CATMIL,raw,0,3,13.247,10,1,1,1,True,True,True
MSLesSeg,P49_T2,CATMIL,raw,0,5,13.247,11,2,1,1,True,True,True
MSLesSeg,P49_T2,CATMIL,raw,1,1,13.247,1,0,0,0,True,False,True
MSLesSeg,P49_T2,CATMIL,raw,1,2,13.247,4,0,0,0,True,True,True
MSLesSeg,P49_T2,CATMIL,raw,1,3,13.247,10,1,0,0,True,True,True
MSLesSeg,P49_T2,CATMIL,raw,1,5,13.247,11,2,0,0,True,True,True
MSLesSeg,P49_T2,CATMIL,raw,2,1,13.247,1,0,0,0,True,False,True
MSLesSeg,P49_T2,CATMIL,raw,2,2,13.247,4,0,0,0,True,True,True
MSLesSeg,P49_T2,CATMIL,raw,2,3,13.247,10,1,0,0,True,True,True
MSLesSeg,P49_T2,CATMIL,raw,2,5,13.247,11,2,0,0,True,True,True
MSLesSeg,P49_T2,CATMIL,raw,3,1,13.247,1,0,0,0,True,False,True
MSLesSeg,P49_T2,CATMIL,raw,3,2,13.247,4,0,0,0,True,True,True
MSLesSeg,P49_T2,CATMIL,raw,3,3,13.247,10,1,0,0,True,True,True
MSLesSeg,P49_T2,CATMIL,raw,3,5,13.247,11,2,0,0,True,True,True
MSLesSeg,P49_T2,CATMIL,raw,4,1,13.247,1,0,0,0,True,False,True
MSLesSeg,P49_T2,CATMIL,raw,4,2,13.247,4,0,0,0,True,True,True
MSLesSeg,P49_T2,CATMIL,raw,4,3,13.247,10,1,1,1,True,True,True
MSLesSeg,P49_T2,CATMIL,raw,4,5,13.247,11,2,1,1,True,True,True
MSLesSeg,P49_T2,CATMIL,pp5,0,1,13.247,1,0,0,0,True,False,True
MSLesSeg,P49_T2,CATMIL,pp5,0,2,13.247,4,0,0,0,True,True,True
MSLesSeg,P49_T2,CATMIL,pp5,0,3,13.247,10,1,1,1,True,True,True
MSLesSeg,P49_T2,CATMIL,pp5,0,5,13.247,11,2,1,1,True,True,True
MSLesSeg,P49_T2,CATMIL,pp5,1,1,13.247,1,0,0,0,True,False,True
MSLesSeg,P49_T2,CATMIL,pp5,1,2,13.247,4,0,0,0,True,True,True
MSLesSeg,P49_T2,CATMIL,pp5,1,3,13.247,10,1,0,0,True,True,True
MSLesSeg,P49_T2,CATMIL,pp5,1,5,13.247,11,2,0,0,True,True,True
MSLesSeg,P49_T2,CATMIL,pp5,2,1,13.247,1,0,0,0,True,False,True
MSLesSeg,P49_T2,CATMIL,pp5,2,2,13.247,4,0,0,0,True,True,True
MSLesSeg,P49_T2,CATMIL,pp5,2,3,13.247,10,1,0,0,True,True,True
MSLesSeg,P49_T2,CATMIL,pp5,2,5,13.247,11,2,0,0,True,True,True
MSLesSeg,P49_T2,CATMIL,pp5,3,1,13.247,1,0,0,0,True,False,True
MSLesSeg,P49_T2,CATMIL,pp5,3,2,13.247,4,0,0,0,True,True,True
MSLesSeg,P49_T2,CATMIL,pp5,3,3,13.247,10,1,0,0,True,True,True
MSLesSeg,P49_T2,CATMIL,pp5,3,5,13.247,11,2,0,0,True,True,True
MSLesSeg,P49_T2,CATMIL,pp5,4,1,13.247,1,0,0,0,True,False,True
MSLesSeg,P49_T2,CATMIL,pp5,4,2,13.247,4,0,0,0,True,True,True
MSLesSeg,P49_T2,CATMIL,pp5,4,3,13.247,10,1,1,1,True,True,True
MSLesSeg,P49_T2,CATMIL,pp5,4,5,13.247,11,2,1,1,True,True,True
MSLesSeg,P49_T2,DiceCE,raw,0,1,13.247,1,0,0,0,True,False,True
MSLesSeg,P49_T2,DiceCE,raw,0,2,13.247,4,0,0,0,True,True,True
MSLesSeg,P49_T2,DiceCE,raw,0,3,13.247,10,1,0,0,True,True,True
MSLesSeg,P49_T2,DiceCE,raw,0,5,13.247,11,2,0,0,True,True,True
MSLesSeg,P49_T2,DiceCE,raw,1,1,13.247,1,0,0,0,True,False,True
MSLesSeg,P49_T2,DiceCE,raw,1,2,13.247,4,0,0,0,True,True,True
MSLesSeg,P49_T2,DiceCE,raw,1,3,13.247,10,1,0,0,True,True,True
MSLesSeg,P49_T2,DiceCE,raw,1,5,13.247,11,2,0,0,True,True,True
MSLesSeg,P49_T2,DiceCE,raw,2,1,13.247,1,0,0,0,True,False,True
MSLesSeg,P49_T2,DiceCE,raw,2,2,13.247,4,0,0,0,True,True,True
MSLesSeg,P49_T2,DiceCE,raw,2,3,13.247,10,1,0,0,True,True,True
MSLesSeg,P49_T2,DiceCE,raw,2,5,13.247,11,2,0,0,True,True,True
MSLesSeg,P49_T2,DiceCE,raw,3,1,13.247,1,0,0,0,True,False,True
MSLesSeg,P49_T2,DiceCE,raw,3,2,13.247,4,0,0,0,True,True,True
MSLesSeg,P49_T2,DiceCE,raw,3,3,13.247,10,1,0,0,True,True,True
MSLesSeg,P49_T2,DiceCE,raw,3,5,13.247,11,2,0,0,True,True,True
MSLesSeg,P49_T2,DiceCE,raw,4,1,13.247,1,0,0,0,True,False,True
MSLesSeg,P49_T2,DiceCE,raw,4,2,13.247,4,0,0,0,True,True,True
MSLesSeg,P49_T2,DiceCE,raw,4,3,13.247,10,1,0,0,True,True,True
MSLesSeg,P49_T2,DiceCE,raw,4,5,13.247,11,2,0,0,True,True,True
MSLesSeg,P49_T2,DiceCE,pp5,0,1,13.247,1,0,0,0,True,False,True
MSLesSeg,P49_T2,DiceCE,pp5,0,2,13.247,4,0,0,0,True,True,True
MSLesSeg,P49_T2,DiceCE,pp5,0,3,13.247,10,1,0,0,True,True,True
MSLesSeg,P49_T2,DiceCE,pp5,0,5,13.247,11,2,0,0,True,True,True
MSLesSeg,P49_T2,DiceCE,pp5,1,1,13.247,1,0,0,0,True,False,True
MSLesSeg,P49_T2,DiceCE,pp5,1,2,13.247,4,0,0,0,True,True,True
MSLesSeg,P49_T2,DiceCE,pp5,1,3,13.247,10,1,0,0,True,True,True
MSLesSeg,P49_T2,DiceCE,pp5,1,5,13.247,11,2,0,0,True,True,True
MSLesSeg,P49_T2,DiceCE,pp5,2,1,13.247,1,0,0,0,True,False,True
MSLesSeg,P49_T2,DiceCE,pp5,2,2,13.247,4,0,0,0,True,True,True
MSLesSeg,P49_T2,DiceCE,pp5,2,3,13.247,10,1,0,0,True,True,True
MSLesSeg,P49_T2,DiceCE,pp5,2,5,13.247,11,2,0,0,True,True,True
MSLesSeg,P49_T2,DiceCE,pp5,3,1,13.247,1,0,0,0,True,False,True
MSLesSeg,P49_T2,DiceCE,pp5,3,2,13.247,4,0,0,0,True,True,True
MSLesSeg,P49_T2,DiceCE,pp5,3,3,13.247,10,1,0,0,True,True,True
MSLesSeg,P49_T2,DiceCE,pp5,3,5,13.247,11,2,0,0,True,True,True
MSLesSeg,P49_T2,DiceCE,pp5,4,1,13.247,1,0,0,0,True,False,True
MSLesSeg,P49_T2,DiceCE,pp5,4,2,13.247,4,0,0,0,True,True,True
MSLesSeg,P49_T2,DiceCE,pp5,4,3,13.247,10,1,0,0,True,True,True
MSLesSeg,P49_T2,DiceCE,pp5,4,5,13.247,11,2,0,0,True,True,True
MSLesSeg,P49_T2,Tversky,raw,0,1,13.247,1,0,0,0,True,False,True
MSLesSeg,P49_T2,Tversky,raw,0,2,13.247,4,0,0,0,True,True,True
MSLesSeg,P49_T2,Tversky,raw,0,3,13.247,10,1,0,0,True,True,True
MSLesSeg,P49_T2,Tversky,raw,0,5,13.247,11,2,0,0,True,True,True
MSLesSeg,P49_T2,Tversky,raw,1,1,13.247,1,0,0,0,True,False,True
MSLesSeg,P49_T2,Tversky,raw,1,2,13.247,4,0,0,0,True,True,True
MSLesSeg,P49_T2,Tversky,raw,1,3,13.247,10,1,0,0,True,True,True
MSLesSeg,P49_T2,Tversky,raw,1,5,13.247,11,2,0,0,True,True,True
MSLesSeg,P49_T2,Tversky,raw,2,1,13.247,1,0,0,0,True,False,True
MSLesSeg,P49_T2,Tversky,raw,2,2,13.247,4,0,0,0,True,True,True
MSLesSeg,P49_T2,Tversky,raw,2,3,13.247,10,1,0,0,True,True,True
MSLesSeg,P49_T2,Tversky,raw,2,5,13.247,11,2,0,0,True,True,True
MSLesSeg,P49_T2,Tversky,raw,3,1,13.247,1,0,0,0,True,False,True
MSLesSeg,P49_T2,Tversky,raw,3,2,13.247,4,0,0,0,True,True,True
MSLesSeg,P49_T2,Tversky,raw,3,3,13.247,10,1,0,0,True,True,True
MSLesSeg,P49_T2,Tversky,raw,3,5,13.247,11,2,0,0,True,True,True
MSLesSeg,P49_T2,Tversky,raw,4,1,13.247,1,0,0,0,True,True,True
MSLesSeg,P49_T2,Tversky,raw,4,2,13.247,4,0,0,0,True,True,True
MSLesSeg,P49_T2,Tversky,raw,4,3,13.247,10,1,0,0,True,True,True
MSLesSeg,P49_T2,Tversky,raw,4,5,13.247,11,2,0,0,True,True,True
MSLesSeg,P49_T2,Tversky,pp5,0,1,13.247,1,0,0,0,True,False,True
MSLesSeg,P49_T2,Tversky,pp5,0,2,13.247,4,0,0,0,True,True,True
MSLesSeg,P49_T2,Tversky,pp5,0,3,13.247,10,1,0,0,True,True,True
MSLesSeg,P49_T2,Tversky,pp5,0,5,13.247,11,2,0,0,True,True,True
MSLesSeg,P49_T2,Tversky,pp5,1,1,13.247,1,0,0,0,True,False,True
MSLesSeg,P49_T2,Tversky,pp5,1,2,13.247,4,0,0,0,True,True,True
MSLesSeg,P49_T2,Tversky,pp5,1,3,13.247,10,1,0,0,True,True,True
MSLesSeg,P49_T2,Tversky,pp5,1,5,13.247,11,2,0,0,True,True,True
MSLesSeg,P49_T2,Tversky,pp5,2,1,13.247,1,0,0,0,True,False,True
MSLesSeg,P49_T2,Tversky,pp5,2,2,13.247,4,0,0,0,True,True,True
MSLesSeg,P49_T2,Tversky,pp5,2,3,13.247,10,1,0,0,True,True,True
MSLesSeg,P49_T2,Tversky,pp5,2,5,13.247,11,2,0,0,True,True,True
MSLesSeg,P49_T2,Tversky,pp5,3,1,13.247,1,0,0,0,True,False,True
MSLesSeg,P49_T2,Tversky,pp5,3,2,13.247,4,0,0,0,True,True,True
MSLesSeg,P49_T2,Tversky,pp5,3,3,13.247,10,1,0,0,True,True,True
MSLesSeg,P49_T2,Tversky,pp5,3,5,13.247,11,2,0,0,True,True,True
MSLesSeg,P49_T2,Tversky,pp5,4,1,13.247,1,0,0,0,True,True,True
MSLesSeg,P49_T2,Tversky,pp5,4,2,13.247,4,0,0,0,True,True,True
MSLesSeg,P49_T2,Tversky,pp5,4,3,13.247,10,1,0,0,True,True,True
MSLesSeg,P49_T2,Tversky,pp5,4,5,13.247,11,2,0,0,True,True,True
MSLesSeg,P49_T2,FocalTversky,raw,0,1,13.247,1,0,0,0,True,False,True
MSLesSeg,P49_T2,FocalTversky,raw,0,2,13.247,4,0,0,0,True,True,True
MSLesSeg,P49_T2,FocalTversky,raw,0,3,13.247,10,1,0,0,True,True,True
MSLesSeg,P49_T2,FocalTversky,raw,0,5,13.247,11,2,0,0,True,True,True
MSLesSeg,P49_T2,FocalTversky,raw,1,1,13.247,1,0,0,0,True,True,True
MSLesSeg,P49_T2,FocalTversky,raw,1,2,13.247,4,0,0,0,True,True,True
MSLesSeg,P49_T2,FocalTversky,raw,1,3,13.247,10,1,0,0,True,True,True
MSLesSeg,P49_T2,FocalTversky,raw,1,5,13.247,11,2,0,0,True,True,True
MSLesSeg,P49_T2,FocalTversky,raw,2,1,13.247,1,0,0,0,True,False,True
MSLesSeg,P49_T2,FocalTversky,raw,2,2,13.247,4,0,0,0,True,True,True
MSLesSeg,P49_T2,FocalTversky,raw,2,3,13.247,10,1,0,0,True,True,True
MSLesSeg,P49_T2,FocalTversky,raw,2,5,13.247,11,2,0,0,True,True,True
MSLesSeg,P49_T2,FocalTversky,raw,3,1,13.247,1,0,0,0,True,True,True
MSLesSeg,P49_T2,FocalTversky,raw,3,2,13.247,4,0,0,0,True,True,True
MSLesSeg,P49_T2,FocalTversky,raw,3,3,13.247,10,1,0,0,True,True,True
MSLesSeg,P49_T2,FocalTversky,raw,3,5,13.247,11,2,0,0,True,True,True
MSLesSeg,P49_T2,FocalTversky,raw,4,1,13.247,1,0,0,0,True,False,True
MSLesSeg,P49_T2,FocalTversky,raw,4,2,13.247,4,0,0,0,True,True,True
MSLesSeg,P49_T2,FocalTversky,raw,4,3,13.247,10,1,0,0,True,True,True
MSLesSeg,P49_T2,FocalTversky,raw,4,5,13.247,11,2,0,0,True,True,True
MSLesSeg,P49_T2,FocalTversky,pp5,0,1,13.247,1,0,0,0,True,False,True
MSLesSeg,P49_T2,FocalTversky,pp5,0,2,13.247,4,0,0,0,True,True,True
MSLesSeg,P49_T2,FocalTversky,pp5,0,3,13.247,10,1,0,0,True,True,True
MSLesSeg,P49_T2,FocalTversky,pp5,0,5,13.247,11,2,0,0,True,True,True
MSLesSeg,P49_T2,FocalTversky,pp5,1,1,13.247,1,0,0,0,True,True,True
MSLesSeg,P49_T2,FocalTversky,pp5,1,2,13.247,4,0,0,0,True,True,True
MSLesSeg,P49_T2,FocalTversky,pp5,1,3,13.247,10,1,0,0,True,True,True
MSLesSeg,P49_T2,FocalTversky,pp5,1,5,13.247,11,2,0,0,True,True,True
MSLesSeg,P49_T2,FocalTversky,pp5,2,1,13.247,1,0,0,0,True,False,True
MSLesSeg,P49_T2,FocalTversky,pp5,2,2,13.247,4,0,0,0,True,True,True
MSLesSeg,P49_T2,FocalTversky,pp5,2,3,13.247,10,1,0,0,True,True,True
MSLesSeg,P49_T2,FocalTversky,pp5,2,5,13.247,11,2,0,0,True,True,True
MSLesSeg,P49_T2,FocalTversky,pp5,3,1,13.247,1,0,0,0,True,True,True
MSLesSeg,P49_T2,FocalTversky,pp5,3,2,13.247,4,0,0,0,True,True,True
MSLesSeg,P49_T2,FocalTversky,pp5,3,3,13.247,10,1,0,0,True,True,True
MSLesSeg,P49_T2,FocalTversky,pp5,3,5,13.247,11,2,0,0,True,True,True
MSLesSeg,P49_T2,FocalTversky,pp5,4,1,13.247,1,0,0,0,True,False,True
MSLesSeg,P49_T2,FocalTversky,pp5,4,2,13.247,4,0,0,0,True,True,True
MSLesSeg,P49_T2,FocalTversky,pp5,4,3,13.247,10,1,0,0,True,True,True
MSLesSeg,P49_T2,FocalTversky,pp5,4,5,13.247,11,2,0,0,True,True,True
MSLesSeg,P52_T1,CATMIL,raw,0,1,20.057,0,0,0,0,False,True,False
MSLesSeg,P52_T1,CATMIL,raw,0,2,20.057,4,0,0,0,True,True,True
MSLesSeg,P52_T1,CATMIL,raw,0,3,20.057,10,4,1,1,True,True,True
MSLesSeg,P52_T1,CATMIL,raw,0,5,20.057,12,6,2,2,True,True,True
MSLesSeg,P52_T1,CATMIL,raw,1,1,20.057,0,0,0,0,False,True,False
MSLesSeg,P52_T1,CATMIL,raw,1,2,20.057,4,0,0,0,True,True,True
MSLesSeg,P52_T1,CATMIL,raw,1,3,20.057,10,4,2,2,True,True,True
MSLesSeg,P52_T1,CATMIL,raw,1,5,20.057,12,6,2,2,True,True,True
MSLesSeg,P52_T1,CATMIL,raw,2,1,20.057,0,0,0,0,False,False,False
MSLesSeg,P52_T1,CATMIL,raw,2,2,20.057,4,0,0,0,True,True,True
MSLesSeg,P52_T1,CATMIL,raw,2,3,20.057,10,4,2,2,True,True,True
MSLesSeg,P52_T1,CATMIL,raw,2,5,20.057,12,6,3,3,True,True,True
MSLesSeg,P52_T1,CATMIL,raw,3,1,20.057,0,0,0,0,False,True,False
MSLesSeg,P52_T1,CATMIL,raw,3,2,20.057,4,0,0,0,True,True,True
MSLesSeg,P52_T1,CATMIL,raw,3,3,20.057,10,4,2,2,True,True,True
MSLesSeg,P52_T1,CATMIL,raw,3,5,20.057,12,6,2,2,True,True,True
MSLesSeg,P52_T1,CATMIL,raw,4,1,20.057,0,0,0,0,False,False,False
MSLesSeg,P52_T1,CATMIL,raw,4,2,20.057,4,0,0,0,True,True,True
MSLesSeg,P52_T1,CATMIL,raw,4,3,20.057,10,4,1,1,True,True,True
MSLesSeg,P52_T1,CATMIL,raw,4,5,20.057,12,6,1,1,True,True,True
MSLesSeg,P52_T1,CATMIL,pp5,0,1,20.057,0,0,0,0,False,True,False
MSLesSeg,P52_T1,CATMIL,pp5,0,2,20.057,4,0,0,0,True,True,True
MSLesSeg,P52_T1,CATMIL,pp5,0,3,20.057,10,4,1,1,True,True,True
MSLesSeg,P52_T1,CATMIL,pp5,0,5,20.057,12,6,2,2,True,True,True
MSLesSeg,P52_T1,CATMIL,pp5,1,1,20.057,0,0,0,0,False,True,False
MSLesSeg,P52_T1,CATMIL,pp5,1,2,20.057,4,0,0,0,True,True,True
MSLesSeg,P52_T1,CATMIL,pp5,1,3,20.057,10,4,2,2,True,True,True
MSLesSeg,P52_T1,CATMIL,pp5,1,5,20.057,12,6,2,2,True,True,True
MSLesSeg,P52_T1,CATMIL,pp5,2,1,20.057,0,0,0,0,False,False,False
MSLesSeg,P52_T1,CATMIL,pp5,2,2,20.057,4,0,0,0,True,True,True
MSLesSeg,P52_T1,CATMIL,pp5,2,3,20.057,10,4,2,2,True,True,True
MSLesSeg,P52_T1,CATMIL,pp5,2,5,20.057,12,6,3,3,True,True,True
MSLesSeg,P52_T1,CATMIL,pp5,3,1,20.057,0,0,0,0,False,True,False
MSLesSeg,P52_T1,CATMIL,pp5,3,2,20.057,4,0,0,0,True,True,True
MSLesSeg,P52_T1,CATMIL,pp5,3,3,20.057,10,4,2,2,True,True,True
MSLesSeg,P52_T1,CATMIL,pp5,3,5,20.057,12,6,2,2,True,True,True
MSLesSeg,P52_T1,CATMIL,pp5,4,1,20.057,0,0,0,0,False,False,False
MSLesSeg,P52_T1,CATMIL,pp5,4,2,20.057,4,0,0,0,True,True,True
MSLesSeg,P52_T1,CATMIL,pp5,4,3,20.057,10,4,1,1,True,True,True
MSLesSeg,P52_T1,CATMIL,pp5,4,5,20.057,12,6,1,1,True,True,True
MSLesSeg,P52_T1,DiceCE,raw,0,1,20.057,0,0,0,0,False,True,False
MSLesSeg,P52_T1,DiceCE,raw,0,2,20.057,4,0,0,0,True,True,True
MSLesSeg,P52_T1,DiceCE,raw,0,3,20.057,10,4,2,2,True,True,True
MSLesSeg,P52_T1,DiceCE,raw,0,5,20.057,12,6,2,2,True,True,True
MSLesSeg,P52_T1,DiceCE,raw,1,1,20.057,0,0,0,0,False,False,False
MSLesSeg,P52_T1,DiceCE,raw,1,2,20.057,4,0,0,0,True,True,True
MSLesSeg,P52_T1,DiceCE,raw,1,3,20.057,10,4,2,2,True,True,True
MSLesSeg,P52_T1,DiceCE,raw,1,5,20.057,12,6,2,2,True,True,True
MSLesSeg,P52_T1,DiceCE,raw,2,1,20.057,0,0,0,0,False,False,False
MSLesSeg,P52_T1,DiceCE,raw,2,2,20.057,4,0,0,0,True,True,True
MSLesSeg,P52_T1,DiceCE,raw,2,3,20.057,10,4,2,2,True,True,True
MSLesSeg,P52_T1,DiceCE,raw,2,5,20.057,12,6,2,2,True,True,True
MSLesSeg,P52_T1,DiceCE,raw,3,1,20.057,0,0,0,0,False,False,False
MSLesSeg,P52_T1,DiceCE,raw,3,2,20.057,4,0,0,0,True,True,True
MSLesSeg,P52_T1,DiceCE,raw,3,3,20.057,10,4,2,2,True,True,True
MSLesSeg,P52_T1,DiceCE,raw,3,5,20.057,12,6,3,3,True,True,True
MSLesSeg,P52_T1,DiceCE,raw,4,1,20.057,0,0,0,0,False,False,False
MSLesSeg,P52_T1,DiceCE,raw,4,2,20.057,4,0,0,0,True,True,True
MSLesSeg,P52_T1,DiceCE,raw,4,3,20.057,10,4,1,1,True,True,True
MSLesSeg,P52_T1,DiceCE,raw,4,5,20.057,12,6,2,2,True,True,True
MSLesSeg,P52_T1,DiceCE,pp5,0,1,20.057,0,0,0,0,False,True,False
MSLesSeg,P52_T1,DiceCE,pp5,0,2,20.057,4,0,0,0,True,True,True
MSLesSeg,P52_T1,DiceCE,pp5,0,3,20.057,10,4,2,2,True,True,True
MSLesSeg,P52_T1,DiceCE,pp5,0,5,20.057,12,6,3,3,True,True,True
MSLesSeg,P52_T1,DiceCE,pp5,1,1,20.057,0,0,0,0,False,False,False
MSLesSeg,P52_T1,DiceCE,pp5,1,2,20.057,4,0,0,0,True,True,True
MSLesSeg,P52_T1,DiceCE,pp5,1,3,20.057,10,4,2,2,True,True,True
MSLesSeg,P52_T1,DiceCE,pp5,1,5,20.057,12,6,2,2,True,True,True
MSLesSeg,P52_T1,DiceCE,pp5,2,1,20.057,0,0,0,0,False,False,False
MSLesSeg,P52_T1,DiceCE,pp5,2,2,20.057,4,0,0,0,True,True,True
MSLesSeg,P52_T1,DiceCE,pp5,2,3,20.057,10,4,2,2,True,True,True
MSLesSeg,P52_T1,DiceCE,pp5,2,5,20.057,12,6,2,2,True,True,True
MSLesSeg,P52_T1,DiceCE,pp5,3,1,20.057,0,0,0,0,False,False,False
MSLesSeg,P52_T1,DiceCE,pp5,3,2,20.057,4,0,0,0,True,True,True
MSLesSeg,P52_T1,DiceCE,pp5,3,3,20.057,10,4,2,2,True,True,True
MSLesSeg,P52_T1,DiceCE,pp5,3,5,20.057,12,6,3,3,True,True,True
MSLesSeg,P52_T1,DiceCE,pp5,4,1,20.057,0,0,0,0,False,False,False
MSLesSeg,P52_T1,DiceCE,pp5,4,2,20.057,4,0,0,0,True,True,True
MSLesSeg,P52_T1,DiceCE,pp5,4,3,20.057,10,4,1,1,True,True,True
MSLesSeg,P52_T1,DiceCE,pp5,4,5,20.057,12,6,2,2,True,True,True
MSLesSeg,P52_T1,Tversky,raw,0,1,20.057,0,0,0,0,False,True,False
MSLesSeg,P52_T1,Tversky,raw,0,2,20.057,4,0,0,0,True,True,True
MSLesSeg,P52_T1,Tversky,raw,0,3,20.057,10,4,2,2,True,True,True
MSLesSeg,P52_T1,Tversky,raw,0,5,20.057,12,6,2,2,True,True,True
MSLesSeg,P52_T1,Tversky,raw,1,1,20.057,0,0,0,0,False,True,False
MSLesSeg,P52_T1,Tversky,raw,1,2,20.057,4,0,0,0,True,True,True
MSLesSeg,P52_T1,Tversky,raw,1,3,20.057,10,4,2,2,True,True,True
MSLesSeg,P52_T1,Tversky,raw,1,5,20.057,12,6,2,2,True,True,True
MSLesSeg,P52_T1,Tversky,raw,2,1,20.057,0,0,0,0,False,True,False
MSLesSeg,P52_T1,Tversky,raw,2,2,20.057,4,0,0,0,True,True,True
MSLesSeg,P52_T1,Tversky,raw,2,3,20.057,10,4,2,2,True,True,True
MSLesSeg,P52_T1,Tversky,raw,2,5,20.057,12,6,2,2,True,True,True
MSLesSeg,P52_T1,Tversky,raw,3,1,20.057,0,0,0,0,False,True,False
MSLesSeg,P52_T1,Tversky,raw,3,2,20.057,4,0,0,0,True,True,True
MSLesSeg,P52_T1,Tversky,raw,3,3,20.057,10,4,1,1,True,True,True
MSLesSeg,P52_T1,Tversky,raw,3,5,20.057,12,6,1,1,True,True,True
MSLesSeg,P52_T1,Tversky,raw,4,1,20.057,0,0,0,0,False,True,False
MSLesSeg,P52_T1,Tversky,raw,4,2,20.057,4,0,0,0,True,True,True
MSLesSeg,P52_T1,Tversky,raw,4,3,20.057,10,4,2,2,True,True,True
MSLesSeg,P52_T1,Tversky,raw,4,5,20.057,12,6,3,3,True,True,True
MSLesSeg,P52_T1,Tversky,pp5,0,1,20.057,0,0,0,0,False,True,False
MSLesSeg,P52_T1,Tversky,pp5,0,2,20.057,4,0,0,0,True,True,True
MSLesSeg,P52_T1,Tversky,pp5,0,3,20.057,10,4,2,2,True,True,True
MSLesSeg,P52_T1,Tversky,pp5,0,5,20.057,12,6,2,2,True,True,True
MSLesSeg,P52_T1,Tversky,pp5,1,1,20.057,0,0,0,0,False,True,False
MSLesSeg,P52_T1,Tversky,pp5,1,2,20.057,4,0,0,0,True,True,True
MSLesSeg,P52_T1,Tversky,pp5,1,3,20.057,10,4,2,2,True,True,True
MSLesSeg,P52_T1,Tversky,pp5,1,5,20.057,12,6,2,2,True,True,True
MSLesSeg,P52_T1,Tversky,pp5,2,1,20.057,0,0,0,0,False,True,False
MSLesSeg,P52_T1,Tversky,pp5,2,2,20.057,4,0,0,0,True,True,True
MSLesSeg,P52_T1,Tversky,pp5,2,3,20.057,10,4,2,2,True,True,True
MSLesSeg,P52_T1,Tversky,pp5,2,5,20.057,12,6,2,2,True,True,True
MSLesSeg,P52_T1,Tversky,pp5,3,1,20.057,0,0,0,0,False,True,False
MSLesSeg,P52_T1,Tversky,pp5,3,2,20.057,4,0,0,0,True,True,True
MSLesSeg,P52_T1,Tversky,pp5,3,3,20.057,10,4,1,1,True,True,True
MSLesSeg,P52_T1,Tversky,pp5,3,5,20.057,12,6,1,1,True,True,True
MSLesSeg,P52_T1,Tversky,pp5,4,1,20.057,0,0,0,0,False,True,False
MSLesSeg,P52_T1,Tversky,pp5,4,2,20.057,4,0,0,0,True,True,True
MSLesSeg,P52_T1,Tversky,pp5,4,3,20.057,10,4,2,2,True,True,True
MSLesSeg,P52_T1,Tversky,pp5,4,5,20.057,12,6,3,3,True,True,True
MSLesSeg,P52_T1,FocalTversky,raw,0,1,20.057,0,0,0,0,False,True,False
MSLesSeg,P52_T1,FocalTversky,raw,0,2,20.057,4,0,0,0,True,True,True
MSLesSeg,P52_T1,FocalTversky,raw,0,3,20.057,10,4,2,2,True,True,True
MSLesSeg,P52_T1,FocalTversky,raw,0,5,20.057,12,6,2,2,True,True,True
MSLesSeg,P52_T1,FocalTversky,raw,1,1,20.057,0,0,0,0,False,True,False
MSLesSeg,P52_T1,FocalTversky,raw,1,2,20.057,4,0,0,0,True,True,True
MSLesSeg,P52_T1,FocalTversky,raw,1,3,20.057,10,4,2,2,True,True,True
MSLesSeg,P52_T1,FocalTversky,raw,1,5,20.057,12,6,2,2,True,True,True
MSLesSeg,P52_T1,FocalTversky,raw,2,1,20.057,0,0,0,0,False,True,False
MSLesSeg,P52_T1,FocalTversky,raw,2,2,20.057,4,0,0,0,True,True,True
MSLesSeg,P52_T1,FocalTversky,raw,2,3,20.057,10,4,2,2,True,True,True
MSLesSeg,P52_T1,FocalTversky,raw,2,5,20.057,12,6,2,2,True,True,True
MSLesSeg,P52_T1,FocalTversky,raw,3,1,20.057,0,0,0,0,False,True,False
MSLesSeg,P52_T1,FocalTversky,raw,3,2,20.057,4,0,0,0,True,True,True
MSLesSeg,P52_T1,FocalTversky,raw,3,3,20.057,10,4,1,1,True,True,True
MSLesSeg,P52_T1,FocalTversky,raw,3,5,20.057,12,6,1,1,True,True,True
MSLesSeg,P52_T1,FocalTversky,raw,4,1,20.057,0,0,0,0,False,True,False
MSLesSeg,P52_T1,FocalTversky,raw,4,2,20.057,4,0,0,0,True,True,True
MSLesSeg,P52_T1,FocalTversky,raw,4,3,20.057,10,4,2,2,True,True,True
MSLesSeg,P52_T1,FocalTversky,raw,4,5,20.057,12,6,2,2,True,True,True
MSLesSeg,P52_T1,FocalTversky,pp5,0,1,20.057,0,0,0,0,False,True,False
MSLesSeg,P52_T1,FocalTversky,pp5,0,2,20.057,4,0,0,0,True,True,True
MSLesSeg,P52_T1,FocalTversky,pp5,0,3,20.057,10,4,2,2,True,True,True
MSLesSeg,P52_T1,FocalTversky,pp5,0,5,20.057,12,6,2,2,True,True,True
MSLesSeg,P52_T1,FocalTversky,pp5,1,1,20.057,0,0,0,0,False,True,False
MSLesSeg,P52_T1,FocalTversky,pp5,1,2,20.057,4,0,0,0,True,True,True
MSLesSeg,P52_T1,FocalTversky,pp5,1,3,20.057,10,4,2,2,True,True,True
MSLesSeg,P52_T1,FocalTversky,pp5,1,5,20.057,12,6,3,3,True,True,True
MSLesSeg,P52_T1,FocalTversky,pp5,2,1,20.057,0,0,0,0,False,True,False
MSLesSeg,P52_T1,FocalTversky,pp5,2,2,20.057,4,0,0,0,True,True,True
MSLesSeg,P52_T1,FocalTversky,pp5,2,3,20.057,10,4,2,2,True,True,True
MSLesSeg,P52_T1,FocalTversky,pp5,2,5,20.057,12,6,2,2,True,True,True
MSLesSeg,P52_T1,FocalTversky,pp5,3,1,20.057,0,0,0,0,False,True,False
MSLesSeg,P52_T1,FocalTversky,pp5,3,2,20.057,4,0,0,0,True,True,True
MSLesSeg,P52_T1,FocalTversky,pp5,3,3,20.057,10,4,1,1,True,True,True
MSLesSeg,P52_T1,FocalTversky,pp5,3,5,20.057,12,6,1,1,True,True,True
MSLesSeg,P52_T1,FocalTversky,pp5,4,1,20.057,0,0,0,0,False,True,False
MSLesSeg,P52_T1,FocalTversky,pp5,4,2,20.057,4,0,0,0,True,True,True
MSLesSeg,P52_T1,FocalTversky,pp5,4,3,20.057,10,4,2,2,True,True,True
MSLesSeg,P52_T1,FocalTversky,pp5,4,5,20.057,12,6,3,3,True,True,True
MSLesSeg,P52_T2,CATMIL,raw,0,1,29.898,1,0,0,0,True,True,True
MSLesSeg,P52_T2,CATMIL,raw,0,2,29.898,4,0,0,0,True,True,True
MSLesSeg,P52_T2,CATMIL,raw,0,3,29.898,6,1,0,0,True,True,True
MSLesSeg,P52_T2,CATMIL,raw,0,5,29.898,7,2,0,0,True,True,True
MSLesSeg,P52_T2,CATMIL,raw,1,1,29.898,1,0,0,0,True,True,True
MSLesSeg,P52_T2,CATMIL,raw,1,2,29.898,4,0,0,0,True,True,True
MSLesSeg,P52_T2,CATMIL,raw,1,3,29.898,6,1,0,0,True,True,True
MSLesSeg,P52_T2,CATMIL,raw,1,5,29.898,7,2,0,0,True,True,True
MSLesSeg,P52_T2,CATMIL,raw,2,1,29.898,1,0,0,0,True,True,True
MSLesSeg,P52_T2,CATMIL,raw,2,2,29.898,4,0,0,0,True,True,True
MSLesSeg,P52_T2,CATMIL,raw,2,3,29.898,6,1,0,0,True,True,True
MSLesSeg,P52_T2,CATMIL,raw,2,5,29.898,7,2,0,0,True,True,True
MSLesSeg,P52_T2,CATMIL,raw,3,1,29.898,1,0,0,0,True,True,True
MSLesSeg,P52_T2,CATMIL,raw,3,2,29.898,4,0,0,0,True,True,True
MSLesSeg,P52_T2,CATMIL,raw,3,3,29.898,6,1,0,0,True,True,True
MSLesSeg,P52_T2,CATMIL,raw,3,5,29.898,7,2,0,0,True,True,True
MSLesSeg,P52_T2,CATMIL,raw,4,1,29.898,1,0,0,0,True,True,True
MSLesSeg,P52_T2,CATMIL,raw,4,2,29.898,4,0,0,0,True,True,True
MSLesSeg,P52_T2,CATMIL,raw,4,3,29.898,6,1,0,0,True,True,True
MSLesSeg,P52_T2,CATMIL,raw,4,5,29.898,7,2,0,0,True,True,True
MSLesSeg,P52_T2,CATMIL,pp5,0,1,29.898,1,0,0,0,True,True,True
MSLesSeg,P52_T2,CATMIL,pp5,0,2,29.898,4,0,0,0,True,True,True
MSLesSeg,P52_T2,CATMIL,pp5,0,3,29.898,6,1,0,0,True,True,True
MSLesSeg,P52_T2,CATMIL,pp5,0,5,29.898,7,2,0,0,True,True,True
MSLesSeg,P52_T2,CATMIL,pp5,1,1,29.898,1,0,0,0,True,True,True
MSLesSeg,P52_T2,CATMIL,pp5,1,2,29.898,4,0,0,0,True,True,True
MSLesSeg,P52_T2,CATMIL,pp5,1,3,29.898,6,1,0,0,True,True,True
MSLesSeg,P52_T2,CATMIL,pp5,1,5,29.898,7,2,0,0,True,True,True
MSLesSeg,P52_T2,CATMIL,pp5,2,1,29.898,1,0,0,0,True,True,True
MSLesSeg,P52_T2,CATMIL,pp5,2,2,29.898,4,0,0,0,True,True,True
MSLesSeg,P52_T2,CATMIL,pp5,2,3,29.898,6,1,0,0,True,True,True
MSLesSeg,P52_T2,CATMIL,pp5,2,5,29.898,7,2,0,0,True,True,True
MSLesSeg,P52_T2,CATMIL,pp5,3,1,29.898,1,0,0,0,True,True,True
MSLesSeg,P52_T2,CATMIL,pp5,3,2,29.898,4,0,0,0,True,True,True
MSLesSeg,P52_T2,CATMIL,pp5,3,3,29.898,6,1,0,0,True,True,True
MSLesSeg,P52_T2,CATMIL,pp5,3,5,29.898,7,2,0,0,True,True,True
MSLesSeg,P52_T2,CATMIL,pp5,4,1,29.898,1,0,0,0,True,True,True
MSLesSeg,P52_T2,CATMIL,pp5,4,2,29.898,4,0,0,0,True,True,True
MSLesSeg,P52_T2,CATMIL,pp5,4,3,29.898,6,1,0,0,True,True,True
MSLesSeg,P52_T2,CATMIL,pp5,4,5,29.898,7,2,0,0,True,True,True
MSLesSeg,P52_T2,DiceCE,raw,0,1,29.898,1,0,0,0,True,True,True
MSLesSeg,P52_T2,DiceCE,raw,0,2,29.898,4,0,0,0,True,True,True
MSLesSeg,P52_T2,DiceCE,raw,0,3,29.898,6,1,0,0,True,True,True
MSLesSeg,P52_T2,DiceCE,raw,0,5,29.898,7,2,0,0,True,True,True
MSLesSeg,P52_T2,DiceCE,raw,1,1,29.898,1,0,0,0,True,True,True
MSLesSeg,P52_T2,DiceCE,raw,1,2,29.898,4,0,0,0,True,True,True
MSLesSeg,P52_T2,DiceCE,raw,1,3,29.898,6,1,0,0,True,True,True
MSLesSeg,P52_T2,DiceCE,raw,1,5,29.898,7,2,0,0,True,True,True
MSLesSeg,P52_T2,DiceCE,raw,2,1,29.898,1,0,0,0,True,True,True
MSLesSeg,P52_T2,DiceCE,raw,2,2,29.898,4,0,0,0,True,True,True
MSLesSeg,P52_T2,DiceCE,raw,2,3,29.898,6,1,0,0,True,True,True
MSLesSeg,P52_T2,DiceCE,raw,2,5,29.898,7,2,0,0,True,True,True
MSLesSeg,P52_T2,DiceCE,raw,3,1,29.898,1,0,0,0,True,True,True
MSLesSeg,P52_T2,DiceCE,raw,3,2,29.898,4,0,0,0,True,True,True
MSLesSeg,P52_T2,DiceCE,raw,3,3,29.898,6,1,0,0,True,True,True
MSLesSeg,P52_T2,DiceCE,raw,3,5,29.898,7,2,0,0,True,True,True
MSLesSeg,P52_T2,DiceCE,raw,4,1,29.898,1,0,0,0,True,True,True
MSLesSeg,P52_T2,DiceCE,raw,4,2,29.898,4,0,0,0,True,True,True
MSLesSeg,P52_T2,DiceCE,raw,4,3,29.898,6,1,0,0,True,True,True
MSLesSeg,P52_T2,DiceCE,raw,4,5,29.898,7,2,0,0,True,True,True
MSLesSeg,P52_T2,DiceCE,pp5,0,1,29.898,1,0,0,0,True,True,True
MSLesSeg,P52_T2,DiceCE,pp5,0,2,29.898,4,0,0,0,True,True,True
MSLesSeg,P52_T2,DiceCE,pp5,0,3,29.898,6,1,0,0,True,True,True
MSLesSeg,P52_T2,DiceCE,pp5,0,5,29.898,7,2,0,0,True,True,True
MSLesSeg,P52_T2,DiceCE,pp5,1,1,29.898,1,0,0,0,True,True,True
MSLesSeg,P52_T2,DiceCE,pp5,1,2,29.898,4,0,0,0,True,True,True
MSLesSeg,P52_T2,DiceCE,pp5,1,3,29.898,6,1,0,0,True,True,True
MSLesSeg,P52_T2,DiceCE,pp5,1,5,29.898,7,2,0,0,True,True,True
MSLesSeg,P52_T2,DiceCE,pp5,2,1,29.898,1,0,0,0,True,True,True
MSLesSeg,P52_T2,DiceCE,pp5,2,2,29.898,4,0,0,0,True,True,True
MSLesSeg,P52_T2,DiceCE,pp5,2,3,29.898,6,1,0,0,True,True,True
MSLesSeg,P52_T2,DiceCE,pp5,2,5,29.898,7,2,0,0,True,True,True
MSLesSeg,P52_T2,DiceCE,pp5,3,1,29.898,1,0,0,0,True,True,True
MSLesSeg,P52_T2,DiceCE,pp5,3,2,29.898,4,0,0,0,True,True,True
MSLesSeg,P52_T2,DiceCE,pp5,3,3,29.898,6,1,0,0,True,True,True
MSLesSeg,P52_T2,DiceCE,pp5,3,5,29.898,7,2,0,0,True,True,True
MSLesSeg,P52_T2,DiceCE,pp5,4,1,29.898,1,0,0,0,True,True,True
MSLesSeg,P52_T2,DiceCE,pp5,4,2,29.898,4,0,0,0,True,True,True
MSLesSeg,P52_T2,DiceCE,pp5,4,3,29.898,6,1,0,0,True,True,True
MSLesSeg,P52_T2,DiceCE,pp5,4,5,29.898,7,2,0,0,True,True,True
MSLesSeg,P52_T2,Tversky,raw,0,1,29.898,1,0,0,0,True,True,True
MSLesSeg,P52_T2,Tversky,raw,0,2,29.898,4,0,0,0,True,True,True
MSLesSeg,P52_T2,Tversky,raw,0,3,29.898,6,1,0,0,True,True,True
MSLesSeg,P52_T2,Tversky,raw,0,5,29.898,7,2,0,0,True,True,True
MSLesSeg,P52_T2,Tversky,raw,1,1,29.898,1,0,0,0,True,True,True
MSLesSeg,P52_T2,Tversky,raw,1,2,29.898,4,0,0,0,True,True,True
MSLesSeg,P52_T2,Tversky,raw,1,3,29.898,6,1,0,0,True,True,True
MSLesSeg,P52_T2,Tversky,raw,1,5,29.898,7,2,0,0,True,True,True
MSLesSeg,P52_T2,Tversky,raw,2,1,29.898,1,0,0,0,True,True,True
MSLesSeg,P52_T2,Tversky,raw,2,2,29.898,4,0,0,0,True,True,True
MSLesSeg,P52_T2,Tversky,raw,2,3,29.898,6,1,0,0,True,True,True
MSLesSeg,P52_T2,Tversky,raw,2,5,29.898,7,2,0,0,True,True,True
MSLesSeg,P52_T2,Tversky,raw,3,1,29.898,1,0,0,0,True,True,True
MSLesSeg,P52_T2,Tversky,raw,3,2,29.898,4,0,0,0,True,True,True
MSLesSeg,P52_T2,Tversky,raw,3,3,29.898,6,1,0,0,True,True,True
MSLesSeg,P52_T2,Tversky,raw,3,5,29.898,7,2,0,0,True,True,True
MSLesSeg,P52_T2,Tversky,raw,4,1,29.898,1,0,0,0,True,True,True
MSLesSeg,P52_T2,Tversky,raw,4,2,29.898,4,0,0,0,True,True,True
MSLesSeg,P52_T2,Tversky,raw,4,3,29.898,6,1,0,0,True,True,True
MSLesSeg,P52_T2,Tversky,raw,4,5,29.898,7,2,0,0,True,True,True
MSLesSeg,P52_T2,Tversky,pp5,0,1,29.898,1,0,0,0,True,True,True
MSLesSeg,P52_T2,Tversky,pp5,0,2,29.898,4,0,0,0,True,True,True
MSLesSeg,P52_T2,Tversky,pp5,0,3,29.898,6,1,0,0,True,True,True
MSLesSeg,P52_T2,Tversky,pp5,0,5,29.898,7,2,0,0,True,True,True
MSLesSeg,P52_T2,Tversky,pp5,1,1,29.898,1,0,0,0,True,True,True
MSLesSeg,P52_T2,Tversky,pp5,1,2,29.898,4,0,0,0,True,True,True
MSLesSeg,P52_T2,Tversky,pp5,1,3,29.898,6,1,0,0,True,True,True
MSLesSeg,P52_T2,Tversky,pp5,1,5,29.898,7,2,0,0,True,True,True
MSLesSeg,P52_T2,Tversky,pp5,2,1,29.898,1,0,0,0,True,True,True
MSLesSeg,P52_T2,Tversky,pp5,2,2,29.898,4,0,0,0,True,True,True
MSLesSeg,P52_T2,Tversky,pp5,2,3,29.898,6,1,0,0,True,True,True
MSLesSeg,P52_T2,Tversky,pp5,2,5,29.898,7,2,0,0,True,True,True
MSLesSeg,P52_T2,Tversky,pp5,3,1,29.898,1,0,0,0,True,True,True
MSLesSeg,P52_T2,Tversky,pp5,3,2,29.898,4,0,0,0,True,True,True
MSLesSeg,P52_T2,Tversky,pp5,3,3,29.898,6,1,0,0,True,True,True
MSLesSeg,P52_T2,Tversky,pp5,3,5,29.898,7,2,0,0,True,True,True
MSLesSeg,P52_T2,Tversky,pp5,4,1,29.898,1,0,0,0,True,True,True
MSLesSeg,P52_T2,Tversky,pp5,4,2,29.898,4,0,0,0,True,True,True
MSLesSeg,P52_T2,Tversky,pp5,4,3,29.898,6,1,0,0,True,True,True
MSLesSeg,P52_T2,Tversky,pp5,4,5,29.898,7,2,0,0,True,True,True
MSLesSeg,P52_T2,FocalTversky,raw,0,1,29.898,1,0,0,0,True,True,True
MSLesSeg,P52_T2,FocalTversky,raw,0,2,29.898,4,0,0,0,True,True,True
MSLesSeg,P52_T2,FocalTversky,raw,0,3,29.898,6,1,0,0,True,True,True
MSLesSeg,P52_T2,FocalTversky,raw,0,5,29.898,7,2,0,0,True,True,True
MSLesSeg,P52_T2,FocalTversky,raw,1,1,29.898,1,0,0,0,True,True,True
MSLesSeg,P52_T2,FocalTversky,raw,1,2,29.898,4,0,0,0,True,True,True
MSLesSeg,P52_T2,FocalTversky,raw,1,3,29.898,6,1,0,0,True,True,True
MSLesSeg,P52_T2,FocalTversky,raw,1,5,29.898,7,2,0,0,True,True,True
MSLesSeg,P52_T2,FocalTversky,raw,2,1,29.898,1,0,0,0,True,True,True
MSLesSeg,P52_T2,FocalTversky,raw,2,2,29.898,4,0,0,0,True,True,True
MSLesSeg,P52_T2,FocalTversky,raw,2,3,29.898,6,1,1,1,True,True,True
MSLesSeg,P52_T2,FocalTversky,raw,2,5,29.898,7,2,1,1,True,True,True
MSLesSeg,P52_T2,FocalTversky,raw,3,1,29.898,1,0,0,0,True,True,True
MSLesSeg,P52_T2,FocalTversky,raw,3,2,29.898,4,0,0,0,True,True,True
MSLesSeg,P52_T2,FocalTversky,raw,3,3,29.898,6,1,0,0,True,True,True
MSLesSeg,P52_T2,FocalTversky,raw,3,5,29.898,7,2,0,0,True,True,True
MSLesSeg,P52_T2,FocalTversky,raw,4,1,29.898,1,0,0,0,True,True,True
MSLesSeg,P52_T2,FocalTversky,raw,4,2,29.898,4,0,0,0,True,True,True
MSLesSeg,P52_T2,FocalTversky,raw,4,3,29.898,6,1,0,0,True,True,True
MSLesSeg,P52_T2,FocalTversky,raw,4,5,29.898,7,2,0,0,True,True,True
MSLesSeg,P52_T2,FocalTversky,pp5,0,1,29.898,1,0,0,0,True,True,True
MSLesSeg,P52_T2,FocalTversky,pp5,0,2,29.898,4,0,0,0,True,True,True
MSLesSeg,P52_T2,FocalTversky,pp5,0,3,29.898,6,1,0,0,True,True,True
MSLesSeg,P52_T2,FocalTversky,pp5,0,5,29.898,7,2,0,0,True,True,True
MSLesSeg,P52_T2,FocalTversky,pp5,1,1,29.898,1,0,0,0,True,True,True
MSLesSeg,P52_T2,FocalTversky,pp5,1,2,29.898,4,0,0,0,True,True,True
MSLesSeg,P52_T2,FocalTversky,pp5,1,3,29.898,6,1,0,0,True,True,True
MSLesSeg,P52_T2,FocalTversky,pp5,1,5,29.898,7,2,0,0,True,True,True
MSLesSeg,P52_T2,FocalTversky,pp5,2,1,29.898,1,0,0,0,True,True,True
MSLesSeg,P52_T2,FocalTversky,pp5,2,2,29.898,4,0,0,0,True,True,True
MSLesSeg,P52_T2,FocalTversky,pp5,2,3,29.898,6,1,1,1,True,True,True
MSLesSeg,P52_T2,FocalTversky,pp5,2,5,29.898,7,2,1,1,True,True,True
MSLesSeg,P52_T2,FocalTversky,pp5,3,1,29.898,1,0,0,0,True,True,True
MSLesSeg,P52_T2,FocalTversky,pp5,3,2,29.898,4,0,0,0,True,True,True
MSLesSeg,P52_T2,FocalTversky,pp5,3,3,29.898,6,1,0,0,True,True,True
MSLesSeg,P52_T2,FocalTversky,pp5,3,5,29.898,7,2,0,0,True,True,True
MSLesSeg,P52_T2,FocalTversky,pp5,4,1,29.898,1,0,0,0,True,True,True
MSLesSeg,P52_T2,FocalTversky,pp5,4,2,29.898,4,0,0,0,True,True,True
MSLesSeg,P52_T2,FocalTversky,pp5,4,3,29.898,6,1,0,0,True,True,True
MSLesSeg,P52_T2,FocalTversky,pp5,4,5,29.898,7,2,0,0,True,True,True
3D-MR-MS,patient03,CATMIL,raw,0,1,6.0837891531555215,5,1,2,1,True,True,True
3D-MR-MS,patient03,CATMIL,raw,0,2,6.0837891531555215,6,2,3,2,True,True,True
3D-MR-MS,patient03,CATMIL,raw,0,3,6.0837891531555215,6,2,3,2,True,True,True
3D-MR-MS,patient03,CATMIL,raw,0,5,6.0837891531555215,8,4,4,3,True,True,True
3D-MR-MS,patient03,CATMIL,raw,1,1,6.0837891531555215,5,1,2,1,True,True,True
3D-MR-MS,patient03,CATMIL,raw,1,2,6.0837891531555215,6,2,3,2,True,True,True
3D-MR-MS,patient03,CATMIL,raw,1,3,6.0837891531555215,6,2,3,2,True,True,True
3D-MR-MS,patient03,CATMIL,raw,1,5,6.0837891531555215,8,4,4,3,True,True,True
3D-MR-MS,patient03,CATMIL,raw,2,1,6.0837891531555215,5,1,2,1,True,True,True
3D-MR-MS,patient03,CATMIL,raw,2,2,6.0837891531555215,6,2,3,2,True,True,True
3D-MR-MS,patient03,CATMIL,raw,2,3,6.0837891531555215,6,2,3,2,True,True,True
3D-MR-MS,patient03,CATMIL,raw,2,5,6.0837891531555215,8,4,4,3,True,True,True
3D-MR-MS,patient03,CATMIL,raw,3,1,6.0837891531555215,5,1,2,1,True,True,True
3D-MR-MS,patient03,CATMIL,raw,3,2,6.0837891531555215,6,2,3,2,True,True,True
3D-MR-MS,patient03,CATMIL,raw,3,3,6.0837891531555215,6,2,3,2,True,True,True
3D-MR-MS,patient03,CATMIL,raw,3,5,6.0837891531555215,8,4,4,3,True,True,True
3D-MR-MS,patient03,CATMIL,raw,4,1,6.0837891531555215,5,1,2,1,True,True,True
3D-MR-MS,patient03,CATMIL,raw,4,2,6.0837891531555215,6,2,3,2,True,True,True
3D-MR-MS,patient03,CATMIL,raw,4,3,6.0837891531555215,6,2,3,2,True,True,True
3D-MR-MS,patient03,CATMIL,raw,4,5,6.0837891531555215,8,4,4,3,True,True,True
3D-MR-MS,patient03,CATMIL,pp5,0,1,6.0837891531555215,5,1,2,1,True,True,True
3D-MR-MS,patient03,CATMIL,pp5,0,2,6.0837891531555215,6,2,3,2,True,True,True
3D-MR-MS,patient03,CATMIL,pp5,0,3,6.0837891531555215,6,2,3,2,True,True,True
3D-MR-MS,patient03,CATMIL,pp5,0,5,6.0837891531555215,8,4,4,3,True,True,True
3D-MR-MS,patient03,CATMIL,pp5,1,1,6.0837891531555215,5,1,2,1,True,True,True
3D-MR-MS,patient03,CATMIL,pp5,1,2,6.0837891531555215,6,2,3,2,True,True,True
3D-MR-MS,patient03,CATMIL,pp5,1,3,6.0837891531555215,6,2,3,2,True,True,True
3D-MR-MS,patient03,CATMIL,pp5,1,5,6.0837891531555215,8,4,4,3,True,True,True
3D-MR-MS,patient03,CATMIL,pp5,2,1,6.0837891531555215,5,1,2,1,True,True,True
3D-MR-MS,patient03,CATMIL,pp5,2,2,6.0837891531555215,6,2,3,2,True,True,True
3D-MR-MS,patient03,CATMIL,pp5,2,3,6.0837891531555215,6,2,3,2,True,True,True
3D-MR-MS,patient03,CATMIL,pp5,2,5,6.0837891531555215,8,4,4,3,True,True,True
3D-MR-MS,patient03,CATMIL,pp5,3,1,6.0837891531555215,5,1,2,1,True,True,True
3D-MR-MS,patient03,CATMIL,pp5,3,2,6.0837891531555215,6,2,3,2,True,True,True
3D-MR-MS,patient03,CATMIL,pp5,3,3,6.0837891531555215,6,2,3,2,True,True,True
3D-MR-MS,patient03,CATMIL,pp5,3,5,6.0837891531555215,8,4,4,3,True,True,True
3D-MR-MS,patient03,CATMIL,pp5,4,1,6.0837891531555215,5,1,2,1,True,True,True
3D-MR-MS,patient03,CATMIL,pp5,4,2,6.0837891531555215,6,2,3,2,True,True,True
3D-MR-MS,patient03,CATMIL,pp5,4,3,6.0837891531555215,6,2,3,2,True,True,True
3D-MR-MS,patient03,CATMIL,pp5,4,5,6.0837891531555215,8,4,4,3,True,True,True
3D-MR-MS,patient03,DiceCE,raw,0,1,6.0837891531555215,5,1,2,1,True,True,True
3D-MR-MS,patient03,DiceCE,raw,0,2,6.0837891531555215,6,2,3,2,True,True,True
3D-MR-MS,patient03,DiceCE,raw,0,3,6.0837891531555215,6,2,3,2,True,True,True
3D-MR-MS,patient03,DiceCE,raw,0,5,6.0837891531555215,8,4,4,3,True,True,True
3D-MR-MS,patient03,DiceCE,raw,1,1,6.0837891531555215,5,1,2,1,True,True,True
3D-MR-MS,patient03,DiceCE,raw,1,2,6.0837891531555215,6,2,3,2,True,True,True
3D-MR-MS,patient03,DiceCE,raw,1,3,6.0837891531555215,6,2,3,2,True,True,True
3D-MR-MS,patient03,DiceCE,raw,1,5,6.0837891531555215,8,4,4,3,True,True,True
3D-MR-MS,patient03,DiceCE,raw,2,1,6.0837891531555215,5,1,2,1,True,True,True
3D-MR-MS,patient03,DiceCE,raw,2,2,6.0837891531555215,6,2,3,2,True,True,True
3D-MR-MS,patient03,DiceCE,raw,2,3,6.0837891531555215,6,2,3,2,True,True,True
3D-MR-MS,patient03,DiceCE,raw,2,5,6.0837891531555215,8,4,4,3,True,True,True
3D-MR-MS,patient03,DiceCE,raw,3,1,6.0837891531555215,5,1,2,1,True,True,True
3D-MR-MS,patient03,DiceCE,raw,3,2,6.0837891531555215,6,2,3,2,True,True,True
3D-MR-MS,patient03,DiceCE,raw,3,3,6.0837891531555215,6,2,3,2,True,True,True
3D-MR-MS,patient03,DiceCE,raw,3,5,6.0837891531555215,8,4,4,3,True,True,True
3D-MR-MS,patient03,DiceCE,raw,4,1,6.0837891531555215,5,1,2,1,True,True,True
3D-MR-MS,patient03,DiceCE,raw,4,2,6.0837891531555215,6,2,3,2,True,True,True
3D-MR-MS,patient03,DiceCE,raw,4,3,6.0837891531555215,6,2,3,2,True,True,True
3D-MR-MS,patient03,DiceCE,raw,4,5,6.0837891531555215,8,4,4,3,True,True,True
3D-MR-MS,patient03,DiceCE,pp5,0,1,6.0837891531555215,5,1,2,1,True,True,True
3D-MR-MS,patient03,DiceCE,pp5,0,2,6.0837891531555215,6,2,3,2,True,True,True
3D-MR-MS,patient03,DiceCE,pp5,0,3,6.0837891531555215,6,2,3,2,True,True,True
3D-MR-MS,patient03,DiceCE,pp5,0,5,6.0837891531555215,8,4,4,3,True,True,True
3D-MR-MS,patient03,DiceCE,pp5,1,1,6.0837891531555215,5,1,2,1,True,True,True
3D-MR-MS,patient03,DiceCE,pp5,1,2,6.0837891531555215,6,2,3,2,True,True,True
3D-MR-MS,patient03,DiceCE,pp5,1,3,6.0837891531555215,6,2,3,2,True,True,True
3D-MR-MS,patient03,DiceCE,pp5,1,5,6.0837891531555215,8,4,4,3,True,True,True
3D-MR-MS,patient03,DiceCE,pp5,2,1,6.0837891531555215,5,1,2,1,True,True,True
3D-MR-MS,patient03,DiceCE,pp5,2,2,6.0837891531555215,6,2,3,2,True,True,True
3D-MR-MS,patient03,DiceCE,pp5,2,3,6.0837891531555215,6,2,3,2,True,True,True
3D-MR-MS,patient03,DiceCE,pp5,2,5,6.0837891531555215,8,4,4,3,True,True,True
3D-MR-MS,patient03,DiceCE,pp5,3,1,6.0837891531555215,5,1,2,1,True,True,True
3D-MR-MS,patient03,DiceCE,pp5,3,2,6.0837891531555215,6,2,3,2,True,True,True
3D-MR-MS,patient03,DiceCE,pp5,3,3,6.0837891531555215,6,2,3,2,True,True,True
3D-MR-MS,patient03,DiceCE,pp5,3,5,6.0837891531555215,8,4,4,3,True,True,True
3D-MR-MS,patient03,DiceCE,pp5,4,1,6.0837891531555215,5,1,2,1,True,True,True
3D-MR-MS,patient03,DiceCE,pp5,4,2,6.0837891531555215,6,2,3,2,True,True,True
3D-MR-MS,patient03,DiceCE,pp5,4,3,6.0837891531555215,6,2,3,2,True,True,True
3D-MR-MS,patient03,DiceCE,pp5,4,5,6.0837891531555215,8,4,4,3,True,True,True
3D-MR-MS,patient03,Tversky,raw,0,1,6.0837891531555215,5,1,2,1,True,True,True
3D-MR-MS,patient03,Tversky,raw,0,2,6.0837891531555215,6,2,3,2,True,True,True
3D-MR-MS,patient03,Tversky,raw,0,3,6.0837891531555215,6,2,3,2,True,True,True
3D-MR-MS,patient03,Tversky,raw,0,5,6.0837891531555215,8,4,4,3,True,True,True
3D-MR-MS,patient03,Tversky,raw,1,1,6.0837891531555215,5,1,2,1,True,True,True
3D-MR-MS,patient03,Tversky,raw,1,2,6.0837891531555215,6,2,3,2,True,True,True
3D-MR-MS,patient03,Tversky,raw,1,3,6.0837891531555215,6,2,3,2,True,True,True
3D-MR-MS,patient03,Tversky,raw,1,5,6.0837891531555215,8,4,4,3,True,True,True
3D-MR-MS,patient03,Tversky,raw,2,1,6.0837891531555215,5,1,2,1,True,True,True
3D-MR-MS,patient03,Tversky,raw,2,2,6.0837891531555215,6,2,3,2,True,True,True
3D-MR-MS,patient03,Tversky,raw,2,3,6.0837891531555215,6,2,3,2,True,True,True
3D-MR-MS,patient03,Tversky,raw,2,5,6.0837891531555215,8,4,4,3,True,True,True
3D-MR-MS,patient03,Tversky,raw,3,1,6.0837891531555215,5,1,2,1,True,True,True
3D-MR-MS,patient03,Tversky,raw,3,2,6.0837891531555215,6,2,3,2,True,True,True
3D-MR-MS,patient03,Tversky,raw,3,3,6.0837891531555215,6,2,3,2,True,True,True
3D-MR-MS,patient03,Tversky,raw,3,5,6.0837891531555215,8,4,4,3,True,True,True
3D-MR-MS,patient03,Tversky,raw,4,1,6.0837891531555215,5,1,2,1,True,True,True
3D-MR-MS,patient03,Tversky,raw,4,2,6.0837891531555215,6,2,3,2,True,True,True
3D-MR-MS,patient03,Tversky,raw,4,3,6.0837891531555215,6,2,3,2,True,True,True
3D-MR-MS,patient03,Tversky,raw,4,5,6.0837891531555215,8,4,4,3,True,True,True
3D-MR-MS,patient03,Tversky,pp5,0,1,6.0837891531555215,5,1,2,1,True,True,True
3D-MR-MS,patient03,Tversky,pp5,0,2,6.0837891531555215,6,2,3,2,True,True,True
3D-MR-MS,patient03,Tversky,pp5,0,3,6.0837891531555215,6,2,3,2,True,True,True
3D-MR-MS,patient03,Tversky,pp5,0,5,6.0837891531555215,8,4,4,3,True,True,True
3D-MR-MS,patient03,Tversky,pp5,1,1,6.0837891531555215,5,1,2,1,True,True,True
3D-MR-MS,patient03,Tversky,pp5,1,2,6.0837891531555215,6,2,3,2,True,True,True
3D-MR-MS,patient03,Tversky,pp5,1,3,6.0837891531555215,6,2,3,2,True,True,True
3D-MR-MS,patient03,Tversky,pp5,1,5,6.0837891531555215,8,4,4,3,True,True,True
3D-MR-MS,patient03,Tversky,pp5,2,1,6.0837891531555215,5,1,2,1,True,True,True
3D-MR-MS,patient03,Tversky,pp5,2,2,6.0837891531555215,6,2,3,2,True,True,True
3D-MR-MS,patient03,Tversky,pp5,2,3,6.0837891531555215,6,2,3,2,True,True,True
3D-MR-MS,patient03,Tversky,pp5,2,5,6.0837891531555215,8,4,4,3,True,True,True
3D-MR-MS,patient03,Tversky,pp5,3,1,6.0837891531555215,5,1,2,1,True,True,True
3D-MR-MS,patient03,Tversky,pp5,3,2,6.0837891531555215,6,2,3,2,True,True,True
3D-MR-MS,patient03,Tversky,pp5,3,3,6.0837891531555215,6,2,3,2,True,True,True
3D-MR-MS,patient03,Tversky,pp5,3,5,6.0837891531555215,8,4,4,3,True,True,True
3D-MR-MS,patient03,Tversky,pp5,4,1,6.0837891531555215,5,1,2,1,True,True,True
3D-MR-MS,patient03,Tversky,pp5,4,2,6.0837891531555215,6,2,3,2,True,True,True
3D-MR-MS,patient03,Tversky,pp5,4,3,6.0837891531555215,6,2,3,2,True,True,True
3D-MR-MS,patient03,Tversky,pp5,4,5,6.0837891531555215,8,4,4,3,True,True,True
3D-MR-MS,patient03,FocalTversky,raw,0,1,6.0837891531555215,5,1,2,1,True,True,True
3D-MR-MS,patient03,FocalTversky,raw,0,2,6.0837891531555215,6,2,3,2,True,True,True
3D-MR-MS,patient03,FocalTversky,raw,0,3,6.0837891531555215,6,2,3,2,True,True,True
3D-MR-MS,patient03,FocalTversky,raw,0,5,6.0837891531555215,8,4,4,3,True,True,True
3D-MR-MS,patient03,FocalTversky,raw,1,1,6.0837891531555215,5,1,2,1,True,True,True
3D-MR-MS,patient03,FocalTversky,raw,1,2,6.0837891531555215,6,2,3,2,True,True,True
3D-MR-MS,patient03,FocalTversky,raw,1,3,6.0837891531555215,6,2,3,2,True,True,True
3D-MR-MS,patient03,FocalTversky,raw,1,5,6.0837891531555215,8,4,4,3,True,True,True
3D-MR-MS,patient03,FocalTversky,raw,2,1,6.0837891531555215,5,1,2,1,True,True,True
3D-MR-MS,patient03,FocalTversky,raw,2,2,6.0837891531555215,6,2,3,2,True,True,True
3D-MR-MS,patient03,FocalTversky,raw,2,3,6.0837891531555215,6,2,3,2,True,True,True
3D-MR-MS,patient03,FocalTversky,raw,2,5,6.0837891531555215,8,4,4,3,True,True,True
3D-MR-MS,patient03,FocalTversky,raw,3,1,6.0837891531555215,5,1,2,1,True,True,True
3D-MR-MS,patient03,FocalTversky,raw,3,2,6.0837891531555215,6,2,3,2,True,True,True
3D-MR-MS,patient03,FocalTversky,raw,3,3,6.0837891531555215,6,2,3,2,True,True,True
3D-MR-MS,patient03,FocalTversky,raw,3,5,6.0837891531555215,8,4,4,3,True,True,True
3D-MR-MS,patient03,FocalTversky,raw,4,1,6.0837891531555215,5,1,2,1,True,True,True
3D-MR-MS,patient03,FocalTversky,raw,4,2,6.0837891531555215,6,2,3,2,True,True,True
3D-MR-MS,patient03,FocalTversky,raw,4,3,6.0837891531555215,6,2,3,2,True,True,True
3D-MR-MS,patient03,FocalTversky,raw,4,5,6.0837891531555215,8,4,4,3,True,True,True
3D-MR-MS,patient03,FocalTversky,pp5,0,1,6.0837891531555215,5,1,2,1,True,True,True
3D-MR-MS,patient03,FocalTversky,pp5,0,2,6.0837891531555215,6,2,3,2,True,True,True
3D-MR-MS,patient03,FocalTversky,pp5,0,3,6.0837891531555215,6,2,3,2,True,True,True
3D-MR-MS,patient03,FocalTversky,pp5,0,5,6.0837891531555215,8,4,4,3,True,True,True
3D-MR-MS,patient03,FocalTversky,pp5,1,1,6.0837891531555215,5,1,2,1,True,True,True
3D-MR-MS,patient03,FocalTversky,pp5,1,2,6.0837891531555215,6,2,3,2,True,True,True
3D-MR-MS,patient03,FocalTversky,pp5,1,3,6.0837891531555215,6,2,3,2,True,True,True
3D-MR-MS,patient03,FocalTversky,pp5,1,5,6.0837891531555215,8,4,4,3,True,True,True
3D-MR-MS,patient03,FocalTversky,pp5,2,1,6.0837891531555215,5,1,2,1,True,True,True
3D-MR-MS,patient03,FocalTversky,pp5,2,2,6.0837891531555215,6,2,3,2,True,True,True
3D-MR-MS,patient03,FocalTversky,pp5,2,3,6.0837891531555215,6,2,3,2,True,True,True
3D-MR-MS,patient03,FocalTversky,pp5,2,5,6.0837891531555215,8,4,4,3,True,True,True
3D-MR-MS,patient03,FocalTversky,pp5,3,1,6.0837891531555215,5,1,2,1,True,True,True
3D-MR-MS,patient03,FocalTversky,pp5,3,2,6.0837891531555215,6,2,3,2,True,True,True
3D-MR-MS,patient03,FocalTversky,pp5,3,3,6.0837891531555215,6,2,3,2,True,True,True
3D-MR-MS,patient03,FocalTversky,pp5,3,5,6.0837891531555215,8,4,4,3,True,True,True
3D-MR-MS,patient03,FocalTversky,pp5,4,1,6.0837891531555215,5,1,2,1,True,True,True
3D-MR-MS,patient03,FocalTversky,pp5,4,2,6.0837891531555215,6,2,3,2,True,True,True
3D-MR-MS,patient03,FocalTversky,pp5,4,3,6.0837891531555215,6,2,3,2,True,True,True
3D-MR-MS,patient03,FocalTversky,pp5,4,5,6.0837891531555215,8,4,4,3,True,True,True
3D-MR-MS,patient13,CATMIL,raw,0,1,27.570586348333745,10,6,5,5,True,True,True
3D-MR-MS,patient13,CATMIL,raw,0,2,27.570586348333745,14,10,9,9,True,True,True
3D-MR-MS,patient13,CATMIL,raw,0,3,27.570586348333745,16,12,11,11,True,True,True
3D-MR-MS,patient13,CATMIL,raw,0,5,27.570586348333745,18,14,13,13,True,True,True
3D-MR-MS,patient13,CATMIL,raw,1,1,27.570586348333745,10,6,6,6,True,True,True
3D-MR-MS,patient13,CATMIL,raw,1,2,27.570586348333745,14,10,10,10,True,True,True
3D-MR-MS,patient13,CATMIL,raw,1,3,27.570586348333745,16,12,12,12,True,True,True
3D-MR-MS,patient13,CATMIL,raw,1,5,27.570586348333745,18,14,14,14,True,True,True
3D-MR-MS,patient13,CATMIL,raw,2,1,27.570586348333745,10,6,4,4,True,True,True
3D-MR-MS,patient13,CATMIL,raw,2,2,27.570586348333745,14,10,8,8,True,True,True
3D-MR-MS,patient13,CATMIL,raw,2,3,27.570586348333745,16,12,10,10,True,True,True
3D-MR-MS,patient13,CATMIL,raw,2,5,27.570586348333745,18,14,12,12,True,True,True
3D-MR-MS,patient13,CATMIL,raw,3,1,27.570586348333745,10,6,5,5,True,True,True
3D-MR-MS,patient13,CATMIL,raw,3,2,27.570586348333745,14,10,9,9,True,True,True
3D-MR-MS,patient13,CATMIL,raw,3,3,27.570586348333745,16,12,11,11,True,True,True
3D-MR-MS,patient13,CATMIL,raw,3,5,27.570586348333745,18,14,13,13,True,True,True
3D-MR-MS,patient13,CATMIL,raw,4,1,27.570586348333745,10,6,5,5,True,True,True
3D-MR-MS,patient13,CATMIL,raw,4,2,27.570586348333745,14,10,9,9,True,True,True
3D-MR-MS,patient13,CATMIL,raw,4,3,27.570586348333745,16,12,11,11,True,True,True
3D-MR-MS,patient13,CATMIL,raw,4,5,27.570586348333745,18,14,13,13,True,True,True
3D-MR-MS,patient13,CATMIL,pp5,0,1,27.570586348333745,10,6,5,5,True,True,True
3D-MR-MS,patient13,CATMIL,pp5,0,2,27.570586348333745,14,10,9,9,True,True,True
3D-MR-MS,patient13,CATMIL,pp5,0,3,27.570586348333745,16,12,11,11,True,True,True
3D-MR-MS,patient13,CATMIL,pp5,0,5,27.570586348333745,18,14,13,13,True,True,True
3D-MR-MS,patient13,CATMIL,pp5,1,1,27.570586348333745,10,6,7,6,True,True,True
3D-MR-MS,patient13,CATMIL,pp5,1,2,27.570586348333745,14,10,11,10,True,True,True
3D-MR-MS,patient13,CATMIL,pp5,1,3,27.570586348333745,16,12,13,12,True,True,True
3D-MR-MS,patient13,CATMIL,pp5,1,5,27.570586348333745,18,14,15,14,True,True,True
3D-MR-MS,patient13,CATMIL,pp5,2,1,27.570586348333745,10,6,4,4,True,True,True
3D-MR-MS,patient13,CATMIL,pp5,2,2,27.570586348333745,14,10,8,8,True,True,True
3D-MR-MS,patient13,CATMIL,pp5,2,3,27.570586348333745,16,12,10,10,True,True,True
3D-MR-MS,patient13,CATMIL,pp5,2,5,27.570586348333745,18,14,12,12,True,True,True
3D-MR-MS,patient13,CATMIL,pp5,3,1,27.570586348333745,10,6,5,5,True,True,True
3D-MR-MS,patient13,CATMIL,pp5,3,2,27.570586348333745,14,10,9,9,True,True,True
3D-MR-MS,patient13,CATMIL,pp5,3,3,27.570586348333745,16,12,11,11,True,True,True
3D-MR-MS,patient13,CATMIL,pp5,3,5,27.570586348333745,18,14,13,13,True,True,True
3D-MR-MS,patient13,CATMIL,pp5,4,1,27.570586348333745,10,6,6,5,True,True,True
3D-MR-MS,patient13,CATMIL,pp5,4,2,27.570586348333745,14,10,10,9,True,True,True
3D-MR-MS,patient13,CATMIL,pp5,4,3,27.570586348333745,16,12,12,11,True,True,True
3D-MR-MS,patient13,CATMIL,pp5,4,5,27.570586348333745,18,14,14,13,True,True,True
3D-MR-MS,patient13,DiceCE,raw,0,1,27.570586348333745,10,6,6,6,True,True,True
3D-MR-MS,patient13,DiceCE,raw,0,2,27.570586348333745,14,10,10,10,True,True,True
3D-MR-MS,patient13,DiceCE,raw,0,3,27.570586348333745,16,12,12,12,True,True,True
3D-MR-MS,patient13,DiceCE,raw,0,5,27.570586348333745,18,14,14,14,True,True,True
3D-MR-MS,patient13,DiceCE,raw,1,1,27.570586348333745,10,6,7,6,True,True,True
3D-MR-MS,patient13,DiceCE,raw,1,2,27.570586348333745,14,10,11,10,True,True,True
3D-MR-MS,patient13,DiceCE,raw,1,3,27.570586348333745,16,12,13,12,True,True,True
3D-MR-MS,patient13,DiceCE,raw,1,5,27.570586348333745,18,14,15,14,True,True,True
3D-MR-MS,patient13,DiceCE,raw,2,1,27.570586348333745,10,6,6,6,True,True,True
3D-MR-MS,patient13,DiceCE,raw,2,2,27.570586348333745,14,10,10,10,True,True,True
3D-MR-MS,patient13,DiceCE,raw,2,3,27.570586348333745,16,12,12,12,True,True,True
3D-MR-MS,patient13,DiceCE,raw,2,5,27.570586348333745,18,14,14,14,True,True,True
3D-MR-MS,patient13,DiceCE,raw,3,1,27.570586348333745,10,6,6,6,True,True,True
3D-MR-MS,patient13,DiceCE,raw,3,2,27.570586348333745,14,10,10,10,True,True,True
3D-MR-MS,patient13,DiceCE,raw,3,3,27.570586348333745,16,12,12,12,True,True,True
3D-MR-MS,patient13,DiceCE,raw,3,5,27.570586348333745,18,14,14,14,True,True,True
3D-MR-MS,patient13,DiceCE,raw,4,1,27.570586348333745,10,6,5,5,True,True,True
3D-MR-MS,patient13,DiceCE,raw,4,2,27.570586348333745,14,10,9,9,True,True,True
3D-MR-MS,patient13,DiceCE,raw,4,3,27.570586348333745,16,12,11,11,True,True,True
3D-MR-MS,patient13,DiceCE,raw,4,5,27.570586348333745,18,14,13,13,True,True,True
3D-MR-MS,patient13,DiceCE,pp5,0,1,27.570586348333745,10,6,6,6,True,True,True
3D-MR-MS,patient13,DiceCE,pp5,0,2,27.570586348333745,14,10,10,10,True,True,True
3D-MR-MS,patient13,DiceCE,pp5,0,3,27.570586348333745,16,12,12,12,True,True,True
3D-MR-MS,patient13,DiceCE,pp5,0,5,27.570586348333745,18,14,14,14,True,True,True
3D-MR-MS,patient13,DiceCE,pp5,1,1,27.570586348333745,10,6,7,6,True,True,True
3D-MR-MS,patient13,DiceCE,pp5,1,2,27.570586348333745,14,10,11,10,True,True,True
3D-MR-MS,patient13,DiceCE,pp5,1,3,27.570586348333745,16,12,13,12,True,True,True
3D-MR-MS,patient13,DiceCE,pp5,1,5,27.570586348333745,18,14,15,14,True,True,True
3D-MR-MS,patient13,DiceCE,pp5,2,1,27.570586348333745,10,6,6,6,True,True,True
3D-MR-MS,patient13,DiceCE,pp5,2,2,27.570586348333745,14,10,10,10,True,True,True
3D-MR-MS,patient13,DiceCE,pp5,2,3,27.570586348333745,16,12,12,12,True,True,True
3D-MR-MS,patient13,DiceCE,pp5,2,5,27.570586348333745,18,14,14,14,True,True,True
3D-MR-MS,patient13,DiceCE,pp5,3,1,27.570586348333745,10,6,6,6,True,True,True
3D-MR-MS,patient13,DiceCE,pp5,3,2,27.570586348333745,14,10,10,10,True,True,True
3D-MR-MS,patient13,DiceCE,pp5,3,3,27.570586348333745,16,12,12,12,True,True,True
3D-MR-MS,patient13,DiceCE,pp5,3,5,27.570586348333745,18,14,14,14,True,True,True
3D-MR-MS,patient13,DiceCE,pp5,4,1,27.570586348333745,10,6,5,5,True,True,True
3D-MR-MS,patient13,DiceCE,pp5,4,2,27.570586348333745,14,10,9,9,True,True,True
3D-MR-MS,patient13,DiceCE,pp5,4,3,27.570586348333745,16,12,11,11,True,True,True
3D-MR-MS,patient13,DiceCE,pp5,4,5,27.570586348333745,18,14,13,13,True,True,True
3D-MR-MS,patient13,Tversky,raw,0,1,27.570586348333745,10,6,6,6,True,True,True
3D-MR-MS,patient13,Tversky,raw,0,2,27.570586348333745,14,10,10,10,True,True,True
3D-MR-MS,patient13,Tversky,raw,0,3,27.570586348333745,16,12,12,12,True,True,True
3D-MR-MS,patient13,Tversky,raw,0,5,27.570586348333745,18,14,14,14,True,True,True
3D-MR-MS,patient13,Tversky,raw,1,1,27.570586348333745,10,6,7,6,True,True,True
3D-MR-MS,patient13,Tversky,raw,1,2,27.570586348333745,14,10,11,10,True,True,True
3D-MR-MS,patient13,Tversky,raw,1,3,27.570586348333745,16,12,13,12,True,True,True
3D-MR-MS,patient13,Tversky,raw,1,5,27.570586348333745,18,14,15,14,True,True,True
3D-MR-MS,patient13,Tversky,raw,2,1,27.570586348333745,10,6,7,6,True,True,True
3D-MR-MS,patient13,Tversky,raw,2,2,27.570586348333745,14,10,11,10,True,True,True
3D-MR-MS,patient13,Tversky,raw,2,3,27.570586348333745,16,12,13,12,True,True,True
3D-MR-MS,patient13,Tversky,raw,2,5,27.570586348333745,18,14,15,14,True,True,True
3D-MR-MS,patient13,Tversky,raw,3,1,27.570586348333745,10,6,7,6,True,True,True
3D-MR-MS,patient13,Tversky,raw,3,2,27.570586348333745,14,10,11,10,True,True,True
3D-MR-MS,patient13,Tversky,raw,3,3,27.570586348333745,16,12,13,12,True,True,True
3D-MR-MS,patient13,Tversky,raw,3,5,27.570586348333745,18,14,15,14,True,True,True
3D-MR-MS,patient13,Tversky,raw,4,1,27.570586348333745,10,6,6,6,True,True,True
3D-MR-MS,patient13,Tversky,raw,4,2,27.570586348333745,14,10,10,10,True,True,True
3D-MR-MS,patient13,Tversky,raw,4,3,27.570586348333745,16,12,12,12,True,True,True
3D-MR-MS,patient13,Tversky,raw,4,5,27.570586348333745,18,14,14,14,True,True,True
3D-MR-MS,patient13,Tversky,pp5,0,1,27.570586348333745,10,6,6,6,True,True,True
3D-MR-MS,patient13,Tversky,pp5,0,2,27.570586348333745,14,10,10,10,True,True,True
3D-MR-MS,patient13,Tversky,pp5,0,3,27.570586348333745,16,12,12,12,True,True,True
3D-MR-MS,patient13,Tversky,pp5,0,5,27.570586348333745,18,14,14,14,True,True,True
3D-MR-MS,patient13,Tversky,pp5,1,1,27.570586348333745,10,6,7,6,True,True,True
3D-MR-MS,patient13,Tversky,pp5,1,2,27.570586348333745,14,10,11,10,True,True,True
3D-MR-MS,patient13,Tversky,pp5,1,3,27.570586348333745,16,12,13,12,True,True,True
3D-MR-MS,patient13,Tversky,pp5,1,5,27.570586348333745,18,14,15,14,True,True,True
3D-MR-MS,patient13,Tversky,pp5,2,1,27.570586348333745,10,6,7,6,True,True,True
3D-MR-MS,patient13,Tversky,pp5,2,2,27.570586348333745,14,10,11,10,True,True,True
3D-MR-MS,patient13,Tversky,pp5,2,3,27.570586348333745,16,12,13,12,True,True,True
3D-MR-MS,patient13,Tversky,pp5,2,5,27.570586348333745,18,14,15,14,True,True,True
3D-MR-MS,patient13,Tversky,pp5,3,1,27.570586348333745,10,6,7,6,True,True,True
3D-MR-MS,patient13,Tversky,pp5,3,2,27.570586348333745,14,10,11,10,True,True,True
3D-MR-MS,patient13,Tversky,pp5,3,3,27.570586348333745,16,12,13,12,True,True,True
3D-MR-MS,patient13,Tversky,pp5,3,5,27.570586348333745,18,14,15,14,True,True,True
3D-MR-MS,patient13,Tversky,pp5,4,1,27.570586348333745,10,6,6,6,True,True,True
3D-MR-MS,patient13,Tversky,pp5,4,2,27.570586348333745,14,10,10,10,True,True,True
3D-MR-MS,patient13,Tversky,pp5,4,3,27.570586348333745,16,12,12,12,True,True,True
3D-MR-MS,patient13,Tversky,pp5,4,5,27.570586348333745,18,14,14,14,True,True,True
3D-MR-MS,patient13,FocalTversky,raw,0,1,27.570586348333745,10,6,6,6,True,True,True
3D-MR-MS,patient13,FocalTversky,raw,0,2,27.570586348333745,14,10,10,10,True,True,True
3D-MR-MS,patient13,FocalTversky,raw,0,3,27.570586348333745,16,12,12,12,True,True,True
3D-MR-MS,patient13,FocalTversky,raw,0,5,27.570586348333745,18,14,14,14,True,True,True
3D-MR-MS,patient13,FocalTversky,raw,1,1,27.570586348333745,10,6,7,6,True,True,True
3D-MR-MS,patient13,FocalTversky,raw,1,2,27.570586348333745,14,10,11,10,True,True,True
3D-MR-MS,patient13,FocalTversky,raw,1,3,27.570586348333745,16,12,13,12,True,True,True
3D-MR-MS,patient13,FocalTversky,raw,1,5,27.570586348333745,18,14,15,14,True,True,True
3D-MR-MS,patient13,FocalTversky,raw,2,1,27.570586348333745,10,6,6,6,True,True,True
3D-MR-MS,patient13,FocalTversky,raw,2,2,27.570586348333745,14,10,10,10,True,True,True
3D-MR-MS,patient13,FocalTversky,raw,2,3,27.570586348333745,16,12,12,12,True,True,True
3D-MR-MS,patient13,FocalTversky,raw,2,5,27.570586348333745,18,14,14,14,True,True,True
3D-MR-MS,patient13,FocalTversky,raw,3,1,27.570586348333745,10,6,6,6,True,True,True
3D-MR-MS,patient13,FocalTversky,raw,3,2,27.570586348333745,14,10,10,10,True,True,True
3D-MR-MS,patient13,FocalTversky,raw,3,3,27.570586348333745,16,12,12,12,True,True,True
3D-MR-MS,patient13,FocalTversky,raw,3,5,27.570586348333745,18,14,14,14,True,True,True
3D-MR-MS,patient13,FocalTversky,raw,4,1,27.570586348333745,10,6,6,6,True,True,True
3D-MR-MS,patient13,FocalTversky,raw,4,2,27.570586348333745,14,10,10,10,True,True,True
3D-MR-MS,patient13,FocalTversky,raw,4,3,27.570586348333745,16,12,12,12,True,True,True
3D-MR-MS,patient13,FocalTversky,raw,4,5,27.570586348333745,18,14,14,14,True,True,True
3D-MR-MS,patient13,FocalTversky,pp5,0,1,27.570586348333745,10,6,6,6,True,True,True
3D-MR-MS,patient13,FocalTversky,pp5,0,2,27.570586348333745,14,10,10,10,True,True,True
3D-MR-MS,patient13,FocalTversky,pp5,0,3,27.570586348333745,16,12,12,12,True,True,True
3D-MR-MS,patient13,FocalTversky,pp5,0,5,27.570586348333745,18,14,14,14,True,True,True
3D-MR-MS,patient13,FocalTversky,pp5,1,1,27.570586348333745,10,6,7,6,True,True,True
3D-MR-MS,patient13,FocalTversky,pp5,1,2,27.570586348333745,14,10,11,10,True,True,True
3D-MR-MS,patient13,FocalTversky,pp5,1,3,27.570586348333745,16,12,13,12,True,True,True
3D-MR-MS,patient13,FocalTversky,pp5,1,5,27.570586348333745,18,14,15,14,True,True,True
3D-MR-MS,patient13,FocalTversky,pp5,2,1,27.570586348333745,10,6,6,6,True,True,True
3D-MR-MS,patient13,FocalTversky,pp5,2,2,27.570586348333745,14,10,10,10,True,True,True
3D-MR-MS,patient13,FocalTversky,pp5,2,3,27.570586348333745,16,12,12,12,True,True,True
3D-MR-MS,patient13,FocalTversky,pp5,2,5,27.570586348333745,18,14,14,14,True,True,True
3D-MR-MS,patient13,FocalTversky,pp5,3,1,27.570586348333745,10,6,6,6,True,True,True
3D-MR-MS,patient13,FocalTversky,pp5,3,2,27.570586348333745,14,10,10,10,True,True,True
3D-MR-MS,patient13,FocalTversky,pp5,3,3,27.570586348333745,16,12,12,12,True,True,True
3D-MR-MS,patient13,FocalTversky,pp5,3,5,27.570586348333745,18,14,14,14,True,True,True
3D-MR-MS,patient13,FocalTversky,pp5,4,1,27.570586348333745,10,6,6,6,True,True,True
3D-MR-MS,patient13,FocalTversky,pp5,4,2,27.570586348333745,14,10,10,10,True,True,True
3D-MR-MS,patient13,FocalTversky,pp5,4,3,27.570586348333745,16,12,12,12,True,True,True
3D-MR-MS,patient13,FocalTversky,pp5,4,5,27.570586348333745,18,14,14,14,True,True,True
3D-MR-MS,patient18,CATMIL,raw,0,1,6.110002279546461,3,0,1,0,True,True,True
3D-MR-MS,patient18,CATMIL,raw,0,2,6.110002279546461,3,0,1,0,True,True,True
3D-MR-MS,patient18,CATMIL,raw,0,3,6.110002279546461,3,0,1,0,True,True,True
3D-MR-MS,patient18,CATMIL,raw,0,5,6.110002279546461,4,1,1,0,True,True,True
3D-MR-MS,patient18,CATMIL,raw,1,1,6.110002279546461,3,0,0,0,True,True,True
3D-MR-MS,patient18,CATMIL,raw,1,2,6.110002279546461,3,0,0,0,True,True,True
3D-MR-MS,patient18,CATMIL,raw,1,3,6.110002279546461,3,0,0,0,True,True,True
3D-MR-MS,patient18,CATMIL,raw,1,5,6.110002279546461,4,1,1,1,True,True,True
3D-MR-MS,patient18,CATMIL,raw,2,1,6.110002279546461,3,0,0,0,True,True,True
3D-MR-MS,patient18,CATMIL,raw,2,2,6.110002279546461,3,0,0,0,True,True,True
3D-MR-MS,patient18,CATMIL,raw,2,3,6.110002279546461,3,0,0,0,True,True,True
3D-MR-MS,patient18,CATMIL,raw,2,5,6.110002279546461,4,1,0,0,True,True,True
3D-MR-MS,patient18,CATMIL,raw,3,1,6.110002279546461,3,0,1,0,True,True,True
3D-MR-MS,patient18,CATMIL,raw,3,2,6.110002279546461,3,0,1,0,True,True,True
3D-MR-MS,patient18,CATMIL,raw,3,3,6.110002279546461,3,0,1,0,True,True,True
3D-MR-MS,patient18,CATMIL,raw,3,5,6.110002279546461,4,1,1,0,True,True,True
3D-MR-MS,patient18,CATMIL,raw,4,1,6.110002279546461,3,0,0,0,True,True,True
3D-MR-MS,patient18,CATMIL,raw,4,2,6.110002279546461,3,0,0,0,True,True,True
3D-MR-MS,patient18,CATMIL,raw,4,3,6.110002279546461,3,0,0,0,True,True,True
3D-MR-MS,patient18,CATMIL,raw,4,5,6.110002279546461,4,1,0,0,True,True,True
3D-MR-MS,patient18,CATMIL,pp5,0,1,6.110002279546461,3,0,1,0,True,True,True
3D-MR-MS,patient18,CATMIL,pp5,0,2,6.110002279546461,3,0,1,0,True,True,True
3D-MR-MS,patient18,CATMIL,pp5,0,3,6.110002279546461,3,0,1,0,True,True,True
3D-MR-MS,patient18,CATMIL,pp5,0,5,6.110002279546461,4,1,2,1,True,True,True
3D-MR-MS,patient18,CATMIL,pp5,1,1,6.110002279546461,3,0,0,0,True,True,True
3D-MR-MS,patient18,CATMIL,pp5,1,2,6.110002279546461,3,0,0,0,True,True,True
3D-MR-MS,patient18,CATMIL,pp5,1,3,6.110002279546461,3,0,0,0,True,True,True
3D-MR-MS,patient18,CATMIL,pp5,1,5,6.110002279546461,4,1,1,1,True,True,True
3D-MR-MS,patient18,CATMIL,pp5,2,1,6.110002279546461,3,0,0,0,True,True,True
3D-MR-MS,patient18,CATMIL,pp5,2,2,6.110002279546461,3,0,0,0,True,True,True
3D-MR-MS,patient18,CATMIL,pp5,2,3,6.110002279546461,3,0,0,0,True,True,True
3D-MR-MS,patient18,CATMIL,pp5,2,5,6.110002279546461,4,1,1,1,True,True,True
3D-MR-MS,patient18,CATMIL,pp5,3,1,6.110002279546461,3,0,1,0,True,True,True
3D-MR-MS,patient18,CATMIL,pp5,3,2,6.110002279546461,3,0,1,0,True,True,True
3D-MR-MS,patient18,CATMIL,pp5,3,3,6.110002279546461,3,0,1,0,True,True,True
3D-MR-MS,patient18,CATMIL,pp5,3,5,6.110002279546461,4,1,2,1,True,True,True
3D-MR-MS,patient18,CATMIL,pp5,4,1,6.110002279546461,3,0,0,0,True,True,True
3D-MR-MS,patient18,CATMIL,pp5,4,2,6.110002279546461,3,0,0,0,True,True,True
3D-MR-MS,patient18,CATMIL,pp5,4,3,6.110002279546461,3,0,0,0,True,True,True
3D-MR-MS,patient18,CATMIL,pp5,4,5,6.110002279546461,4,1,1,1,True,True,True
3D-MR-MS,patient18,DiceCE,raw,0,1,6.110002279546461,3,0,0,0,True,True,True
3D-MR-MS,patient18,DiceCE,raw,0,2,6.110002279546461,3,0,0,0,True,True,True
3D-MR-MS,patient18,DiceCE,raw,0,3,6.110002279546461,3,0,0,0,True,True,True
3D-MR-MS,patient18,DiceCE,raw,0,5,6.110002279546461,4,1,0,0,True,True,True
3D-MR-MS,patient18,DiceCE,raw,1,1,6.110002279546461,3,0,0,0,True,True,True
3D-MR-MS,patient18,DiceCE,raw,1,2,6.110002279546461,3,0,0,0,True,True,True
3D-MR-MS,patient18,DiceCE,raw,1,3,6.110002279546461,3,0,0,0,True,True,True
3D-MR-MS,patient18,DiceCE,raw,1,5,6.110002279546461,4,1,1,1,True,True,True
3D-MR-MS,patient18,DiceCE,raw,2,1,6.110002279546461,3,0,0,0,True,True,True
3D-MR-MS,patient18,DiceCE,raw,2,2,6.110002279546461,3,0,0,0,True,True,True
3D-MR-MS,patient18,DiceCE,raw,2,3,6.110002279546461,3,0,0,0,True,True,True
3D-MR-MS,patient18,DiceCE,raw,2,5,6.110002279546461,4,1,0,0,True,True,True
3D-MR-MS,patient18,DiceCE,raw,3,1,6.110002279546461,3,0,0,0,True,True,True
3D-MR-MS,patient18,DiceCE,raw,3,2,6.110002279546461,3,0,0,0,True,True,True
3D-MR-MS,patient18,DiceCE,raw,3,3,6.110002279546461,3,0,0,0,True,True,True
3D-MR-MS,patient18,DiceCE,raw,3,5,6.110002279546461,4,1,1,1,True,True,True
3D-MR-MS,patient18,DiceCE,raw,4,1,6.110002279546461,3,0,0,0,True,True,True
3D-MR-MS,patient18,DiceCE,raw,4,2,6.110002279546461,3,0,0,0,True,True,True
3D-MR-MS,patient18,DiceCE,raw,4,3,6.110002279546461,3,0,0,0,True,True,True
3D-MR-MS,patient18,DiceCE,raw,4,5,6.110002279546461,4,1,1,1,True,True,True
3D-MR-MS,patient18,DiceCE,pp5,0,1,6.110002279546461,3,0,0,0,True,True,True
3D-MR-MS,patient18,DiceCE,pp5,0,2,6.110002279546461,3,0,0,0,True,True,True
3D-MR-MS,patient18,DiceCE,pp5,0,3,6.110002279546461,3,0,0,0,True,True,True
3D-MR-MS,patient18,DiceCE,pp5,0,5,6.110002279546461,4,1,1,1,True,True,True
3D-MR-MS,patient18,DiceCE,pp5,1,1,6.110002279546461,3,0,0,0,True,True,True
3D-MR-MS,patient18,DiceCE,pp5,1,2,6.110002279546461,3,0,0,0,True,True,True
3D-MR-MS,patient18,DiceCE,pp5,1,3,6.110002279546461,3,0,0,0,True,True,True
3D-MR-MS,patient18,DiceCE,pp5,1,5,6.110002279546461,4,1,1,1,True,True,True
3D-MR-MS,patient18,DiceCE,pp5,2,1,6.110002279546461,3,0,0,0,True,True,True
3D-MR-MS,patient18,DiceCE,pp5,2,2,6.110002279546461,3,0,0,0,True,True,True
3D-MR-MS,patient18,DiceCE,pp5,2,3,6.110002279546461,3,0,0,0,True,True,True
3D-MR-MS,patient18,DiceCE,pp5,2,5,6.110002279546461,4,1,0,0,True,True,True
3D-MR-MS,patient18,DiceCE,pp5,3,1,6.110002279546461,3,0,0,0,True,True,True
3D-MR-MS,patient18,DiceCE,pp5,3,2,6.110002279546461,3,0,0,0,True,True,True
3D-MR-MS,patient18,DiceCE,pp5,3,3,6.110002279546461,3,0,0,0,True,True,True
3D-MR-MS,patient18,DiceCE,pp5,3,5,6.110002279546461,4,1,1,1,True,True,True
3D-MR-MS,patient18,DiceCE,pp5,4,1,6.110002279546461,3,0,0,0,True,True,True
3D-MR-MS,patient18,DiceCE,pp5,4,2,6.110002279546461,3,0,0,0,True,True,True
3D-MR-MS,patient18,DiceCE,pp5,4,3,6.110002279546461,3,0,0,0,True,True,True
3D-MR-MS,patient18,DiceCE,pp5,4,5,6.110002279546461,4,1,1,1,True,True,True
3D-MR-MS,patient18,Tversky,raw,0,1,6.110002279546461,3,0,0,0,True,True,True
3D-MR-MS,patient18,Tversky,raw,0,2,6.110002279546461,3,0,0,0,True,True,True
3D-MR-MS,patient18,Tversky,raw,0,3,6.110002279546461,3,0,0,0,True,True,True
3D-MR-MS,patient18,Tversky,raw,0,5,6.110002279546461,4,1,1,1,True,True,True
3D-MR-MS,patient18,Tversky,raw,1,1,6.110002279546461,3,0,0,0,True,True,True
3D-MR-MS,patient18,Tversky,raw,1,2,6.110002279546461,3,0,0,0,True,True,True
3D-MR-MS,patient18,Tversky,raw,1,3,6.110002279546461,3,0,0,0,True,True,True
3D-MR-MS,patient18,Tversky,raw,1,5,6.110002279546461,4,1,1,1,True,True,True
3D-MR-MS,patient18,Tversky,raw,2,1,6.110002279546461,3,0,0,0,True,True,True
3D-MR-MS,patient18,Tversky,raw,2,2,6.110002279546461,3,0,0,0,True,True,True
3D-MR-MS,patient18,Tversky,raw,2,3,6.110002279546461,3,0,0,0,True,True,True
3D-MR-MS,patient18,Tversky,raw,2,5,6.110002279546461,4,1,0,0,True,True,True
3D-MR-MS,patient18,Tversky,raw,3,1,6.110002279546461,3,0,0,0,True,True,True
3D-MR-MS,patient18,Tversky,raw,3,2,6.110002279546461,3,0,0,0,True,True,True
3D-MR-MS,patient18,Tversky,raw,3,3,6.110002279546461,3,0,0,0,True,True,True
3D-MR-MS,patient18,Tversky,raw,3,5,6.110002279546461,4,1,1,1,True,True,True
3D-MR-MS,patient18,Tversky,raw,4,1,6.110002279546461,3,0,0,0,True,True,True
3D-MR-MS,patient18,Tversky,raw,4,2,6.110002279546461,3,0,0,0,True,True,True
3D-MR-MS,patient18,Tversky,raw,4,3,6.110002279546461,3,0,0,0,True,True,True
3D-MR-MS,patient18,Tversky,raw,4,5,6.110002279546461,4,1,1,1,True,True,True
3D-MR-MS,patient18,Tversky,pp5,0,1,6.110002279546461,3,0,0,0,True,True,True
3D-MR-MS,patient18,Tversky,pp5,0,2,6.110002279546461,3,0,0,0,True,True,True
3D-MR-MS,patient18,Tversky,pp5,0,3,6.110002279546461,3,0,0,0,True,True,True
3D-MR-MS,patient18,Tversky,pp5,0,5,6.110002279546461,4,1,1,1,True,True,True
3D-MR-MS,patient18,Tversky,pp5,1,1,6.110002279546461,3,0,0,0,True,True,True
3D-MR-MS,patient18,Tversky,pp5,1,2,6.110002279546461,3,0,0,0,True,True,True
3D-MR-MS,patient18,Tversky,pp5,1,3,6.110002279546461,3,0,0,0,True,True,True
3D-MR-MS,patient18,Tversky,pp5,1,5,6.110002279546461,4,1,1,1,True,True,True
3D-MR-MS,patient18,Tversky,pp5,2,1,6.110002279546461,3,0,0,0,True,True,True
3D-MR-MS,patient18,Tversky,pp5,2,2,6.110002279546461,3,0,0,0,True,True,True
3D-MR-MS,patient18,Tversky,pp5,2,3,6.110002279546461,3,0,0,0,True,True,True
3D-MR-MS,patient18,Tversky,pp5,2,5,6.110002279546461,4,1,0,0,True,True,True
3D-MR-MS,patient18,Tversky,pp5,3,1,6.110002279546461,3,0,0,0,True,True,True
3D-MR-MS,patient18,Tversky,pp5,3,2,6.110002279546461,3,0,0,0,True,True,True
3D-MR-MS,patient18,Tversky,pp5,3,3,6.110002279546461,3,0,0,0,True,True,True
3D-MR-MS,patient18,Tversky,pp5,3,5,6.110002279546461,4,1,1,1,True,True,True
3D-MR-MS,patient18,Tversky,pp5,4,1,6.110002279546461,3,0,0,0,True,True,True
3D-MR-MS,patient18,Tversky,pp5,4,2,6.110002279546461,3,0,0,0,True,True,True
3D-MR-MS,patient18,Tversky,pp5,4,3,6.110002279546461,3,0,0,0,True,True,True
3D-MR-MS,patient18,Tversky,pp5,4,5,6.110002279546461,4,1,1,1,True,True,True
3D-MR-MS,patient18,FocalTversky,raw,0,1,6.110002279546461,3,0,0,0,True,True,True
3D-MR-MS,patient18,FocalTversky,raw,0,2,6.110002279546461,3,0,0,0,True,True,True
3D-MR-MS,patient18,FocalTversky,raw,0,3,6.110002279546461,3,0,0,0,True,True,True
3D-MR-MS,patient18,FocalTversky,raw,0,5,6.110002279546461,4,1,1,1,True,True,True
3D-MR-MS,patient18,FocalTversky,raw,1,1,6.110002279546461,3,0,0,0,True,True,True
3D-MR-MS,patient18,FocalTversky,raw,1,2,6.110002279546461,3,0,0,0,True,True,True
3D-MR-MS,patient18,FocalTversky,raw,1,3,6.110002279546461,3,0,0,0,True,True,True
3D-MR-MS,patient18,FocalTversky,raw,1,5,6.110002279546461,4,1,1,1,True,True,True
3D-MR-MS,patient18,FocalTversky,raw,2,1,6.110002279546461,3,0,0,0,True,True,True
3D-MR-MS,patient18,FocalTversky,raw,2,2,6.110002279546461,3,0,0,0,True,True,True
3D-MR-MS,patient18,FocalTversky,raw,2,3,6.110002279546461,3,0,0,0,True,True,True
3D-MR-MS,patient18,FocalTversky,raw,2,5,6.110002279546461,4,1,0,0,True,True,True
3D-MR-MS,patient18,FocalTversky,raw,3,1,6.110002279546461,3,0,0,0,True,True,True
3D-MR-MS,patient18,FocalTversky,raw,3,2,6.110002279546461,3,0,0,0,True,True,True
3D-MR-MS,patient18,FocalTversky,raw,3,3,6.110002279546461,3,0,0,0,True,True,True
3D-MR-MS,patient18,FocalTversky,raw,3,5,6.110002279546461,4,1,1,1,True,True,True
3D-MR-MS,patient18,FocalTversky,raw,4,1,6.110002279546461,3,0,0,0,True,True,True
3D-MR-MS,patient18,FocalTversky,raw,4,2,6.110002279546461,3,0,0,0,True,True,True
3D-MR-MS,patient18,FocalTversky,raw,4,3,6.110002279546461,3,0,0,0,True,True,True
3D-MR-MS,patient18,FocalTversky,raw,4,5,6.110002279546461,4,1,1,1,True,True,True
3D-MR-MS,patient18,FocalTversky,pp5,0,1,6.110002279546461,3,0,0,0,True,True,True
3D-MR-MS,patient18,FocalTversky,pp5,0,2,6.110002279546461,3,0,0,0,True,True,True
3D-MR-MS,patient18,FocalTversky,pp5,0,3,6.110002279546461,3,0,0,0,True,True,True
3D-MR-MS,patient18,FocalTversky,pp5,0,5,6.110002279546461,4,1,1,1,True,True,True
3D-MR-MS,patient18,FocalTversky,pp5,1,1,6.110002279546461,3,0,0,0,True,True,True
3D-MR-MS,patient18,FocalTversky,pp5,1,2,6.110002279546461,3,0,0,0,True,True,True
3D-MR-MS,patient18,FocalTversky,pp5,1,3,6.110002279546461,3,0,0,0,True,True,True
3D-MR-MS,patient18,FocalTversky,pp5,1,5,6.110002279546461,4,1,1,1,True,True,True
3D-MR-MS,patient18,FocalTversky,pp5,2,1,6.110002279546461,3,0,0,0,True,True,True
3D-MR-MS,patient18,FocalTversky,pp5,2,2,6.110002279546461,3,0,0,0,True,True,True
3D-MR-MS,patient18,FocalTversky,pp5,2,3,6.110002279546461,3,0,0,0,True,True,True
3D-MR-MS,patient18,FocalTversky,pp5,2,5,6.110002279546461,4,1,0,0,True,True,True
3D-MR-MS,patient18,FocalTversky,pp5,3,1,6.110002279546461,3,0,0,0,True,True,True
3D-MR-MS,patient18,FocalTversky,pp5,3,2,6.110002279546461,3,0,0,0,True,True,True
3D-MR-MS,patient18,FocalTversky,pp5,3,3,6.110002279546461,3,0,0,0,True,True,True
3D-MR-MS,patient18,FocalTversky,pp5,3,5,6.110002279546461,4,1,1,1,True,True,True
3D-MR-MS,patient18,FocalTversky,pp5,4,1,6.110002279546461,3,0,0,0,True,True,True
3D-MR-MS,patient18,FocalTversky,pp5,4,2,6.110002279546461,3,0,0,0,True,True,True
3D-MR-MS,patient18,FocalTversky,pp5,4,3,6.110002279546461,3,0,0,0,True,True,True
3D-MR-MS,patient18,FocalTversky,pp5,4,5,6.110002279546461,4,1,1,1,True,True,True
3D-MR-MS,patient21,CATMIL,raw,0,1,25.09066443638003,10,6,5,5,True,True,True
3D-MR-MS,patient21,CATMIL,raw,0,2,25.09066443638003,12,8,6,6,True,True,True
3D-MR-MS,patient21,CATMIL,raw,0,3,25.09066443638003,15,11,7,7,True,True,True
3D-MR-MS,patient21,CATMIL,raw,0,5,25.09066443638003,27,21,11,11,True,True,True
3D-MR-MS,patient21,CATMIL,raw,1,1,25.09066443638003,10,6,5,5,True,True,True
3D-MR-MS,patient21,CATMIL,raw,1,2,25.09066443638003,12,8,6,6,True,True,True
3D-MR-MS,patient21,CATMIL,raw,1,3,25.09066443638003,15,11,7,7,True,True,True
3D-MR-MS,patient21,CATMIL,raw,1,5,25.09066443638003,27,21,11,11,True,True,True
3D-MR-MS,patient21,CATMIL,raw,2,1,25.09066443638003,10,6,5,5,True,True,True
3D-MR-MS,patient21,CATMIL,raw,2,2,25.09066443638003,12,8,6,6,True,True,True
3D-MR-MS,patient21,CATMIL,raw,2,3,25.09066443638003,15,11,7,7,True,True,True
3D-MR-MS,patient21,CATMIL,raw,2,5,25.09066443638003,27,21,12,12,True,True,True
3D-MR-MS,patient21,CATMIL,raw,3,1,25.09066443638003,10,6,5,5,True,True,True
3D-MR-MS,patient21,CATMIL,raw,3,2,25.09066443638003,12,8,6,6,True,True,True
3D-MR-MS,patient21,CATMIL,raw,3,3,25.09066443638003,15,11,7,7,True,True,True
3D-MR-MS,patient21,CATMIL,raw,3,5,25.09066443638003,27,21,11,11,True,True,True
3D-MR-MS,patient21,CATMIL,raw,4,1,25.09066443638003,10,6,5,5,True,True,True
3D-MR-MS,patient21,CATMIL,raw,4,2,25.09066443638003,12,8,6,6,True,True,True
3D-MR-MS,patient21,CATMIL,raw,4,3,25.09066443638003,15,11,7,7,True,True,True
3D-MR-MS,patient21,CATMIL,raw,4,5,25.09066443638003,27,21,11,11,True,True,True
3D-MR-MS,patient21,CATMIL,pp5,0,1,25.09066443638003,10,6,5,5,True,True,True
3D-MR-MS,patient21,CATMIL,pp5,0,2,25.09066443638003,12,8,6,6,True,True,True
3D-MR-MS,patient21,CATMIL,pp5,0,3,25.09066443638003,15,11,7,7,True,True,True
3D-MR-MS,patient21,CATMIL,pp5,0,5,25.09066443638003,27,21,11,11,True,True,True
3D-MR-MS,patient21,CATMIL,pp5,1,1,25.09066443638003,10,6,5,5,True,True,True
3D-MR-MS,patient21,CATMIL,pp5,1,2,25.09066443638003,12,8,6,6,True,True,True
3D-MR-MS,patient21,CATMIL,pp5,1,3,25.09066443638003,15,11,7,7,True,True,True
3D-MR-MS,patient21,CATMIL,pp5,1,5,25.09066443638003,27,21,11,11,True,True,True
3D-MR-MS,patient21,CATMIL,pp5,2,1,25.09066443638003,10,6,5,5,True,True,True
3D-MR-MS,patient21,CATMIL,pp5,2,2,25.09066443638003,12,8,6,6,True,True,True
3D-MR-MS,patient21,CATMIL,pp5,2,3,25.09066443638003,15,11,7,7,True,True,True
3D-MR-MS,patient21,CATMIL,pp5,2,5,25.09066443638003,27,21,12,12,True,True,True
3D-MR-MS,patient21,CATMIL,pp5,3,1,25.09066443638003,10,6,5,5,True,True,True
3D-MR-MS,patient21,CATMIL,pp5,3,2,25.09066443638003,12,8,6,6,True,True,True
3D-MR-MS,patient21,CATMIL,pp5,3,3,25.09066443638003,15,11,7,7,True,True,True
3D-MR-MS,patient21,CATMIL,pp5,3,5,25.09066443638003,27,21,12,12,True,True,True
3D-MR-MS,patient21,CATMIL,pp5,4,1,25.09066443638003,10,6,5,5,True,True,True
3D-MR-MS,patient21,CATMIL,pp5,4,2,25.09066443638003,12,8,6,6,True,True,True
3D-MR-MS,patient21,CATMIL,pp5,4,3,25.09066443638003,15,11,7,7,True,True,True
3D-MR-MS,patient21,CATMIL,pp5,4,5,25.09066443638003,27,21,11,11,True,True,True
3D-MR-MS,patient21,DiceCE,raw,0,1,25.09066443638003,10,6,5,5,True,True,True
3D-MR-MS,patient21,DiceCE,raw,0,2,25.09066443638003,12,8,6,6,True,True,True
3D-MR-MS,patient21,DiceCE,raw,0,3,25.09066443638003,15,11,7,7,True,True,True
3D-MR-MS,patient21,DiceCE,raw,0,5,25.09066443638003,27,21,11,11,True,True,True
3D-MR-MS,patient21,DiceCE,raw,1,1,25.09066443638003,10,6,5,5,True,True,True
3D-MR-MS,patient21,DiceCE,raw,1,2,25.09066443638003,12,8,6,6,True,True,True
3D-MR-MS,patient21,DiceCE,raw,1,3,25.09066443638003,15,11,7,7,True,True,True
3D-MR-MS,patient21,DiceCE,raw,1,5,25.09066443638003,27,21,12,12,True,True,True
3D-MR-MS,patient21,DiceCE,raw,2,1,25.09066443638003,10,6,5,5,True,True,True
3D-MR-MS,patient21,DiceCE,raw,2,2,25.09066443638003,12,8,6,6,True,True,True
3D-MR-MS,patient21,DiceCE,raw,2,3,25.09066443638003,15,11,7,7,True,True,True
3D-MR-MS,patient21,DiceCE,raw,2,5,25.09066443638003,27,21,12,12,True,True,True
3D-MR-MS,patient21,DiceCE,raw,3,1,25.09066443638003,10,6,5,5,True,True,True
3D-MR-MS,patient21,DiceCE,raw,3,2,25.09066443638003,12,8,6,6,True,True,True
3D-MR-MS,patient21,DiceCE,raw,3,3,25.09066443638003,15,11,7,7,True,True,True
3D-MR-MS,patient21,DiceCE,raw,3,5,25.09066443638003,27,21,12,12,True,True,True
3D-MR-MS,patient21,DiceCE,raw,4,1,25.09066443638003,10,6,5,5,True,True,True
3D-MR-MS,patient21,DiceCE,raw,4,2,25.09066443638003,12,8,6,6,True,True,True
3D-MR-MS,patient21,DiceCE,raw,4,3,25.09066443638003,15,11,7,7,True,True,True
3D-MR-MS,patient21,DiceCE,raw,4,5,25.09066443638003,27,21,11,11,True,True,True
3D-MR-MS,patient21,DiceCE,pp5,0,1,25.09066443638003,10,6,5,5,True,True,True
3D-MR-MS,patient21,DiceCE,pp5,0,2,25.09066443638003,12,8,6,6,True,True,True
3D-MR-MS,patient21,DiceCE,pp5,0,3,25.09066443638003,15,11,7,7,True,True,True
3D-MR-MS,patient21,DiceCE,pp5,0,5,25.09066443638003,27,21,11,11,True,True,True
3D-MR-MS,patient21,DiceCE,pp5,1,1,25.09066443638003,10,6,5,5,True,True,True
3D-MR-MS,patient21,DiceCE,pp5,1,2,25.09066443638003,12,8,6,6,True,True,True
3D-MR-MS,patient21,DiceCE,pp5,1,3,25.09066443638003,15,11,7,7,True,True,True
3D-MR-MS,patient21,DiceCE,pp5,1,5,25.09066443638003,27,21,13,13,True,True,True
3D-MR-MS,patient21,DiceCE,pp5,2,1,25.09066443638003,10,6,5,5,True,True,True
3D-MR-MS,patient21,DiceCE,pp5,2,2,25.09066443638003,12,8,6,6,True,True,True
3D-MR-MS,patient21,DiceCE,pp5,2,3,25.09066443638003,15,11,7,7,True,True,True
3D-MR-MS,patient21,DiceCE,pp5,2,5,25.09066443638003,27,21,12,12,True,True,True
3D-MR-MS,patient21,DiceCE,pp5,3,1,25.09066443638003,10,6,5,5,True,True,True
3D-MR-MS,patient21,DiceCE,pp5,3,2,25.09066443638003,12,8,6,6,True,True,True
3D-MR-MS,patient21,DiceCE,pp5,3,3,25.09066443638003,15,11,7,7,True,True,True
3D-MR-MS,patient21,DiceCE,pp5,3,5,25.09066443638003,27,21,12,12,True,True,True
3D-MR-MS,patient21,DiceCE,pp5,4,1,25.09066443638003,10,6,5,5,True,True,True
3D-MR-MS,patient21,DiceCE,pp5,4,2,25.09066443638003,12,8,6,6,True,True,True
3D-MR-MS,patient21,DiceCE,pp5,4,3,25.09066443638003,15,11,7,7,True,True,True
3D-MR-MS,patient21,DiceCE,pp5,4,5,25.09066443638003,27,21,12,12,True,True,True
3D-MR-MS,patient21,Tversky,raw,0,1,25.09066443638003,10,6,5,5,True,True,True
3D-MR-MS,patient21,Tversky,raw,0,2,25.09066443638003,12,8,6,6,True,True,True
3D-MR-MS,patient21,Tversky,raw,0,3,25.09066443638003,15,11,7,7,True,True,True
3D-MR-MS,patient21,Tversky,raw,0,5,25.09066443638003,27,21,11,11,True,True,True
3D-MR-MS,patient21,Tversky,raw,1,1,25.09066443638003,10,6,5,5,True,True,True
3D-MR-MS,patient21,Tversky,raw,1,2,25.09066443638003,12,8,6,6,True,True,True
3D-MR-MS,patient21,Tversky,raw,1,3,25.09066443638003,15,11,7,7,True,True,True
3D-MR-MS,patient21,Tversky,raw,1,5,25.09066443638003,27,21,11,11,True,True,True
3D-MR-MS,patient21,Tversky,raw,2,1,25.09066443638003,10,6,5,5,True,True,True
3D-MR-MS,patient21,Tversky,raw,2,2,25.09066443638003,12,8,6,6,True,True,True
3D-MR-MS,patient21,Tversky,raw,2,3,25.09066443638003,15,11,7,7,True,True,True
3D-MR-MS,patient21,Tversky,raw,2,5,25.09066443638003,27,21,12,12,True,True,True
3D-MR-MS,patient21,Tversky,raw,3,1,25.09066443638003,10,6,5,5,True,True,True
3D-MR-MS,patient21,Tversky,raw,3,2,25.09066443638003,12,8,6,6,True,True,True
3D-MR-MS,patient21,Tversky,raw,3,3,25.09066443638003,15,11,7,7,True,True,True
3D-MR-MS,patient21,Tversky,raw,3,5,25.09066443638003,27,21,11,11,True,True,True
3D-MR-MS,patient21,Tversky,raw,4,1,25.09066443638003,10,6,5,5,True,True,True
3D-MR-MS,patient21,Tversky,raw,4,2,25.09066443638003,12,8,6,6,True,True,True
3D-MR-MS,patient21,Tversky,raw,4,3,25.09066443638003,15,11,7,7,True,True,True
3D-MR-MS,patient21,Tversky,raw,4,5,25.09066443638003,27,21,11,11,True,True,True
3D-MR-MS,patient21,Tversky,pp5,0,1,25.09066443638003,10,6,5,5,True,True,True
3D-MR-MS,patient21,Tversky,pp5,0,2,25.09066443638003,12,8,6,6,True,True,True
3D-MR-MS,patient21,Tversky,pp5,0,3,25.09066443638003,15,11,7,7,True,True,True
3D-MR-MS,patient21,Tversky,pp5,0,5,25.09066443638003,27,21,11,11,True,True,True
3D-MR-MS,patient21,Tversky,pp5,1,1,25.09066443638003,10,6,5,5,True,True,True
3D-MR-MS,patient21,Tversky,pp5,1,2,25.09066443638003,12,8,6,6,True,True,True
3D-MR-MS,patient21,Tversky,pp5,1,3,25.09066443638003,15,11,7,7,True,True,True
3D-MR-MS,patient21,Tversky,pp5,1,5,25.09066443638003,27,21,12,12,True,True,True
3D-MR-MS,patient21,Tversky,pp5,2,1,25.09066443638003,10,6,5,5,True,True,True
3D-MR-MS,patient21,Tversky,pp5,2,2,25.09066443638003,12,8,6,6,True,True,True
3D-MR-MS,patient21,Tversky,pp5,2,3,25.09066443638003,15,11,7,7,True,True,True
3D-MR-MS,patient21,Tversky,pp5,2,5,25.09066443638003,27,21,12,12,True,True,True
3D-MR-MS,patient21,Tversky,pp5,3,1,25.09066443638003,10,6,5,5,True,True,True
3D-MR-MS,patient21,Tversky,pp5,3,2,25.09066443638003,12,8,6,6,True,True,True
3D-MR-MS,patient21,Tversky,pp5,3,3,25.09066443638003,15,11,7,7,True,True,True
3D-MR-MS,patient21,Tversky,pp5,3,5,25.09066443638003,27,21,11,11,True,True,True
3D-MR-MS,patient21,Tversky,pp5,4,1,25.09066443638003,10,6,5,5,True,True,True
3D-MR-MS,patient21,Tversky,pp5,4,2,25.09066443638003,12,8,6,6,True,True,True
3D-MR-MS,patient21,Tversky,pp5,4,3,25.09066443638003,15,11,7,7,True,True,True
3D-MR-MS,patient21,Tversky,pp5,4,5,25.09066443638003,27,21,12,12,True,True,True
3D-MR-MS,patient21,FocalTversky,raw,0,1,25.09066443638003,10,6,5,5,True,True,True
3D-MR-MS,patient21,FocalTversky,raw,0,2,25.09066443638003,12,8,6,6,True,True,True
3D-MR-MS,patient21,FocalTversky,raw,0,3,25.09066443638003,15,11,7,7,True,True,True
3D-MR-MS,patient21,FocalTversky,raw,0,5,25.09066443638003,27,21,11,11,True,True,True
3D-MR-MS,patient21,FocalTversky,raw,1,1,25.09066443638003,10,6,5,5,True,True,True
3D-MR-MS,patient21,FocalTversky,raw,1,2,25.09066443638003,12,8,6,6,True,True,True
3D-MR-MS,patient21,FocalTversky,raw,1,3,25.09066443638003,15,11,7,7,True,True,True
3D-MR-MS,patient21,FocalTversky,raw,1,5,25.09066443638003,27,21,11,11,True,True,True
3D-MR-MS,patient21,FocalTversky,raw,2,1,25.09066443638003,10,6,5,5,True,True,True
3D-MR-MS,patient21,FocalTversky,raw,2,2,25.09066443638003,12,8,6,6,True,True,True
3D-MR-MS,patient21,FocalTversky,raw,2,3,25.09066443638003,15,11,7,7,True,True,True
3D-MR-MS,patient21,FocalTversky,raw,2,5,25.09066443638003,27,21,12,12,True,True,True
3D-MR-MS,patient21,FocalTversky,raw,3,1,25.09066443638003,10,6,5,5,True,True,True
3D-MR-MS,patient21,FocalTversky,raw,3,2,25.09066443638003,12,8,6,6,True,True,True
3D-MR-MS,patient21,FocalTversky,raw,3,3,25.09066443638003,15,11,7,7,True,True,True
3D-MR-MS,patient21,FocalTversky,raw,3,5,25.09066443638003,27,21,12,12,True,True,True
3D-MR-MS,patient21,FocalTversky,raw,4,1,25.09066443638003,10,6,5,5,True,True,True
3D-MR-MS,patient21,FocalTversky,raw,4,2,25.09066443638003,12,8,6,6,True,True,True
3D-MR-MS,patient21,FocalTversky,raw,4,3,25.09066443638003,15,11,7,7,True,True,True
3D-MR-MS,patient21,FocalTversky,raw,4,5,25.09066443638003,27,21,10,10,True,True,True
3D-MR-MS,patient21,FocalTversky,pp5,0,1,25.09066443638003,10,6,5,5,True,True,True
3D-MR-MS,patient21,FocalTversky,pp5,0,2,25.09066443638003,12,8,6,6,True,True,True
3D-MR-MS,patient21,FocalTversky,pp5,0,3,25.09066443638003,15,11,7,7,True,True,True
3D-MR-MS,patient21,FocalTversky,pp5,0,5,25.09066443638003,27,21,11,11,True,True,True
3D-MR-MS,patient21,FocalTversky,pp5,1,1,25.09066443638003,10,6,5,5,True,True,True
3D-MR-MS,patient21,FocalTversky,pp5,1,2,25.09066443638003,12,8,6,6,True,True,True
3D-MR-MS,patient21,FocalTversky,pp5,1,3,25.09066443638003,15,11,7,7,True,True,True
3D-MR-MS,patient21,FocalTversky,pp5,1,5,25.09066443638003,27,21,11,11,True,True,True
3D-MR-MS,patient21,FocalTversky,pp5,2,1,25.09066443638003,10,6,5,5,True,True,True
3D-MR-MS,patient21,FocalTversky,pp5,2,2,25.09066443638003,12,8,6,6,True,True,True
3D-MR-MS,patient21,FocalTversky,pp5,2,3,25.09066443638003,15,11,7,7,True,True,True
3D-MR-MS,patient21,FocalTversky,pp5,2,5,25.09066443638003,27,21,12,12,True,True,True
3D-MR-MS,patient21,FocalTversky,pp5,3,1,25.09066443638003,10,6,5,5,True,True,True
3D-MR-MS,patient21,FocalTversky,pp5,3,2,25.09066443638003,12,8,6,6,True,True,True
3D-MR-MS,patient21,FocalTversky,pp5,3,3,25.09066443638003,15,11,7,7,True,True,True
3D-MR-MS,patient21,FocalTversky,pp5,3,5,25.09066443638003,27,21,12,12,True,True,True
3D-MR-MS,patient21,FocalTversky,pp5,4,1,25.09066443638003,10,6,5,5,True,True,True
3D-MR-MS,patient21,FocalTversky,pp5,4,2,25.09066443638003,12,8,6,6,True,True,True
3D-MR-MS,patient21,FocalTversky,pp5,4,3,25.09066443638003,15,11,7,7,True,True,True
3D-MR-MS,patient21,FocalTversky,pp5,4,5,25.09066443638003,27,21,10,10,True,True,True
3D-MR-MS,patient26,CATMIL,raw,0,1,5.630449302650232,6,1,0,0,True,True,True
3D-MR-MS,patient26,CATMIL,raw,0,2,5.630449302650232,12,4,3,3,True,True,True
3D-MR-MS,patient26,CATMIL,raw,0,3,5.630449302650232,13,4,4,3,True,True,True
3D-MR-MS,patient26,CATMIL,raw,0,5,5.630449302650232,15,6,6,5,True,True,True
3D-MR-MS,patient26,CATMIL,raw,1,1,5.630449302650232,6,1,0,0,True,True,True
3D-MR-MS,patient26,CATMIL,raw,1,2,5.630449302650232,12,4,3,3,True,True,True
3D-MR-MS,patient26,CATMIL,raw,1,3,5.630449302650232,13,4,3,3,True,True,True
3D-MR-MS,patient26,CATMIL,raw,1,5,5.630449302650232,15,6,5,5,True,True,True
3D-MR-MS,patient26,CATMIL,raw,2,1,5.630449302650232,6,1,0,0,True,True,True
3D-MR-MS,patient26,CATMIL,raw,2,2,5.630449302650232,12,4,3,3,True,True,True
3D-MR-MS,patient26,CATMIL,raw,2,3,5.630449302650232,13,4,3,3,True,True,True
3D-MR-MS,patient26,CATMIL,raw,2,5,5.630449302650232,15,6,5,5,True,True,True
3D-MR-MS,patient26,CATMIL,raw,3,1,5.630449302650232,6,1,0,0,True,True,True
3D-MR-MS,patient26,CATMIL,raw,3,2,5.630449302650232,12,4,3,3,True,True,True
3D-MR-MS,patient26,CATMIL,raw,3,3,5.630449302650232,13,4,3,3,True,True,True
3D-MR-MS,patient26,CATMIL,raw,3,5,5.630449302650232,15,6,5,5,True,True,True
3D-MR-MS,patient26,CATMIL,raw,4,1,5.630449302650232,6,1,0,0,True,True,True
3D-MR-MS,patient26,CATMIL,raw,4,2,5.630449302650232,12,4,3,3,True,True,True
3D-MR-MS,patient26,CATMIL,raw,4,3,5.630449302650232,13,4,3,3,True,True,True
3D-MR-MS,patient26,CATMIL,raw,4,5,5.630449302650232,15,6,5,5,True,True,True
3D-MR-MS,patient26,CATMIL,pp5,0,1,5.630449302650232,6,1,0,0,True,True,True
3D-MR-MS,patient26,CATMIL,pp5,0,2,5.630449302650232,12,4,3,3,True,True,True
3D-MR-MS,patient26,CATMIL,pp5,0,3,5.630449302650232,13,4,4,3,True,True,True
3D-MR-MS,patient26,CATMIL,pp5,0,5,5.630449302650232,15,6,6,5,True,True,True
3D-MR-MS,patient26,CATMIL,pp5,1,1,5.630449302650232,6,1,0,0,True,True,True
3D-MR-MS,patient26,CATMIL,pp5,1,2,5.630449302650232,12,4,3,3,True,True,True
3D-MR-MS,patient26,CATMIL,pp5,1,3,5.630449302650232,13,4,3,3,True,True,True
3D-MR-MS,patient26,CATMIL,pp5,1,5,5.630449302650232,15,6,5,5,True,True,True
3D-MR-MS,patient26,CATMIL,pp5,2,1,5.630449302650232,6,1,0,0,True,True,True
3D-MR-MS,patient26,CATMIL,pp5,2,2,5.630449302650232,12,4,3,3,True,True,True
3D-MR-MS,patient26,CATMIL,pp5,2,3,5.630449302650232,13,4,4,3,True,True,True
3D-MR-MS,patient26,CATMIL,pp5,2,5,5.630449302650232,15,6,6,5,True,True,True
3D-MR-MS,patient26,CATMIL,pp5,3,1,5.630449302650232,6,1,0,0,True,True,True
3D-MR-MS,patient26,CATMIL,pp5,3,2,5.630449302650232,12,4,3,3,True,True,True
3D-MR-MS,patient26,CATMIL,pp5,3,3,5.630449302650232,13,4,4,3,True,True,True
3D-MR-MS,patient26,CATMIL,pp5,3,5,5.630449302650232,15,6,6,5,True,True,True
3D-MR-MS,patient26,CATMIL,pp5,4,1,5.630449302650232,6,1,0,0,True,True,True
3D-MR-MS,patient26,CATMIL,pp5,4,2,5.630449302650232,12,4,3,3,True,True,True
3D-MR-MS,patient26,CATMIL,pp5,4,3,5.630449302650232,13,4,3,3,True,True,True
3D-MR-MS,patient26,CATMIL,pp5,4,5,5.630449302650232,15,6,5,5,True,True,True
3D-MR-MS,patient26,DiceCE,raw,0,1,5.630449302650232,6,1,0,0,True,True,True
3D-MR-MS,patient26,DiceCE,raw,0,2,5.630449302650232,12,4,3,3,True,True,True
3D-MR-MS,patient26,DiceCE,raw,0,3,5.630449302650232,13,4,3,3,True,True,True
3D-MR-MS,patient26,DiceCE,raw,0,5,5.630449302650232,15,6,5,5,True,True,True
3D-MR-MS,patient26,DiceCE,raw,1,1,5.630449302650232,6,1,0,0,True,True,True
3D-MR-MS,patient26,DiceCE,raw,1,2,5.630449302650232,12,4,3,3,True,True,True
3D-MR-MS,patient26,DiceCE,raw,1,3,5.630449302650232,13,4,3,3,True,True,True
3D-MR-MS,patient26,DiceCE,raw,1,5,5.630449302650232,15,6,5,5,True,True,True
3D-MR-MS,patient26,DiceCE,raw,2,1,5.630449302650232,6,1,0,0,True,True,True
3D-MR-MS,patient26,DiceCE,raw,2,2,5.630449302650232,12,4,3,3,True,True,True
3D-MR-MS,patient26,DiceCE,raw,2,3,5.630449302650232,13,4,3,3,True,True,True
3D-MR-MS,patient26,DiceCE,raw,2,5,5.630449302650232,15,6,5,5,True,True,True
3D-MR-MS,patient26,DiceCE,raw,3,1,5.630449302650232,6,1,0,0,True,True,True
3D-MR-MS,patient26,DiceCE,raw,3,2,5.630449302650232,12,4,3,3,True,True,True
3D-MR-MS,patient26,DiceCE,raw,3,3,5.630449302650232,13,4,3,3,True,True,True
3D-MR-MS,patient26,DiceCE,raw,3,5,5.630449302650232,15,6,5,5,True,True,True
3D-MR-MS,patient26,DiceCE,raw,4,1,5.630449302650232,6,1,0,0,True,True,True
3D-MR-MS,patient26,DiceCE,raw,4,2,5.630449302650232,12,4,3,3,True,True,True
3D-MR-MS,patient26,DiceCE,raw,4,3,5.630449302650232,13,4,3,3,True,True,True
3D-MR-MS,patient26,DiceCE,raw,4,5,5.630449302650232,15,6,5,5,True,True,True
3D-MR-MS,patient26,DiceCE,pp5,0,1,5.630449302650232,6,1,0,0,True,True,True
3D-MR-MS,patient26,DiceCE,pp5,0,2,5.630449302650232,12,4,3,3,True,True,True
3D-MR-MS,patient26,DiceCE,pp5,0,3,5.630449302650232,13,4,3,3,True,True,True
3D-MR-MS,patient26,DiceCE,pp5,0,5,5.630449302650232,15,6,5,5,True,True,True
3D-MR-MS,patient26,DiceCE,pp5,1,1,5.630449302650232,6,1,0,0,True,True,True
3D-MR-MS,patient26,DiceCE,pp5,1,2,5.630449302650232,12,4,3,3,True,True,True
3D-MR-MS,patient26,DiceCE,pp5,1,3,5.630449302650232,13,4,3,3,True,True,True
3D-MR-MS,patient26,DiceCE,pp5,1,5,5.630449302650232,15,6,5,5,True,True,True
3D-MR-MS,patient26,DiceCE,pp5,2,1,5.630449302650232,6,1,0,0,True,True,True
3D-MR-MS,patient26,DiceCE,pp5,2,2,5.630449302650232,12,4,3,3,True,True,True
3D-MR-MS,patient26,DiceCE,pp5,2,3,5.630449302650232,13,4,3,3,True,True,True
3D-MR-MS,patient26,DiceCE,pp5,2,5,5.630449302650232,15,6,5,5,True,True,True
3D-MR-MS,patient26,DiceCE,pp5,3,1,5.630449302650232,6,1,0,0,True,True,True
3D-MR-MS,patient26,DiceCE,pp5,3,2,5.630449302650232,12,4,3,3,True,True,True
3D-MR-MS,patient26,DiceCE,pp5,3,3,5.630449302650232,13,4,3,3,True,True,True
3D-MR-MS,patient26,DiceCE,pp5,3,5,5.630449302650232,15,6,5,5,True,True,True
3D-MR-MS,patient26,DiceCE,pp5,4,1,5.630449302650232,6,1,0,0,True,True,True
3D-MR-MS,patient26,DiceCE,pp5,4,2,5.630449302650232,12,4,3,3,True,True,True
3D-MR-MS,patient26,DiceCE,pp5,4,3,5.630449302650232,13,4,3,3,True,True,True
3D-MR-MS,patient26,DiceCE,pp5,4,5,5.630449302650232,15,6,5,5,True,True,True
3D-MR-MS,patient26,Tversky,raw,0,1,5.630449302650232,6,1,0,0,True,True,True
3D-MR-MS,patient26,Tversky,raw,0,2,5.630449302650232,12,4,3,3,True,True,True
3D-MR-MS,patient26,Tversky,raw,0,3,5.630449302650232,13,4,4,3,True,True,True
3D-MR-MS,patient26,Tversky,raw,0,5,5.630449302650232,15,6,6,5,True,True,True
3D-MR-MS,patient26,Tversky,raw,1,1,5.630449302650232,6,1,0,0,True,True,True
3D-MR-MS,patient26,Tversky,raw,1,2,5.630449302650232,12,4,3,3,True,True,True
3D-MR-MS,patient26,Tversky,raw,1,3,5.630449302650232,13,4,3,3,True,True,True
3D-MR-MS,patient26,Tversky,raw,1,5,5.630449302650232,15,6,5,5,True,True,True
3D-MR-MS,patient26,Tversky,raw,2,1,5.630449302650232,6,1,0,0,True,True,True
3D-MR-MS,patient26,Tversky,raw,2,2,5.630449302650232,12,4,3,3,True,True,True
3D-MR-MS,patient26,Tversky,raw,2,3,5.630449302650232,13,4,4,3,True,True,True
3D-MR-MS,patient26,Tversky,raw,2,5,5.630449302650232,15,6,6,5,True,True,True
3D-MR-MS,patient26,Tversky,raw,3,1,5.630449302650232,6,1,0,0,True,True,True
3D-MR-MS,patient26,Tversky,raw,3,2,5.630449302650232,12,4,3,3,True,True,True
3D-MR-MS,patient26,Tversky,raw,3,3,5.630449302650232,13,4,3,3,True,True,True
3D-MR-MS,patient26,Tversky,raw,3,5,5.630449302650232,15,6,5,5,True,True,True
3D-MR-MS,patient26,Tversky,raw,4,1,5.630449302650232,6,1,0,0,True,True,True
3D-MR-MS,patient26,Tversky,raw,4,2,5.630449302650232,12,4,3,3,True,True,True
3D-MR-MS,patient26,Tversky,raw,4,3,5.630449302650232,13,4,3,3,True,True,True
3D-MR-MS,patient26,Tversky,raw,4,5,5.630449302650232,15,6,5,5,True,True,True
3D-MR-MS,patient26,Tversky,pp5,0,1,5.630449302650232,6,1,0,0,True,True,True
3D-MR-MS,patient26,Tversky,pp5,0,2,5.630449302650232,12,4,3,3,True,True,True
3D-MR-MS,patient26,Tversky,pp5,0,3,5.630449302650232,13,4,4,3,True,True,True
3D-MR-MS,patient26,Tversky,pp5,0,5,5.630449302650232,15,6,6,5,True,True,True
3D-MR-MS,patient26,Tversky,pp5,1,1,5.630449302650232,6,1,0,0,True,True,True
3D-MR-MS,patient26,Tversky,pp5,1,2,5.630449302650232,12,4,3,3,True,True,True
3D-MR-MS,patient26,Tversky,pp5,1,3,5.630449302650232,13,4,3,3,True,True,True
3D-MR-MS,patient26,Tversky,pp5,1,5,5.630449302650232,15,6,5,5,True,True,True
3D-MR-MS,patient26,Tversky,pp5,2,1,5.630449302650232,6,1,0,0,True,True,True
3D-MR-MS,patient26,Tversky,pp5,2,2,5.630449302650232,12,4,3,3,True,True,True
3D-MR-MS,patient26,Tversky,pp5,2,3,5.630449302650232,13,4,4,3,True,True,True
3D-MR-MS,patient26,Tversky,pp5,2,5,5.630449302650232,15,6,6,5,True,True,True
3D-MR-MS,patient26,Tversky,pp5,3,1,5.630449302650232,6,1,0,0,True,True,True
3D-MR-MS,patient26,Tversky,pp5,3,2,5.630449302650232,12,4,3,3,True,True,True
3D-MR-MS,patient26,Tversky,pp5,3,3,5.630449302650232,13,4,3,3,True,True,True
3D-MR-MS,patient26,Tversky,pp5,3,5,5.630449302650232,15,6,5,5,True,True,True
3D-MR-MS,patient26,Tversky,pp5,4,1,5.630449302650232,6,1,0,0,True,True,True
3D-MR-MS,patient26,Tversky,pp5,4,2,5.630449302650232,12,4,3,3,True,True,True
3D-MR-MS,patient26,Tversky,pp5,4,3,5.630449302650232,13,4,3,3,True,True,True
3D-MR-MS,patient26,Tversky,pp5,4,5,5.630449302650232,15,6,5,5,True,True,True
3D-MR-MS,patient26,FocalTversky,raw,0,1,5.630449302650232,6,1,0,0,True,True,True
3D-MR-MS,patient26,FocalTversky,raw,0,2,5.630449302650232,12,4,3,3,True,True,True
3D-MR-MS,patient26,FocalTversky,raw,0,3,5.630449302650232,13,4,4,3,True,True,True
3D-MR-MS,patient26,FocalTversky,raw,0,5,5.630449302650232,15,6,6,5,True,True,True
3D-MR-MS,patient26,FocalTversky,raw,1,1,5.630449302650232,6,1,0,0,True,True,True
3D-MR-MS,patient26,FocalTversky,raw,1,2,5.630449302650232,12,4,3,3,True,True,True
3D-MR-MS,patient26,FocalTversky,raw,1,3,5.630449302650232,13,4,4,3,True,True,True
3D-MR-MS,patient26,FocalTversky,raw,1,5,5.630449302650232,15,6,6,5,True,True,True
3D-MR-MS,patient26,FocalTversky,raw,2,1,5.630449302650232,6,1,0,0,True,True,True
3D-MR-MS,patient26,FocalTversky,raw,2,2,5.630449302650232,12,4,3,3,True,True,True
3D-MR-MS,patient26,FocalTversky,raw,2,3,5.630449302650232,13,4,4,3,True,True,True
3D-MR-MS,patient26,FocalTversky,raw,2,5,5.630449302650232,15,6,6,5,True,True,True
3D-MR-MS,patient26,FocalTversky,raw,3,1,5.630449302650232,6,1,0,0,True,True,True
3D-MR-MS,patient26,FocalTversky,raw,3,2,5.630449302650232,12,4,3,3,True,True,True
3D-MR-MS,patient26,FocalTversky,raw,3,3,5.630449302650232,13,4,3,3,True,True,True
3D-MR-MS,patient26,FocalTversky,raw,3,5,5.630449302650232,15,6,5,5,True,True,True
3D-MR-MS,patient26,FocalTversky,raw,4,1,5.630449302650232,6,1,0,0,True,True,True
3D-MR-MS,patient26,FocalTversky,raw,4,2,5.630449302650232,12,4,3,3,True,True,True
3D-MR-MS,patient26,FocalTversky,raw,4,3,5.630449302650232,13,4,3,3,True,True,True
3D-MR-MS,patient26,FocalTversky,raw,4,5,5.630449302650232,15,6,5,5,True,True,True
3D-MR-MS,patient26,FocalTversky,pp5,0,1,5.630449302650232,6,1,0,0,True,True,True
3D-MR-MS,patient26,FocalTversky,pp5,0,2,5.630449302650232,12,4,3,3,True,True,True
3D-MR-MS,patient26,FocalTversky,pp5,0,3,5.630449302650232,13,4,4,3,True,True,True
3D-MR-MS,patient26,FocalTversky,pp5,0,5,5.630449302650232,15,6,6,5,True,True,True
3D-MR-MS,patient26,FocalTversky,pp5,1,1,5.630449302650232,6,1,0,0,True,True,True
3D-MR-MS,patient26,FocalTversky,pp5,1,2,5.630449302650232,12,4,3,3,True,True,True
3D-MR-MS,patient26,FocalTversky,pp5,1,3,5.630449302650232,13,4,4,3,True,True,True
3D-MR-MS,patient26,FocalTversky,pp5,1,5,5.630449302650232,15,6,6,5,True,True,True
3D-MR-MS,patient26,FocalTversky,pp5,2,1,5.630449302650232,6,1,0,0,True,True,True
3D-MR-MS,patient26,FocalTversky,pp5,2,2,5.630449302650232,12,4,3,3,True,True,True
3D-MR-MS,patient26,FocalTversky,pp5,2,3,5.630449302650232,13,4,4,3,True,True,True
3D-MR-MS,patient26,FocalTversky,pp5,2,5,5.630449302650232,15,6,6,5,True,True,True
3D-MR-MS,patient26,FocalTversky,pp5,3,1,5.630449302650232,6,1,0,0,True,True,True
3D-MR-MS,patient26,FocalTversky,pp5,3,2,5.630449302650232,12,4,3,3,True,True,True
3D-MR-MS,patient26,FocalTversky,pp5,3,3,5.630449302650232,13,4,3,3,True,True,True
3D-MR-MS,patient26,FocalTversky,pp5,3,5,5.630449302650232,15,6,5,5,True,True,True
3D-MR-MS,patient26,FocalTversky,pp5,4,1,5.630449302650232,6,1,0,0,True,True,True
3D-MR-MS,patient26,FocalTversky,pp5,4,2,5.630449302650232,12,4,3,3,True,True,True
3D-MR-MS,patient26,FocalTversky,pp5,4,3,5.630449302650232,13,4,3,3,True,True,True
3D-MR-MS,patient26,FocalTversky,pp5,4,5,5.630449302650232,15,6,5,5,True,True,True
3D-MR-MS,patient29,CATMIL,raw,0,1,7.0127930732487584,1,1,1,1,True,True,False
3D-MR-MS,patient29,CATMIL,raw,0,2,7.0127930732487584,1,1,1,1,True,True,False
3D-MR-MS,patient29,CATMIL,raw,0,3,7.0127930732487584,1,1,1,1,True,True,False
3D-MR-MS,patient29,CATMIL,raw,0,5,7.0127930732487584,1,1,1,1,True,True,False
3D-MR-MS,patient29,CATMIL,raw,1,1,7.0127930732487584,1,1,1,1,True,True,False
3D-MR-MS,patient29,CATMIL,raw,1,2,7.0127930732487584,1,1,1,1,True,True,False
3D-MR-MS,patient29,CATMIL,raw,1,3,7.0127930732487584,1,1,1,1,True,True,False
3D-MR-MS,patient29,CATMIL,raw,1,5,7.0127930732487584,1,1,1,1,True,True,False
3D-MR-MS,patient29,CATMIL,raw,2,1,7.0127930732487584,1,1,1,1,True,True,False
3D-MR-MS,patient29,CATMIL,raw,2,2,7.0127930732487584,1,1,1,1,True,True,False
3D-MR-MS,patient29,CATMIL,raw,2,3,7.0127930732487584,1,1,1,1,True,True,False
3D-MR-MS,patient29,CATMIL,raw,2,5,7.0127930732487584,1,1,1,1,True,True,False
3D-MR-MS,patient29,CATMIL,raw,3,1,7.0127930732487584,1,1,1,1,True,True,False
3D-MR-MS,patient29,CATMIL,raw,3,2,7.0127930732487584,1,1,1,1,True,True,False
3D-MR-MS,patient29,CATMIL,raw,3,3,7.0127930732487584,1,1,1,1,True,True,False
3D-MR-MS,patient29,CATMIL,raw,3,5,7.0127930732487584,1,1,1,1,True,True,False
3D-MR-MS,patient29,CATMIL,raw,4,1,7.0127930732487584,1,1,1,1,True,True,False
3D-MR-MS,patient29,CATMIL,raw,4,2,7.0127930732487584,1,1,1,1,True,True,False
3D-MR-MS,patient29,CATMIL,raw,4,3,7.0127930732487584,1,1,1,1,True,True,False
3D-MR-MS,patient29,CATMIL,raw,4,5,7.0127930732487584,1,1,1,1,True,True,False
3D-MR-MS,patient29,CATMIL,pp5,0,1,7.0127930732487584,1,1,1,1,True,True,False
3D-MR-MS,patient29,CATMIL,pp5,0,2,7.0127930732487584,1,1,1,1,True,True,False
3D-MR-MS,patient29,CATMIL,pp5,0,3,7.0127930732487584,1,1,1,1,True,True,False
3D-MR-MS,patient29,CATMIL,pp5,0,5,7.0127930732487584,1,1,1,1,True,True,False
3D-MR-MS,patient29,CATMIL,pp5,1,1,7.0127930732487584,1,1,1,1,True,True,False
3D-MR-MS,patient29,CATMIL,pp5,1,2,7.0127930732487584,1,1,1,1,True,True,False
3D-MR-MS,patient29,CATMIL,pp5,1,3,7.0127930732487584,1,1,1,1,True,True,False
3D-MR-MS,patient29,CATMIL,pp5,1,5,7.0127930732487584,1,1,1,1,True,True,False
3D-MR-MS,patient29,CATMIL,pp5,2,1,7.0127930732487584,1,1,1,1,True,True,False
3D-MR-MS,patient29,CATMIL,pp5,2,2,7.0127930732487584,1,1,1,1,True,True,False
3D-MR-MS,patient29,CATMIL,pp5,2,3,7.0127930732487584,1,1,1,1,True,True,False
3D-MR-MS,patient29,CATMIL,pp5,2,5,7.0127930732487584,1,1,1,1,True,True,False
3D-MR-MS,patient29,CATMIL,pp5,3,1,7.0127930732487584,1,1,1,1,True,True,False
3D-MR-MS,patient29,CATMIL,pp5,3,2,7.0127930732487584,1,1,1,1,True,True,False
3D-MR-MS,patient29,CATMIL,pp5,3,3,7.0127930732487584,1,1,1,1,True,True,False
3D-MR-MS,patient29,CATMIL,pp5,3,5,7.0127930732487584,1,1,1,1,True,True,False
3D-MR-MS,patient29,CATMIL,pp5,4,1,7.0127930732487584,1,1,1,1,True,True,False
3D-MR-MS,patient29,CATMIL,pp5,4,2,7.0127930732487584,1,1,1,1,True,True,False
3D-MR-MS,patient29,CATMIL,pp5,4,3,7.0127930732487584,1,1,1,1,True,True,False
3D-MR-MS,patient29,CATMIL,pp5,4,5,7.0127930732487584,1,1,1,1,True,True,False
3D-MR-MS,patient29,DiceCE,raw,0,1,7.0127930732487584,1,1,1,1,True,True,False
3D-MR-MS,patient29,DiceCE,raw,0,2,7.0127930732487584,1,1,1,1,True,True,False
3D-MR-MS,patient29,DiceCE,raw,0,3,7.0127930732487584,1,1,1,1,True,True,False
3D-MR-MS,patient29,DiceCE,raw,0,5,7.0127930732487584,1,1,1,1,True,True,False
3D-MR-MS,patient29,DiceCE,raw,1,1,7.0127930732487584,1,1,1,1,True,True,False
3D-MR-MS,patient29,DiceCE,raw,1,2,7.0127930732487584,1,1,1,1,True,True,False
3D-MR-MS,patient29,DiceCE,raw,1,3,7.0127930732487584,1,1,1,1,True,True,False
3D-MR-MS,patient29,DiceCE,raw,1,5,7.0127930732487584,1,1,1,1,True,True,False
3D-MR-MS,patient29,DiceCE,raw,2,1,7.0127930732487584,1,1,1,1,True,True,False
3D-MR-MS,patient29,DiceCE,raw,2,2,7.0127930732487584,1,1,1,1,True,True,False
3D-MR-MS,patient29,DiceCE,raw,2,3,7.0127930732487584,1,1,1,1,True,True,False
3D-MR-MS,patient29,DiceCE,raw,2,5,7.0127930732487584,1,1,1,1,True,True,False
3D-MR-MS,patient29,DiceCE,raw,3,1,7.0127930732487584,1,1,1,1,True,True,False
3D-MR-MS,patient29,DiceCE,raw,3,2,7.0127930732487584,1,1,1,1,True,True,False
3D-MR-MS,patient29,DiceCE,raw,3,3,7.0127930732487584,1,1,1,1,True,True,False
3D-MR-MS,patient29,DiceCE,raw,3,5,7.0127930732487584,1,1,1,1,True,True,False
3D-MR-MS,patient29,DiceCE,raw,4,1,7.0127930732487584,1,1,1,1,True,True,False
3D-MR-MS,patient29,DiceCE,raw,4,2,7.0127930732487584,1,1,1,1,True,True,False
3D-MR-MS,patient29,DiceCE,raw,4,3,7.0127930732487584,1,1,1,1,True,True,False
3D-MR-MS,patient29,DiceCE,raw,4,5,7.0127930732487584,1,1,1,1,True,True,False
3D-MR-MS,patient29,DiceCE,pp5,0,1,7.0127930732487584,1,1,1,1,True,True,False
3D-MR-MS,patient29,DiceCE,pp5,0,2,7.0127930732487584,1,1,1,1,True,True,False
3D-MR-MS,patient29,DiceCE,pp5,0,3,7.0127930732487584,1,1,1,1,True,True,False
3D-MR-MS,patient29,DiceCE,pp5,0,5,7.0127930732487584,1,1,1,1,True,True,False
3D-MR-MS,patient29,DiceCE,pp5,1,1,7.0127930732487584,1,1,1,1,True,True,False
3D-MR-MS,patient29,DiceCE,pp5,1,2,7.0127930732487584,1,1,1,1,True,True,False
3D-MR-MS,patient29,DiceCE,pp5,1,3,7.0127930732487584,1,1,1,1,True,True,False
3D-MR-MS,patient29,DiceCE,pp5,1,5,7.0127930732487584,1,1,1,1,True,True,False
3D-MR-MS,patient29,DiceCE,pp5,2,1,7.0127930732487584,1,1,1,1,True,True,False
3D-MR-MS,patient29,DiceCE,pp5,2,2,7.0127930732487584,1,1,1,1,True,True,False
3D-MR-MS,patient29,DiceCE,pp5,2,3,7.0127930732487584,1,1,1,1,True,True,False
3D-MR-MS,patient29,DiceCE,pp5,2,5,7.0127930732487584,1,1,1,1,True,True,False
3D-MR-MS,patient29,DiceCE,pp5,3,1,7.0127930732487584,1,1,1,1,True,True,False
3D-MR-MS,patient29,DiceCE,pp5,3,2,7.0127930732487584,1,1,1,1,True,True,False
3D-MR-MS,patient29,DiceCE,pp5,3,3,7.0127930732487584,1,1,1,1,True,True,False
3D-MR-MS,patient29,DiceCE,pp5,3,5,7.0127930732487584,1,1,1,1,True,True,False
3D-MR-MS,patient29,DiceCE,pp5,4,1,7.0127930732487584,1,1,1,1,True,True,False
3D-MR-MS,patient29,DiceCE,pp5,4,2,7.0127930732487584,1,1,1,1,True,True,False
3D-MR-MS,patient29,DiceCE,pp5,4,3,7.0127930732487584,1,1,1,1,True,True,False
3D-MR-MS,patient29,DiceCE,pp5,4,5,7.0127930732487584,1,1,1,1,True,True,False
3D-MR-MS,patient29,Tversky,raw,0,1,7.0127930732487584,1,1,1,1,True,True,False
3D-MR-MS,patient29,Tversky,raw,0,2,7.0127930732487584,1,1,1,1,True,True,False
3D-MR-MS,patient29,Tversky,raw,0,3,7.0127930732487584,1,1,1,1,True,True,False
3D-MR-MS,patient29,Tversky,raw,0,5,7.0127930732487584,1,1,1,1,True,True,False
3D-MR-MS,patient29,Tversky,raw,1,1,7.0127930732487584,1,1,1,1,True,True,False
3D-MR-MS,patient29,Tversky,raw,1,2,7.0127930732487584,1,1,1,1,True,True,False
3D-MR-MS,patient29,Tversky,raw,1,3,7.0127930732487584,1,1,1,1,True,True,False
3D-MR-MS,patient29,Tversky,raw,1,5,7.0127930732487584,1,1,1,1,True,True,False
3D-MR-MS,patient29,Tversky,raw,2,1,7.0127930732487584,1,1,1,1,True,True,False
3D-MR-MS,patient29,Tversky,raw,2,2,7.0127930732487584,1,1,1,1,True,True,False
3D-MR-MS,patient29,Tversky,raw,2,3,7.0127930732487584,1,1,1,1,True,True,False
3D-MR-MS,patient29,Tversky,raw,2,5,7.0127930732487584,1,1,1,1,True,True,False
3D-MR-MS,patient29,Tversky,raw,3,1,7.0127930732487584,1,1,1,1,True,True,False
3D-MR-MS,patient29,Tversky,raw,3,2,7.0127930732487584,1,1,1,1,True,True,False
3D-MR-MS,patient29,Tversky,raw,3,3,7.0127930732487584,1,1,1,1,True,True,False
3D-MR-MS,patient29,Tversky,raw,3,5,7.0127930732487584,1,1,1,1,True,True,False
3D-MR-MS,patient29,Tversky,raw,4,1,7.0127930732487584,1,1,1,1,True,True,False
3D-MR-MS,patient29,Tversky,raw,4,2,7.0127930732487584,1,1,1,1,True,True,False
3D-MR-MS,patient29,Tversky,raw,4,3,7.0127930732487584,1,1,1,1,True,True,False
3D-MR-MS,patient29,Tversky,raw,4,5,7.0127930732487584,1,1,1,1,True,True,False
3D-MR-MS,patient29,Tversky,pp5,0,1,7.0127930732487584,1,1,1,1,True,True,False
3D-MR-MS,patient29,Tversky,pp5,0,2,7.0127930732487584,1,1,1,1,True,True,False
3D-MR-MS,patient29,Tversky,pp5,0,3,7.0127930732487584,1,1,1,1,True,True,False
3D-MR-MS,patient29,Tversky,pp5,0,5,7.0127930732487584,1,1,1,1,True,True,False
3D-MR-MS,patient29,Tversky,pp5,1,1,7.0127930732487584,1,1,1,1,True,True,False
3D-MR-MS,patient29,Tversky,pp5,1,2,7.0127930732487584,1,1,1,1,True,True,False
3D-MR-MS,patient29,Tversky,pp5,1,3,7.0127930732487584,1,1,1,1,True,True,False
3D-MR-MS,patient29,Tversky,pp5,1,5,7.0127930732487584,1,1,1,1,True,True,False
3D-MR-MS,patient29,Tversky,pp5,2,1,7.0127930732487584,1,1,1,1,True,True,False
3D-MR-MS,patient29,Tversky,pp5,2,2,7.0127930732487584,1,1,1,1,True,True,False
3D-MR-MS,patient29,Tversky,pp5,2,3,7.0127930732487584,1,1,1,1,True,True,False
3D-MR-MS,patient29,Tversky,pp5,2,5,7.0127930732487584,1,1,1,1,True,True,False
3D-MR-MS,patient29,Tversky,pp5,3,1,7.0127930732487584,1,1,1,1,True,True,False
3D-MR-MS,patient29,Tversky,pp5,3,2,7.0127930732487584,1,1,1,1,True,True,False
3D-MR-MS,patient29,Tversky,pp5,3,3,7.0127930732487584,1,1,1,1,True,True,False
3D-MR-MS,patient29,Tversky,pp5,3,5,7.0127930732487584,1,1,1,1,True,True,False
3D-MR-MS,patient29,Tversky,pp5,4,1,7.0127930732487584,1,1,1,1,True,True,False
3D-MR-MS,patient29,Tversky,pp5,4,2,7.0127930732487584,1,1,1,1,True,True,False
3D-MR-MS,patient29,Tversky,pp5,4,3,7.0127930732487584,1,1,1,1,True,True,False
3D-MR-MS,patient29,Tversky,pp5,4,5,7.0127930732487584,1,1,1,1,True,True,False
3D-MR-MS,patient29,FocalTversky,raw,0,1,7.0127930732487584,1,1,1,1,True,True,False
3D-MR-MS,patient29,FocalTversky,raw,0,2,7.0127930732487584,1,1,1,1,True,True,False
3D-MR-MS,patient29,FocalTversky,raw,0,3,7.0127930732487584,1,1,1,1,True,True,False
3D-MR-MS,patient29,FocalTversky,raw,0,5,7.0127930732487584,1,1,1,1,True,True,False
3D-MR-MS,patient29,FocalTversky,raw,1,1,7.0127930732487584,1,1,1,1,True,True,False
3D-MR-MS,patient29,FocalTversky,raw,1,2,7.0127930732487584,1,1,1,1,True,True,False
3D-MR-MS,patient29,FocalTversky,raw,1,3,7.0127930732487584,1,1,1,1,True,True,False
3D-MR-MS,patient29,FocalTversky,raw,1,5,7.0127930732487584,1,1,1,1,True,True,False
3D-MR-MS,patient29,FocalTversky,raw,2,1,7.0127930732487584,1,1,1,1,True,True,False
3D-MR-MS,patient29,FocalTversky,raw,2,2,7.0127930732487584,1,1,1,1,True,True,False
3D-MR-MS,patient29,FocalTversky,raw,2,3,7.0127930732487584,1,1,1,1,True,True,False
3D-MR-MS,patient29,FocalTversky,raw,2,5,7.0127930732487584,1,1,1,1,True,True,False
3D-MR-MS,patient29,FocalTversky,raw,3,1,7.0127930732487584,1,1,1,1,True,True,False
3D-MR-MS,patient29,FocalTversky,raw,3,2,7.0127930732487584,1,1,1,1,True,True,False
3D-MR-MS,patient29,FocalTversky,raw,3,3,7.0127930732487584,1,1,1,1,True,True,False
3D-MR-MS,patient29,FocalTversky,raw,3,5,7.0127930732487584,1,1,1,1,True,True,False
3D-MR-MS,patient29,FocalTversky,raw,4,1,7.0127930732487584,1,1,1,1,True,True,False
3D-MR-MS,patient29,FocalTversky,raw,4,2,7.0127930732487584,1,1,1,1,True,True,False
3D-MR-MS,patient29,FocalTversky,raw,4,3,7.0127930732487584,1,1,1,1,True,True,False
3D-MR-MS,patient29,FocalTversky,raw,4,5,7.0127930732487584,1,1,1,1,True,True,False
3D-MR-MS,patient29,FocalTversky,pp5,0,1,7.0127930732487584,1,1,1,1,True,True,False
3D-MR-MS,patient29,FocalTversky,pp5,0,2,7.0127930732487584,1,1,1,1,True,True,False
3D-MR-MS,patient29,FocalTversky,pp5,0,3,7.0127930732487584,1,1,1,1,True,True,False
3D-MR-MS,patient29,FocalTversky,pp5,0,5,7.0127930732487584,1,1,1,1,True,True,False
3D-MR-MS,patient29,FocalTversky,pp5,1,1,7.0127930732487584,1,1,1,1,True,True,False
3D-MR-MS,patient29,FocalTversky,pp5,1,2,7.0127930732487584,1,1,1,1,True,True,False
3D-MR-MS,patient29,FocalTversky,pp5,1,3,7.0127930732487584,1,1,1,1,True,True,False
3D-MR-MS,patient29,FocalTversky,pp5,1,5,7.0127930732487584,1,1,1,1,True,True,False
3D-MR-MS,patient29,FocalTversky,pp5,2,1,7.0127930732487584,1,1,1,1,True,True,False
3D-MR-MS,patient29,FocalTversky,pp5,2,2,7.0127930732487584,1,1,1,1,True,True,False
3D-MR-MS,patient29,FocalTversky,pp5,2,3,7.0127930732487584,1,1,1,1,True,True,False
3D-MR-MS,patient29,FocalTversky,pp5,2,5,7.0127930732487584,1,1,1,1,True,True,False
3D-MR-MS,patient29,FocalTversky,pp5,3,1,7.0127930732487584,1,1,1,1,True,True,False
3D-MR-MS,patient29,FocalTversky,pp5,3,2,7.0127930732487584,1,1,1,1,True,True,False
3D-MR-MS,patient29,FocalTversky,pp5,3,3,7.0127930732487584,1,1,1,1,True,True,False
3D-MR-MS,patient29,FocalTversky,pp5,3,5,7.0127930732487584,1,1,1,1,True,True,False
3D-MR-MS,patient29,FocalTversky,pp5,4,1,7.0127930732487584,1,1,1,1,True,True,False
3D-MR-MS,patient29,FocalTversky,pp5,4,2,7.0127930732487584,1,1,1,1,True,True,False
3D-MR-MS,patient29,FocalTversky,pp5,4,3,7.0127930732487584,1,1,1,1,True,True,False
3D-MR-MS,patient29,FocalTversky,pp5,4,5,7.0127930732487584,1,1,1,1,True,True,False
