dataset,model,t,s,recall,small_recall,precision,f1,n_pred
3D-MR-MS,CATMIL,0.1,1,0.7600290199432049,0.6843506573012791,0.24413048405661444,0.3619596545255602,373.9
3D-MR-MS,CATMIL,0.1,2,0.7322035671887911,0.649943694397176,0.33885647968362587,0.4563098528830828,183.96666666666667
3D-MR-MS,CATMIL,0.1,3,0.7197220147436105,0.6383167040232685,0.4015157658112346,0.5097570538385884,127.8
3D-MR-MS,CATMIL,0.1,4,0.7118472091420489,0.6272967813351924,0.45053426893716464,0.5474292148504167,102.8
3D-MR-MS,CATMIL,0.1,5,0.7053565114004987,0.6177753789591959,0.4845590073493983,0.5706764568543157,88.86666666666666
3D-MR-MS,CATMIL,0.1,7,0.6898872669473942,0.5984799319668397,0.5299390826211654,0.5958503774355689,75.83333333333333
3D-MR-MS,CATMIL,0.1,10,0.6762365274214558,0.5856373819227364,0.5956935255087233,0.6302408702392129,65.43333333333332
3D-MR-MS,CATMIL,0.1,15,0.6675180957432605,0.577045380150276,0.6589011911079821,0.6605707269054667,58.13333333333334
3D-MR-MS,CATMIL,0.1,20,0.6589335328736329,0.5683802643864564,0.7029684995619697,0.6779099916117883,53.7
3D-MR-MS,CATMIL,0.1,30,0.6354219212880272,0.5383614986285921,0.7490917916513621,0.6848334618301737,48.63333333333333
3D-MR-MS,CATMIL,0.1,50,0.5758594124927383,0.461892826116471,0.7979910241844268,0.6656036524114423,41.5
3D-MR-MS,CATMIL,0.1,60,0.5387942606003528,0.4123653933770951,0.7989058476350998,0.6397200898459425,38.53333333333333
3D-MR-MS,CATMIL,0.1,85,0.4706964876577288,0.3207596592011767,0.8093920387711044,0.592676990090326,33.43333333333334
3D-MR-MS,CATMIL,0.1,100,0.4437949010778063,0.28732164409028554,0.8061255817783796,0.5699495694369603,30.733333333333338
3D-MR-MS,CATMIL,0.1,170,0.31429735112958573,0.11800373316141799,0.8189180028622364,0.44980267110968875,21.266666666666666
3D-MR-MS,CATMIL,0.2,1,0.7384640989835353,0.6595911180410314,0.28310583797845357,0.4022283875068712,300.7
3D-MR-MS,CATMIL,0.2,2,0.7183111601843131,0.6347298622095285,0.3819786959020588,0.4924507804025115,154.0
3D-MR-MS,CATMIL,0.2,3,0.711148276845026,0.629131452759516,0.449463080097715,0.544778936259686,111.46666666666667
3D-MR-MS,CATMIL,0.2,4,0.6921182032713062,0.604643113266716,0.49794209014411556,0.5737283530134631,92.8
3D-MR-MS,CATMIL,0.2,5,0.679904388443261,0.5897326400081294,0.5255436665446235,0.5886213733491668,81.5
3D-MR-MS,CATMIL,0.2,7,0.6717427211090543,0.5827428491467952,0.5838770753592433,0.6214869740972605,69.83333333333333
3D-MR-MS,CATMIL,0.2,10,0.6593574658021123,0.5684864121087031,0.6356077243471984,0.6441274786760474,61.833333333333336
3D-MR-MS,CATMIL,0.2,15,0.6486857583072632,0.5553093101647438,0.6938087626123688,0.6683098548098891,55.733333333333334
3D-MR-MS,CATMIL,0.2,20,0.6379495069225689,0.5412369408066526,0.7294167389988641,0.6781010691060503,52.233333333333334
3D-MR-MS,CATMIL,0.2,30,0.6152181051249022,0.5132638758744651,0.7770814765785939,0.6832412377338104,47.13333333333333
3D-MR-MS,CATMIL,0.2,50,0.5506713737249086,0.4280402151940169,0.806978558993122,0.6504050409192553,40.233333333333334
3D-MR-MS,CATMIL,0.2,60,0.5123051054171763,0.37749078578799944,0.8130613243070389,0.6242033399304067,37.13333333333333
3D-MR-MS,CATMIL,0.2,85,0.4463542399607414,0.290191955461935,0.8199144174289617,0.5758316377858925,31.96666666666666
3D-MR-MS,CATMIL,0.2,100,0.42417130336259684,0.26195611161502963,0.8248362495301104,0.5579666322917481,29.23333333333333
3D-MR-MS,CATMIL,0.2,170,0.2870886511003583,0.08662609498155491,0.8446226483040323,0.4237247164115079,20.033333333333335
3D-MR-MS,CATMIL,0.3,1,0.7160205963115714,0.6340278746050902,0.3057730072453054,0.4203522676490671,263.7
3D-MR-MS,CATMIL,0.3,2,0.7044378772953449,0.6214215998620679,0.4153912790221323,0.5157944748634647,139.63333333333333
3D-MR-MS,CATMIL,0.3,3,0.6917165968456034,0.6068232395545194,0.48178151917754564,0.5624881005975754,103.03333333333333
3D-MR-MS,CATMIL,0.3,4,0.6808436350974427,0.5924779129611999,0.5332692248112811,0.593857435251501,85.33333333333334
3D-MR-MS,CATMIL,0.3,5,0.6735977603134912,0.584258127872023,0.564144162336377,0.6105293108950568,77.03333333333333
3D-MR-MS,CATMIL,0.3,7,0.6638198796984884,0.5758725244483758,0.6135674810072635,0.6346402536035171,67.5
3D-MR-MS,CATMIL,0.3,10,0.6512314306642563,0.5606309475916444,0.665790623451931,0.6556359441953554,60.43333333333332
3D-MR-MS,CATMIL,0.3,15,0.640224600107528,0.5457429799157248,0.7198544632054267,0.6751900097238487,54.8
3D-MR-MS,CATMIL,0.3,20,0.6294911902777327,0.5323159593900004,0.7548040221207749,0.6833526700297493,51.6
3D-MR-MS,CATMIL,0.3,30,0.6032192110761103,0.49893564086354136,0.7870701836401958,0.6787698987192218,46.666666666666664
3D-MR-MS,CATMIL,0.3,50,0.5338838282149262,0.40992600311013494,0.8144387101178496,0.6407267918837831,39.13333333333333
3D-MR-MS,CATMIL,0.3,60,0.49652680804078847,0.35866094281899497,0.8285548371262494,0.6173782713628382,36.43333333333334
3D-MR-MS,CATMIL,0.3,85,0.4319543673345674,0.27376671156122273,0.8243437220296602,0.5649301562248549,31.23333333333333
3D-MR-MS,CATMIL,0.3,100,0.40499040185900836,0.2360616729594008,0.8339820718722596,0.5425973044251252,28.06666666666667
3D-MR-MS,CATMIL,0.3,170,0.2728515589762464,0.07014449550263162,0.8459689229626546,0.4078717831610176,19.366666666666667
3D-MR-MS,CATMIL,0.4,1,0.7046843258027617,0.6216983718851798,0.33455096481346114,0.44451587981097196,237.26666666666665
3D-MR-MS,CATMIL,0.4,2,0.6936698726622572,0.6105015529851547,0.4446694478617923,0.5357252903824371,128.56666666666666
3D-MR-MS,CATMIL,0.4,3,0.6850487755153589,0.5988142839651471,0.5080076483681306,0.5790563186467595,96.76666666666667
3D-MR-MS,CATMIL,0.4,4,0.6739917441554177,0.5870410656085211,0.5588270919429349,0.6079865848788102,81.66666666666667
3D-MR-MS,CATMIL,0.4,5,0.6667054561462382,0.5776182230251601,0.5831884770977723,0.619061835713153,74.46666666666667
3D-MR-MS,CATMIL,0.4,7,0.6610681720593063,0.572208137492285,0.6413716302076062,0.6478149880267443,65.53333333333333
3D-MR-MS,CATMIL,0.4,10,0.6477169233988966,0.5559010437359599,0.6939285902893637,0.6671313454597055,59.43333333333334
3D-MR-MS,CATMIL,0.4,15,0.633961226757885,0.5369835605964063,0.7371080363988114,0.6789296462708578,53.96666666666666
3D-MR-MS,CATMIL,0.4,20,0.6252784272760403,0.5270506775413109,0.7667705054735247,0.6856795480621592,50.9
3D-MR-MS,CATMIL,0.4,30,0.597603216098897,0.49327280481029756,0.7957827894542433,0.6785792063818693,45.9
3D-MR-MS,CATMIL,0.4,50,0.524290017211704,0.3978115861271657,0.8238937988701263,0.6366711597660217,38.233333333333334
3D-MR-MS,CATMIL,0.4,60,0.48402613148009827,0.34202896740022204,0.8369198611260336,0.6107973557746171,35.766666666666666
3D-MR-MS,CATMIL,0.4,85,0.4248127731049986,0.26376869391824526,0.829229060842958,0.5599352254031178,30.7
3D-MR-MS,CATMIL,0.4,100,0.39494000259799306,0.22695236762561105,0.8327476388830555,0.5330551612545038,27.5
3D-MR-MS,CATMIL,0.4,170,0.2665853440717046,0.062461404424987356,0.8587503599099546,0.40231879829784034,18.96666666666667
3D-MR-MS,CATMIL,0.5,1,0.701365389680916,0.6179368494349866,0.3651224927266271,0.4710774137811359,218.1
3D-MR-MS,CATMIL,0.5,2,0.6870424645572406,0.6031727790729733,0.47396239030215054,0.5554072943893168,120.03333333333335
3D-MR-MS,CATMIL,0.5,3,0.6771018034401759,0.5894516117478809,0.5318780498268241,0.591885150537439,92.13333333333333
3D-MR-MS,CATMIL,0.5,4,0.6673026337154548,0.5813006844129266,0.5793379259871732,0.6169476558187973,79.83333333333334
3D-MR-MS,CATMIL,0.5,5,0.6610681720593063,0.5728238925662443,0.6080416157797481,0.6301923912213885,72.7
3D-MR-MS,CATMIL,0.5,7,0.6541113240022083,0.5658296705539188,0.6641369506017715,0.6557548056052707,64.03333333333333
3D-MR-MS,CATMIL,0.5,10,0.6386700891616781,0.5448222667003167,0.7019861405377015,0.6660957687695496,58.1
3D-MR-MS,CATMIL,0.5,15,0.6275322313512811,0.5324071478130354,0.746463258028321,0.6787544842121166,53.266666666666666
3D-MR-MS,CATMIL,0.5,20,0.6182494127453209,0.5203686767600291,0.7717045275197465,0.6829926585574029,49.9
3D-MR-MS,CATMIL,0.5,30,0.5900339453050296,0.48681315285555193,0.7965825662751367,0.6737427492047839,45.0
3D-MR-MS,CATMIL,0.5,50,0.5143137238982887,0.38472010035057735,0.827664522946516,0.6307383365429142,37.9
3D-MR-MS,CATMIL,0.5,60,0.4744727337021041,0.3295292151948499,0.8354945125749023,0.603139230242976,35.2
3D-MR-MS,CATMIL,0.5,85,0.4152545942981269,0.2551484144059051,0.8295586920206727,0.5512278277492779,29.9
3D-MR-MS,CATMIL,0.5,100,0.3844495231600255,0.2168718489477266,0.826289073971853,0.5215258169307073,26.733333333333338
3D-MR-MS,CATMIL,0.5,170,0.2589197761395988,0.055503331276013236,0.8592925447138684,0.3937719553502392,18.5
3D-MR-MS,CATMIL,0.6,1,0.6978537239704551,0.6128418170717588,0.39895179431533034,0.4975042576159943,199.7
3D-MR-MS,CATMIL,0.6,2,0.6812134882747521,0.5943371306298315,0.49673887206119705,0.568279842735059,113.5
3D-MR-MS,CATMIL,0.6,3,0.669487112871973,0.5841059528182371,0.5582009871479652,0.6042570459538191,88.16666666666667
3D-MR-MS,CATMIL,0.6,4,0.6597785571756929,0.5719139906929172,0.5970056619692625,0.6230379134897658,76.6
3D-MR-MS,CATMIL,0.6,5,0.65351518382605,0.562966247456461,0.6306622573651472,0.6379460195921388,69.86666666666666
3D-MR-MS,CATMIL,0.6,7,0.6440126634119587,0.5529276497991406,0.6794596644880861,0.657465392634278,62.5
3D-MR-MS,CATMIL,0.6,10,0.6355571883220212,0.5407304485874039,0.717899428294851,0.6711720321420447,57.266666666666666
3D-MR-MS,CATMIL,0.6,15,0.6258727632903582,0.5300877900967107,0.7531817781879339,0.6798883278997133,53.166666666666664
3D-MR-MS,CATMIL,0.6,20,0.6118232588936159,0.5137583656715734,0.7788539160398438,0.6815498615362253,49.16666666666667
3D-MR-MS,CATMIL,0.6,30,0.5811527331247722,0.475339653553958,0.8038983453433186,0.6705983192945087,44.36666666666666
3D-MR-MS,CATMIL,0.6,50,0.502257908543428,0.3674020878050893,0.836208457188943,0.6244115563729807,37.3
3D-MR-MS,CATMIL,0.6,60,0.46675308601882826,0.3220121173655308,0.8392941235139227,0.5977310942390532,34.96666666666667
3D-MR-MS,CATMIL,0.6,85,0.40388941209582263,0.24449706852708375,0.8320814138404385,0.5415485424206649,29.366666666666667
3D-MR-MS,CATMIL,0.6,100,0.37167416295911404,0.20290600212728563,0.8272124994383413,0.5102196625797941,26.4
3D-MR-MS,CATMIL,0.6,170,0.25079852203062025,0.04782024019836897,0.8577123199396045,0.3842060085365628,17.9
3D-MR-MS,CATMIL,0.7,1,0.6859241548403858,0.6000413629620744,0.4236266258845555,0.5146326291245963,182.5
3D-MR-MS,CATMIL,0.7,2,0.6734938405914764,0.5858095554606023,0.5285659151041109,0.5864910862126327,106.63333333333333
3D-MR-MS,CATMIL,0.7,3,0.6610075071174185,0.5754196474902777,0.5797455766046982,0.613202604653521,83.9
3D-MR-MS,CATMIL,0.7,4,0.6490210166812804,0.559421326663285,0.6181982180446502,0.6289860729005927,73.23333333333333
3D-MR-MS,CATMIL,0.7,5,0.6461354402335306,0.5565189227638722,0.661666711192441,0.6496143613340659,67.3
3D-MR-MS,CATMIL,0.7,7,0.638017027679451,0.5454951852879123,0.6948327090519214,0.6611375646462995,61.033333333333324
3D-MR-MS,CATMIL,0.7,10,0.6303215106607923,0.5367625277883976,0.727944156517724,0.6723728737196607,56.5
3D-MR-MS,CATMIL,0.7,15,0.6235439511865972,0.5285811987596108,0.7625922540293385,0.6819991066540252,52.43333333333334
3D-MR-MS,CATMIL,0.7,20,0.6052517347016096,0.5070119382870603,0.7952042740561971,0.6831836839785081,48.266666666666666
3D-MR-MS,CATMIL,0.7,30,0.573952278115156,0.4670344272112651,0.8134772998213856,0.6686958987162144,43.8
3D-MR-MS,CATMIL,0.7,50,0.48768636991812714,0.3501975943514486,0.8397356664556079,0.6137300336356789,36.7
3D-MR-MS,CATMIL,0.7,60,0.45178278252272347,0.3047852932430778,0.8409641240660104,0.5853472486553032,34.2
3D-MR-MS,CATMIL,0.7,85,0.39370514402623974,0.2325570489867074,0.8409660996067935,0.5335612649253374,28.6
3D-MR-MS,CATMIL,0.7,100,0.3580638366584036,0.1866503913489273,0.8271799997474893,0.49760860200934937,25.9
3D-MR-MS,CATMIL,0.7,170,0.2429402245098994,0.04261938495291069,0.8720744897549609,0.37626987240955045,17.4
3D-MR-MS,CATMIL,0.8,1,0.6762242591209402,0.5887583115315707,0.4569117314510807,0.5366771678855086,165.93333333333334
3D-MR-MS,CATMIL,0.8,2,0.6638930835651682,0.5791992443721468,0.5565111400269915,0.5992946233119424,99.53333333333333
3D-MR-MS,CATMIL,0.8,3,0.6499504757574773,0.5609111595872366,0.6167737259446906,0.6278409248645284,79.1
3D-MR-MS,CATMIL,0.8,4,0.6445809292876808,0.5536554996664143,0.6598033343483524,0.6471780569538932,70.23333333333333
3D-MR-MS,CATMIL,0.8,5,0.6388530311723083,0.546599682989461,0.6892865582952278,0.6587544837476651,65.1
3D-MR-MS,CATMIL,0.8,7,0.6315158657992257,0.5385994147882168,0.7150813503170133,0.6665809708057546,59.466666666666676
3D-MR-MS,CATMIL,0.8,10,0.6257042996784984,0.5331249026521105,0.7384320431608453,0.6734690581183281,55.6
3D-MR-MS,CATMIL,0.8,15,0.6122789450704886,0.5168939297396032,0.7817032055424237,0.6817630362126266,50.93333333333333
3D-MR-MS,CATMIL,0.8,20,0.5998745656480369,0.5001161677873647,0.8021718096235804,0.6820310234495236,47.8
3D-MR-MS,CATMIL,0.8,30,0.5635695973471604,0.45535584557938547,0.8213713329798112,0.6632991167962426,42.833333333333336
3D-MR-MS,CATMIL,0.8,50,0.4721160472979068,0.3334640522875817,0.8453120328971158,0.6020916315084845,35.86666666666667
3D-MR-MS,CATMIL,0.8,60,0.43738769092542673,0.2887123425046498,0.8439417142180063,0.5739133997746132,33.1
3D-MR-MS,CATMIL,0.8,85,0.38499753731908765,0.22471682696272088,0.8419546419428882,0.5256497143464619,27.7
3D-MR-MS,CATMIL,0.8,100,0.3479460519526444,0.17367968775378126,0.8393700095984684,0.4892351332812237,24.9
3D-MR-MS,CATMIL,0.8,170,0.23430478427636872,0.03468354335489772,0.8782436918504599,0.3664131429531901,16.6
3D-MR-MS,CATMIL,0.9,1,0.6650922197324789,0.5774289079295114,0.4935226176249408,0.5593215338383469,143.83333333333334
3D-MR-MS,CATMIL,0.9,2,0.6445278869295692,0.5547346598466921,0.5958930634316316,0.614067647187542,89.23333333333333
3D-MR-MS,CATMIL,0.9,3,0.6415084416732519,0.5516439320301418,0.6543439440461805,0.6429707263448845,73.66666666666666
3D-MR-MS,CATMIL,0.9,4,0.6339467934631609,0.5410657001426797,0.6887099009050099,0.6563048342874367,66.33333333333334
3D-MR-MS,CATMIL,0.9,5,0.6289788534190671,0.5355136428642228,0.7101579661602944,0.6629673492296689,62.56666666666666
3D-MR-MS,CATMIL,0.9,7,0.6211494675918409,0.5298508068109788,0.7348737912953147,0.6692478649012346,58.0
3D-MR-MS,CATMIL,0.9,10,0.6131197295922234,0.5196651732355149,0.7599340823511169,0.6750120482843106,54.2
3D-MR-MS,CATMIL,0.9,15,0.5977747918899317,0.5000427706021451,0.7880711632209265,0.6751801996883726,49.96666666666666
3D-MR-MS,CATMIL,0.9,20,0.5824848360197302,0.4868534496760345,0.8006196485515545,0.6692203955469705,47.03333333333334
3D-MR-MS,CATMIL,0.9,30,0.5413121037609557,0.42839286651324215,0.8337918621131382,0.6507107559576666,41.766666666666666
3D-MR-MS,CATMIL,0.9,50,0.4492633156164641,0.3071655876147664,0.8505087128013313,0.5845206533869385,34.63333333333334
3D-MR-MS,CATMIL,0.9,60,0.41642459325171305,0.2633757041323815,0.8477833195083992,0.5560576659951588,32.266666666666666
3D-MR-MS,CATMIL,0.9,85,0.3645507907641347,0.19745342918612582,0.8522383768031379,0.507467700491827,26.833333333333332
3D-MR-MS,CATMIL,0.9,100,0.3212598371924355,0.14061086581525267,0.8489359776782217,0.4633134062018307,24.1
3D-MR-MS,CATMIL,0.9,170,0.2190832512439696,0.02131500236133704,0.8783978295265689,0.3478933965579461,15.9
3D-MR-MS,DiceCE,0.1,1,0.6733799077712467,0.5719015718092173,0.6418362830704971,0.653288550957256,62.53333333333334
3D-MR-MS,DiceCE,0.1,2,0.6694020917452379,0.5665886217704447,0.6795592322277347,0.6706267063921066,58.333333333333336
3D-MR-MS,DiceCE,0.1,3,0.662983560477309,0.5579486686140409,0.6961795771012521,0.6751292651952339,56.1
3D-MR-MS,DiceCE,0.1,4,0.6627158228601738,0.557572020779766,0.7001964466703388,0.6770674224389686,55.266666666666666
3D-MR-MS,DiceCE,0.1,5,0.6539471903787657,0.5486410359564581,0.7072895742459612,0.6754261856965597,54.233333333333334
3D-MR-MS,DiceCE,0.1,7,0.6494338991184865,0.5428362281576324,0.7194414385063809,0.6787911496733912,52.6
3D-MR-MS,DiceCE,0.1,10,0.6402232469861476,0.5300176996162723,0.7445768828292783,0.6840728809504858,50.6
3D-MR-MS,DiceCE,0.1,15,0.62374281492547,0.5074632993250823,0.7662388302937286,0.6832467515372453,46.93333333333334
3D-MR-MS,DiceCE,0.1,20,0.6120579803490692,0.49186343225961215,0.7831440008210123,0.6824146739891012,44.53333333333334
3D-MR-MS,DiceCE,0.1,30,0.5829032662545961,0.455471338699024,0.8078044622017846,0.6726606144559938,41.333333333333336
3D-MR-MS,DiceCE,0.1,50,0.5101666323875916,0.3609870472125811,0.8253887963572065,0.626178020971244,35.8
3D-MR-MS,DiceCE,0.1,60,0.4698305801823647,0.3079452702877166,0.8186487695465555,0.5933012577884789,33.36666666666667
3D-MR-MS,DiceCE,0.1,85,0.41952062517816097,0.24270681689268034,0.8125713410161287,0.5501133014306614,28.866666666666667
3D-MR-MS,DiceCE,0.1,100,0.3954642018207601,0.20989607618248013,0.8176047844044927,0.5300358868764821,26.366666666666664
3D-MR-MS,DiceCE,0.1,170,0.28100298769200793,0.06044257369911985,0.8053947769492666,0.41340539373445384,19.3
3D-MR-MS,DiceCE,0.2,1,0.662419173549544,0.5594596911021321,0.6759966612909204,0.6631333384416473,60.46666666666666
3D-MR-MS,DiceCE,0.2,2,0.6600286591108369,0.5561075253770851,0.7091827273477905,0.679224276304636,56.86666666666666
3D-MR-MS,DiceCE,0.2,3,0.6528762399102248,0.5473227685364958,0.7161607867900965,0.6786393798030997,54.833333333333336
3D-MR-MS,DiceCE,0.2,4,0.6507534630886529,0.5446086885542203,0.7228191600012419,0.6804076385872517,53.8
3D-MR-MS,DiceCE,0.2,5,0.6450948898920028,0.5378268119617754,0.7254975058227455,0.6788394648802069,53.0
3D-MR-MS,DiceCE,0.2,7,0.6406461425215687,0.5314135121785853,0.7432763232914215,0.6834617685082166,51.166666666666664
3D-MR-MS,DiceCE,0.2,10,0.6313016215806623,0.5184066597200878,0.7619930721068547,0.6860494000296328,49.06666666666666
3D-MR-MS,DiceCE,0.2,15,0.6163035339922132,0.4997021383635227,0.7804836775057016,0.6835927975950056,45.766666666666666
3D-MR-MS,DiceCE,0.2,20,0.606875345045952,0.4892268974196875,0.7959360831152323,0.6836508612670201,44.0
3D-MR-MS,DiceCE,0.2,30,0.5717539069124656,0.44036332939360695,0.8225026073390087,0.6705233179009944,39.93333333333333
3D-MR-MS,DiceCE,0.2,50,0.4874438905667594,0.33466210391382245,0.8268355602687011,0.6088882792463872,34.53333333333334
3D-MR-MS,DiceCE,0.2,60,0.45868794134309027,0.2935947046079806,0.8269636542670575,0.5865540296750392,32.46666666666666
3D-MR-MS,DiceCE,0.2,85,0.41041425360020495,0.23057564149656296,0.8228835337855983,0.5443522786471667,27.8
3D-MR-MS,DiceCE,0.2,100,0.38586858665569734,0.19898815666617525,0.8188184115108269,0.5203885402434871,25.46666666666667
3D-MR-MS,DiceCE,0.2,170,0.2703208160584837,0.053204988209973256,0.8142271260808359,0.40263802060507403,18.4
3D-MR-MS,DiceCE,0.3,1,0.6542979194405655,0.5494899511990344,0.6975026507019971,0.6698881076411346,58.233333333333334
3D-MR-MS,DiceCE,0.3,2,0.648732801827255,0.5426659786721706,0.7198730386898674,0.6779597880880874,55.2
3D-MR-MS,DiceCE,0.3,3,0.6468777626228183,0.5400671086156734,0.7284367240300554,0.680781665198004,53.733333333333334
3D-MR-MS,DiceCE,0.3,4,0.6450227234183814,0.5374682385591762,0.7384049650610199,0.6840592067433692,52.8
3D-MR-MS,DiceCE,0.3,5,0.6411787762009402,0.5326050503460379,0.7418550688136494,0.6835586865643876,51.766666666666666
3D-MR-MS,DiceCE,0.3,7,0.6324342743841493,0.5201927633973601,0.7526978105440965,0.6827748586472269,50.13333333333334
3D-MR-MS,DiceCE,0.3,10,0.6275193766981673,0.5135615459386252,0.7730083872199793,0.6876487492779166,48.2
3D-MR-MS,DiceCE,0.3,15,0.6099969058624435,0.4930889953364635,0.789711789754112,0.6831497969916293,45.13333333333334
3D-MR-MS,DiceCE,0.3,20,0.5996507593717186,0.4796338053508647,0.8030523717363398,0.6815972135698756,43.2
3D-MR-MS,DiceCE,0.3,30,0.5600920753995317,0.42999149585495805,0.827525900834762,0.6635593391238742,39.1
3D-MR-MS,DiceCE,0.3,50,0.4813356751354023,0.3256680085058109,0.8341217896965023,0.6061609296945449,33.86666666666667
3D-MR-MS,DiceCE,0.3,60,0.45288503519919754,0.2887676652581937,0.8324545834947484,0.5833065381065978,32.13333333333333
3D-MR-MS,DiceCE,0.3,85,0.3960017518411471,0.21519127662959328,0.8219931931131745,0.5305719779763436,27.0
3D-MR-MS,DiceCE,0.3,100,0.3709339153559431,0.18047549082077077,0.8188033102096162,0.5067806682301708,24.9
3D-MR-MS,DiceCE,0.3,170,0.2649436470049109,0.04656196823064641,0.8217473548340217,0.3975594935658644,17.9
3D-MR-MS,DiceCE,0.4,1,0.6479700022010775,0.541600461772577,0.7040927846654241,0.6696860570617129,56.46666666666666
3D-MR-MS,DiceCE,0.4,2,0.6461149629966406,0.5390015917160798,0.7243017775774339,0.678433573816078,54.3
3D-MR-MS,DiceCE,0.4,3,0.6454456189538027,0.5382482960475299,0.7409225084484582,0.6849436808958173,52.9
3D-MR-MS,DiceCE,0.4,4,0.6416016717363615,0.5328622320173981,0.7520541927105301,0.6870562350243249,51.7
3D-MR-MS,DiceCE,0.4,5,0.6348508589614523,0.5244541230110837,0.7555690214837258,0.6848950175983146,50.96666666666666
3D-MR-MS,DiceCE,0.4,7,0.6292809603192644,0.5160365186812161,0.7645343327420748,0.685269793888899,49.63333333333333
3D-MR-MS,DiceCE,0.4,10,0.6211866784298019,0.5060392090228896,0.7861003462531957,0.6883195731879588,47.233333333333334
3D-MR-MS,DiceCE,0.4,15,0.6037980764026456,0.4861751504050922,0.8006604894834218,0.6832704469783895,44.36666666666666
3D-MR-MS,DiceCE,0.4,20,0.5918328750762258,0.47108078438035933,0.8066801237004168,0.6772270268715007,42.43333333333334
3D-MR-MS,DiceCE,0.4,30,0.552436971606101,0.42193902003263395,0.8380357397584743,0.6610286985649897,38.43333333333334
3D-MR-MS,DiceCE,0.4,50,0.47125830365487104,0.3135968285619332,0.8323559431587416,0.5973981076168352,33.266666666666666
3D-MR-MS,DiceCE,0.4,60,0.4403621674478687,0.27469944385723366,0.8324670415376246,0.5725562928530308,31.4
3D-MR-MS,DiceCE,0.4,85,0.38910182509011787,0.20503736076648918,0.8232672685450917,0.523719329837125,26.5
3D-MR-MS,DiceCE,0.4,100,0.3641754799972577,0.17114241236191174,0.8184628817785182,0.4998261834359239,24.633333333333333
3D-MR-MS,DiceCE,0.4,170,0.26082433958655826,0.042927175032962936,0.8214826507901382,0.39294795378692415,17.6
3D-MR-MS,DiceCE,0.5,1,0.6447232325528529,0.5372472057511676,0.7091009094527398,0.6682741626688565,57.06666666666666
3D-MR-MS,DiceCE,0.5,2,0.6441877573185825,0.5364939100826176,0.7398816455694553,0.6829590746857898,54.03333333333334
3D-MR-MS,DiceCE,0.5,3,0.6373030757351057,0.5273746013421723,0.75469946410637,0.6855719672116359,52.266666666666666
3D-MR-MS,DiceCE,0.5,4,0.6366337316922677,0.526432981756485,0.7641514274771813,0.6891222535705477,51.233333333333334
3D-MR-MS,DiceCE,0.5,5,0.6312024828875249,0.519609009229621,0.7673188726886696,0.6866804008594695,50.3
3D-MR-MS,DiceCE,0.5,7,0.6239114138494679,0.5129638652963415,0.7749060283025917,0.6854064509122685,48.96666666666667
3D-MR-MS,DiceCE,0.5,10,0.6156832631514377,0.5005560094986553,0.7882115175755045,0.6855270822665992,46.63333333333334
3D-MR-MS,DiceCE,0.5,15,0.5996546383196758,0.4806411675583108,0.8056644566540656,0.6818490588531361,43.7
3D-MR-MS,DiceCE,0.5,20,0.5846487026272205,0.4685731027468972,0.816958087856986,0.6755165144217952,41.86666666666667
3D-MR-MS,DiceCE,0.5,30,0.5461707567015591,0.4147564741031708,0.8403906579715565,0.6566442399243388,38.03333333333333
3D-MR-MS,DiceCE,0.5,50,0.4568591075893872,0.29824800452443834,0.8303903346491426,0.5849062309087794,32.833333333333336
3D-MR-MS,DiceCE,0.5,60,0.4327255112092575,0.26446231897457173,0.8348244956412165,0.5660698390203268,30.766666666666662
3D-MR-MS,DiceCE,0.5,85,0.38035448171842806,0.1926135544910798,0.8229564570962214,0.515628964743882,26.166666666666668
3D-MR-MS,DiceCE,0.5,100,0.35489266139129744,0.16046147272468309,0.8222120851131425,0.4917101216905643,24.133333333333333
3D-MR-MS,DiceCE,0.5,170,0.25696992823044196,0.03916565258276965,0.8265182955539416,0.38914603306530804,17.266666666666666
3D-MR-MS,DiceCE,0.6,1,0.6411470229525469,0.5327606653723042,0.724760435269621,0.6729692221188832,56.03333333333334
3D-MR-MS,DiceCE,0.6,2,0.6386226397052721,0.5292201757301196,0.7494281988407536,0.6834376207024999,53.2
3D-MR-MS,DiceCE,0.6,3,0.6350464301049661,0.5244721974427595,0.7610529906897955,0.6863808617613903,51.56666666666666
3D-MR-MS,DiceCE,0.6,4,0.6326559156662589,0.5233422539399346,0.7682901834719452,0.6878356418133107,50.733333333333334
3D-MR-MS,DiceCE,0.6,5,0.627626273287219,0.5190440374782087,0.7758775779822408,0.687764457212604,49.8
3D-MR-MS,DiceCE,0.6,7,0.6232420698066299,0.5120222457106541,0.7833186691384332,0.6885489267151218,48.2
3D-MR-MS,DiceCE,0.6,10,0.6104504270451077,0.4976536055992423,0.7966960084231649,0.6851512527726316,46.06666666666667
3D-MR-MS,DiceCE,0.6,15,0.5952434626195708,0.4784457071558924,0.8145144461307693,0.6820642896126922,43.03333333333333
3D-MR-MS,DiceCE,0.6,20,0.5779624337421564,0.4618643401458115,0.8232594357738282,0.6731792860654668,41.56666666666667
3D-MR-MS,DiceCE,0.6,30,0.5391849969509666,0.4086815410077203,0.8468654255112258,0.6527046120758725,37.7
3D-MR-MS,DiceCE,0.6,50,0.44994267275751704,0.2890959868931218,0.8301004921380514,0.578474915236834,32.7
3D-MR-MS,DiceCE,0.6,60,0.42395403717295055,0.25271143128675794,0.8362069258504923,0.5581575419834575,30.46666666666667
3D-MR-MS,DiceCE,0.6,85,0.37071809249576926,0.18016441069439967,0.8170225316811939,0.5051164989034496,25.8
3D-MR-MS,DiceCE,0.6,100,0.3405993245218069,0.1445095040692459,0.8183245070447844,0.4768553351979209,23.666666666666664
3D-MR-MS,DiceCE,0.6,170,0.2555377845614263,0.037911811766038556,0.8313189347203782,0.388080707196484,17.0
3D-MR-MS,DiceCE,0.7,1,0.6360048008746576,0.5258172266825254,0.7360689214578099,0.6752969766492278,54.86666666666666
3D-MR-MS,DiceCE,0.7,2,0.6307074208784824,0.5208809244780278,0.7596308374082441,0.6826597878065984,51.9
3D-MR-MS,DiceCE,0.7,3,0.6285846440569104,0.520127628809478,0.7737148294831054,0.6870888142063499,50.5
3D-MR-MS,DiceCE,0.7,4,0.6269280175508863,0.519750980975203,0.7804028733617081,0.6891214272593771,49.766666666666666
3D-MR-MS,DiceCE,0.7,5,0.6240424411031367,0.5168485770757901,0.788379236990272,0.6901678454606204,48.96666666666667
3D-MR-MS,DiceCE,0.7,7,0.6136384712254228,0.5025443635676096,0.7949402225168433,0.6864305688044968,47.46666666666667
3D-MR-MS,DiceCE,0.7,10,0.600466511147916,0.48808727535022334,0.8073514334321084,0.6818092674313739,45.13333333333333
3D-MR-MS,DiceCE,0.7,15,0.5883511584523178,0.4753730537710178,0.8151535066993425,0.6768269220118569,42.93333333333333
3D-MR-MS,DiceCE,0.7,20,0.5722933964068313,0.4556922715562585,0.8272412743521415,0.6697174180083334,41.4
3D-MR-MS,DiceCE,0.7,30,0.5293425724461187,0.3963012549652629,0.8498433461326828,0.6451984729657922,37.266666666666666
3D-MR-MS,DiceCE,0.7,50,0.4329593305837907,0.26541315068995186,0.8392141541698853,0.5659204319304477,31.96666666666666
3D-MR-MS,DiceCE,0.7,60,0.41140031825414863,0.2360423158261223,0.8400192179472039,0.5471913875067538,30.03333333333333
3D-MR-MS,DiceCE,0.7,85,0.35519102465567565,0.1646158516930412,0.814871290433197,0.4889254624455207,25.266666666666666
3D-MR-MS,DiceCE,0.7,100,0.3264583040157034,0.12720655910297513,0.8133087484041835,0.4605360137551065,23.26666666666667
3D-MR-MS,DiceCE,0.7,170,0.2510572839425988,0.03452693715012023,0.8519217996949882,0.38473723627532924,16.6
3D-MR-MS,DiceCE,0.8,1,0.624813900706149,0.5185615667617032,0.7595734667132967,0.6782608593418462,53.166666666666664
3D-MR-MS,DiceCE,0.8,2,0.6217944554498317,0.5147819698798342,0.7794390346499279,0.6843264310642986,50.86666666666667
3D-MR-MS,DiceCE,0.8,3,0.619733380963206,0.5127748333945532,0.7945547205025097,0.689066880028271,49.6
3D-MR-MS,DiceCE,0.8,4,0.6176106041416339,0.5100607534122777,0.7996177229509313,0.6899765235478456,48.83333333333333
3D-MR-MS,DiceCE,0.8,5,0.6107211415292797,0.5044007492976376,0.8026421302597093,0.6863619955276853,48.0
3D-MR-MS,DiceCE,0.8,7,0.6017706044302998,0.49186899618604507,0.805575295268369,0.6816779743287847,46.43333333333334
3D-MR-MS,DiceCE,0.8,10,0.5900279464669099,0.47594298141498637,0.8130563200929293,0.6765552930687511,44.46666666666666
3D-MR-MS,DiceCE,0.8,15,0.5782496563071694,0.46414078566306094,0.8271396340547843,0.6729229792071625,42.5
3D-MR-MS,DiceCE,0.8,20,0.56528567098583,0.44675977081287466,0.8348236421737256,0.6665074270786429,40.8
3D-MR-MS,DiceCE,0.8,30,0.5155955357819417,0.37949148377757286,0.8523546753783098,0.635007657135804,36.66666666666667
3D-MR-MS,DiceCE,0.8,50,0.42814654845798283,0.25886443426612393,0.8461717297866326,0.5635035551184797,31.633333333333336
3D-MR-MS,DiceCE,0.8,60,0.39738838552773537,0.22014244651175963,0.8385613598715974,0.533812755280397,29.43333333333333
3D-MR-MS,DiceCE,0.8,85,0.3469041484897361,0.15427885099921623,0.8236621091136062,0.48289909026969846,24.766666666666666
3D-MR-MS,DiceCE,0.8,100,0.32045982672829687,0.120066109107931,0.8219463210521585,0.45692838063888414,22.866666666666667
3D-MR-MS,DiceCE,0.8,170,0.244750655812829,0.03220757943379552,0.8622847055749624,0.37767154032462996,16.06666666666667
3D-MR-MS,DiceCE,0.9,1,0.6107991264248367,0.507599423950371,0.7780078830780608,0.6759375711618815,51.233333333333334
3D-MR-MS,DiceCE,0.9,2,0.6093669827558211,0.5055922874650901,0.7934617831811586,0.6808051630686708,49.46666666666666
3D-MR-MS,DiceCE,0.9,3,0.607399363852535,0.5028318553112592,0.7993778494784962,0.6822545249323364,48.2
3D-MR-MS,DiceCE,0.9,4,0.6050088494138277,0.49947968958621214,0.8065451355494659,0.6836112943384339,47.3
3D-MR-MS,DiceCE,0.9,5,0.6023216856644908,0.49527992463711623,0.8102706076987698,0.683459686427992,46.56666666666667
3D-MR-MS,DiceCE,0.9,7,0.5937755965461126,0.4842199300177995,0.8156670382387918,0.6791133693072371,45.233333333333334
3D-MR-MS,DiceCE,0.9,10,0.578887247101614,0.4658537753489739,0.8267208331571501,0.6722060413015789,43.3
3D-MR-MS,DiceCE,0.9,15,0.571285185666295,0.45521111685828064,0.8344058405177016,0.669881731992721,41.96666666666667
3D-MR-MS,DiceCE,0.9,20,0.5540438934534183,0.43433001746639777,0.8383117105371396,0.6584221562236581,39.96666666666667
3D-MR-MS,DiceCE,0.9,30,0.4961927674760137,0.35524367582299055,0.8543906020453906,0.6203429610904783,35.96666666666667
3D-MR-MS,DiceCE,0.9,50,0.40725097154115114,0.23723357079971447,0.8486069264182576,0.5447996794521298,30.76666666666667
3D-MR-MS,DiceCE,0.9,60,0.38522671097688144,0.2057706912678839,0.8492679126562106,0.524546668039983,28.76666666666667
3D-MR-MS,DiceCE,0.9,85,0.3373940054918686,0.14310888554053797,0.8280928440481222,0.4742781712396361,24.133333333333333
3D-MR-MS,DiceCE,0.9,100,0.3099028639265057,0.10859704095732851,0.830419033261113,0.44743907006625544,21.933333333333334
3D-MR-MS,DiceCE,0.9,170,0.22728488076294395,0.024586791005429827,0.8609982307904801,0.35568136699841685,15.166666666666668
3D-MR-MS,FocalTversky,0.1,1,0.6748122769604924,0.5769748898667406,0.5896427683832149,0.6201896727438057,63.26666666666667
3D-MR-MS,FocalTversky,0.1,2,0.6729572377560556,0.5746374577187401,0.6292066604441751,0.6425893228725611,58.8
3D-MR-MS,FocalTversky,0.1,3,0.6695148969643172,0.5698163654400208,0.6528598901990843,0.6544834425291055,56.96666666666666
3D-MR-MS,FocalTversky,0.1,4,0.6695148969643172,0.5698163654400208,0.6656415428321134,0.6613281177655543,55.833333333333336
3D-MR-MS,FocalTversky,0.1,5,0.6608801332914768,0.5583384349874353,0.6720447966989411,0.6602649892341763,54.56666666666668
3D-MR-MS,FocalTversky,0.1,7,0.6537277140908648,0.555247707170885,0.6889315212545644,0.6650229898654535,53.2
3D-MR-MS,FocalTversky,0.1,10,0.644720255685816,0.5456365406703865,0.7030778844446636,0.6676345998624305,51.266666666666666
3D-MR-MS,FocalTversky,0.1,15,0.6369197815520844,0.5361029193122386,0.7326479241638807,0.677332902032538,48.5
3D-MR-MS,FocalTversky,0.1,20,0.6273981370224835,0.5235429967407719,0.7481006443851627,0.6783315493945484,46.53333333333333
3D-MR-MS,FocalTversky,0.1,30,0.6085965154418211,0.5018977903382584,0.7786453691684818,0.6789244021620541,43.33333333333333
3D-MR-MS,FocalTversky,0.1,50,0.5327517617640373,0.4017479724568983,0.8180664157806035,0.6407943900664723,36.7
3D-MR-MS,FocalTversky,0.1,60,0.4987436267982983,0.3573727355943864,0.8325456986365445,0.6201119553910452,34.36666666666667
3D-MR-MS,FocalTversky,0.1,85,0.43971785615056813,0.2762609331570868,0.8277987966567283,0.5716699625536604,29.8
3D-MR-MS,FocalTversky,0.1,100,0.41309162977155695,0.24354006485139404,0.8191956274923913,0.5460099469922841,27.53333333333333
3D-MR-MS,FocalTversky,0.1,170,0.3032017558103032,0.09672733678663258,0.8349776675978928,0.44239781452181715,19.5
3D-MR-MS,FocalTversky,0.2,1,0.6712360673601865,0.5722269115793804,0.6118153844067737,0.6311848184788198,61.7
3D-MR-MS,FocalTversky,0.2,2,0.6693810281557496,0.5696280415228833,0.6471608072385859,0.6513896595050873,57.96666666666666
3D-MR-MS,FocalTversky,0.2,3,0.6638563237676672,0.5666017403095642,0.6670249212326932,0.659500219080145,55.93333333333334
3D-MR-MS,FocalTversky,0.2,4,0.6621996972616431,0.5638441400943368,0.677528581135682,0.6640690417904079,55.0
3D-MR-MS,FocalTversky,0.2,5,0.6522742813121308,0.5534752467742969,0.6797377553913772,0.6602804729526028,53.833333333333336
3D-MR-MS,FocalTversky,0.2,7,0.6516049372692928,0.5525336271886097,0.7011087202291199,0.6708605367624438,52.3
3D-MR-MS,FocalTversky,0.2,10,0.6435558496339355,0.5448832450018365,0.7153086829800166,0.6730713299718639,50.5
3D-MR-MS,FocalTversky,0.2,15,0.6339003362957671,0.5321349985132322,0.7403716970527567,0.6788811654537416,47.9
3D-MR-MS,FocalTversky,0.2,20,0.6233509960777521,0.5196554530227196,0.7536863011840318,0.6785526212115995,46.0
3D-MR-MS,FocalTversky,0.2,30,0.6030641884699625,0.4948600480929809,0.7809162140867658,0.6760789022131635,42.93333333333333
3D-MR-MS,FocalTversky,0.2,50,0.5268899948400971,0.39574615335280705,0.8257910115779412,0.6392784285826321,36.233333333333334
3D-MR-MS,FocalTversky,0.2,60,0.49427074876324706,0.3516323543987919,0.8311999059779026,0.6160162417437536,34.1
3D-MR-MS,FocalTversky,0.2,85,0.43434830968077154,0.27096605754999,0.8318536300156317,0.5680309353006836,29.43333333333333
3D-MR-MS,FocalTversky,0.2,100,0.4082788476457492,0.23768021749288476,0.8237548401335915,0.5425285128697321,27.03333333333333
3D-MR-MS,FocalTversky,0.2,170,0.29846114015811676,0.09136360342531304,0.8334438330098829,0.43701591701900294,19.3
3D-MR-MS,FocalTversky,0.3,1,0.6693810281557496,0.5718502637451055,0.6177603955729951,0.6339988713475362,61.13333333333334
3D-MR-MS,FocalTversky,0.3,2,0.665670949746876,0.5669139615406079,0.6581996014332051,0.6551696467238971,57.1
3D-MR-MS,FocalTversky,0.3,3,0.6617980908359403,0.5632791683429245,0.6710291954195982,0.6608299671529198,55.4
3D-MR-MS,FocalTversky,0.3,4,0.6602107892486387,0.5632791683429245,0.680261457639211,0.6646638971123068,54.6
3D-MR-MS,FocalTversky,0.3,5,0.651872674886428,0.5529102750228846,0.6831877523217229,0.6617068913710744,53.63333333333334
3D-MR-MS,FocalTversky,0.3,7,0.65120333084359,0.5519686554371972,0.7071883123242886,0.6735346012787027,52.1
3D-MR-MS,FocalTversky,0.3,10,0.6430203743996652,0.5441299493332867,0.7210489530556305,0.6754211300220454,50.3
3D-MR-MS,FocalTversky,0.3,15,0.6333648610614967,0.5313817028446823,0.7419448442778234,0.6790146735863303,47.7
3D-MR-MS,FocalTversky,0.3,20,0.62102502552889,0.5183371856027572,0.7586831464598786,0.6792346185977847,45.56666666666666
3D-MR-MS,FocalTversky,0.3,30,0.5990863724439537,0.48954709805420826,0.7872766301684898,0.6761141258017951,42.46666666666667
3D-MR-MS,FocalTversky,0.3,50,0.5237366807752123,0.39132847072816634,0.8344448715057255,0.6394434468037846,35.8
3D-MR-MS,FocalTversky,0.3,60,0.49360140472040903,0.35069073481310453,0.8352014062939761,0.6168797889041165,34.0
3D-MR-MS,FocalTversky,0.3,85,0.43173047085015714,0.26844030148485204,0.8302513188420836,0.5652400879384997,29.333333333333332
3D-MR-MS,FocalTversky,0.3,100,0.407341765985776,0.23673859790719737,0.824427899833997,0.541803739539745,26.833333333333332
3D-MR-MS,FocalTversky,0.3,170,0.29805953373241395,0.09098695559103807,0.8334138029798008,0.4365710645626158,19.266666666666666
3D-MR-MS,FocalTversky,0.4,1,0.6653097565464012,0.5664134163924267,0.6259175092460334,0.6365309802512531,60.333333333333336
3D-MR-MS,FocalTversky,0.4,2,0.6628903304141994,0.5625902992776057,0.659745996227614,0.65434195165896,56.8
3D-MR-MS,FocalTversky,0.4,3,0.6579945568437271,0.5604411910467428,0.6726432641745537,0.6591840308554786,55.4
3D-MR-MS,FocalTversky,0.4,4,0.6579945568437271,0.5604411910467428,0.6852288374224574,0.6655445156819025,54.5
3D-MR-MS,FocalTversky,0.4,5,0.6511098752602503,0.5518447581232909,0.6901159974567695,0.6647380886426836,53.46666666666666
3D-MR-MS,FocalTversky,0.4,7,0.6505744000259799,0.5510914624547409,0.7111129351934945,0.6750137345424967,51.96666666666666
3D-MR-MS,FocalTversky,0.4,10,0.6386524534796869,0.5378455027565591,0.724670954280793,0.674314963695599,50.03333333333334
3D-MR-MS,FocalTversky,0.4,15,0.6296258709591285,0.5279352335641363,0.7447225269021869,0.6778964230462277,47.63333333333333
3D-MR-MS,FocalTversky,0.4,20,0.6188704954589246,0.5163944757207075,0.7635367774928141,0.6793552911286171,45.46666666666667
3D-MR-MS,FocalTversky,0.4,30,0.5968008151203195,0.4859123048565248,0.7895017184218988,0.6751051975285052,42.233333333333334
3D-MR-MS,FocalTversky,0.4,50,0.5183671343054158,0.384072810807344,0.8313118586592676,0.6342067854542269,35.5
3D-MR-MS,FocalTversky,0.4,60,0.4907158282726593,0.34664970002273876,0.8349355301253787,0.6146328842647021,33.733333333333334
3D-MR-MS,FocalTversky,0.4,85,0.4295355275549638,0.26624484108243357,0.8316213225618257,0.5636297307387386,29.03333333333334
3D-MR-MS,FocalTversky,0.4,100,0.40187876393263977,0.23023623365492493,0.8298409773031157,0.5385054748099829,26.46666666666667
3D-MR-MS,FocalTversky,0.4,170,0.293493200114023,0.0856653181641375,0.8417715562943195,0.4323460982430033,19.1
3D-MR-MS,FocalTversky,0.5,1,0.663024199222767,0.5627786231947433,0.6291154813573064,0.6368381700836536,60.53333333333334
3D-MR-MS,FocalTversky,0.5,2,0.6621275307880218,0.5615247823780122,0.6597230969805156,0.6538984180764723,57.233333333333334
3D-MR-MS,FocalTversky,0.5,3,0.6555105868216803,0.5572265659162862,0.6745204729927515,0.6587767350002938,55.26666666666667
3D-MR-MS,FocalTversky,0.5,4,0.6555105868216803,0.5572265659162862,0.6865447138194446,0.6649518136776201,54.06666666666666
3D-MR-MS,FocalTversky,0.5,5,0.6503470756340726,0.5507792412236973,0.6978545591215166,0.6678307985903225,53.13333333333334
3D-MR-MS,FocalTversky,0.5,7,0.6451142395277426,0.5454958849433321,0.7164610417852865,0.674453324141618,51.4
3D-MR-MS,FocalTversky,0.5,10,0.6331922929814496,0.5343694397176056,0.7277905740292414,0.6725954809398473,49.53333333333333
3D-MR-MS,FocalTversky,0.5,15,0.6264436452007491,0.5256158758478116,0.749018994569864,0.6774785003327409,47.2
3D-MR-MS,FocalTversky,0.5,20,0.6159560073176804,0.5118824895405678,0.7648106497760052,0.6780743064610274,45.3
3D-MR-MS,FocalTversky,0.5,30,0.5956364090684391,0.4842818162055188,0.7937728095164532,0.6757699041248979,42.0
3D-MR-MS,FocalTversky,0.5,50,0.5149864958486237,0.3793429069516597,0.8307402647688743,0.6316431848731711,35.3
3D-MR-MS,FocalTversky,0.5,60,0.48746905862443485,0.3421081200841919,0.8395290522809713,0.613080434972715,33.5
3D-MR-MS,FocalTversky,0.5,85,0.42664995110721404,0.26246524420056455,0.8334055840983867,0.5616126724933863,28.833333333333332
3D-MR-MS,FocalTversky,0.5,100,0.39912705629345774,0.2266449606901934,0.829687569392247,0.5358018803666842,26.23333333333333
3D-MR-MS,FocalTversky,0.5,170,0.2905141680829337,0.08372260828208775,0.841418936232774,0.428735810133621,18.96666666666667
3D-MR-MS,FocalTversky,0.6,1,0.6608079668178555,0.5619014302122871,0.6325873604816623,0.6380397218272243,59.766666666666666
3D-MR-MS,FocalTversky,0.6,2,0.658819058804851,0.5613364584608747,0.6674203596064584,0.6558931320920612,56.56666666666666
3D-MR-MS,FocalTversky,0.6,3,0.6539232852343786,0.5552657816025607,0.6807186612047855,0.6607972632264312,54.96666666666666
3D-MR-MS,FocalTversky,0.6,4,0.6519343772213743,0.5527400255374227,0.6916836015405141,0.6650733848223505,53.7
3D-MR-MS,FocalTversky,0.6,5,0.646008066407589,0.5480651612414219,0.7000387349301466,0.6664482972144486,52.7
3D-MR-MS,FocalTversky,0.6,7,0.643320902658252,0.543865396292326,0.717637058543412,0.6734735101202938,51.233333333333334
3D-MR-MS,FocalTversky,0.6,10,0.6305744541508351,0.5309664906700117,0.7298747335408977,0.6715804206722052,49.33333333333333
3D-MR-MS,FocalTversky,0.6,15,0.625145370340301,0.5246742562621242,0.7506328910017694,0.6770064334122055,47.13333333333333
3D-MR-MS,FocalTversky,0.6,20,0.6155544008919775,0.5113175177891555,0.7692751484347016,0.6793857680304367,45.13333333333333
3D-MR-MS,FocalTversky,0.6,30,0.5933797634382995,0.48137941230610587,0.7941407465541923,0.67440541044016,41.9
3D-MR-MS,FocalTversky,0.6,50,0.5147187582314884,0.3789662591173847,0.8323276358081907,0.6318747694044013,35.333333333333336
3D-MR-MS,FocalTversky,0.6,60,0.4866658457730292,0.340978176581367,0.841381794568148,0.6127770266865145,33.36666666666667
3D-MR-MS,FocalTversky,0.6,85,0.4254855450553336,0.2617119485320146,0.8339811609559925,0.5605945927070615,28.666666666666668
3D-MR-MS,FocalTversky,0.6,100,0.3948525909568192,0.2202229735188753,0.8271180337426103,0.531476518034599,26.1
3D-MR-MS,FocalTversky,0.6,170,0.28872083121344316,0.08177989840003799,0.8457679911628823,0.427189699476145,18.833333333333332
3D-MR-MS,FocalTversky,0.7,1,0.6606740980092878,0.5617131062951496,0.6448785728223239,0.644048950323287,59.56666666666666
3D-MR-MS,FocalTversky,0.7,2,0.656696281983279,0.5586223784785993,0.6767295406888401,0.6596792410294776,56.266666666666666
3D-MR-MS,FocalTversky,0.7,3,0.6509038399780613,0.5512978608035543,0.6883930794848079,0.6628207007892118,54.56666666666666
3D-MR-MS,FocalTversky,0.7,4,0.6477292368034582,0.5493370764898288,0.6984273802385313,0.666263505258967,53.36666666666666
3D-MR-MS,FocalTversky,0.7,5,0.6452452667814114,0.5469996443418284,0.7053138843906135,0.6683502312765526,52.5
3D-MR-MS,FocalTversky,0.7,7,0.6381573914706444,0.5391174180049658,0.7191071665171969,0.6709541552357872,51.1
3D-MR-MS,FocalTversky,0.7,10,0.6297712412994295,0.5300248710843244,0.7334832348388766,0.6726026959342498,49.2
3D-MR-MS,FocalTversky,0.7,15,0.6216337046298401,0.5195792238988964,0.7531682600992923,0.6763027006972493,47.0
3D-MR-MS,FocalTversky,0.7,20,0.6134316240704056,0.5086034378068801,0.7734767566964245,0.6795577128167257,45.03333333333334
3D-MR-MS,FocalTversky,0.7,30,0.5864257569361001,0.47384424004511116,0.7986126350691882,0.6718007777704311,41.53333333333333
3D-MR-MS,FocalTversky,0.7,50,0.512060506175646,0.3752374455580626,0.8366398210923132,0.6309789311338666,35.166666666666664
3D-MR-MS,FocalTversky,0.7,60,0.48536757091258115,0.33915936401322344,0.8442640394065805,0.6126516399697828,33.33333333333333
3D-MR-MS,FocalTversky,0.7,85,0.4233627682337616,0.2589978685497393,0.8346934106770547,0.5589083588430459,28.6
3D-MR-MS,FocalTversky,0.7,100,0.39378164048827835,0.21890470609891294,0.8289626522289215,0.530869645700624,26.03333333333333
3D-MR-MS,FocalTversky,0.7,170,0.2842479531783919,0.0771050341040371,0.8429381958783114,0.4218013698791088,18.766666666666666
3D-MR-MS,FocalTversky,0.8,1,0.6586851899962834,0.5591873502300118,0.6471380505203559,0.6435240197285927,59.2
3D-MR-MS,FocalTversky,0.8,2,0.6519343772213742,0.5547008098511483,0.6772218086581705,0.6575547623528296,55.733333333333334
3D-MR-MS,FocalTversky,0.8,3,0.6493165383907598,0.5512978608035543,0.6948500066779948,0.665350267127678,53.96666666666666
3D-MR-MS,FocalTversky,0.8,4,0.6453791355899788,0.5471879682589658,0.7027499260724103,0.666778570832663,52.86666666666666
3D-MR-MS,FocalTversky,0.8,5,0.6435240963855422,0.5448505361109653,0.7142892722253715,0.6712100576102935,52.06666666666668
3D-MR-MS,FocalTversky,0.8,7,0.6360346146490725,0.5364033380226905,0.7235630316746622,0.6716607439628811,50.46666666666666
3D-MR-MS,FocalTversky,0.8,10,0.6296373724908619,0.5298365471671869,0.7405121485624868,0.6753834573258172,48.86666666666667
3D-MR-MS,FocalTversky,0.8,15,0.6195109278082681,0.5168651439166211,0.7575735269130796,0.6765142200880699,46.6
3D-MR-MS,FocalTversky,0.8,20,0.6108783291296362,0.5069729491558741,0.7793752851625859,0.6801580373175742,44.5
3D-MR-MS,FocalTversky,0.8,30,0.5808317276292951,0.46583811639434247,0.7989094553330789,0.6684188507803206,41.1
3D-MR-MS,FocalTversky,0.8,50,0.5102054669712092,0.3729000134100622,0.8397426126838592,0.6307677510191795,34.96666666666667
3D-MR-MS,FocalTversky,0.8,60,0.4826158632733991,0.3353066531399952,0.8439194753890454,0.6105349077241116,33.06666666666666
3D-MR-MS,FocalTversky,0.8,85,0.42206449337331353,0.2575557038158707,0.8342264742501232,0.5576149457740094,28.4
3D-MR-MS,FocalTversky,0.8,100,0.39047316850510755,0.21427193773733105,0.8315241119204263,0.5284362993523221,25.7
3D-MR-MS,FocalTversky,0.8,170,0.2795477507514334,0.07142907951167383,0.8390961548017677,0.41613550628874385,18.633333333333333
3D-MR-MS,FocalTversky,0.9,1,0.6513054464037642,0.5538236168686922,0.6548083810566604,0.6451102532477582,58.333333333333336
3D-MR-MS,FocalTversky,0.9,2,0.6462758040247242,0.5475646160932407,0.6818548158625946,0.6569367747848063,55.166666666666664
3D-MR-MS,FocalTversky,0.9,3,0.6436579651941097,0.5450388600281029,0.7000849882004998,0.6652539130063644,53.2
3D-MR-MS,FocalTversky,0.9,4,0.6421352074966532,0.542469583730013,0.7093080712613856,0.6689294637367762,52.46666666666666
3D-MR-MS,FocalTversky,0.9,5,0.6396108242493785,0.539190531996325,0.7169978807422843,0.6705828783753602,51.46666666666666
3D-MR-MS,FocalTversky,0.9,7,0.6330151693927553,0.5326237411408214,0.7287577080839736,0.6722188044597003,50.0
3D-MR-MS,FocalTversky,0.9,10,0.6265486023158221,0.5259490034491346,0.7473819301319546,0.6770794628177823,48.2
3D-MR-MS,FocalTversky,0.9,15,0.6152364624716296,0.5128241091262553,0.7623604143887804,0.6766547361951337,46.13333333333333
3D-MR-MS,FocalTversky,0.9,20,0.6103428538953658,0.5062196534873241,0.780017277124686,0.6803454597253927,44.3
3D-MR-MS,FocalTversky,0.9,30,0.5743295283560116,0.45920689893560757,0.8067881429390835,0.6673710839110489,40.3
3D-MR-MS,FocalTversky,0.9,50,0.5055987201275903,0.3668981943059709,0.8404772772542713,0.6277884117057203,34.63333333333333
3D-MR-MS,FocalTversky,0.9,60,0.47486730389662873,0.32623501258963294,0.840559139674712,0.6034440877734382,32.6
3D-MR-MS,FocalTversky,0.9,85,0.4202739980587219,0.2546097796835059,0.8316213991271677,0.5559329236668852,28.3
3D-MR-MS,FocalTversky,0.9,100,0.38328421502722476,0.2059368344423705,0.830447698074925,0.521268656264385,25.366666666666667
3D-MR-MS,FocalTversky,0.9,170,0.27742497392986143,0.07105243167739887,0.8443835850652169,0.41419863083519565,18.5
3D-MR-MS,Tversky,0.1,1,0.6699645391990243,0.5723376903541672,0.588230980904582,0.6198249011429308,63.0
3D-MR-MS,Tversky,0.1,2,0.6650611430447757,0.5672607324226152,0.6248245957454402,0.6383742858348125,59.1
3D-MR-MS,Tversky,0.1,3,0.663270647730184,0.5643148082902504,0.6514505375409956,0.6511020909217484,56.9
3D-MR-MS,Tversky,0.1,4,0.6593332449294032,0.5602049157456619,0.6606709622616909,0.6541770386928725,55.86666666666666
3D-MR-MS,Tversky,0.1,5,0.6567154060987888,0.557679159680524,0.6715913860996408,0.6583367954209399,54.8
3D-MR-MS,Tversky,0.1,7,0.6536959608424715,0.5538995627986549,0.6908561428960367,0.6660961201675258,53.0
3D-MR-MS,Tversky,0.1,10,0.6493165383907599,0.5482830789169667,0.706749029641863,0.6709969667935587,51.43333333333334
3D-MR-MS,Tversky,0.1,15,0.638341461082425,0.5359114802626372,0.7250392148079137,0.6734717837034327,48.766666666666666
3D-MR-MS,Tversky,0.1,20,0.6279259896729776,0.5240404267564891,0.7366098490933078,0.6728724320348488,47.0
3D-MR-MS,Tversky,0.1,30,0.609552044656614,0.5004779562732021,0.7726139794134768,0.6765738348062593,43.46666666666667
3D-MR-MS,Tversky,0.1,50,0.5353311268434023,0.40538276565458176,0.8126281347881905,0.6408352515901347,37.1
3D-MR-MS,Tversky,0.1,60,0.5062159238932369,0.36814203171604654,0.8219021279630215,0.6221648503590238,34.9
3D-MR-MS,Tversky,0.1,85,0.44534273662484625,0.2893019188049885,0.8133172427817861,0.5715255855954735,30.43333333333333
3D-MR-MS,Tversky,0.1,100,0.41517593284187965,0.25120437351271163,0.8099312860909796,0.544754245890437,27.93333333333333
3D-MR-MS,Tversky,0.1,170,0.30985911300187274,0.11151533702984613,0.8238074514763973,0.4478503572502551,19.833333333333336
3D-MR-MS,Tversky,0.2,1,0.6654223362452505,0.5677612775707963,0.6060767094791868,0.6278831533932638,61.733333333333334
3D-MR-MS,Tversky,0.2,2,0.6614156085257472,0.5621657000593874,0.6418375771870097,0.6454577114516311,58.166666666666664
3D-MR-MS,Tversky,0.2,3,0.6589316385037003,0.5598282679113871,0.6620792467132788,0.654804424388243,56.333333333333336
3D-MR-MS,Tversky,0.2,4,0.6579011012603875,0.5592632961599745,0.6762829123728855,0.6612782838101556,55.13333333333334
3D-MR-MS,Tversky,0.2,5,0.6547264980857843,0.5553417275325235,0.6838941521029852,0.6632011117533623,54.266666666666666
3D-MR-MS,Tversky,0.2,7,0.6515731840208995,0.5511854828163796,0.699081746843454,0.6688327896877077,52.733333333333334
3D-MR-MS,Tversky,0.2,10,0.646163224325875,0.5460876185145482,0.7138385052849254,0.6727266949476214,51.06666666666666
3D-MR-MS,Tversky,0.2,15,0.6311842608529356,0.5279140439999966,0.725537411131784,0.6698733354600359,48.53333333333333
3D-MR-MS,Tversky,0.2,20,0.6240127175368139,0.5203412069555744,0.7453274056293744,0.6747745424530919,46.6
3D-MR-MS,Tversky,0.2,30,0.6041853397417162,0.4969670603894249,0.7780052600100358,0.6755099050841248,43.233333333333334
3D-MR-MS,Tversky,0.2,50,0.5307167574160072,0.39848699515488617,0.8164463486977992,0.6383427792253709,36.8
3D-MR-MS,Tversky,0.2,60,0.4989941797739025,0.35758782133132766,0.8244879043278134,0.6175752288864848,34.7
3D-MR-MS,Tversky,0.2,85,0.43818075536647944,0.2822801270374341,0.8181768799176077,0.5663930535840513,30.06666666666667
3D-MR-MS,Tversky,0.2,100,0.40973990300825947,0.24297509309998158,0.8106489631782681,0.5401463374602644,27.8
3D-MR-MS,Tversky,0.2,170,0.29929714365097404,0.1005560261571176,0.8164080250303206,0.4348981375493538,19.6
3D-MR-MS,Tversky,0.3,1,0.6637011658493813,0.5656121693399333,0.6157179286876235,0.6324453043288539,61.13333333333334
3D-MR-MS,Tversky,0.3,2,0.6600238780819595,0.56197737614225,0.6527290727568628,0.6502987173845193,57.233333333333334
3D-MR-MS,Tversky,0.3,3,0.6564476684816535,0.5574908357633864,0.6696856360452041,0.6570278633816582,55.46666666666666
3D-MR-MS,Tversky,0.3,4,0.6544587604686491,0.5549650796982486,0.6813889721848571,0.6617300864124764,54.53333333333334
3D-MR-MS,Tversky,0.3,5,0.6524698524556447,0.5524393236331107,0.686239086522839,0.6632003356060003,53.63333333333334
3D-MR-MS,Tversky,0.3,7,0.6505426467775866,0.5497433180825111,0.7069645950848522,0.6722457449421538,52.166666666666664
3D-MR-MS,Tversky,0.3,10,0.6444420539300058,0.5439385102836852,0.7173772780424719,0.6738751791201185,50.46666666666667
3D-MR-MS,Tversky,0.3,15,0.6307826544272327,0.5273490722485842,0.7325479644051673,0.6730722888865619,48.166666666666664
3D-MR-MS,Tversky,0.3,20,0.6232499179106362,0.5192756900559807,0.7532522539702062,0.6772872340808673,46.233333333333334
3D-MR-MS,Tversky,0.3,30,0.5981251601193633,0.48962021204556755,0.7806758425261533,0.6725502401722899,42.666666666666664
3D-MR-MS,Tversky,0.3,50,0.5271405478157012,0.39569980118125153,0.8183189191847378,0.636020362539238,36.5
3D-MR-MS,Tversky,0.3,60,0.4951502325564613,0.35246319520969255,0.8258816308786875,0.6152171643011406,34.36666666666667
3D-MR-MS,Tversky,0.3,85,0.43457279251778,0.27749943985920267,0.8155124357839585,0.5623547806131051,29.9
3D-MR-MS,Tversky,0.3,100,0.40631885132623935,0.23844220054956264,0.8127671614959638,0.5373742924023155,27.3
3D-MR-MS,Tversky,0.3,170,0.29426750127193413,0.09422391139030693,0.8197400730722482,0.4293163310054157,19.366666666666667
3D-MR-MS,Tversky,0.4,1,0.6620416977884584,0.5643583285232023,0.6257614726461813,0.637154434886517,60.7
3D-MR-MS,Tversky,0.4,2,0.6594884028476891,0.5614124043908375,0.66708021312547,0.6584788670791009,56.666666666666664
3D-MR-MS,Tversky,0.4,3,0.6536959608424715,0.5540878867157925,0.6797325695145946,0.6611538871916326,55.033333333333324
3D-MR-MS,Tversky,0.4,4,0.6532943544167686,0.5535229149643801,0.687575164613915,0.6647604094400701,54.06666666666666
3D-MR-MS,Tversky,0.4,5,0.651037708786629,0.5506205110649672,0.693233511526125,0.6660992480286897,53.266666666666666
3D-MR-MS,Tversky,0.4,7,0.6496055651176134,0.5486133745796862,0.7132311024170435,0.6751381720599937,51.833333333333336
3D-MR-MS,Tversky,0.4,10,0.6401675885933671,0.5403472373189537,0.7211599590233084,0.6733516379585829,50.266666666666666
3D-MR-MS,Tversky,0.4,15,0.6281648155966183,0.5260952314318532,0.736476021612735,0.6730884359926845,48.06666666666667
3D-MR-MS,Tversky,0.4,20,0.6199627350371838,0.5179574226360184,0.7561265797590007,0.6766373685075087,46.03333333333333
3D-MR-MS,Tversky,0.4,30,0.5970542096508226,0.48830194462560517,0.7830653084031044,0.6727579178323023,42.46666666666667
3D-MR-MS,Tversky,0.4,50,0.52329660059826,0.39083661296811323,0.8222261193628617,0.6347566662388233,36.3
3D-MR-MS,Tversky,0.4,60,0.49322302687840314,0.3517098995411427,0.8256039849519035,0.6136333646096315,34.3
3D-MR-MS,Tversky,0.4,85,0.433903448474942,0.2767461441906528,0.8186540522641044,0.5628144752245565,29.833333333333332
3D-MR-MS,Tversky,0.4,100,0.4047528388486561,0.2371239331296003,0.8189366196407833,0.5375178689804279,27.03333333333333
3D-MR-MS,Tversky,0.4,170,0.2851561231448706,0.08532907543035055,0.8216448523721736,0.41917320108805445,19.1
3D-MR-MS,Tversky,0.5,1,0.6608772917365779,0.5637933567717899,0.6300983640125757,0.6394749182938203,60.2
3D-MR-MS,Tversky,0.5,2,0.6584578656043762,0.5599702396569689,0.6719510372130149,0.6603147359348904,56.6
3D-MR-MS,Tversky,0.5,3,0.6527588791824982,0.5527696192958301,0.6821197100057184,0.6617329827395613,54.833333333333336
3D-MR-MS,Tversky,0.5,4,0.6527588791824982,0.5527696192958301,0.6896798234775077,0.6655526068220008,54.0
3D-MR-MS,Tversky,0.5,5,0.6505022335523586,0.5498672153964173,0.6979325913149312,0.6680444408219453,53.166666666666664
3D-MR-MS,Tversky,0.5,7,0.6490700898833429,0.5478600789111363,0.7166664828680082,0.6763297297580103,51.46666666666666
3D-MR-MS,Tversky,0.5,10,0.6396321133590968,0.5395939416504039,0.7262829011657109,0.6755360807612659,50.0
3D-MR-MS,Tversky,0.5,15,0.6244547371877447,0.523119713541081,0.745558567859818,0.6754417139328031,47.5
3D-MR-MS,Tversky,0.5,20,0.6179738270241794,0.5154316665708805,0.7577626826830344,0.6761687182596783,45.86666666666667
3D-MR-MS,Tversky,0.5,30,0.5966526032251197,0.48792529679133023,0.7880519668139276,0.6743005008695471,42.166666666666664
3D-MR-MS,Tversky,0.5,50,0.5203706109252824,0.38699258948301296,0.8225423950172305,0.6326980146334918,35.86666666666667
3D-MR-MS,Tversky,0.5,60,0.4912341188653987,0.34918414347600474,0.8275976475268069,0.6123701881612481,34.0
3D-MR-MS,Tversky,0.5,85,0.42943057043989075,0.2704828871780648,0.8217917012700131,0.5602614307924547,29.43333333333333
3D-MR-MS,Tversky,0.5,100,0.4002799608136048,0.23112211402550908,0.8192579730465989,0.5335897469320263,26.7
3D-MR-MS,Tversky,0.5,170,0.2851561231448706,0.08532907543035055,0.8216448523721736,0.41917320108805445,19.1
3D-MR-MS,Tversky,0.6,1,0.6593545340391215,0.5612240804737001,0.6422187334429116,0.6450312596392237,59.86666666666666
3D-MR-MS,Tversky,0.6,2,0.6534282232253362,0.5537112388815175,0.6771017746322994,0.6597398665055477,56.4
3D-MR-MS,Tversky,0.6,3,0.6527588791824982,0.5527696192958301,0.686910104848773,0.6639386036494217,54.63333333333334
3D-MR-MS,Tversky,0.6,4,0.651862210747753,0.551515778479099,0.7007817378410125,0.6700673980748408,53.56666666666666
3D-MR-MS,Tversky,0.6,5,0.6498733027347485,0.548990022413961,0.7054738081133151,0.6712615654090531,52.833333333333336
3D-MR-MS,Tversky,0.6,7,0.6437437981936731,0.5428729933840917,0.7225643332858962,0.6760005754490621,51.0
3D-MR-MS,Tversky,0.6,10,0.6363236413759259,0.5394056177332665,0.7318525832834226,0.6758263522042014,49.7
3D-MR-MS,Tversky,0.6,15,0.623691937561567,0.5229313896239436,0.75135280109805,0.6772066624481731,47.233333333333334
3D-MR-MS,Tversky,0.6,20,0.6165416833551637,0.5143017230680555,0.7630121386272765,0.6772823690846927,45.56666666666666
3D-MR-MS,Tversky,0.6,30,0.5965187344165521,0.4877369728741928,0.7949489831452158,0.6768869132657533,42.03333333333334
3D-MR-MS,Tversky,0.6,50,0.5140831069110223,0.380210712890568,0.8226710516620791,0.627647444686851,35.63333333333334
3D-MR-MS,Tversky,0.6,60,0.48937907966096195,0.3488074956417298,0.8316162972274173,0.6120549551323782,33.833333333333336
3D-MR-MS,Tversky,0.6,85,0.42618664234656506,0.26550306474061525,0.8257280958318594,0.5582544391423327,29.26666666666667
3D-MR-MS,Tversky,0.6,100,0.40001222319646956,0.23074546619123418,0.8210983298490071,0.5336926570050938,26.6
3D-MR-MS,Tversky,0.6,170,0.2818476511616998,0.08140750680289957,0.8194518699881488,0.41520871388132274,19.06666666666667
3D-MR-MS,Tversky,0.7,1,0.6557783244388155,0.5567375400948367,0.6430809942057956,0.6436543041699011,59.63333333333334
3D-MR-MS,Tversky,0.7,2,0.6530266167996335,0.5531462671301051,0.682576172491873,0.6624651761082798,56.0
3D-MR-MS,Tversky,0.7,3,0.6523572727567954,0.5522046475444178,0.6899501868327584,0.6654007628456371,54.266666666666666
3D-MR-MS,Tversky,0.7,4,0.6515944731306178,0.5511391306448241,0.7056522348154328,0.6719241445225552,53.166666666666664
3D-MR-MS,Tversky,0.7,5,0.644774335436986,0.5462759424316858,0.711114864107693,0.6709918740421585,52.166666666666664
3D-MR-MS,Tversky,0.7,7,0.6418887589892364,0.5424963455498167,0.7291015334197675,0.6778733801447034,50.63333333333333
3D-MR-MS,Tversky,0.7,10,0.6339331269372188,0.5360534520082192,0.7358878472949268,0.6765491145918077,49.33333333333333
3D-MR-MS,Tversky,0.7,15,0.6228887247101614,0.5218014461211187,0.755655869485609,0.6782072122128839,46.93333333333333
3D-MR-MS,Tversky,0.7,20,0.6156046016951905,0.5129834556480933,0.767045349748017,0.678233202149775,45.266666666666666
3D-MR-MS,Tversky,0.7,30,0.5877790136286386,0.4785024542079692,0.798323312068964,0.6719573778403465,41.5
3D-MR-MS,Tversky,0.7,50,0.513547631676752,0.37945741722201815,0.8257807425328269,0.6281306310544456,35.4
3D-MR-MS,Tversky,0.7,60,0.4854658075247982,0.345528443908042,0.8305654932509269,0.6084563987291665,33.56666666666667
3D-MR-MS,Tversky,0.7,85,0.4233010658988154,0.2623392229327056,0.8282995807229382,0.5562455090677694,29.0
3D-MR-MS,Tversky,0.7,100,0.39781727990127624,0.22804946064063447,0.8219546934256471,0.53169864046606,26.26666666666667
3D-MR-MS,Tversky,0.7,170,0.2795910055315602,0.07862031282926493,0.8207667473891787,0.41300030772844626,18.9
3D-MR-MS,Tversky,0.8,1,0.6544800495783674,0.5549187275266931,0.6544812083146695,0.6480652472774507,59.06666666666666
3D-MR-MS,Tversky,0.8,2,0.652491141565363,0.5523929714615552,0.6898631773842825,0.6645425005432638,55.666666666666664
3D-MR-MS,Tversky,0.8,3,0.6514606043220501,0.5509508067276866,0.6970350111044267,0.6674418165805462,54.13333333333334
3D-MR-MS,Tversky,0.8,4,0.6489766343000032,0.5496969659109554,0.7076226640752961,0.6711335147216706,53.233333333333334
3D-MR-MS,Tversky,0.8,5,0.6438776670022408,0.5450221016149546,0.7145643081856958,0.671615172965317,52.333333333333336
3D-MR-MS,Tversky,0.8,7,0.6380448117717952,0.5415547259641293,0.7341225241607728,0.677761941980941,50.666666666666664
3D-MR-MS,Tversky,0.8,10,0.6336653893200836,0.5356768041739443,0.7409308874645941,0.6783384627727516,49.5
3D-MR-MS,Tversky,0.8,15,0.6224871182844586,0.5212364743697062,0.756630137720523,0.6780533450917663,47.1
3D-MR-MS,Tversky,0.8,20,0.6101733528904477,0.5080471534435957,0.7699394983635861,0.6760238218347714,45.13333333333333
3D-MR-MS,Tversky,0.8,30,0.5839350664111974,0.47533861240005965,0.8006170687376546,0.6704363845501142,41.46666666666667
3D-MR-MS,Tversky,0.8,50,0.509971422076446,0.37463632494329874,0.8259408368311322,0.6255539069997432,35.5
3D-MR-MS,Tversky,0.8,60,0.4803639986721369,0.33952662480395074,0.8301511773621832,0.6042085518008052,33.53333333333334
3D-MR-MS,Tversky,0.8,85,0.4211782890772434,0.2593637050419335,0.8315336271467746,0.5551536701039319,28.96666666666667
3D-MR-MS,Tversky,0.8,100,0.3934089457560701,0.22623064807249094,0.8262823022165218,0.5287063995384675,26.1
3D-MR-MS,Tversky,0.8,170,0.2769010002273244,0.07523543821334659,0.8319226982075765,0.41119662724353245,18.76666666666667
3D-MR-MS,Tversky,0.9,1,0.6515010175472781,0.551015233330918,0.6673983074658487,0.6518043345336099,58.43333333333334
3D-MR-MS,Tversky,0.9,2,0.6495121095342736,0.5504502615795055,0.6918026321669107,0.6636765581948504,55.5
3D-MR-MS,Tversky,0.9,3,0.6452376441976352,0.5466706646976365,0.7059463038984366,0.6683292228628016,53.9
3D-MR-MS,Tversky,0.9,4,0.6432487361846307,0.546105692946224,0.7168755095400654,0.6723665801894158,52.833333333333336
3D-MR-MS,Tversky,0.9,5,0.6395386577757571,0.5414308286502231,0.7236237243256837,0.6735004591552016,51.63333333333334
3D-MR-MS,Tversky,0.9,7,0.6351592353240455,0.5377751290822603,0.7412837619395303,0.6791530339440623,50.13333333333333
3D-MR-MS,Tversky,0.9,10,0.6323671144596354,0.5338579916058007,0.7476001112788462,0.6798205284562551,48.96666666666667
3D-MR-MS,Tversky,0.9,15,0.6187048734019637,0.5192293378844253,0.7617532342329781,0.6777163270174459,46.53333333333333
3D-MR-MS,Tversky,0.9,20,0.6076200579496783,0.5040357124116372,0.7755349728131239,0.6765007505719353,44.5
3D-MR-MS,Tversky,0.9,30,0.5770640513536626,0.46615619307491063,0.8039445874032178,0.667116163045702,40.7
3D-MR-MS,Tversky,0.9,50,0.503143661799038,0.3665838491209746,0.8311409359529852,0.6217522296396095,35.0
3D-MR-MS,Tversky,0.9,60,0.47443006527457543,0.3319239108072608,0.8334175171182163,0.6005203657047923,33.1
3D-MR-MS,Tversky,0.9,85,0.41331999155652255,0.24986906448574078,0.8364901899309934,0.5497032946318372,28.366666666666667
3D-MR-MS,Tversky,0.9,100,0.38602442113467345,0.21739811476181314,0.8323426416121876,0.5240202247452594,25.666666666666668
3D-MR-MS,Tversky,0.9,170,0.2682875256642022,0.06474565443185898,0.8396044598953953,0.40234409687445494,18.2
MSLesSeg,CATMIL,0.1,1,0.9251359492493739,0.8987389149116838,0.5821307006653105,0.6939008674050675,58.583333333333336
MSLesSeg,CATMIL,0.1,2,0.9172071311719598,0.8877537004482084,0.6644090763261838,0.7526888036914411,47.13333333333333
MSLesSeg,CATMIL,0.1,3,0.9137911634643284,0.8829640390967622,0.7179880917650335,0.7902368478362165,41.7
MSLesSeg,CATMIL,0.1,4,0.9119700616862942,0.8803965999675383,0.7489932195381229,0.8105305481195331,39.08333333333333
MSLesSeg,CATMIL,0.1,5,0.9096960055136423,0.8779972440899215,0.7667768583646185,0.8213409761073583,37.55
MSLesSeg,CATMIL,0.1,7,0.9040305944106954,0.8683952231978548,0.7860920835437244,0.8320872031459906,35.75
MSLesSeg,CATMIL,0.1,10,0.897482186915998,0.8590749907140067,0.814367058943939,0.846437166337871,33.6
MSLesSeg,CATMIL,0.1,15,0.8876173747216406,0.8435832606456177,0.852776505565138,0.8642498730377655,31.18333333333333
MSLesSeg,CATMIL,0.1,20,0.8775169168337562,0.8288129493821714,0.8732466075161641,0.8705514717077714,29.7
MSLesSeg,CATMIL,0.1,30,0.8568337585320576,0.7950229752661102,0.9041430164033362,0.8759426930868706,27.383333333333336
MSLesSeg,CATMIL,0.1,50,0.779022866939852,0.683218932520992,0.9341279669039233,0.8453695948235846,23.2
MSLesSeg,CATMIL,0.1,60,0.7157529523556521,0.5908809756435615,0.9404162360999843,0.8074995527791436,21.1
MSLesSeg,CATMIL,0.1,85,0.5977813213716043,0.4165372019920075,0.9533045365914935,0.7287544175190886,17.0
MSLesSeg,CATMIL,0.1,100,0.5340034843182361,0.32620240489233626,0.9527624575752668,0.6777047948851921,14.85
MSLesSeg,CATMIL,0.1,170,0.33572500287242574,0.09654750516878663,0.9642052079071177,0.4843527127759864,8.783333333333333
MSLesSeg,CATMIL,0.2,1,0.9184820639493166,0.888470721371179,0.6173430269841518,0.7189230500380521,55.083333333333336
MSLesSeg,CATMIL,0.2,2,0.9100791653886183,0.8769055353494712,0.6964232168876622,0.7731128283815235,45.15
MSLesSeg,CATMIL,0.2,3,0.9068253860610154,0.8723779876154018,0.7419511911633829,0.8036976777490175,40.81666666666666
MSLesSeg,CATMIL,0.2,4,0.9044930359896132,0.8690750023558949,0.7659636913365444,0.8190710108490235,38.5
MSLesSeg,CATMIL,0.2,5,0.902597160520329,0.8665065643526741,0.7800533902995356,0.8273160354674228,37.2
MSLesSeg,CATMIL,0.2,7,0.8969450006605566,0.8583261984434752,0.8029681463520042,0.8394483125065684,35.2
MSLesSeg,CATMIL,0.2,10,0.889694647788686,0.8472826324027697,0.8308464285415592,0.852888486766701,33.08333333333333
MSLesSeg,CATMIL,0.2,15,0.877550633553464,0.8286236132288763,0.8641186344270274,0.8659622422036672,30.8
MSLesSeg,CATMIL,0.2,20,0.8678227381588682,0.8136572309798854,0.8834118163133592,0.8714088704333299,29.366666666666667
MSLesSeg,CATMIL,0.2,30,0.8451197220904906,0.7770428801006604,0.9125056956774659,0.8737445385584973,27.03333333333333
MSLesSeg,CATMIL,0.2,50,0.7523202965648963,0.6463690138575722,0.9406562236530751,0.8316397681249155,22.616666666666667
MSLesSeg,CATMIL,0.2,60,0.6986625066672534,0.5675833898917423,0.9476400581370091,0.7978817173431355,20.666666666666664
MSLesSeg,CATMIL,0.2,85,0.5799861310090393,0.3922534924394192,0.9543611471172376,0.7149785980326466,16.65
MSLesSeg,CATMIL,0.2,100,0.5138489798607487,0.30216726012778644,0.9567189805466019,0.6610882795027025,14.483333333333334
MSLesSeg,CATMIL,0.2,170,0.320243857485751,0.08134576289038532,0.9656717111331197,0.4666051448769199,8.566666666666666
MSLesSeg,CATMIL,0.3,1,0.9159211558651528,0.8849786578791156,0.6432429287409895,0.737617193176165,52.916666666666664
MSLesSeg,CATMIL,0.3,2,0.9079366515359929,0.8731106768263519,0.7144817587982278,0.785828614962297,43.93333333333333
MSLesSeg,CATMIL,0.3,3,0.9047662600333289,0.8694453727262651,0.7552052292190383,0.8122265514206719,40.166666666666664
MSLesSeg,CATMIL,0.3,4,0.9030992846389292,0.867102801321909,0.7762504038686378,0.8257443013361934,38.18333333333333
MSLesSeg,CATMIL,0.3,5,0.8999964488670059,0.8625786891090096,0.7915517235055866,0.8343788829237273,36.8
MSLesSeg,CATMIL,0.3,7,0.8951238988825223,0.8566359522967074,0.8140186940084174,0.8458259226826426,34.833333333333336
MSLesSeg,CATMIL,0.3,10,0.8850792340796773,0.8407053987202728,0.8422744573541955,0.8575246523882459,32.8
MSLesSeg,CATMIL,0.3,15,0.8748512533243881,0.824757838779578,0.8714821764313425,0.868555664246629,30.76666666666667
MSLesSeg,CATMIL,0.3,20,0.8633613131762713,0.8065750327306391,0.8887575656742548,0.8719675718988238,29.28333333333333
MSLesSeg,CATMIL,0.3,30,0.8380249832181746,0.7700997069503934,0.9179199312293868,0.8724463694783354,26.85
MSLesSeg,CATMIL,0.3,50,0.7369751587052478,0.624681306277416,0.9434436791402684,0.8226127437693949,22.266666666666666
MSLesSeg,CATMIL,0.3,60,0.6870801924322926,0.550399544624373,0.9505325637764962,0.79141087104991,20.53333333333333
MSLesSeg,CATMIL,0.3,85,0.5667219073730454,0.3744181810858012,0.9549599467957972,0.7049596012390092,16.433333333333334
MSLesSeg,CATMIL,0.3,100,0.49887332197862005,0.28204620661142404,0.9602240515686903,0.6489342748476769,14.166666666666666
MSLesSeg,CATMIL,0.3,170,0.31102168690191745,0.07205986360448603,0.9654633777591617,0.45604977875247654,8.483333333333334
MSLesSeg,CATMIL,0.4,1,0.9105074234290786,0.8757070076292044,0.6559202257582484,0.745463577999965,52.06666666666666
MSLesSeg,CATMIL,0.4,2,0.9051192591154213,0.869191594700748,0.7228400013011447,0.7909705376583593,43.5
MSLesSeg,CATMIL,0.4,3,0.9022222460203396,0.8657521571995256,0.7587804703923691,0.8139421300672401,39.9
MSLesSeg,CATMIL,0.4,4,0.9005645324579303,0.8634015342653786,0.7797472716256398,0.8271936356868951,38.016666666666666
MSLesSeg,CATMIL,0.4,5,0.8970646835909253,0.8584744217982205,0.7968434410733527,0.8366269489206001,36.45
MSLesSeg,CATMIL,0.4,7,0.8908336987596348,0.8489519021956093,0.8222544218123968,0.8488982260718018,34.38333333333333
MSLesSeg,CATMIL,0.4,10,0.8815427435240586,0.8349596182061857,0.8472343448104216,0.8587443019040257,32.56666666666667
MSLesSeg,CATMIL,0.4,15,0.8708743364095206,0.817371407726099,0.8741177522724068,0.8681208532462872,30.6
MSLesSeg,CATMIL,0.4,20,0.8585220131264851,0.7995494827445627,0.8932836882418405,0.8716119126995225,29.01666666666667
MSLesSeg,CATMIL,0.4,30,0.8319722672370922,0.760138345212716,0.9222097613837915,0.8710367494275341,26.68333333333333
MSLesSeg,CATMIL,0.4,50,0.7248805309858887,0.6057700865538393,0.9464014398436369,0.8157934072542108,21.95
MSLesSeg,CATMIL,0.4,60,0.6745727253188475,0.5342773359363748,0.9537233935389973,0.7840341683340463,20.23333333333333
MSLesSeg,CATMIL,0.4,85,0.5561157705713862,0.3583897042020612,0.9579874258258714,0.6974623361570212,16.15
MSLesSeg,CATMIL,0.4,100,0.48593842051504643,0.26708717907230495,0.9621314807957168,0.637641757499623,13.733333333333334
MSLesSeg,CATMIL,0.4,170,0.3049198011968525,0.0649814408195415,0.965463377731516,0.44896322367901387,8.4
MSLesSeg,CATMIL,0.5,1,0.9084789058073405,0.8729637364076723,0.6738168745347034,0.7570859592863258,50.75
MSLesSeg,CATMIL,0.5,2,0.9034571461828167,0.8666619800658703,0.7360946730299689,0.7992166188920855,42.71666666666667
MSLesSeg,CATMIL,0.5,3,0.9010058695218435,0.8639490382911437,0.7706459884450568,0.8212845554565267,39.41666666666667
MSLesSeg,CATMIL,0.5,4,0.8982368904844564,0.8599885331635904,0.7871534227002331,0.831037143004416,37.483333333333334
MSLesSeg,CATMIL,0.5,5,0.89497522023097,0.8553495690681047,0.8069702937900081,0.841494189136138,35.983333333333334
MSLesSeg,CATMIL,0.5,7,0.8870336257084667,0.8426619169668369,0.8296722133572724,0.8514842222187061,34.1
MSLesSeg,CATMIL,0.5,10,0.8762902418138694,0.8263869830059761,0.8530216635783763,0.859492658330165,32.25
MSLesSeg,CATMIL,0.5,15,0.8662196334920947,0.810014171035338,0.8817107861984106,0.86978456884815,30.333333333333332
MSLesSeg,CATMIL,0.5,20,0.8558954512061756,0.7963971574869744,0.8977436792316148,0.8724091370359088,28.93333333333333
MSLesSeg,CATMIL,0.5,30,0.8281411715013007,0.7539343388199223,0.9245962265409201,0.8698680839331668,26.583333333333332
MSLesSeg,CATMIL,0.5,50,0.7130497308336889,0.5886194276526084,0.9499677477286417,0.8087729154390082,21.65
MSLesSeg,CATMIL,0.5,60,0.6629416458327387,0.5148567393704694,0.9546055997871372,0.7764560123641765,20.033333333333335
MSLesSeg,CATMIL,0.5,85,0.548128675469524,0.34826274126331336,0.9592153873355898,0.6906937545003057,15.983333333333334
MSLesSeg,CATMIL,0.5,100,0.4788840874271586,0.25654498321832414,0.9609189587479886,0.6308787813680821,13.7
MSLesSeg,CATMIL,0.5,170,0.3010767084141802,0.061480024234600895,0.9662642435326745,0.44456348689795205,8.383333333333333
MSLesSeg,CATMIL,0.6,1,0.9076408643760787,0.8726014175670926,0.6851171516353415,0.7657088091262582,49.71666666666666
MSLesSeg,CATMIL,0.6,2,0.9014912508415811,0.8639848464104757,0.7473346230013268,0.8057728944505513,41.983333333333334
MSLesSeg,CATMIL,0.6,3,0.8987667501368921,0.8609015342653787,0.7779673945497703,0.8252066061224778,38.88333333333333
MSLesSeg,CATMIL,0.6,4,0.89560091236829,0.8563935251120606,0.7958727153939831,0.8351803699677637,36.96666666666666
MSLesSeg,CATMIL,0.6,5,0.8912744813434503,0.8510278843116371,0.8120329765224312,0.8429616783813099,35.5
MSLesSeg,CATMIL,0.6,7,0.8835757735323941,0.8385183647397607,0.8341769026961205,0.8520877701913715,33.8
MSLesSeg,CATMIL,0.6,10,0.8730364624862664,0.8218594352719066,0.8582703271852218,0.8606425695614046,31.883333333333333
MSLesSeg,CATMIL,0.6,15,0.8631193785711953,0.8073928229792073,0.88951870528889,0.8723583949244382,29.916666666666668
MSLesSeg,CATMIL,0.6,20,0.8501202919702248,0.7882004126054469,0.9028916253997868,0.8719562802824982,28.53333333333334
MSLesSeg,CATMIL,0.6,30,0.8211022701530426,0.7473943062615832,0.9289977437809182,0.8677900856381642,26.25
MSLesSeg,CATMIL,0.6,50,0.7071854260848749,0.582082432992044,0.953900396700568,0.8060487205764723,21.4
MSLesSeg,CATMIL,0.6,60,0.6543979497035912,0.5022809460223648,0.9542517587656123,0.77006339995154,19.783333333333335
MSLesSeg,CATMIL,0.6,85,0.5344799629645683,0.3339998573551205,0.9612707042309712,0.67905268807006,15.516666666666666
MSLesSeg,CATMIL,0.6,100,0.4706841050195636,0.24710027333883167,0.9617930219396147,0.6233923879784026,13.416666666666666
MSLesSeg,CATMIL,0.6,170,0.2966233315038709,0.05807639485271064,0.9682483704698936,0.43914039001160016,8.25
MSLesSeg,CATMIL,0.7,1,0.9067724022371249,0.8714373964030715,0.697560173781538,0.774034036048266,48.7
MSLesSeg,CATMIL,0.7,2,0.900088237658907,0.8620206969062805,0.7527942103406842,0.8094955801350979,41.583333333333336
MSLesSeg,CATMIL,0.7,3,0.895939181486255,0.8568241382314609,0.7868980998342308,0.8290940846416053,38.25
MSLesSeg,CATMIL,0.7,4,0.8919048105902558,0.8510288831856337,0.8078101951877119,0.8405923311809861,36.25
MSLesSeg,CATMIL,0.7,5,0.8891801555217004,0.8480900748120428,0.8225518097653131,0.8482447296196831,35.016666666666666
MSLesSeg,CATMIL,0.7,7,0.8787215092712041,0.8291931041244542,0.8410508748683023,0.8543024352455699,33.43333333333334
MSLesSeg,CATMIL,0.7,10,0.8698974326387943,0.8158570198129695,0.8680948916061594,0.8645858363704976,31.46666666666666
MSLesSeg,CATMIL,0.7,15,0.8599371777199065,0.8027976999058234,0.8920047234650724,0.8720467257199787,29.8
MSLesSeg,CATMIL,0.7,20,0.8435612371070486,0.778853434047942,0.9096392387672723,0.8718043319386432,28.3
MSLesSeg,CATMIL,0.7,30,0.8153917120716871,0.7412479621404107,0.9314469154691809,0.8656519593154748,26.083333333333332
MSLesSeg,CATMIL,0.7,50,0.7001759115456647,0.5713870846079084,0.9541605547942252,0.8012716202425183,21.25
MSLesSeg,CATMIL,0.7,60,0.6451553998381252,0.48755224223187604,0.9578053458207473,0.7648037486591645,19.55
MSLesSeg,CATMIL,0.7,85,0.5249579855750197,0.3199627451114865,0.9616080374513334,0.671068168925558,15.333333333333334
MSLesSeg,CATMIL,0.7,100,0.4590279244681252,0.23067213266011893,0.9609303212887145,0.6128616630182372,13.133333333333335
MSLesSeg,CATMIL,0.7,170,0.2901193813155639,0.0552830891246223,0.9674679471539516,0.4313760780643555,8.133333333333333
MSLesSeg,CATMIL,0.8,1,0.9038050605423589,0.8673010778102311,0.710931796517895,0.7829183429620041,47.75
MSLesSeg,CATMIL,0.8,2,0.8965646482712655,0.8578893733184352,0.762313423684297,0.8144267727276586,40.75
MSLesSeg,CATMIL,0.8,3,0.8928922870138676,0.8534833284776078,0.7954038046476493,0.8334138666729978,37.58333333333333
MSLesSeg,CATMIL,0.8,4,0.8901234623403471,0.8493783195785485,0.8195336665759119,0.846715115837427,35.88333333333334
MSLesSeg,CATMIL,0.8,5,0.8868793214693564,0.8431826674046354,0.8355522438946081,0.8549273344012775,34.6
MSLesSeg,CATMIL,0.8,7,0.8762397242074517,0.8255523783784653,0.8524248019398428,0.859546722996261,32.95
MSLesSeg,CATMIL,0.8,10,0.8666521588023841,0.8122700632912304,0.8756201834616345,0.8670651910126654,31.28333333333333
MSLesSeg,CATMIL,0.8,15,0.8564099489962782,0.7976391059571838,0.8999466889970364,0.8741218796442289,29.616666666666667
MSLesSeg,CATMIL,0.8,20,0.8380795333792074,0.7729981138447958,0.9146895613362899,0.8709104537209835,28.03333333333333
MSLesSeg,CATMIL,0.8,30,0.8074376185285409,0.7318047889901436,0.9349489694959796,0.8626008759386805,25.833333333333332
MSLesSeg,CATMIL,0.8,50,0.6952824082395905,0.5639259044836848,0.9553217769211326,0.7983501159110992,21.15
MSLesSeg,CATMIL,0.8,60,0.6298417510056937,0.4671712091620558,0.958042864865386,0.7530893750916915,19.283333333333335
MSLesSeg,CATMIL,0.8,85,0.5061574861047525,0.2966053446087771,0.963032277078916,0.6553230230751563,14.85
MSLesSeg,CATMIL,0.8,100,0.4459987945815421,0.21196296488916627,0.9604773627277936,0.6009965609206493,12.8
MSLesSeg,CATMIL,0.8,170,0.2832746112334454,0.0496239877589992,0.9692689239005722,0.42313434327371713,7.9333333333333345
MSLesSeg,CATMIL,0.9,1,0.9017504882487344,0.8644029508503193,0.7297086093971228,0.795233989967404,46.333333333333336
MSLesSeg,CATMIL,0.9,2,0.8942237550546173,0.853054717233779,0.7792473454735923,0.8247471460717062,39.96666666666667
MSLesSeg,CATMIL,0.9,3,0.8846485728085322,0.8382125579522605,0.8146947029791048,0.8420740112344755,36.766666666666666
MSLesSeg,CATMIL,0.9,4,0.8810024007886892,0.8330459124738301,0.835519366952733,0.8523184271250244,35.31666666666666
MSLesSeg,CATMIL,0.9,5,0.8792654765107812,0.8307178701457877,0.8484027826127816,0.8588760007514324,34.25
MSLesSeg,CATMIL,0.9,7,0.868776514076823,0.8148127727218117,0.8689897711317951,0.8649584730604296,32.666666666666664
MSLesSeg,CATMIL,0.9,10,0.8585555777799699,0.8022641195781928,0.8869399684949144,0.8688551396247381,31.03333333333333
MSLesSeg,CATMIL,0.9,15,0.8452564182671489,0.7811853507963348,0.9115456542663809,0.8737724052112327,29.133333333333333
MSLesSeg,CATMIL,0.9,20,0.8312389404065291,0.7624456649799899,0.9220145847211245,0.8706384029858532,27.866666666666667
MSLesSeg,CATMIL,0.9,30,0.7954165327517336,0.7137812917017723,0.9401014336443885,0.8574694497995624,25.566666666666666
MSLesSeg,CATMIL,0.9,50,0.6799216166096762,0.5445891260193318,0.9593771618869373,0.7890553434124957,20.966666666666665
MSLesSeg,CATMIL,0.9,60,0.617781140558839,0.4520855213732788,0.9596319510237796,0.7449334614775813,19.1
MSLesSeg,CATMIL,0.9,85,0.4916704328069074,0.2762988218451605,0.9638001034386596,0.6427652934684215,14.683333333333334
MSLesSeg,CATMIL,0.9,100,0.43412610484378006,0.1990429721350774,0.9642117949493733,0.5900241705029615,12.633333333333333
MSLesSeg,CATMIL,0.9,170,0.27050217889628014,0.03745792261810569,0.9688975359772073,0.4072892544198695,7.65
MSLesSeg,DiceCE,0.1,1,0.8670954744395912,0.8226635632356457,0.8227860845004539,0.8368551037654577,33.66666666666667
MSLesSeg,DiceCE,0.1,2,0.8601686942236061,0.8121886440536326,0.8388880542649373,0.8428122494054703,32.25
MSLesSeg,DiceCE,0.1,3,0.8553763699821182,0.8039083569832999,0.8512526118289976,0.8472087917151534,31.416666666666668
MSLesSeg,DiceCE,0.1,4,0.8537186564197089,0.8015577340491529,0.856473950140594,0.8491279594651809,31.01666666666667
MSLesSeg,DiceCE,0.1,5,0.852285376893209,0.7995245714324662,0.859157645688572,0.8496302859155129,30.75
MSLesSeg,DiceCE,0.1,7,0.8489026360966033,0.7956637115532997,0.8695395520153033,0.8531519526094167,30.1
MSLesSeg,DiceCE,0.1,10,0.8419640131976038,0.7880246561854113,0.8791254963039308,0.8544505520617568,29.3
MSLesSeg,DiceCE,0.1,15,0.8382386304622621,0.7820033983306295,0.89580162183711,0.8606052444414927,28.3
MSLesSeg,DiceCE,0.1,20,0.8302873141077234,0.7712515791691994,0.9109044815276922,0.8633520055299947,27.31666666666667
MSLesSeg,DiceCE,0.1,30,0.8042551866886697,0.7316256383247229,0.9273096339912721,0.8559364185981689,25.483333333333334
MSLesSeg,DiceCE,0.1,50,0.7080893471733082,0.591608011024487,0.9548675321417767,0.8044518741501777,21.216666666666665
MSLesSeg,DiceCE,0.1,60,0.6591196718157564,0.5141746732164353,0.9558568518292339,0.7713571996994835,19.716666666666665
MSLesSeg,DiceCE,0.1,85,0.5378816093258184,0.33626336933259127,0.9580004038064066,0.6804269747116165,15.85
MSLesSeg,DiceCE,0.1,100,0.48081850212572935,0.2621745840395726,0.9575419266803179,0.6305747860006199,13.883333333333335
MSLesSeg,DiceCE,0.1,170,0.2972617631581402,0.057530748872282045,0.9701076686000863,0.4417555139535163,8.366666666666665
MSLesSeg,DiceCE,0.2,1,0.8593170458719577,0.8109146256743511,0.835326043612502,0.8400210782617055,33.11666666666666
MSLesSeg,DiceCE,0.2,2,0.8558126889922608,0.8058878679588062,0.8495920989303964,0.8461673918702786,31.95
MSLesSeg,DiceCE,0.2,3,0.8520334660890615,0.7998194511438219,0.8567526753491673,0.8481303889414585,31.28333333333334
MSLesSeg,DiceCE,0.2,4,0.8500721077752441,0.7971739484983191,0.863826255791887,0.8506188165606428,30.833333333333332
MSLesSeg,DiceCE,0.2,5,0.8480738564973318,0.7944161482004731,0.8684759236020613,0.8518553329657458,30.48333333333333
MSLesSeg,DiceCE,0.2,7,0.8438597343030214,0.790737597960138,0.8776962758454923,0.854856241320723,29.833333333333332
MSLesSeg,DiceCE,0.2,10,0.837683229270573,0.7818588945591234,0.8903038328390277,0.8578792636193817,29.0
MSLesSeg,DiceCE,0.2,15,0.8350731014213931,0.7789607675992116,0.9053200778007836,0.8635797096940376,28.18333333333333
MSLesSeg,DiceCE,0.2,20,0.8248155742708709,0.763609088280141,0.9175594007706799,0.8634472572599285,27.05
MSLesSeg,DiceCE,0.2,30,0.7963324214663257,0.7200570126542667,0.936458025106807,0.8549970206599324,25.083333333333336
MSLesSeg,DiceCE,0.2,50,0.6978202638130884,0.5744924413030821,0.9558014963320437,0.7979155062844691,21.01666666666667
MSLesSeg,DiceCE,0.2,60,0.6391877692599175,0.4862985587384901,0.9562505176949806,0.757140742893428,19.316666666666666
MSLesSeg,DiceCE,0.2,85,0.522927659983166,0.3173251607490738,0.9594316050064684,0.6680779103338542,15.333333333333334
MSLesSeg,DiceCE,0.2,100,0.46013508213375837,0.23720122300785915,0.9583999113986874,0.612106380867222,13.3
MSLesSeg,DiceCE,0.2,170,0.2910335501805012,0.05374911786239017,0.9708261168003449,0.4353377344288519,8.183333333333334
MSLesSeg,DiceCE,0.3,1,0.8546530101340984,0.8034422157848932,0.8388809363256391,0.8395869342918345,32.8
MSLesSeg,DiceCE,0.3,2,0.8515130726735164,0.8007373255399571,0.856153088808717,0.8477627679236797,31.6
MSLesSeg,DiceCE,0.3,3,0.8472148105542349,0.795564066304913,0.8653421699990609,0.8502451104225074,30.81666666666667
MSLesSeg,DiceCE,0.3,4,0.8465447277793038,0.7946461919087777,0.8705002436110785,0.8525093616118354,30.46666666666667
MSLesSeg,DiceCE,0.3,5,0.8444413654778729,0.7916951548959558,0.8774558647744565,0.8551548485861392,30.03333333333333
MSLesSeg,DiceCE,0.3,7,0.8405890942386337,0.7866245375312881,0.8855089001300908,0.8568856978655347,29.43333333333333
MSLesSeg,DiceCE,0.3,10,0.8357339223643336,0.7798866935251375,0.8933113193522975,0.858125454902251,28.85
MSLesSeg,DiceCE,0.3,15,0.8310877959265437,0.7727996219815442,0.9097855416012355,0.8636987723093759,27.916666666666668
MSLesSeg,DiceCE,0.3,20,0.8225717300813475,0.7609716371644291,0.9207389387843115,0.8635631156307347,26.883333333333333
MSLesSeg,DiceCE,0.3,30,0.7858683504622599,0.7074814545781365,0.9387233135341899,0.849093270390448,24.666666666666664
MSLesSeg,DiceCE,0.3,50,0.6866297718350604,0.5579485488238348,0.9567767808412725,0.7902215006566058,20.616666666666667
MSLesSeg,DiceCE,0.3,60,0.6301029921825346,0.4713186945480996,0.9582619713585906,0.7513329023444657,19.083333333333332
MSLesSeg,DiceCE,0.3,85,0.5171827087279158,0.3103779955953869,0.9602333532669961,0.6631864780941809,15.15
MSLesSeg,DiceCE,0.3,100,0.45205756254877877,0.23109586298945567,0.9617638096701444,0.6053195642717413,13.0
MSLesSeg,DiceCE,0.3,170,0.2861419318947201,0.04642936233611291,0.9708261167729411,0.4296349641576664,8.05
MSLesSeg,DiceCE,0.4,1,0.8508337280665949,0.8007046956560686,0.8478136948569739,0.8428224659371878,32.31666666666667
MSLesSeg,DiceCE,0.4,2,0.8485716689408237,0.7974239696865555,0.862428823811193,0.8495874177439955,31.3
MSLesSeg,DiceCE,0.4,3,0.845036603573111,0.7933659986720627,0.8707805272956225,0.8517542775531345,30.6
MSLesSeg,DiceCE,0.4,4,0.8422097270597938,0.7892161312498841,0.876786779136437,0.8533975035095578,30.15
MSLesSeg,DiceCE,0.4,5,0.8416541715042382,0.788338938267428,0.8825114458187819,0.8559890217301398,29.85
MSLesSeg,DiceCE,0.4,7,0.838317773280872,0.7842290560740217,0.8899233646665513,0.8579861158283485,29.366666666666667
MSLesSeg,DiceCE,0.4,10,0.8348957265692054,0.7787916854736077,0.8958805306065795,0.8588414601152149,28.883333333333333
MSLesSeg,DiceCE,0.4,15,0.8293903998244516,0.770902911606573,0.9141359308159549,0.864750973639613,27.85
MSLesSeg,DiceCE,0.4,20,0.818236574997971,0.7556860802770414,0.9252488866880915,0.8628519478934494,26.666666666666668
MSLesSeg,DiceCE,0.4,30,0.7812791594040934,0.6993396174975122,0.9418161953118588,0.847627154967795,24.583333333333336
MSLesSeg,DiceCE,0.4,50,0.680971548688125,0.5498784601702222,0.9588602624882858,0.7870887085869627,20.566666666666666
MSLesSeg,DiceCE,0.4,60,0.6255147963874064,0.46462928090216415,0.9596520414928713,0.748228844196982,19.05
MSLesSeg,DiceCE,0.4,85,0.5086248883049829,0.29676429998512377,0.9619725813479916,0.6567848739748138,14.916666666666666
MSLesSeg,DiceCE,0.4,100,0.4427681215492264,0.21947133413666595,0.9615578282733296,0.5967302842144484,12.916666666666666
MSLesSeg,DiceCE,0.4,170,0.2810453511190526,0.039588017288246125,0.9708066917449051,0.424577196104823,7.9833333333333325
MSLesSeg,DiceCE,0.5,1,0.8467997368867719,0.7956208507781735,0.8522791613230817,0.8432941484815977,31.95
MSLesSeg,DiceCE,0.5,2,0.8453008745125695,0.7934554130292117,0.8651115724505232,0.8490912032465463,31.083333333333332
MSLesSeg,DiceCE,0.5,3,0.8426601006033877,0.7897768627888765,0.8790315247647997,0.8548054717818705,30.3
MSLesSeg,DiceCE,0.5,4,0.8412268210768878,0.7877437001721899,0.8852724664522669,0.8574387732135929,29.916666666666668
MSLesSeg,DiceCE,0.5,5,0.8400671422187255,0.7852980479982768,0.8887179378087644,0.8585970528120299,29.666666666666668
MSLesSeg,DiceCE,0.5,7,0.8362803704517654,0.7806274342658782,0.8932907752023691,0.8584636566043405,29.25
MSLesSeg,DiceCE,0.5,10,0.8319117797327996,0.7743340135159358,0.9009307963145838,0.8597890831291692,28.633333333333333
MSLesSeg,DiceCE,0.5,15,0.8265149555640832,0.7660617779753935,0.9175729626496969,0.864617537398626,27.616666666666667
MSLesSeg,DiceCE,0.5,20,0.814555068618396,0.7530169981514375,0.929067351250709,0.8623477283774481,26.416666666666668
MSLesSeg,DiceCE,0.5,30,0.778916405331643,0.6961149798163528,0.9449889335458771,0.8474665259824139,24.466666666666665
MSLesSeg,DiceCE,0.5,50,0.673816481533058,0.5405843916656273,0.9600270977374666,0.7824860401865613,20.4
MSLesSeg,DiceCE,0.5,60,0.6190562182208007,0.4563277334158341,0.9609923752681162,0.7435944062252599,18.833333333333336
MSLesSeg,DiceCE,0.5,85,0.5016775333343721,0.29176012287568354,0.961199794814965,0.6510696333584793,14.816666666666666
MSLesSeg,DiceCE,0.5,100,0.43989860192902663,0.2157927838963308,0.9615090953274874,0.5937327747030208,12.833333333333334
MSLesSeg,DiceCE,0.5,170,0.2772651761637248,0.03789777114147823,0.97062150653656,0.41983453508081664,7.9
MSLesSeg,DiceCE,0.6,1,0.8456884714117943,0.7940109685847672,0.8560087039757226,0.8444675996499008,31.75
MSLesSeg,DiceCE,0.6,2,0.8437622586102413,0.7912502927405674,0.871502670701718,0.8517585666549984,30.75
MSLesSeg,DiceCE,0.6,3,0.8409535970331719,0.7873733298018195,0.8829807903866312,0.8561215268177891,30.15
MSLesSeg,DiceCE,0.6,4,0.8409535970331719,0.7873733298018195,0.8874338161887738,0.8585324536564185,29.883333333333333
MSLesSeg,DiceCE,0.6,5,0.8385285973048404,0.7832161524381205,0.889064195363576,0.8579974501441014,29.633333333333333
MSLesSeg,DiceCE,0.6,7,0.8343403253775163,0.7798947450549282,0.8957428176872,0.8587331863598319,29.1
MSLesSeg,DiceCE,0.6,10,0.8308006686216884,0.7743340135159358,0.9028023596232266,0.8602619426211937,28.51666666666667
MSLesSeg,DiceCE,0.6,15,0.823132369131344,0.7629336073071771,0.9216636012226964,0.8643595079960884,27.366666666666667
MSLesSeg,DiceCE,0.6,20,0.8093889797503795,0.744277925227582,0.9304148527228795,0.8600682800113532,26.21666666666667
MSLesSeg,DiceCE,0.6,30,0.7719873398114757,0.6864703560698985,0.9455578306924078,0.8430327330515744,24.283333333333335
MSLesSeg,DiceCE,0.6,50,0.6678134255525776,0.5318228371975511,0.961479180152708,0.7787231441895464,20.25
MSLesSeg,DiceCE,0.6,60,0.6125437152828048,0.4470650677401249,0.9623382736737698,0.7388091858215414,18.633333333333333
MSLesSeg,DiceCE,0.6,85,0.4920198155679471,0.27647025266876524,0.9622573091682736,0.6428065770589557,14.533333333333335
MSLesSeg,DiceCE,0.6,100,0.4364523678775695,0.2135705616741086,0.962935916047603,0.5905297101789025,12.716666666666667
MSLesSeg,DiceCE,0.6,170,0.27426289768125806,0.035327475092921314,0.9706215065158487,0.4159060583056335,7.816666666666667
MSLesSeg,DiceCE,0.7,1,0.8436247916500459,0.7918535823655961,0.8630494780632343,0.847024723434726,31.53333333333334
MSLesSeg,DiceCE,0.7,2,0.8415489894922766,0.7888996698064205,0.8765141475158801,0.8534056878715045,30.583333333333332
MSLesSeg,DiceCE,0.7,3,0.8386611171997085,0.7846220070504968,0.8873219049620198,0.8571895347547039,29.93333333333333
MSLesSeg,DiceCE,0.7,4,0.8375405898927404,0.7830201763868812,0.8903987444725694,0.8580367271933209,29.65
MSLesSeg,DiceCE,0.7,5,0.8338199319619711,0.778431667070111,0.8939002827969297,0.8578033632443676,29.31666666666667
MSLesSeg,DiceCE,0.7,7,0.8309456875371992,0.774422428999088,0.8995746406007186,0.8585989101278511,28.833333333333332
MSLesSeg,DiceCE,0.7,10,0.8288513617154489,0.7723618124819498,0.9107438330517678,0.8628292073863275,28.18333333333333
MSLesSeg,DiceCE,0.7,15,0.8205878241298665,0.7609614062731912,0.9237443028522712,0.8635121139581138,27.18333333333333
MSLesSeg,DiceCE,0.7,20,0.8030749701036826,0.7329308714634801,0.9321337582508777,0.8567022483269344,26.05
MSLesSeg,DiceCE,0.7,30,0.7650793919872043,0.6773611700613988,0.9505226435758083,0.840049692220162,23.98333333333333
MSLesSeg,DiceCE,0.7,50,0.6614642898827974,0.523577653912322,0.9613613808971735,0.773648156533506,20.116666666666667
MSLesSeg,DiceCE,0.7,60,0.6036461861956963,0.43456875716029036,0.9635907656887749,0.7325921175333607,18.4
MSLesSeg,DiceCE,0.7,85,0.4850580541252424,0.26533983412129863,0.9623639994970308,0.6364673370376985,14.366666666666665
MSLesSeg,DiceCE,0.7,100,0.4287114994615136,0.2031159447807045,0.9626433443229676,0.5826996499925279,12.483333333333334
MSLesSeg,DiceCE,0.7,170,0.2730067676546363,0.03348467364485671,0.9726056334949027,0.41461796149706454,7.816666666666667
MSLesSeg,DiceCE,0.8,1,0.8408650744446493,0.7887622186907084,0.8725193726559516,0.8507297346414655,31.05
MSLesSeg,DiceCE,0.8,2,0.8372584127447673,0.7837528655978312,0.8860451366949537,0.8559814927660032,30.1
MSLesSeg,DiceCE,0.8,3,0.8352361963878197,0.7819010137459794,0.8927182947637023,0.8580824566290938,29.65
MSLesSeg,DiceCE,0.8,4,0.8332080553907035,0.7782913404080452,0.8961415402844908,0.858386289924064,29.416666666666664
MSLesSeg,DiceCE,0.8,5,0.8317746215003371,0.7764026815628646,0.9003938088761301,0.8595268690523479,29.166666666666668
MSLesSeg,DiceCE,0.8,7,0.828860777911306,0.7722092571806531,0.9052775867952338,0.8602085290028935,28.68333333333333
MSLesSeg,DiceCE,0.8,10,0.826871788465384,0.7694434053530164,0.9162556862782457,0.8641674977070283,28.083333333333332
MSLesSeg,DiceCE,0.8,15,0.8171573553024307,0.7551929089429089,0.9287719790526259,0.8637235934337457,27.066666666666663
MSLesSeg,DiceCE,0.8,20,0.7956770705189673,0.7220102123277181,0.9369725851166898,0.8540292092709679,25.73333333333333
MSLesSeg,DiceCE,0.8,30,0.7602381357610238,0.6695751742748309,0.9525740459676848,0.837559436923654,23.81666666666667
MSLesSeg,DiceCE,0.8,50,0.6504252141564912,0.505758453132595,0.9613739351935724,0.7659536839323371,19.916666666666664
MSLesSeg,DiceCE,0.8,60,0.5937342085941393,0.4205084404111864,0.9632073995735599,0.724608949410554,18.116666666666667
MSLesSeg,DiceCE,0.8,85,0.47573129112761664,0.25382787534103324,0.9642306316435872,0.6282191453086902,14.033333333333335
MSLesSeg,DiceCE,0.8,100,0.41988185645282405,0.18998277508574993,0.9624945347850605,0.5743161853948296,12.266666666666667
MSLesSeg,DiceCE,0.8,170,0.26830856088779925,0.028678909233829143,0.9726056334836093,0.4086904585386585,7.683333333333333
MSLesSeg,DiceCE,0.9,1,0.8375802724324231,0.7846910201629881,0.8864880383398409,0.8563576826589852,30.633333333333333
MSLesSeg,DiceCE,0.9,2,0.834260533632496,0.7799368642417841,0.8982113990322892,0.8599607291032131,29.68333333333333
MSLesSeg,DiceCE,0.9,3,0.8308312436932471,0.7749912120678711,0.9015076909849571,0.8597352091976773,29.26666666666667
MSLesSeg,DiceCE,0.9,4,0.8299627815542931,0.77382719090385,0.9048735952845881,0.8607979260283646,29.083333333333332
MSLesSeg,DiceCE,0.9,5,0.8291340019550217,0.7734568205334795,0.9070052566683655,0.8610951223063654,28.916666666666668
MSLesSeg,DiceCE,0.9,7,0.8259639525144806,0.7697447626108953,0.913852925272554,0.8624928620685459,28.45
MSLesSeg,DiceCE,0.9,10,0.819144172628231,0.7567829347320194,0.9203238608619367,0.8613002773664802,27.75
MSLesSeg,DiceCE,0.9,15,0.8095702048481239,0.7429558549552829,0.9330615185166063,0.8608417522123701,26.73333333333333
MSLesSeg,DiceCE,0.9,20,0.7890336837917982,0.7118582321356921,0.9431255972101751,0.8527383089997581,25.46666666666667
MSLesSeg,DiceCE,0.9,30,0.7527000933376824,0.65768129404285,0.9572571531104017,0.8339518277265917,23.5
MSLesSeg,DiceCE,0.9,50,0.6390123975336033,0.48880251348786813,0.9643171415735159,0.7587160264797864,19.633333333333333
MSLesSeg,DiceCE,0.9,60,0.5758607078593263,0.3940631117547594,0.9636724032394666,0.710746794571562,17.65
MSLesSeg,DiceCE,0.9,85,0.46220451711925403,0.23797039440346074,0.9640499027688,0.6148470287778318,13.733333333333334
MSLesSeg,DiceCE,0.9,100,0.4043119184016775,0.17184993961881834,0.9611774422635332,0.5578808166304166,11.883333333333333
MSLesSeg,DiceCE,0.9,170,0.25903344421302643,0.018095809711942433,0.9724987958171342,0.39695448849558695,7.4833333333333325
MSLesSeg,FocalTversky,0.1,1,0.885605289653544,0.8377779418225643,0.8198854180987143,0.8435942750194027,33.766666666666666
MSLesSeg,FocalTversky,0.1,2,0.8841064272793415,0.8356125040736024,0.8321465983432669,0.8497979661168713,32.9
MSLesSeg,FocalTversky,0.1,3,0.8818791882314578,0.8337848068111227,0.8388980000932038,0.8524291316171565,32.5
MSLesSeg,FocalTversky,0.1,4,0.8783703318994982,0.8287764525922421,0.8417895033568573,0.8526231230216258,32.13333333333333
MSLesSeg,FocalTversky,0.1,5,0.8778053601480857,0.8280518149110826,0.8488383855182944,0.8561889373638605,31.8
MSLesSeg,FocalTversky,0.1,7,0.8745999942036675,0.8242764949687146,0.8556147397047962,0.8584325141455948,31.266666666666662
MSLesSeg,FocalTversky,0.1,10,0.8710726142077274,0.8184905930157648,0.8652921234388897,0.8619459684848396,30.616666666666664
MSLesSeg,FocalTversky,0.1,15,0.8632751957929591,0.8064906505266917,0.8811456936859923,0.8665740506595674,29.46666666666667
MSLesSeg,FocalTversky,0.1,20,0.8597873439728346,0.8015593609500933,0.894520163475427,0.8715580747481371,28.633333333333333
MSLesSeg,FocalTversky,0.1,30,0.833783875100363,0.7622501877307369,0.9141939795369056,0.8668917460568973,26.7
MSLesSeg,FocalTversky,0.1,50,0.7561980000737748,0.6468594788760693,0.9457121358520697,0.8336635264423571,22.616666666666667
MSLesSeg,FocalTversky,0.1,60,0.7138429407030402,0.5868357628683716,0.9527881783090197,0.809597675470733,21.133333333333333
MSLesSeg,FocalTversky,0.1,85,0.5991701957101341,0.4169409315576364,0.9593750571469067,0.7307038601570813,17.51666666666667
MSLesSeg,FocalTversky,0.1,100,0.5445413276761488,0.33755838967795493,0.9589245618469571,0.6882472865050581,15.7
MSLesSeg,FocalTversky,0.1,170,0.33646326220065503,0.08869155158342801,0.966448827667772,0.48778484021347557,9.35
MSLesSeg,FocalTversky,0.2,1,0.8840668991035254,0.8355515424909019,0.821314269979346,0.8438074657850295,33.71666666666667
MSLesSeg,FocalTversky,0.2,2,0.8804156423611322,0.8316826310819445,0.8328443622173232,0.848713869338962,32.81666666666667
MSLesSeg,FocalTversky,0.2,3,0.877796252679962,0.8287925556518234,0.8407769413741439,0.8516539524150956,32.36666666666666
MSLesSeg,FocalTversky,0.2,4,0.8760990109417367,0.8263809711349758,0.8439516551298141,0.8529650730070604,32.05
MSLesSeg,FocalTversky,0.2,5,0.8741100214958146,0.8244087701009898,0.8512043128329918,0.8558325914352322,31.65
MSLesSeg,FocalTversky,0.2,7,0.8720461873701998,0.8215186946708686,0.8612009707538848,0.859940430918954,31.066666666666663
MSLesSeg,FocalTversky,0.2,10,0.8670766426403909,0.8129248217034257,0.8674398408952235,0.8608980554854634,30.4
MSLesSeg,FocalTversky,0.2,15,0.8612863607109036,0.804457487910005,0.8862092626123579,0.8680039824239609,29.3
MSLesSeg,FocalTversky,0.2,20,0.8565422245002908,0.797827900656848,0.8984972677971765,0.8718299885085224,28.4
MSLesSeg,FocalTversky,0.2,30,0.8278804397477642,0.7538863584715988,0.9180967740445822,0.8652514439117853,26.416666666666668
MSLesSeg,FocalTversky,0.2,50,0.745099296215112,0.6341842755515524,0.94941408717904,0.8283642278203948,22.283333333333335
MSLesSeg,FocalTversky,0.2,60,0.7060776146167294,0.5786332407528059,0.9540966958150487,0.804578944423417,20.883333333333333
MSLesSeg,FocalTversky,0.2,85,0.5922103331411493,0.40623153776471854,0.9595116755621582,0.7255198995124749,17.3
MSLesSeg,FocalTversky,0.2,100,0.5353196911805764,0.3260146450506862,0.9583583992557292,0.6804430437996241,15.5
MSLesSeg,FocalTversky,0.2,170,0.33052407257389504,0.08440167881529438,0.9663225650180447,0.48132214482054864,9.183333333333334
MSLesSeg,FocalTversky,0.3,1,0.8817254415639993,0.8333941562717306,0.8237130302173649,0.8440631295223129,33.68333333333334
MSLesSeg,FocalTversky,0.3,2,0.8777964070438283,0.8286480518803174,0.8349831857183249,0.848564647887834,32.8
MSLesSeg,FocalTversky,0.3,3,0.8755737217300068,0.8255727912650108,0.8419603274190657,0.8513926428089048,32.33333333333333
MSLesSeg,FocalTversky,0.3,4,0.8747052595910528,0.8244087701009898,0.8475196239490156,0.8543127295942303,31.95
MSLesSeg,FocalTversky,0.3,5,0.8729894941888467,0.8228069394373743,0.8532280951267858,0.8564633223220384,31.616666666666667
MSLesSeg,FocalTversky,0.3,7,0.8706524360195159,0.8195464936368827,0.8623920101316014,0.8598340427670923,31.06666666666667
MSLesSeg,FocalTversky,0.3,10,0.865264802694347,0.8103493310444112,0.8683677735224677,0.8607237212123803,30.383333333333333
MSLesSeg,FocalTversky,0.3,15,0.8587814982491085,0.8007309009111069,0.8898085095242891,0.8682476875185478,29.18333333333333
MSLesSeg,FocalTversky,0.3,20,0.8495934485825396,0.7848325837227439,0.898608204043937,0.8680011814868674,28.3
MSLesSeg,FocalTversky,0.3,30,0.8255043843911055,0.7496375873893036,0.9191304599705805,0.8644603570656699,26.366666666666667
MSLesSeg,FocalTversky,0.3,50,0.7416946501236852,0.6294657653982597,0.9501726435316409,0.82651349566998,22.216666666666665
MSLesSeg,FocalTversky,0.3,60,0.7016907546797168,0.572437304516824,0.9551653348819734,0.8019874035185591,20.783333333333335
MSLesSeg,FocalTversky,0.3,85,0.587505294236872,0.3979397409946609,0.9604736728494266,0.7225632104902638,17.216666666666665
MSLesSeg,FocalTversky,0.3,100,0.5281471236404378,0.31656432028857656,0.9582723717481413,0.6740921705398721,15.35
MSLesSeg,FocalTversky,0.3,170,0.32954101222712257,0.0830737515091062,0.9661963023929179,0.4801763448824132,9.2
MSLesSeg,FocalTversky,0.4,1,0.8797762890216265,0.8312774514662387,0.8247519595073012,0.8435824602164986,33.68333333333333
MSLesSeg,FocalTversky,0.4,2,0.8777964070438283,0.8286480518803174,0.8373743302895249,0.84999894433458,32.75
MSLesSeg,FocalTversky,0.4,3,0.8747449421307353,0.8243252279121844,0.8458284577405266,0.8533434499361778,32.2
MSLesSeg,FocalTversky,0.4,4,0.873867218159791,0.823169258277954,0.8504733135209477,0.8555826426156206,31.816666666666663
MSLesSeg,FocalTversky,0.4,5,0.8727162701451308,0.8224365690670039,0.8562099753731566,0.8579369534209066,31.5
MSLesSeg,FocalTversky,0.4,7,0.8706524360195159,0.8195464936368827,0.8629453430815077,0.8601103916018811,31.1
MSLesSeg,FocalTversky,0.4,10,0.8647183546069153,0.8096085903036704,0.8709638977487512,0.8619277361893746,30.333333333333336
MSLesSeg,FocalTversky,0.4,15,0.8583939013498838,0.8001753453555513,0.8906234682996335,0.8686263091893502,29.2
MSLesSeg,FocalTversky,0.4,20,0.8487552527874114,0.7837375756712142,0.899124766179234,0.8678422715889458,28.26666666666667
MSLesSeg,FocalTversky,0.4,30,0.823965614124911,0.7479473412425358,0.9202137224272805,0.8641860928877154,26.3
MSLesSeg,FocalTversky,0.4,50,0.7416946501236852,0.6294657653982597,0.9510261285954946,0.8268887219471333,22.216666666666665
MSLesSeg,FocalTversky,0.4,60,0.6983182225366927,0.5677251501994065,0.9571391629025172,0.8002606931641667,20.666666666666664
MSLesSeg,FocalTversky,0.4,85,0.5852731513797291,0.3964245894795094,0.9605979451259982,0.720936995942993,17.2
MSLesSeg,FocalTversky,0.4,100,0.5241880271813413,0.310711145685402,0.9578225992941174,0.6709111415226082,15.3
MSLesSeg,FocalTversky,0.4,170,0.32712489770615977,0.0827114326685265,0.9661963023848781,0.47741706144219,9.15
MSLesSeg,FocalTversky,0.5,1,0.8797762890216265,0.8312774514662387,0.8277748564819305,0.8455431242813078,33.666666666666664
MSLesSeg,FocalTversky,0.5,2,0.8758079485863947,0.8249548363535777,0.8413956025390291,0.8515626275944246,32.583333333333336
MSLesSeg,FocalTversky,0.5,3,0.8729900251773348,0.8210859249446205,0.8479851448737946,0.853906321559054,32.11666666666667
MSLesSeg,FocalTversky,0.5,4,0.8721123012063906,0.8207236061040408,0.8522020339841131,0.8557707477733121,31.816666666666663
MSLesSeg,FocalTversky,0.5,5,0.8712741054112623,0.8196285980525111,0.8577726035532882,0.858167896368402,31.51666666666667
MSLesSeg,FocalTversky,0.5,7,0.8673589741522305,0.8134316443155116,0.8636322475066507,0.8591091959138112,31.05
MSLesSeg,FocalTversky,0.5,10,0.863324757620098,0.8074918854981783,0.8730013671198801,0.86251891042613,30.31666666666667
MSLesSeg,FocalTversky,0.5,15,0.8569302011156917,0.7974240226042285,0.8908741521334589,0.8681985649893813,29.26666666666667
MSLesSeg,FocalTversky,0.5,20,0.8470485948533291,0.7818489168260335,0.9019121464916662,0.8684538119187433,28.15
MSLesSeg,FocalTversky,0.5,30,0.823965614124911,0.7479473412425358,0.9204459784297182,0.864349167385727,26.366666666666667
MSLesSeg,FocalTversky,0.5,50,0.7414214260799692,0.6290953950278892,0.9533840187704028,0.8276124593899677,22.21666666666667
MSLesSeg,FocalTversky,0.5,60,0.6929456878209377,0.5591970935878259,0.9573833385257293,0.7967807281083982,20.583333333333336
MSLesSeg,FocalTversky,0.5,85,0.5820452723601462,0.39044201529041345,0.9608812158690707,0.718732396501948,17.133333333333333
MSLesSeg,FocalTversky,0.5,100,0.5173593901546357,0.29911349213122673,0.9584917127824936,0.6658418254759881,15.133333333333331
MSLesSeg,FocalTversky,0.5,170,0.3233593014426474,0.0764760979549309,0.9661963023826955,0.47396089380006323,9.1
MSLesSeg,FocalTversky,0.6,1,0.876042021078916,0.8244813852136506,0.8303914122914442,0.8454622042495614,33.41666666666667
MSLesSeg,FocalTversky,0.6,2,0.8743657838525261,0.8221468653390851,0.8436669033038484,0.8523646693925695,32.43333333333334
MSLesSeg,FocalTversky,0.6,3,0.8715478604434663,0.8182779539301279,0.8485984251083046,0.8535622395739834,32.06666666666667
MSLesSeg,FocalTversky,0.6,4,0.870670136472522,0.817915635089548,0.8532402760294927,0.8555320460938465,31.75
MSLesSeg,FocalTversky,0.6,5,0.8689938992461318,0.8155811152149826,0.8592599661896007,0.8576944080489589,31.43333333333333
MSLesSeg,FocalTversky,0.6,7,0.8656437397385126,0.8101087991591424,0.8641834288271587,0.8585775294430938,30.98333333333333
MSLesSeg,FocalTversky,0.6,10,0.8613268829668073,0.8039512252727355,0.8755918413277266,0.8629219309432289,30.2
MSLesSeg,FocalTversky,0.6,15,0.8544659788477229,0.7922997990017441,0.8922932661387003,0.8677676581017651,29.18333333333333
MSLesSeg,FocalTversky,0.6,20,0.845501319095942,0.778847709096565,0.903277953064509,0.8682834878395805,28.03333333333333
MSLesSeg,FocalTversky,0.6,30,0.822250379711193,0.7446244960861665,0.9218833531876551,0.8641823396116761,26.31666666666667
MSLesSeg,FocalTversky,0.6,50,0.7395519109187504,0.6256921859181584,0.9538074685355029,0.826472255152243,22.18333333333333
MSLesSeg,FocalTversky,0.6,60,0.6874942023044925,0.550576864655812,0.9564910147467598,0.7924471730428114,20.5
MSLesSeg,FocalTversky,0.6,85,0.5762336967878916,0.3800561169697325,0.9601546800546785,0.7141795136008017,17.033333333333335
MSLesSeg,FocalTversky,0.6,100,0.5160940692844667,0.2974019669414406,0.9585710778617236,0.6646965991310818,15.133333333333331
MSLesSeg,FocalTversky,0.6,170,0.3217414748248208,0.0764760979549309,0.9675851912675111,0.4725677218321816,9.083333333333334
MSLesSeg,FocalTversky,0.7,1,0.8752039796476543,0.8232418733906147,0.8315861402453072,0.845827034395696,33.35
MSLesSeg,FocalTversky,0.7,2,0.8734880598815817,0.8209908957048546,0.8471313806890676,0.8538922977549447,32.33333333333333
MSLesSeg,FocalTversky,0.7,3,0.8712653745677601,0.8179156350895482,0.8524049450784801,0.8554729463149344,31.95
MSLesSeg,FocalTversky,0.7,4,0.8701144265530999,0.8171829458785981,0.8558818637654669,0.856535279242569,31.71666666666667
MSLesSeg,FocalTversky,0.7,5,0.8669744890925178,0.8120971032527097,0.8604993368437774,0.8574172174245362,31.383333333333333
MSLesSeg,FocalTversky,0.7,7,0.8636944328322732,0.8072594051427003,0.8668265607241356,0.8589091754317867,30.883333333333333
MSLesSeg,FocalTversky,0.7,10,0.8592889491492125,0.8004833163700441,0.8780456784185882,0.8629927398200629,30.1
MSLesSeg,FocalTversky,0.7,15,0.8535882548767786,0.7911438293675136,0.8934653232397209,0.8678928157897309,29.133333333333333
MSLesSeg,FocalTversky,0.7,20,0.8440283570297596,0.7784853902559853,0.9045333327895115,0.8682655551549701,27.96666666666667
MSLesSeg,FocalTversky,0.7,30,0.8207422555050001,0.7424671098669955,0.9225559000703779,0.8635163819620182,26.28333333333333
MSLesSeg,FocalTversky,0.7,50,0.7369510239541512,0.6237690205167322,0.9538850213126617,0.8250382919140546,22.116666666666667
MSLesSeg,FocalTversky,0.7,60,0.6821807283066618,0.5423773804380211,0.9575671486413586,0.7893445592784545,20.366666666666667
MSLesSeg,FocalTversky,0.7,85,0.5735447919121712,0.3763747098100645,0.9601104129119792,0.7121362885019821,16.98333333333333
MSLesSeg,FocalTversky,0.7,100,0.5123335244091145,0.29205013627782506,0.9585473361700586,0.661356642888159,15.066666666666666
MSLesSeg,FocalTversky,0.7,170,0.3192756360997781,0.07306423606480815,0.9675851912528284,0.46944431261005926,9.05
MSLesSeg,FocalTversky,0.8,1,0.873770545757288,0.8213532145454343,0.8364995477252185,0.8477597461119821,33.18333333333333
MSLesSeg,FocalTversky,0.8,2,0.87265001845032,0.8197513838818187,0.8502266714742305,0.8550557395502008,32.25
MSLesSeg,FocalTversky,0.8,3,0.8703876505968158,0.8175533162489683,0.8543701408796627,0.85594344874436,31.916666666666668
MSLesSeg,FocalTversky,0.8,4,0.868085908931362,0.8135624816746099,0.8599276762417952,0.8576818504976851,31.616666666666667
MSLesSeg,FocalTversky,0.8,5,0.866136447661256,0.8108575914296738,0.863170169896545,0.8583096622298191,31.333333333333332
MSLesSeg,FocalTversky,0.8,7,0.8625831673572956,0.8056495229492942,0.8689380377843738,0.8596612277083461,30.75
MSLesSeg,FocalTversky,0.8,10,0.8569480559325644,0.7956486602853879,0.8824049265570387,0.8641111266371345,29.95
MSLesSeg,FocalTversky,0.8,15,0.8522039197219516,0.789019073032231,0.8950536379720523,0.8678016432082141,29.03333333333333
MSLesSeg,FocalTversky,0.8,20,0.8403289956319148,0.7722096500414579,0.9068558595534665,0.867075037839566,27.8
MSLesSeg,FocalTversky,0.8,30,0.8169622349135389,0.7363739372120379,0.9250819011649462,0.862515252060958,26.133333333333333
MSLesSeg,FocalTversky,0.8,50,0.7350111332437688,0.6208345475822592,0.9548347514046807,0.8243188593031731,22.066666666666666
MSLesSeg,FocalTversky,0.8,60,0.6798086247071339,0.5390347126388317,0.9579173570404373,0.787760325396924,20.21666666666667
MSLesSeg,FocalTversky,0.8,85,0.5703083964981643,0.3716859726213273,0.9599929932906359,0.7094877068008811,16.9
MSLesSeg,FocalTversky,0.8,100,0.5074334163572317,0.28357791405560284,0.9601322697479698,0.6579473311697314,14.9
MSLesSeg,FocalTversky,0.8,170,0.31812521907360614,0.07061053236110444,0.9675851912519308,0.4684851512539055,9.016666666666666
MSLesSeg,FocalTversky,0.9,1,0.8723465280627785,0.8201056511926078,0.8431206547660277,0.8507219754203236,32.83333333333333
MSLesSeg,FocalTversky,0.9,2,0.8709526223482282,0.8182779539301279,0.8515811874098617,0.8549394583795497,32.1
MSLesSeg,FocalTversky,0.9,3,0.869285492589962,0.8160798862972776,0.8574341847637967,0.8569484210933508,31.76666666666667
MSLesSeg,FocalTversky,0.9,4,0.8658863177222267,0.8105759392315457,0.8622942200054883,0.8576753835276891,31.43333333333333
MSLesSeg,FocalTversky,0.9,5,0.8642102348597032,0.808096915585474,0.8657779538013246,0.8587717568100584,31.133333333333336
MSLesSeg,FocalTversky,0.9,7,0.8598847182329387,0.8011432542582428,0.8759224092979748,0.8618491969167247,30.43333333333333
MSLesSeg,FocalTversky,0.9,10,0.8548535757469476,0.7928553545572996,0.8856809649729298,0.8647733964147275,29.7
MSLesSeg,FocalTversky,0.9,15,0.8490032952098516,0.7858973799105378,0.8976103454273214,0.8675303565019803,28.78333333333333
MSLesSeg,FocalTversky,0.9,20,0.837847056204296,0.7690837984373454,0.9086504779543164,0.8666634013117142,27.666666666666668
MSLesSeg,FocalTversky,0.9,30,0.8140558389569902,0.732535657938976,0.9305630806319047,0.8631834987285251,25.883333333333333
MSLesSeg,FocalTversky,0.9,50,0.7271098790741066,0.6086318825678093,0.9546365503794274,0.8193254745304321,21.916666666666664
MSLesSeg,FocalTversky,0.9,60,0.6696631720319854,0.5231878637084586,0.9577962160152598,0.7808530397367962,19.983333333333334
MSLesSeg,FocalTversky,0.9,85,0.5639284273791431,0.3645452680635747,0.9602034011151528,0.7042790805771157,16.766666666666666
MSLesSeg,FocalTversky,0.9,100,0.5024165870913914,0.2772685264561695,0.9612615432478236,0.6536885621681231,14.716666666666665
MSLesSeg,FocalTversky,0.9,170,0.3152741311815347,0.06885127310184518,0.9674336760928197,0.46517609446072355,8.933333333333334
MSLesSeg,Tversky,0.1,1,0.8870375905784907,0.8441839140180102,0.8057181308006853,0.8355674324922632,34.2
MSLesSeg,Tversky,0.1,2,0.8837925420943902,0.8389048346771458,0.8148448904413627,0.8398702595371084,33.31666666666666
MSLesSeg,Tversky,0.1,3,0.8817287079687753,0.8360147592470246,0.8234556550860859,0.8438440395839386,32.75
MSLesSeg,Tversky,0.1,4,0.8796041867916428,0.832337510569776,0.831546570285072,0.8473813595551654,32.266666666666666
MSLesSeg,Tversky,0.1,5,0.8783878102931464,0.8305343916613939,0.8395328721842155,0.8511820641934259,31.9
MSLesSeg,Tversky,0.1,7,0.8745030287533639,0.8255950878090467,0.8476288380483453,0.8539494171595688,31.25
MSLesSeg,Tversky,0.1,10,0.8704590872976414,0.8200968918360223,0.8527708484723023,0.8551549701290722,30.616666666666667
MSLesSeg,Tversky,0.1,15,0.8657269191191832,0.8135311417119198,0.8659183980154225,0.8605761099988,29.666666666666668
MSLesSeg,Tversky,0.1,20,0.8593725218611485,0.8039867830914742,0.8792829190009119,0.8641643392139295,28.7
MSLesSeg,Tversky,0.1,30,0.8372936329298021,0.7728355092657152,0.9075708999185869,0.8661093197837164,26.666666666666668
MSLesSeg,Tversky,0.1,50,0.7610932427136671,0.6581721216532429,0.936668069318866,0.8338636485082155,22.783333333333335
MSLesSeg,Tversky,0.1,60,0.7070867350072845,0.5735856656480227,0.9402586329209234,0.8011745841668777,21.033333333333335
MSLesSeg,Tversky,0.1,85,0.6061248770987901,0.4237265726052911,0.9494676769457909,0.7326252627779051,17.566666666666666
MSLesSeg,Tversky,0.1,100,0.5485283313669684,0.3420062743003246,0.950180062682997,0.688179691119205,15.616666666666665
MSLesSeg,Tversky,0.1,170,0.3449092261066082,0.09838061813176228,0.9604507517184266,0.4957547395659388,9.483333333333333
MSLesSeg,Tversky,0.2,1,0.8839513932825971,0.839090019862331,0.8070851598199262,0.835075863806954,34.03333333333333
MSLesSeg,Tversky,0.2,2,0.8825667494000372,0.8372542710700606,0.8173813145115428,0.8408440240486106,33.28333333333333
MSLesSeg,Tversky,0.2,3,0.8805029152744221,0.8343641956399394,0.8289880536244129,0.8463939039553731,32.65
MSLesSeg,Tversky,0.2,4,0.8780959082215833,0.830324628122111,0.836983244773904,0.8496802058013989,32.15
MSLesSeg,Tversky,0.2,5,0.8757239589859219,0.8274326946466534,0.8424249354793526,0.8514136519716891,31.78333333333333
MSLesSeg,Tversky,0.2,7,0.8731000155706896,0.8236309383048512,0.8489499584377901,0.853998266237431,31.25
MSLesSeg,Tversky,0.2,10,0.8690560741149671,0.8181327423318271,0.8550229141973199,0.8555536365365166,30.6
MSLesSeg,Tversky,0.2,15,0.8637197826339023,0.8099985330162676,0.8683710271969278,0.8608460329890141,29.56666666666667
MSLesSeg,Tversky,0.2,20,0.8542252522039547,0.7969203893402977,0.8847741848945951,0.864250257181794,28.53333333333333
MSLesSeg,Tversky,0.2,30,0.8332801418227508,0.7672052995737206,0.910624117845828,0.8651267304689736,26.583333333333332
MSLesSeg,Tversky,0.2,50,0.7515164563974885,0.6434741489546981,0.9383160057675696,0.8286425102874801,22.566666666666666
MSLesSeg,Tversky,0.2,60,0.7002788813808701,0.5645727079937606,0.9411291061555993,0.7967689933496989,20.85
MSLesSeg,Tversky,0.2,85,0.5970497687545938,0.41080955445944,0.949028964793329,0.7251324635186813,17.366666666666667
MSLesSeg,Tversky,0.2,100,0.543863986901376,0.33482287195387883,0.9498571492246736,0.6843107549534333,15.5
MSLesSeg,Tversky,0.2,170,0.3399999132870716,0.09331032208320537,0.96474867599496,0.4910252462304919,9.316666666666666
MSLesSeg,Tversky,0.3,1,0.8825576419319132,0.8371178188283451,0.8128215020716588,0.8378441852859095,33.83333333333333
MSLesSeg,Tversky,0.3,2,0.8807761393181381,0.8347345660103098,0.8234131999946772,0.8434202714585901,33.06666666666666
MSLesSeg,Tversky,0.3,3,0.8780773845576026,0.8303407311816923,0.8338359862275091,0.8478585621741986,32.45
MSLesSeg,Tversky,0.3,4,0.8762702527094872,0.8283179391589002,0.8411836959746936,0.850993725464653,31.96666666666667
MSLesSeg,Tversky,0.3,5,0.8746081397768825,0.8257883245240224,0.846873190832308,0.8534572454765916,31.6
MSLesSeg,Tversky,0.3,7,0.8717155260519963,0.8216506857410748,0.8505835167027872,0.8541500261678932,31.166666666666668
MSLesSeg,Tversky,0.3,10,0.8669525574496697,0.8153262090905111,0.8573297444604406,0.8557750938422879,30.43333333333333
MSLesSeg,Tversky,0.3,15,0.8611188956693031,0.8080753676148413,0.8723835878024355,0.8618072533391082,29.366666666666667
MSLesSeg,Tversky,0.3,20,0.8519053634991419,0.7929564486915746,0.8895425571079109,0.8651924943642543,28.366666666666667
MSLesSeg,Tversky,0.3,30,0.8308940682933039,0.7639132227633372,0.9130154295537214,0.8648959140521649,26.43333333333333
MSLesSeg,Tversky,0.3,50,0.7471527448469615,0.6369237905708157,0.9406912141478335,0.8268128272747017,22.383333333333333
MSLesSeg,Tversky,0.3,60,0.6939690488436132,0.5557138458625872,0.9407860441954631,0.7919509958251678,20.716666666666665
MSLesSeg,Tversky,0.3,85,0.5909572519868895,0.40115174796810954,0.9490328885991449,0.7205045537898112,17.23333333333333
MSLesSeg,Tversky,0.3,100,0.5388516935137426,0.3271930520957981,0.949179001831942,0.6802599468209742,15.416666666666666
MSLesSeg,Tversky,0.3,170,0.33608413561208994,0.0919823947770172,0.9647486759776136,0.4863821994638262,9.216666666666667
MSLesSeg,Tversky,0.4,1,0.8814462220930691,0.8356524404064449,0.8142096632447501,0.8382641576240705,33.75
MSLesSeg,Tversky,0.4,2,0.8793870960653827,0.8327198255173084,0.8300966198701696,0.8464204549257286,32.833333333333336
MSLesSeg,Tversky,0.4,3,0.875987766833781,0.8279556203183205,0.8377799519700307,0.8490951826087354,32.21666666666666
MSLesSeg,Tversky,0.4,4,0.8748812094567319,0.8263031986658989,0.8449262716033296,0.8525424042659001,31.833333333333332
MSLesSeg,Tversky,0.4,5,0.8740524298574603,0.8250556353130725,0.8489343328020353,0.8544729251020952,31.53333333333333
MSLesSeg,Tversky,0.4,7,0.870877330256868,0.8205556776895448,0.851990120292925,0.8546715064231385,31.1
MSLesSeg,Tversky,0.4,10,0.8658412919746923,0.8137163268971049,0.8598207507739684,0.8567712113298409,30.35
MSLesSeg,Tversky,0.4,15,0.8602806998741748,0.8069803595633115,0.8746772152391221,0.8626417744071745,29.3
MSLesSeg,Tversky,0.4,20,0.8505116121484579,0.7909842476575886,0.8935755023648806,0.8665539763396699,28.23333333333333
MSLesSeg,Tversky,0.4,30,0.8295001625787537,0.7620855255008573,0.9152105917465778,0.8649778937721198,26.333333333333336
MSLesSeg,Tversky,0.4,50,0.7410552616036463,0.6268872594902343,0.9411043572865083,0.8228348985139651,22.25
MSLesSeg,Tversky,0.4,60,0.6913421072071276,0.552132065324285,0.9420402980806181,0.7906233040556815,20.616666666666667
MSLesSeg,Tversky,0.4,85,0.5867575501181,0.3953142561523569,0.9487679785707777,0.7172104232311944,17.083333333333336
MSLesSeg,Tversky,0.4,100,0.535413367094813,0.323226235900721,0.9490656977347323,0.6774948065868666,15.35
MSLesSeg,Tversky,0.4,170,0.3318912197903151,0.08765122071758227,0.9646571008696165,0.4816869920389446,9.1
MSLesSeg,Tversky,0.5,1,0.8798984153471938,0.8335785963760791,0.8187825113391061,0.840186207983111,33.6
MSLesSeg,Tversky,0.5,2,0.8776013817796684,0.8295452223427052,0.8299176996672759,0.8454830435295471,32.86666666666667
MSLesSeg,Tversky,0.5,3,0.875392528738543,0.8271619695246699,0.8392062041598252,0.8497126152129034,32.2
MSLesSeg,Tversky,0.5,4,0.8737304158059382,0.8246323548897919,0.8453437275697546,0.8522966699416233,31.8
MSLesSeg,Tversky,0.5,5,0.8720727022435287,0.822281731955645,0.8484984874891985,0.8531681595713454,31.53333333333333
MSLesSeg,Tversky,0.5,7,0.8686945318876289,0.8176485003258458,0.8530413847864509,0.8541380308409028,30.98333333333333
MSLesSeg,Tversky,0.5,10,0.8639415104696475,0.8102441046748827,0.8611572478946885,0.8568529600835573,30.3
MSLesSeg,Tversky,0.5,15,0.8562287493532489,0.7997076825623737,0.8741900966459545,0.8603148110048705,29.25
MSLesSeg,Tversky,0.5,20,0.847887856431482,0.7889510850409021,0.8929004672863368,0.8648781388935312,28.21666666666667
MSLesSeg,Tversky,0.5,30,0.8266969821470542,0.7580974302627621,0.9163544010492937,0.8639301577537557,26.25
MSLesSeg,Tversky,0.5,50,0.7383961893827935,0.6232035332664623,0.9411021572775693,0.8208845377486369,22.183333333333334
MSLesSeg,Tversky,0.5,60,0.6886177232122519,0.5482971039893236,0.9427644013720584,0.7890428939422762,20.56666666666667
MSLesSeg,Tversky,0.5,85,0.5847521266010485,0.3925761609142616,0.9520794180820087,0.7163818975605336,16.983333333333334
MSLesSeg,Tversky,0.5,100,0.5322173963988422,0.32124210891659405,0.9494955919094983,0.6749594439645052,15.25
MSLesSeg,Tversky,0.5,170,0.32938337581391075,0.08513281722091791,0.9646571008622595,0.4786879430013083,9.0
MSLesSeg,Tversky,0.6,1,0.8790650820138606,0.8322965450940278,0.8223028564009963,0.8417454230491039,33.416666666666664
MSLesSeg,Tversky,0.6,2,0.8766488131290313,0.8282650291059902,0.8329650596429119,0.8468470393211577,32.71666666666667
MSLesSeg,Tversky,0.6,3,0.8748368188191208,0.8264292803137196,0.8404487863565272,0.850121917628306,32.13333333333333
MSLesSeg,Tversky,0.6,4,0.8726191503309606,0.8230224726963857,0.8465381253356729,0.8523750032986654,31.71666666666667
MSLesSeg,Tversky,0.6,5,0.8708376477171853,0.8206392198783503,0.8488200627027924,0.8526671219990835,31.46666666666667
MSLesSeg,Tversky,0.6,7,0.8673006261730786,0.8158208030633659,0.8527046914107673,0.8532430192653992,30.95
MSLesSeg,Tversky,0.6,10,0.8631033146745193,0.8091490966233529,0.8634276169030268,0.8575900043048579,30.166666666666668
MSLesSeg,Tversky,0.6,15,0.8559462634775429,0.799345363721794,0.8781313714191729,0.8621308420488617,29.15
MSLesSeg,Tversky,0.6,20,0.8470496606363538,0.7878560769893722,0.8950092117134174,0.8655228656854426,28.1
MSLesSeg,Tversky,0.6,30,0.8248364231816471,0.7547986034856744,0.9173081564549689,0.8635044048442676,26.2
MSLesSeg,Tversky,0.6,50,0.7328349581986462,0.6153124363135805,0.9405686157247327,0.8168562074291621,22.05
MSLesSeg,Tversky,0.6,60,0.685751164159252,0.5442307787559504,0.9457222088675502,0.787951440211121,20.43333333333333
MSLesSeg,Tversky,0.6,85,0.583372207523061,0.3907007295823085,0.9520017414636893,0.7152176514947467,16.93333333333333
MSLesSeg,Tversky,0.6,100,0.5255086080093384,0.31207128376750803,0.9488270645239657,0.6692203541948141,15.083333333333334
MSLesSeg,Tversky,0.6,170,0.3271400626128754,0.08193837277647346,0.964565525766514,0.47663921442657237,8.916666666666668
MSLesSeg,Tversky,0.7,1,0.8790650820138606,0.8322965450940278,0.823373119611546,0.8422074195384018,33.45
MSLesSeg,Tversky,0.7,2,0.8766488131290313,0.8282650291059902,0.833114569800955,0.8470560963325384,32.7
MSLesSeg,Tversky,0.7,3,0.8742812632635653,0.8255520873312635,0.8423185970608087,0.8511397122865988,32.06666666666667
MSLesSeg,Tversky,0.7,4,0.8723366644552544,0.822660153855806,0.8474856184139566,0.8527832562112161,31.71666666666667
MSLesSeg,Tversky,0.7,5,0.8697171204102174,0.8190373892147347,0.8502910940848583,0.8529751901932329,31.35
MSLesSeg,Tversky,0.7,7,0.8658016094350096,0.8137998690859103,0.8552794710926321,0.8540459617271436,30.78333333333333
MSLesSeg,Tversky,0.7,10,0.8610747970527812,0.807909584800317,0.866378350726745,0.8583388061470167,30.05
MSLesSeg,Tversky,0.7,15,0.8553907079219872,0.7984681707393377,0.8822776437900167,0.8638043975938731,29.06666666666667
MSLesSeg,Tversky,0.7,20,0.8450909375342575,0.7851592382742268,0.8972660334736758,0.8654636184948398,27.96666666666667
MSLesSeg,Tversky,0.7,30,0.8236856295308534,0.7531277597095676,0.9185528993660869,0.8633139677521363,26.2
MSLesSeg,Tversky,0.7,50,0.7288353660330704,0.6095084109042919,0.9410966233197868,0.8144306624882247,21.983333333333334
MSLesSeg,Tversky,0.7,60,0.6837529128813398,0.5414729784581043,0.9464734344245151,0.7865312108429519,20.4
MSLesSeg,Tversky,0.7,85,0.5765204195656698,0.3792061341489259,0.9517450638587384,0.7099453871331931,16.81666666666667
MSLesSeg,Tversky,0.7,100,0.5218270849231195,0.3060576571703574,0.948786315462983,0.6661303508415066,15.033333333333335
MSLesSeg,Tversky,0.7,170,0.3235912983889236,0.07624118899576565,0.9645110595272305,0.4728849056920084,8.816666666666666
MSLesSeg,Tversky,0.8,1,0.8781873580429161,0.8311405754597974,0.8269429637638623,0.8442224544791153,33.36666666666667
MSLesSeg,Tversky,0.8,2,0.8757803509900773,0.8271010079419691,0.8364534194203543,0.8484926989463519,32.6
MSLesSeg,Tversky,0.8,3,0.8728478293731989,0.8236634284860829,0.8426013989056802,0.8504267500645716,32.08333333333333
MSLesSeg,Tversky,0.8,4,0.8684122003757893,0.8171416777137601,0.8488448184294132,0.8515013542375,31.566666666666663
MSLesSeg,Tversky,0.8,5,0.8673007805369451,0.8156762992918599,0.8513073658896776,0.852495557369557,31.3
MSLesSeg,Tversky,0.8,7,0.8640951058647939,0.8113963360988532,0.8581141630384813,0.8549590201734583,30.7
MSLesSeg,Tversky,0.8,10,0.8592537662631899,0.8054653703995809,0.8696247739831902,0.8590687838978524,29.96666666666667
MSLesSeg,Tversky,0.8,15,0.8519689699380535,0.7927417925959116,0.8837885449739673,0.8626605219607274,28.95
MSLesSeg,Tversky,0.8,20,0.8430715273806433,0.7824688771056048,0.9003901879679693,0.8657830614612271,27.916666666666668
MSLesSeg,Tversky,0.8,30,0.8221165929208331,0.7509981300799378,0.9201568700788139,0.8633314721655768,26.2
MSLesSeg,Tversky,0.8,50,0.7219433478408647,0.6001292000862939,0.9417203328090965,0.8099507883614429,21.816666666666666
MSLesSeg,Tversky,0.8,60,0.6788366773309003,0.5333575964039351,0.9480554812468288,0.7836778756413683,20.233333333333334
MSLesSeg,Tversky,0.8,85,0.5727343068399776,0.37436070582523673,0.9516534887653532,0.7068838695469477,16.73333333333333
MSLesSeg,Tversky,0.8,100,0.5155212683464712,0.299542202966116,0.9492913659577304,0.6607456139051765,14.9
MSLesSeg,Tversky,0.8,170,0.31790935313278,0.07383378158835825,0.9644042218985464,0.46660176245817253,8.683333333333334
MSLesSeg,Tversky,0.9,1,0.8749423095588156,0.8258614961189332,0.8253923873736433,0.8416373159185403,33.36666666666667
MSLesSeg,Tversky,0.9,2,0.8739685110440334,0.8251207553781924,0.8361333523576793,0.8474692150748673,32.6
MSLesSeg,Tversky,0.9,3,0.8702026560938216,0.819805886545017,0.8448305314436318,0.8503022776975225,31.95
MSLesSeg,Tversky,0.9,4,0.8670275564932292,0.8153059289214897,0.8492774505657504,0.8510523708492579,31.53333333333333
MSLesSeg,Tversky,0.9,5,0.8661986225300913,0.8142028693401692,0.8529869065440939,0.8529800373360003,31.166666666666668
MSLesSeg,Tversky,0.9,7,0.863257064433532,0.8101568242758175,0.8616060812163996,0.8564098394535907,30.53333333333333
MSLesSeg,Tversky,0.9,10,0.8578116015293216,0.8026573993850882,0.8732405082021055,0.8601962006793558,29.8
MSLesSeg,Tversky,0.9,15,0.8489574629579864,0.7902975781951754,0.8882441581115976,0.8632637280967213,28.733333333333338
MSLesSeg,Tversky,0.9,20,0.8405269823791658,0.7797030252779681,0.9033938908497567,0.8654829060422138,27.76666666666667
MSLesSeg,Tversky,0.9,30,0.8187967831324631,0.746120749430246,0.9226709368657933,0.8625684035281228,26.03333333333333
MSLesSeg,Tversky,0.9,50,0.7175346715240083,0.5930933167603648,0.9421852628838471,0.8072968739397602,21.683333333333334
MSLesSeg,Tversky,0.9,60,0.6706632166185399,0.520288529273083,0.9481115342731226,0.7783674200840138,20.033333333333335
MSLesSeg,Tversky,0.9,85,0.5678766736070042,0.36805189682764056,0.9514157080217392,0.7028830245897197,16.583333333333336
MSLesSeg,Tversky,0.9,100,0.5110081761642913,0.2941979849331108,0.9482704107891486,0.6560224621747188,14.783333333333335
MSLesSeg,Tversky,0.9,170,0.314552717287432,0.06938415713873379,0.9639117813133561,0.46238228932322245,8.616666666666665
